cliente_id,codigo_cliente,segmento,ciudad,pais,edad,ingreso_mensual,fecha_alta,estatus
0,CLI-000000,Digital,CDMX,Mexico,30,74282,2022-12-20,Inactivo
1,CLI-000001,Nomina,Puebla,Mexico,29,53482,2026-07-12,Activo
2,CLI-000002,Digital,Queretaro,Mexico,46,80849,2026-08-22,Inactivo
3,CLI-000003,Digital,Monterrey,Mexico,63,38294,2026-03-02,Activo
4,CLI-000004,Empresarial,Queretaro,Colombia,52,56261,2021-05-06,Activo
5,CLI-000005,Premium,Medellin,Mexico,58,59962,2022-10-25,Activo
6,CLI-000006,Pyme,Monterrey,Mexico,30,17090,2025-02-25,Activo
7,CLI-000007,Pyme,Monterrey,Mexico,32,92299,2023-02-15,Activo
8,CLI-000008,Nomina,Bogota,Mexico,37,97057,2023-03-04,Activo
9,CLI-000009,Digital,Medellin,Colombia,30,10889,2024-12-12,Activo
10,CLI-000010,Pyme,Cali,Colombia,34,66989,2024-07-04,Inactivo
11,CLI-000011,Premium,Monterrey,Mexico,45,31647,2023-06-22,Inactivo
12,CLI-000012,Pyme,Guadalajara,Colombia,42,16182,2026-06-01,Activo
13,CLI-000013,Digital,Medellin,Mexico,22,42346,2021-03-21,Activo
14,CLI-000014,Empresarial,Medellin,Mexico,52,69354,2023-09-26,Activo
15,CLI-000015,Digital,CDMX,Mexico,40,93843,2021-11-17,Activo
16,CLI-000016,Premium,Guadalajara,Colombia,59,34860,2023-03-06,Activo
17,CLI-000017,Nomina,Medellin,Mexico,55,55732,2026-09-02,Activo
18,CLI-000018,Nomina,Cali,Colombia,57,35676,2026-05-11,Inactivo
19,CLI-000019,Empresarial,CDMX,Mexico,23,76454,2022-06-25,Activo
20,CLI-000020,Premium,Queretaro,Mexico,59,46082,2025-07-07,Activo
21,CLI-000021,Digital,Guadalajara,Mexico,64,66489,2024-04-10,Activo
22,CLI-000022,Nomina,Guadalajara,Mexico,46,28710,2025-06-20,Activo
23,CLI-000023,Digital,Guadalajara,Colombia,58,14377,2025-05-15,Activo
24,CLI-000024,Pyme,Guadalajara,Colombia,45,50540,2022-05-18,Inactivo
25,CLI-000025,Nomina,CDMX,Mexico,39,50032,2022-09-06,Activo
26,CLI-000026,Empresarial,CDMX,Mexico,35,85551,2025-04-24,Activo
27,CLI-000027,Premium,Puebla,Mexico,31,91094,2024-03-31,Inactivo
28,CLI-000028,Premium,CDMX,Colombia,57,95210,2021-08-08,Inactivo
29,CLI-000029,Nomina,Puebla,Mexico,38,13277,2024-08-07,Inactivo
30,CLI-000030,Pyme,Medellin,Mexico,39,94159,2021-03-23,Activo
31,CLI-000031,Digital,Guadalajara,Mexico,63,60126,2023-09-15,Activo
32,CLI-000032,Nomina,Queretaro,Mexico,58,22169,2021-05-31,Activo
33,CLI-000033,Nomina,Queretaro,Mexico,30,18790,2021-10-19,Activo
34,CLI-000034,Premium,Queretaro,Mexico,46,55050,2021-07-22,Activo
35,CLI-000035,Digital,Guadalajara,Mexico,50,35000,2024-12-10,Inactivo
36,CLI-000036,Nomina,Puebla,Colombia,64,14593,2025-07-04,Activo
37,CLI-000037,Empresarial,Cali,Colombia,36,22197,2022-02-09,Activo
38,CLI-000038,Digital,Cali,Mexico,20,81539,2025-01-13,Activo
39,CLI-000039,Empresarial,Guadalajara,Mexico,24,57790,2025-03-08,Activo
40,CLI-000040,Digital,Guadalajara,Mexico,31,51968,2021-09-19,Inactivo
41,CLI-000041,Nomina,Puebla,Mexico,20,77401,2023-03-09,Activo
42,CLI-000042,Digital,Queretaro,Mexico,20,14772,2021-11-02,Inactivo
43,CLI-000043,Premium,Medellin,Mexico,26,19470,2024-12-26,Inactivo
44,CLI-000044,Digital,Medellin,Colombia,29,30458,2026-02-10,Inactivo
45,CLI-000045,Empresarial,Puebla,Mexico,26,91689,2021-12-09,Inactivo
46,CLI-000046,Empresarial,Cali,Mexico,53,37897,2021-07-30,Inactivo
47,CLI-000047,Empresarial,Medellin,Mexico,55,17729,2021-11-24,Inactivo
48,CLI-000048,Pyme,Medellin,Mexico,33,79581,2025-06-05,Activo
49,CLI-000049,Nomina,Monterrey,Colombia,63,33121,2023-03-01,Activo
50,CLI-000050,Empresarial,Queretaro,Colombia,25,95336,2025-09-11,Inactivo
51,CLI-000051,Pyme,CDMX,Mexico,52,36231,2023-05-10,Activo
52,CLI-000052,Pyme,Queretaro,Mexico,51,8152,2021-08-09,Activo
53,CLI-000053,Digital,Bogota,Mexico,36,14298,2023-01-14,Activo
54,CLI-000054,Pyme,Medellin,Colombia,33,35836,2024-06-09,Activo
55,CLI-000055,Pyme,Guadalajara,Mexico,62,68959,2021-09-24,Activo
56,CLI-000056,Pyme,Queretaro,Mexico,32,46690,2023-07-02,Activo
57,CLI-000057,Premium,Puebla,Mexico,41,89106,2022-04-25,Activo
58,CLI-000058,Nomina,Queretaro,Mexico,35,81658,2022-07-24,Activo
59,CLI-000059,Pyme,Guadalajara,Mexico,31,50762,2022-01-08,Activo
60,CLI-000060,Premium,Bogota,Mexico,51,52494,2025-05-04,Activo
61,CLI-000061,Nomina,Medellin,Colombia,24,46263,2025-09-17,Inactivo
62,CLI-000062,Premium,CDMX,Mexico,58,49082,2022-04-15,Activo
63,CLI-000063,Empresarial,Queretaro,Colombia,60,63139,2022-09-26,Activo
64,CLI-000064,Empresarial,Queretaro,Colombia,53,50721,2025-04-03,Activo
65,CLI-000065,Digital,Medellin,Mexico,48,32714,2026-04-02,Activo
66,CLI-000066,Pyme,Monterrey,Mexico,26,28814,2022-11-16,Activo
67,CLI-000067,Nomina,Puebla,Mexico,38,26615,2024-05-16,Inactivo
68,CLI-000068,Premium,Bogota,Colombia,54,42234,2026-08-23,Activo
69,CLI-000069,Digital,Medellin,Colombia,38,75276,2023-09-07,Activo
70,CLI-000070,Pyme,Guadalajara,Mexico,21,38252,2022-12-15,Activo
71,CLI-000071,Nomina,Puebla,Mexico,48,10427,2024-07-07,Activo
72,CLI-000072,Nomina,Bogota,Mexico,40,12526,2024-08-06,Activo
73,CLI-000073,Pyme,Medellin,Mexico,53,82873,2025-04-17,Activo
74,CLI-000074,Nomina,Queretaro,Colombia,35,66513,2022-05-25,Activo
75,CLI-000075,Digital,Cali,Mexico,20,21714,2025-12-25,Activo
76,CLI-000076,Premium,Guadalajara,Mexico,54,23101,2023-05-08,Activo
77,CLI-000077,Nomina,Medellin,Colombia,24,10311,2024-12-19,Activo
78,CLI-000078,Empresarial,Puebla,Colombia,23,70155,2023-03-29,Activo
79,CLI-000079,Digital,Medellin,Mexico,25,96546,2022-05-22,Activo
80,CLI-000080,Premium,Monterrey,Mexico,35,84462,2022-03-04,Activo
81,CLI-000081,Empresarial,Bogota,Colombia,51,47194,2022-08-28,Inactivo
82,CLI-000082,Pyme,Medellin,Mexico,41,47202,2022-09-02,Activo
83,CLI-000083,Empresarial,Medellin,Mexico,59,29948,2024-02-17,Activo
84,CLI-000084,Pyme,CDMX,Colombia,28,27091,2022-04-22,Activo
85,CLI-000085,Empresarial,Bogota,Mexico,20,93326,2026-03-16,Activo
86,CLI-000086,Premium,Medellin,Mexico,49,52174,2022-05-02,Activo
87,CLI-000087,Pyme,Bogota,Mexico,46,50593,2023-10-08,Activo
88,CLI-000088,Digital,Monterrey,Colombia,32,30626,2026-01-05,Activo
89,CLI-000089,Nomina,Queretaro,Colombia,28,27475,2024-01-09,Activo
90,CLI-000090,Empresarial,Queretaro,Mexico,24,25471,2025-06-06,Activo
91,CLI-000091,Nomina,Queretaro,Mexico,63,57802,2022-11-09,Activo
92,CLI-000092,Empresarial,Puebla,Colombia,45,50246,2024-04-06,Activo
93,CLI-000093,Nomina,Cali,Mexico,56,44064,2026-04-08,Activo
94,CLI-000094,Nomina,Guadalajara,Mexico,33,97453,2026-01-10,Inactivo
95,CLI-000095,Digital,Medellin,Mexico,43,48546,2024-04-01,Inactivo
96,CLI-000096,Empresarial,Monterrey,Mexico,47,74608,2021-06-26,Activo
97,CLI-000097,Pyme,Bogota,Mexico,27,14756,2026-08-29,Activo
98,CLI-000098,Premium,Monterrey,Mexico,51,71269,2024-03-09,Activo
99,CLI-000099,Empresarial,Medellin,Mexico,49,92030,2024-05-06,Activo
100,CLI-000100,Digital,Cali,Colombia,23,22933,2024-12-27,Activo
101,CLI-000101,Premium,Monterrey,Mexico,50,70976,2021-07-06,Activo
102,CLI-000102,Premium,CDMX,Mexico,39,37009,2025-04-21,Activo
103,CLI-000103,Empresarial,Medellin,Mexico,62,97962,2022-12-29,Activo
104,CLI-000104,Nomina,Medellin,Mexico,49,90447,2025-09-06,Activo
105,CLI-000105,Digital,Puebla,Mexico,35,37998,2023-01-02,Inactivo
106,CLI-000106,Pyme,Bogota,Mexico,62,81221,2023-08-30,Activo
107,CLI-000107,Pyme,Monterrey,Colombia,38,54314,2021-04-06,Activo
108,CLI-000108,Premium,Puebla,Mexico,36,76080,2023-04-02,Inactivo
109,CLI-000109,Pyme,Queretaro,Colombia,39,70843,2026-01-04,Inactivo
110,CLI-000110,Digital,Guadalajara,Mexico,44,57703,2026-03-01,Inactivo
111,CLI-000111,Empresarial,Puebla,Mexico,57,52854,2022-10-01,Activo
112,CLI-000112,Pyme,Medellin,Colombia,30,57614,2024-07-28,Inactivo
113,CLI-000113,Premium,Cali,Colombia,32,79101,2024-05-27,Inactivo
114,CLI-000114,Premium,Medellin,Mexico,33,60824,2021-03-16,Activo
115,CLI-000115,Nomina,Queretaro,Mexico,44,56909,2024-03-07,Activo
116,CLI-000116,Nomina,Bogota,Mexico,30,77799,2026-06-08,Activo
117,CLI-000117,Digital,Medellin,Mexico,49,81867,2021-04-21,Activo
118,CLI-000118,Nomina,Queretaro,Mexico,59,86677,2024-04-06,Activo
119,CLI-000119,Premium,Bogota,Mexico,49,21893,2024-02-08,Inactivo
120,CLI-000120,Pyme,Bogota,Mexico,58,84711,2021-12-20,Activo
121,CLI-000121,Pyme,Bogota,Colombia,59,11231,2026-04-20,Activo
122,CLI-000122,Empresarial,Cali,Colombia,39,16860,2023-03-16,Inactivo
123,CLI-000123,Premium,Bogota,Colombia,22,79653,2025-01-25,Activo
124,CLI-000124,Nomina,Queretaro,Mexico,55,23299,2026-03-30,Inactivo
125,CLI-000125,Digital,Guadalajara,Colombia,26,49503,2025-04-14,Activo
126,CLI-000126,Nomina,Medellin,Colombia,50,22218,2024-04-03,Activo
127,CLI-000127,Premium,Bogota,Mexico,31,84077,2025-08-01,Activo
128,CLI-000128,Premium,Guadalajara,Mexico,45,97342,2025-01-21,Inactivo
129,CLI-000129,Digital,Monterrey,Mexico,50,75020,2026-05-28,Activo
130,CLI-000130,Premium,Cali,Mexico,55,62636,2024-09-29,Activo
131,CLI-000131,Digital,Bogota,Colombia,49,83450,2023-03-27,Inactivo
132,CLI-000132,Digital,Monterrey,Mexico,46,73912,2026-03-07,Activo
133,CLI-000133,Digital,Guadalajara,Mexico,44,95434,2023-10-08,Inactivo
134,CLI-000134,Empresarial,Monterrey,Colombia,41,80584,2022-08-02,Activo
135,CLI-000135,Nomina,Cali,Mexico,63,85413,2022-09-16,Inactivo
136,CLI-000136,Empresarial,Medellin,Mexico,55,9253,2023-09-26,Activo
137,CLI-000137,Digital,Bogota,Mexico,57,92626,2026-01-30,Activo
138,CLI-000138,Nomina,Cali,Mexico,61,27923,2026-04-30,Inactivo
139,CLI-000139,Empresarial,Monterrey,Mexico,26,93164,2025-01-03,Activo
140,CLI-000140,Nomina,Cali,Mexico,40,68344,2022-08-09,Inactivo
141,CLI-000141,Premium,Bogota,Mexico,38,16912,2023-12-30,Activo
142,CLI-000142,Empresarial,CDMX,Mexico,39,93550,2021-12-28,Activo
143,CLI-000143,Digital,Queretaro,Colombia,36,43833,2025-08-20,Activo
144,CLI-000144,Empresarial,Puebla,Mexico,48,61743,2026-07-23,Inactivo
145,CLI-000145,Pyme,Guadalajara,Mexico,23,76864,2025-07-16,Activo
146,CLI-000146,Empresarial,Monterrey,Mexico,60,8255,2021-12-22,Activo
147,CLI-000147,Nomina,Monterrey,Mexico,49,10320,2026-08-05,Inactivo
148,CLI-000148,Pyme,Monterrey,Mexico,22,74755,2023-10-17,Activo
149,CLI-000149,Premium,Medellin,Mexico,24,53345,2021-07-01,Activo
150,CLI-000150,Digital,Medellin,Mexico,40,94762,2026-05-05,Activo
151,CLI-000151,Premium,Bogota,Mexico,60,14614,2026-03-26,Activo
152,CLI-000152,Nomina,Monterrey,Mexico,44,37267,2021-03-24,Activo
153,CLI-000153,Premium,Queretaro,Mexico,51,84751,2023-02-10,Inactivo
154,CLI-000154,Digital,Guadalajara,Mexico,30,38504,2024-03-11,Activo
155,CLI-000155,Nomina,Puebla,Mexico,36,21738,2021-08-15,Activo
156,CLI-000156,Empresarial,CDMX,Mexico,53,81059,2023-08-18,Activo
157,CLI-000157,Premium,Monterrey,Mexico,35,67881,2022-07-26,Inactivo
158,CLI-000158,Digital,Cali,Mexico,35,60013,2025-07-05,Activo
159,CLI-000159,Pyme,CDMX,Colombia,36,76635,2023-07-13,Inactivo
160,CLI-000160,Empresarial,Cali,Colombia,47,65843,2026-07-13,Inactivo
161,CLI-000161,Empresarial,Monterrey,Mexico,51,35809,2024-10-24,Activo
162,CLI-000162,Empresarial,Queretaro,Mexico,26,64985,2026-07-04,Activo
163,CLI-000163,Pyme,Puebla,Mexico,36,72944,2022-06-03,Activo
164,CLI-000164,Nomina,CDMX,Mexico,47,68657,2025-03-08,Activo
165,CLI-000165,Premium,Puebla,Mexico,53,18244,2024-04-27,Activo
166,CLI-000166,Digital,Puebla,Mexico,22,43574,2023-05-24,Activo
167,CLI-000167,Pyme,Guadalajara,Mexico,31,37531,2026-08-19,Activo
168,CLI-000168,Nomina,Puebla,Colombia,42,83002,2022-04-05,Activo
169,CLI-000169,Empresarial,CDMX,Mexico,61,85590,2023-07-10,Activo
170,CLI-000170,Digital,Puebla,Mexico,20,37229,2022-04-15,Activo
171,CLI-000171,Empresarial,Cali,Mexico,58,29898,2023-06-14,Activo
172,CLI-000172,Pyme,Monterrey,Mexico,34,23132,2023-11-18,Activo
173,CLI-000173,Premium,Cali,Mexico,52,81705,2022-03-18,Activo
174,CLI-000174,Nomina,Guadalajara,Mexico,54,66996,2025-09-14,Inactivo
175,CLI-000175,Premium,Medellin,Colombia,40,91174,2023-08-02,Activo
176,CLI-000176,Digital,Medellin,Mexico,26,14146,2024-04-02,Activo
177,CLI-000177,Pyme,CDMX,Mexico,33,48672,2026-05-13,Inactivo
178,CLI-000178,Nomina,Medellin,Colombia,47,53636,2024-02-21,Activo
179,CLI-000179,Digital,Cali,Mexico,56,66665,2024-11-29,Activo
180,CLI-000180,Nomina,CDMX,Mexico,60,38909,2022-10-06,Activo
181,CLI-000181,Nomina,Guadalajara,Mexico,39,55047,2025-10-21,Activo
182,CLI-000182,Pyme,Puebla,Mexico,46,79030,2023-02-17,Activo
183,CLI-000183,Nomina,Bogota,Mexico,52,67091,2021-09-17,Inactivo
184,CLI-000184,Pyme,Queretaro,Mexico,35,95093,2022-11-07,Activo
185,CLI-000185,Premium,Cali,Mexico,36,79250,2022-03-22,Activo
186,CLI-000186,Empresarial,Bogota,Mexico,43,66142,2024-05-10,Activo
187,CLI-000187,Pyme,Guadalajara,Mexico,62,51764,2025-06-07,Activo
188,CLI-000188,Nomina,Medellin,Mexico,54,83161,2021-11-01,Activo
189,CLI-000189,Pyme,Medellin,Mexico,36,22602,2022-02-14,Inactivo
190,CLI-000190,Empresarial,Guadalajara,Mexico,38,68873,2025-05-16,Activo
191,CLI-000191,Pyme,Bogota,Mexico,44,35852,2022-03-31,Activo
192,CLI-000192,Empresarial,Monterrey,Colombia,64,49551,2025-02-17,Activo
193,CLI-000193,Premium,Cali,Colombia,56,20456,2025-04-21,Activo
194,CLI-000194,Empresarial,Queretaro,Mexico,58,84605,2025-02-10,Inactivo
195,CLI-000195,Pyme,Cali,Mexico,39,93177,2025-06-16,Activo
196,CLI-000196,Pyme,CDMX,Mexico,42,29220,2021-03-24,Activo
197,CLI-000197,Nomina,Cali,Colombia,49,79224,2025-12-02,Activo
198,CLI-000198,Empresarial,Bogota,Mexico,51,48374,2026-08-24,Activo
199,CLI-000199,Pyme,Medellin,Mexico,52,55499,2026-01-24,Activo
200,CLI-000200,Pyme,CDMX,Mexico,55,49140,2026-01-25,Inactivo
201,CLI-000201,Premium,CDMX,Mexico,30,20922,2024-04-28,Activo
202,CLI-000202,Pyme,Puebla,Mexico,23,95719,2026-04-21,Activo
203,CLI-000203,Premium,Cali,Mexico,37,50312,2023-03-12,Inactivo
204,CLI-000204,Pyme,CDMX,Colombia,35,73965,2023-03-27,Inactivo
205,CLI-000205,Digital,Monterrey,Mexico,44,81216,2025-09-18,Inactivo
206,CLI-000206,Premium,Bogota,Mexico,56,13679,2022-06-04,Activo
207,CLI-000207,Pyme,CDMX,Mexico,21,92003,2023-11-08,Inactivo
208,CLI-000208,Premium,Monterrey,Colombia,28,40128,2022-05-26,Inactivo
209,CLI-000209,Pyme,CDMX,Mexico,60,74898,2021-10-10,Activo
210,CLI-000210,Empresarial,Puebla,Mexico,61,54735,2022-04-15,Activo
211,CLI-000211,Nomina,Queretaro,Colombia,44,36909,2026-03-27,Activo
212,CLI-000212,Pyme,Queretaro,Mexico,51,39639,2026-06-11,Inactivo
213,CLI-000213,Pyme,Cali,Mexico,64,93311,2026-04-06,Activo
214,CLI-000214,Pyme,Medellin,Mexico,62,20850,2023-05-07,Inactivo
215,CLI-000215,Nomina,CDMX,Colombia,36,42457,2023-07-27,Activo
216,CLI-000216,Digital,Cali,Mexico,54,59653,2023-10-11,Activo
217,CLI-000217,Digital,Guadalajara,Mexico,53,52914,2024-07-22,Activo
218,CLI-000218,Pyme,Monterrey,Mexico,64,33702,2021-08-28,Activo
219,CLI-000219,Nomina,Medellin,Mexico,60,48060,2026-03-12,Activo
220,CLI-000220,Empresarial,Monterrey,Mexico,22,56795,2021-10-17,Inactivo
221,CLI-000221,Digital,Cali,Mexico,55,53788,2026-01-04,Activo
222,CLI-000222,Nomina,Medellin,Mexico,44,41202,2022-04-10,Activo
223,CLI-000223,Digital,CDMX,Mexico,64,72698,2023-10-18,Inactivo
224,CLI-000224,Empresarial,CDMX,Colombia,48,48498,2022-12-13,Activo
225,CLI-000225,Empresarial,Medellin,Mexico,28,94964,2024-04-21,Inactivo
226,CLI-000226,Nomina,CDMX,Mexico,27,37039,2022-10-16,Activo
227,CLI-000227,Empresarial,Cali,Colombia,31,65155,2023-08-29,Activo
228,CLI-000228,Pyme,Queretaro,Mexico,27,92745,2025-10-30,Activo
229,CLI-000229,Digital,Queretaro,Colombia,45,82271,2026-07-09,Activo
230,CLI-000230,Digital,Queretaro,Mexico,54,45493,2023-03-06,Activo
231,CLI-000231,Digital,Monterrey,Colombia,41,80422,2022-12-04,Activo
232,CLI-000232,Nomina,CDMX,Mexico,41,26362,2023-05-09,Activo
233,CLI-000233,Digital,Bogota,Colombia,63,19769,2024-08-23,Activo
234,CLI-000234,Pyme,Puebla,Mexico,31,16713,2025-01-31,Activo
235,CLI-000235,Digital,Guadalajara,Colombia,27,37469,2023-07-06,Activo
236,CLI-000236,Digital,Puebla,Mexico,42,35769,2026-07-19,Inactivo
237,CLI-000237,Premium,Cali,Mexico,35,12549,2023-12-19,Inactivo
238,CLI-000238,Digital,Puebla,Mexico,58,46783,2021-11-04,Activo
239,CLI-000239,Digital,Monterrey,Mexico,45,25519,2023-08-24,Activo
240,CLI-000240,Premium,Medellin,Mexico,64,69236,2026-01-09,Inactivo
241,CLI-000241,Pyme,Medellin,Mexico,62,75947,2025-08-01,Activo
242,CLI-000242,Premium,CDMX,Mexico,34,50637,2024-03-04,Activo
243,CLI-000243,Premium,Monterrey,Mexico,27,97155,2022-08-17,Activo
244,CLI-000244,Pyme,Medellin,Mexico,51,34981,2022-03-17,Activo
245,CLI-000245,Digital,Cali,Mexico,55,73279,2022-11-27,Activo
246,CLI-000246,Premium,Cali,Colombia,54,59987,2022-09-22,Activo
247,CLI-000247,Nomina,Bogota,Mexico,57,21300,2022-12-12,Activo
248,CLI-000248,Empresarial,CDMX,Mexico,34,21629,2022-11-22,Activo
249,CLI-000249,Digital,Cali,Colombia,53,13605,2025-12-01,Activo
250,CLI-000250,Pyme,Bogota,Mexico,34,23586,2021-09-05,Activo
251,CLI-000251,Pyme,Medellin,Colombia,48,70398,2023-05-02,Activo
252,CLI-000252,Pyme,Queretaro,Mexico,63,34785,2025-02-02,Activo
253,CLI-000253,Digital,Monterrey,Mexico,62,79586,2025-03-06,Activo
254,CLI-000254,Digital,Puebla,Colombia,56,93915,2022-04-08,Activo
255,CLI-000255,Pyme,Bogota,Mexico,39,31080,2024-01-19,Activo
256,CLI-000256,Premium,Cali,Mexico,26,63411,2023-06-18,Activo
257,CLI-000257,Digital,Queretaro,Mexico,22,45197,2022-09-30,Activo
258,CLI-000258,Digital,CDMX,Mexico,61,44622,2021-07-21,Inactivo
259,CLI-000259,Premium,Guadalajara,Colombia,34,66131,2021-09-14,Activo
260,CLI-000260,Premium,Queretaro,Colombia,62,90191,2025-09-18,Inactivo
261,CLI-000261,Nomina,Cali,Colombia,37,52585,2021-07-18,Inactivo
262,CLI-000262,Empresarial,Cali,Mexico,45,17657,2021-04-17,Activo
263,CLI-000263,Empresarial,Queretaro,Mexico,62,84595,2024-02-10,Activo
264,CLI-000264,Nomina,Guadalajara,Mexico,31,24758,2022-08-22,Inactivo
265,CLI-000265,Premium,Medellin,Mexico,58,88734,2022-02-23,Activo
266,CLI-000266,Nomina,Bogota,Mexico,26,37124,2025-04-25,Activo
267,CLI-000267,Pyme,Medellin,Colombia,33,73059,2026-08-12,Activo
268,CLI-000268,Digital,CDMX,Mexico,33,44487,2023-12-03,Inactivo
269,CLI-000269,Digital,Monterrey,Mexico,61,34553,2023-04-23,Activo
270,CLI-000270,Nomina,Guadalajara,Colombia,47,45426,2023-09-01,Activo
271,CLI-000271,Premium,Bogota,Mexico,31,75927,2021-11-22,Activo
272,CLI-000272,Premium,Bogota,Mexico,45,13558,2023-09-04,Activo
273,CLI-000273,Premium,Guadalajara,Mexico,43,18462,2025-07-20,Activo
274,CLI-000274,Nomina,Queretaro,Colombia,40,54192,2024-03-04,Activo
275,CLI-000275,Premium,Medellin,Colombia,37,81481,2022-08-04,Activo
276,CLI-000276,Nomina,Monterrey,Mexico,64,92112,2026-04-18,Inactivo
277,CLI-000277,Nomina,Puebla,Colombia,54,96050,2023-02-20,Activo
278,CLI-000278,Empresarial,Puebla,Colombia,60,41808,2022-12-08,Activo
279,CLI-000279,Premium,Bogota,Mexico,28,56353,2023-10-12,Activo
280,CLI-000280,Pyme,CDMX,Mexico,33,68615,2023-09-11,Activo
281,CLI-000281,Empresarial,Guadalajara,Mexico,32,92367,2022-09-14,Activo
282,CLI-000282,Empresarial,Puebla,Colombia,59,9408,2025-07-18,Activo
283,CLI-000283,Nomina,Queretaro,Colombia,22,74649,2024-06-21,Activo
284,CLI-000284,Pyme,Medellin,Mexico,42,34034,2022-03-17,Activo
285,CLI-000285,Pyme,Queretaro,Mexico,34,35159,2025-11-21,Activo
286,CLI-000286,Pyme,Monterrey,Mexico,62,87174,2021-09-06,Activo
287,CLI-000287,Premium,Puebla,Colombia,62,68421,2022-05-16,Activo
288,CLI-000288,Premium,Guadalajara,Mexico,53,50617,2022-01-09,Activo
289,CLI-000289,Digital,Medellin,Colombia,45,95101,2023-08-16,Activo
290,CLI-000290,Pyme,Guadalajara,Mexico,61,84242,2026-03-03,Activo
291,CLI-000291,Nomina,Monterrey,Mexico,47,86626,2025-08-23,Inactivo
292,CLI-000292,Digital,Queretaro,Mexico,59,37967,2021-06-07,Activo
293,CLI-000293,Empresarial,Cali,Mexico,64,51103,2025-05-06,Activo
294,CLI-000294,Pyme,Cali,Mexico,54,42260,2023-10-02,Activo
295,CLI-000295,Pyme,Queretaro,Mexico,24,96319,2024-02-08,Inactivo
296,CLI-000296,Empresarial,Monterrey,Mexico,45,27915,2025-11-16,Activo
297,CLI-000297,Empresarial,Queretaro,Mexico,26,37688,2024-08-05,Inactivo
298,CLI-000298,Premium,Bogota,Mexico,31,81943,2021-05-19,Activo
299,CLI-000299,Premium,Guadalajara,Colombia,27,72828,2024-01-01,Inactivo
300,CLI-000300,Premium,Bogota,Mexico,21,84203,2021-07-01,Activo
301,CLI-000301,Digital,Puebla,Colombia,30,71645,2026-08-16,Activo
302,CLI-000302,Pyme,Queretaro,Mexico,47,51488,2024-01-02,Activo
303,CLI-000303,Premium,CDMX,Mexico,32,95973,2026-07-31,Inactivo
304,CLI-000304,Digital,Medellin,Colombia,24,16668,2025-11-10,Activo
305,CLI-000305,Premium,Medellin,Mexico,37,41575,2024-06-13,Activo
306,CLI-000306,Empresarial,Guadalajara,Mexico,58,66836,2021-12-22,Inactivo
307,CLI-000307,Nomina,Puebla,Mexico,22,8851,2025-09-26,Activo
308,CLI-000308,Premium,Medellin,Mexico,58,16583,2023-10-13,Activo
309,CLI-000309,Pyme,Medellin,Colombia,41,12191,2026-04-08,Inactivo
310,CLI-000310,Empresarial,Queretaro,Mexico,61,36304,2021-05-30,Activo
311,CLI-000311,Digital,Bogota,Mexico,23,22621,2025-05-11,Inactivo
312,CLI-000312,Pyme,Cali,Mexico,54,20596,2021-04-06,Activo
313,CLI-000313,Premium,Cali,Mexico,39,83481,2024-10-22,Inactivo
314,CLI-000314,Empresarial,Puebla,Colombia,21,32599,2021-03-28,Activo
315,CLI-000315,Pyme,Cali,Mexico,50,67460,2026-03-16,Activo
316,CLI-000316,Digital,Bogota,Mexico,26,72051,2023-03-16,Activo
317,CLI-000317,Pyme,CDMX,Mexico,33,40393,2025-03-13,Activo
318,CLI-000318,Nomina,Puebla,Mexico,38,10364,2024-09-26,Activo
319,CLI-000319,Premium,Monterrey,Mexico,33,42902,2026-03-18,Inactivo
320,CLI-000320,Empresarial,Cali,Mexico,27,42266,2025-11-30,Activo
321,CLI-000321,Premium,CDMX,Mexico,38,51581,2026-04-03,Activo
322,CLI-000322,Pyme,Bogota,Mexico,28,17628,2025-01-02,Inactivo
323,CLI-000323,Pyme,Queretaro,Colombia,34,38126,2022-03-18,Inactivo
324,CLI-000324,Empresarial,Guadalajara,Mexico,62,26077,2024-12-14,Inactivo
325,CLI-000325,Empresarial,Monterrey,Mexico,42,59829,2025-05-07,Activo
326,CLI-000326,Empresarial,Puebla,Mexico,45,61300,2023-09-08,Activo
327,CLI-000327,Premium,Cali,Mexico,51,47461,2025-01-29,Activo
328,CLI-000328,Empresarial,Medellin,Mexico,42,65000,2025-05-07,Activo
329,CLI-000329,Digital,Medellin,Mexico,64,51131,2024-06-24,Activo
330,CLI-000330,Empresarial,Bogota,Mexico,55,40358,2021-10-08,Activo
331,CLI-000331,Digital,CDMX,Colombia,49,39951,2023-02-18,Activo
332,CLI-000332,Empresarial,Bogota,Mexico,53,94915,2024-04-26,Activo
333,CLI-000333,Pyme,Queretaro,Mexico,46,59771,2024-03-26,Activo
334,CLI-000334,Digital,Queretaro,Mexico,35,10211,2026-02-06,Activo
335,CLI-000335,Empresarial,CDMX,Colombia,26,36070,2024-03-07,Activo
336,CLI-000336,Premium,Puebla,Mexico,51,36702,2025-01-11,Inactivo
337,CLI-000337,Nomina,Medellin,Mexico,50,22792,2021-04-15,Activo
338,CLI-000338,Nomina,Guadalajara,Mexico,63,28867,2024-06-15,Activo
339,CLI-000339,Digital,Puebla,Mexico,47,25759,2023-06-07,Activo
340,CLI-000340,Digital,Guadalajara,Colombia,56,13631,2026-02-12,Inactivo
341,CLI-000341,Nomina,Monterrey,Mexico,31,85637,2023-10-14,Activo
342,CLI-000342,Premium,Queretaro,Mexico,35,84097,2023-04-18,Inactivo
343,CLI-000343,Digital,Monterrey,Mexico,23,20055,2026-01-11,Activo
344,CLI-000344,Nomina,Bogota,Mexico,38,20408,2024-07-28,Activo
345,CLI-000345,Digital,Bogota,Mexico,64,57942,2023-12-29,Activo
346,CLI-000346,Pyme,Puebla,Mexico,36,8863,2025-12-04,Inactivo
347,CLI-000347,Empresarial,Queretaro,Mexico,50,45407,2022-01-28,Activo
348,CLI-000348,Nomina,CDMX,Colombia,33,32737,2023-09-24,Activo
349,CLI-000349,Premium,Bogota,Colombia,44,18189,2026-01-18,Inactivo
350,CLI-000350,Empresarial,Monterrey,Colombia,21,72708,2023-09-07,Inactivo
351,CLI-000351,Nomina,Medellin,Colombia,33,97938,2024-03-18,Activo
352,CLI-000352,Empresarial,Puebla,Colombia,54,29325,2022-03-27,Activo
353,CLI-000353,Pyme,Bogota,Mexico,27,20531,2025-07-17,Activo
354,CLI-000354,Nomina,Monterrey,Mexico,44,37129,2022-10-26,Activo
355,CLI-000355,Pyme,Medellin,Colombia,50,16570,2021-05-27,Inactivo
356,CLI-000356,Empresarial,Cali,Colombia,25,85947,2025-04-22,Activo
357,CLI-000357,Empresarial,Medellin,Mexico,42,59968,2025-03-15,Activo
358,CLI-000358,Premium,Bogota,Colombia,24,54405,2025-02-24,Inactivo
359,CLI-000359,Pyme,Cali,Mexico,20,77672,2022-08-30,Activo
360,CLI-000360,Premium,Bogota,Mexico,22,56098,2025-06-25,Activo
361,CLI-000361,Pyme,Monterrey,Colombia,35,60014,2023-07-29,Activo
362,CLI-000362,Pyme,Bogota,Mexico,24,78550,2024-02-27,Activo
363,CLI-000363,Empresarial,Puebla,Mexico,63,26209,2022-11-26,Activo
364,CLI-000364,Digital,Guadalajara,Colombia,32,66913,2025-04-21,Activo
365,CLI-000365,Empresarial,Guadalajara,Mexico,33,70950,2025-05-23,Activo
366,CLI-000366,Digital,CDMX,Mexico,25,28357,2022-12-14,Activo
367,CLI-000367,Digital,Medellin,Colombia,39,19896,2026-04-15,Activo
368,CLI-000368,Digital,CDMX,Mexico,59,20342,2022-06-10,Inactivo
369,CLI-000369,Nomina,Cali,Mexico,43,8763,2023-02-11,Activo
370,CLI-000370,Digital,Bogota,Mexico,38,69791,2021-12-19,Activo
371,CLI-000371,Nomina,Medellin,Mexico,37,94692,2024-12-13,Activo
372,CLI-000372,Pyme,CDMX,Mexico,47,62683,2022-05-30,Activo
373,CLI-000373,Empresarial,Bogota,Mexico,43,53857,2022-07-31,Activo
374,CLI-000374,Nomina,Cali,Colombia,42,18147,2023-12-09,Activo
375,CLI-000375,Premium,Cali,Colombia,62,19878,2021-12-17,Activo
376,CLI-000376,Pyme,Bogota,Colombia,62,77333,2026-08-01,Activo
377,CLI-000377,Pyme,CDMX,Mexico,55,53595,2023-03-26,Activo
378,CLI-000378,Premium,Bogota,Mexico,44,63444,2025-02-26,Activo
379,CLI-000379,Premium,Guadalajara,Colombia,44,43166,2023-03-15,Inactivo
380,CLI-000380,Digital,CDMX,Mexico,52,84182,2026-05-11,Activo
381,CLI-000381,Premium,Puebla,Mexico,33,74752,2022-08-14,Activo
382,CLI-000382,Digital,Bogota,Mexico,62,55070,2022-05-22,Activo
383,CLI-000383,Nomina,Guadalajara,Colombia,32,87777,2022-06-14,Activo
384,CLI-000384,Empresarial,Monterrey,Mexico,52,59899,2026-04-02,Activo
385,CLI-000385,Pyme,Puebla,Mexico,36,30960,2026-02-10,Activo
386,CLI-000386,Digital,Guadalajara,Mexico,21,85664,2025-05-02,Activo
387,CLI-000387,Pyme,Guadalajara,Colombia,58,57758,2021-09-02,Activo
388,CLI-000388,Premium,Monterrey,Mexico,52,32413,2026-04-01,Activo
389,CLI-000389,Premium,Cali,Mexico,56,96327,2021-06-13,Activo
390,CLI-000390,Premium,Monterrey,Colombia,34,57778,2026-08-19,Activo
391,CLI-000391,Premium,Monterrey,Mexico,40,61252,2023-12-22,Inactivo
392,CLI-000392,Nomina,Cali,Colombia,31,8574,2024-06-05,Activo
393,CLI-000393,Pyme,Medellin,Colombia,62,8132,2023-01-28,Inactivo
394,CLI-000394,Digital,CDMX,Mexico,30,52283,2026-05-07,Inactivo
395,CLI-000395,Digital,CDMX,Colombia,60,54778,2022-11-02,Activo
396,CLI-000396,Empresarial,CDMX,Mexico,26,81797,2026-04-07,Activo
397,CLI-000397,Premium,Cali,Mexico,31,36351,2022-04-16,Activo
398,CLI-000398,Digital,Monterrey,Mexico,23,26244,2022-05-28,Activo
399,CLI-000399,Nomina,Guadalajara,Mexico,38,56233,2021-05-23,Activo
400,CLI-000400,Pyme,Monterrey,Mexico,27,69745,2022-02-24,Activo
401,CLI-000401,Nomina,Medellin,Mexico,24,30340,2024-09-22,Activo
402,CLI-000402,Digital,Monterrey,Colombia,21,44395,2024-03-13,Activo
403,CLI-000403,Pyme,Puebla,Colombia,26,9076,2022-02-16,Inactivo
404,CLI-000404,Nomina,Medellin,Mexico,48,66022,2023-06-27,Activo
405,CLI-000405,Empresarial,CDMX,Mexico,60,47909,2025-12-20,Inactivo
406,CLI-000406,Empresarial,Monterrey,Mexico,40,23119,2023-07-14,Inactivo
407,CLI-000407,Pyme,CDMX,Mexico,27,27324,2025-08-25,Activo
408,CLI-000408,Empresarial,CDMX,Mexico,31,34559,2024-06-02,Activo
409,CLI-000409,Nomina,Monterrey,Mexico,28,87619,2023-10-18,Activo
410,CLI-000410,Empresarial,Medellin,Colombia,55,40320,2023-09-10,Activo
411,CLI-000411,Empresarial,Queretaro,Mexico,28,36699,2025-06-22,Inactivo
412,CLI-000412,Digital,CDMX,Colombia,43,77016,2021-03-14,Inactivo
413,CLI-000413,Nomina,Bogota,Mexico,56,90553,2026-05-15,Inactivo
414,CLI-000414,Pyme,Medellin,Colombia,35,83530,2022-01-17,Activo
415,CLI-000415,Premium,Medellin,Mexico,61,10539,2022-11-02,Inactivo
416,CLI-000416,Premium,Queretaro,Mexico,64,87346,2023-12-24,Activo
417,CLI-000417,Premium,CDMX,Mexico,29,55380,2026-09-02,Inactivo
418,CLI-000418,Pyme,Guadalajara,Colombia,61,83986,2024-11-25,Activo
419,CLI-000419,Premium,Cali,Colombia,58,85460,2021-05-31,Activo
420,CLI-000420,Empresarial,Puebla,Mexico,33,20281,2025-10-23,Inactivo
421,CLI-000421,Digital,Cali,Mexico,27,95187,2022-11-16,Inactivo
422,CLI-000422,Digital,Guadalajara,Mexico,27,35614,2022-11-27,Activo
423,CLI-000423,Digital,Cali,Colombia,37,97485,2021-05-22,Activo
424,CLI-000424,Digital,Cali,Colombia,29,58900,2021-07-18,Activo
425,CLI-000425,Digital,Guadalajara,Colombia,27,87679,2026-03-10,Activo
426,CLI-000426,Digital,Cali,Mexico,31,30459,2026-04-21,Activo
427,CLI-000427,Nomina,CDMX,Mexico,52,95219,2021-10-30,Activo
428,CLI-000428,Pyme,Queretaro,Mexico,41,85765,2023-02-10,Activo
429,CLI-000429,Nomina,CDMX,Colombia,33,36685,2021-06-18,Activo
430,CLI-000430,Nomina,Puebla,Colombia,44,88831,2026-03-01,Activo
431,CLI-000431,Digital,Puebla,Mexico,62,22850,2021-10-20,Activo
432,CLI-000432,Nomina,Guadalajara,Mexico,51,72983,2022-09-05,Activo
433,CLI-000433,Pyme,Guadalajara,Mexico,45,83587,2025-10-31,Activo
434,CLI-000434,Premium,Monterrey,Mexico,47,25971,2026-07-14,Activo
435,CLI-000435,Pyme,CDMX,Colombia,33,43772,2023-12-30,Activo
436,CLI-000436,Nomina,Queretaro,Mexico,59,41246,2024-03-26,Activo
437,CLI-000437,Premium,Guadalajara,Mexico,22,75701,2023-01-08,Activo
438,CLI-000438,Pyme,Queretaro,Colombia,46,57824,2022-01-26,Inactivo
439,CLI-000439,Premium,Queretaro,Colombia,41,87349,2024-01-25,Activo
440,CLI-000440,Empresarial,Bogota,Mexico,60,80041,2022-12-18,Activo
441,CLI-000441,Nomina,Medellin,Mexico,64,95495,2022-04-01,Activo
442,CLI-000442,Premium,Cali,Mexico,64,64450,2022-02-08,Activo
443,CLI-000443,Empresarial,Cali,Mexico,37,43762,2024-11-20,Activo
444,CLI-000444,Premium,Medellin,Colombia,48,55031,2024-05-17,Activo
445,CLI-000445,Nomina,Queretaro,Colombia,62,91244,2023-08-05,Activo
446,CLI-000446,Pyme,Queretaro,Mexico,38,42474,2024-01-06,Activo
447,CLI-000447,Nomina,Monterrey,Mexico,47,70430,2026-06-18,Inactivo
448,CLI-000448,Pyme,Guadalajara,Colombia,61,88733,2026-07-25,Inactivo
449,CLI-000449,Pyme,Monterrey,Mexico,51,16840,2021-12-01,Activo
450,CLI-000450,Empresarial,Puebla,Colombia,32,45510,2023-02-20,Activo
451,CLI-000451,Pyme,Medellin,Colombia,54,86047,2022-03-06,Activo
452,CLI-000452,Nomina,Monterrey,Mexico,26,84617,2021-11-10,Activo
453,CLI-000453,Nomina,Medellin,Colombia,31,49080,2021-08-24,Activo
454,CLI-000454,Pyme,Medellin,Mexico,48,19149,2026-07-04,Activo
455,CLI-000455,Premium,Guadalajara,Colombia,46,39478,2025-10-11,Inactivo
456,CLI-000456,Digital,Bogota,Mexico,37,22662,2023-07-17,Inactivo
457,CLI-000457,Empresarial,Bogota,Mexico,32,44856,2026-07-25,Inactivo
458,CLI-000458,Digital,CDMX,Colombia,49,62103,2026-08-18,Activo
459,CLI-000459,Empresarial,Monterrey,Colombia,48,46143,2024-08-12,Activo
460,CLI-000460,Pyme,Puebla,Mexico,57,43744,2026-02-11,Activo
461,CLI-000461,Digital,Medellin,Mexico,49,62815,2025-01-15,Activo
462,CLI-000462,Nomina,Cali,Mexico,58,31503,2022-10-12,Inactivo
463,CLI-000463,Pyme,Guadalajara,Colombia,60,80489,2022-04-13,Activo
464,CLI-000464,Digital,Bogota,Colombia,49,97772,2025-04-03,Activo
465,CLI-000465,Pyme,CDMX,Colombia,45,25092,2022-09-11,Activo
466,CLI-000466,Premium,Medellin,Colombia,50,53658,2022-01-17,Inactivo
467,CLI-000467,Empresarial,Guadalajara,Mexico,25,31279,2022-04-01,Inactivo
468,CLI-000468,Nomina,Bogota,Mexico,24,39976,2022-08-07,Activo
469,CLI-000469,Digital,Monterrey,Mexico,33,84609,2024-02-05,Inactivo
470,CLI-000470,Premium,Cali,Mexico,60,53043,2021-12-04,Activo
471,CLI-000471,Pyme,CDMX,Colombia,26,26027,2024-06-07,Activo
472,CLI-000472,Empresarial,Puebla,Mexico,52,78105,2024-01-02,Activo
473,CLI-000473,Nomina,Bogota,Mexico,32,76507,2025-10-01,Inactivo
474,CLI-000474,Premium,Medellin,Mexico,47,65014,2024-06-19,Inactivo
475,CLI-000475,Pyme,CDMX,Mexico,36,9267,2024-11-28,Inactivo
476,CLI-000476,Nomina,Bogota,Mexico,31,70417,2024-10-15,Activo
477,CLI-000477,Pyme,Queretaro,Mexico,57,34838,2025-01-30,Activo
478,CLI-000478,Premium,Monterrey,Colombia,64,38846,2021-09-27,Activo
479,CLI-000479,Nomina,Cali,Colombia,38,28558,2022-09-10,Activo
480,CLI-000480,Digital,Queretaro,Mexico,36,66549,2026-06-21,Inactivo
481,CLI-000481,Pyme,Queretaro,Mexico,64,67577,2023-02-04,Activo
482,CLI-000482,Digital,Puebla,Mexico,44,50696,2025-11-01,Activo
483,CLI-000483,Digital,Monterrey,Mexico,49,32298,2023-05-11,Activo
484,CLI-000484,Empresarial,CDMX,Colombia,25,18261,2026-02-03,Activo
485,CLI-000485,Nomina,Monterrey,Mexico,29,71309,2025-01-21,Activo
486,CLI-000486,Premium,Guadalajara,Colombia,34,8246,2022-12-30,Inactivo
487,CLI-000487,Empresarial,Bogota,Mexico,24,54053,2022-09-17,Activo
488,CLI-000488,Pyme,Guadalajara,Colombia,33,49785,2026-02-16,Activo
489,CLI-000489,Nomina,Monterrey,Colombia,34,74469,2026-02-26,Inactivo
490,CLI-000490,Nomina,Medellin,Mexico,27,40177,2024-04-11,Activo
491,CLI-000491,Empresarial,CDMX,Colombia,28,44070,2021-05-28,Activo
492,CLI-000492,Pyme,Medellin,Colombia,49,79722,2026-01-20,Activo
493,CLI-000493,Nomina,Cali,Mexico,38,61168,2022-04-13,Activo
494,CLI-000494,Nomina,Puebla,Mexico,21,69602,2022-01-30,Inactivo
495,CLI-000495,Nomina,Cali,Mexico,38,12138,2025-03-29,Activo
496,CLI-000496,Digital,Bogota,Colombia,45,58851,2021-04-27,Activo
497,CLI-000497,Pyme,Queretaro,Colombia,24,67554,2025-04-24,Activo
498,CLI-000498,Digital,Puebla,Colombia,45,96901,2026-05-17,Activo
499,CLI-000499,Nomina,Medellin,Colombia,59,14738,2023-12-25,Activo
500,CLI-000500,Empresarial,CDMX,Mexico,48,44295,2025-05-22,Activo
501,CLI-000501,Empresarial,Puebla,Colombia,40,18684,2023-12-14,Activo
502,CLI-000502,Nomina,Puebla,Mexico,20,16181,2023-05-14,Activo
503,CLI-000503,Pyme,Queretaro,Mexico,50,93532,2024-09-07,Activo
504,CLI-000504,Pyme,Puebla,Mexico,47,50582,2023-01-28,Activo
505,CLI-000505,Nomina,Medellin,Mexico,35,82690,2021-05-24,Activo
506,CLI-000506,Premium,Bogota,Mexico,27,20640,2022-10-01,Activo
507,CLI-000507,Nomina,Queretaro,Mexico,61,43361,2024-03-03,Inactivo
508,CLI-000508,Digital,CDMX,Mexico,61,83372,2023-06-14,Inactivo
509,CLI-000509,Premium,Bogota,Colombia,26,52895,2023-10-09,Activo
510,CLI-000510,Empresarial,Medellin,Mexico,42,90905,2025-09-14,Activo
511,CLI-000511,Digital,Guadalajara,Mexico,47,87443,2023-11-30,Activo
512,CLI-000512,Empresarial,Cali,Colombia,32,94723,2021-05-12,Activo
513,CLI-000513,Nomina,Puebla,Colombia,53,34902,2022-11-01,Inactivo
514,CLI-000514,Digital,Cali,Mexico,29,64175,2025-01-30,Activo
515,CLI-000515,Digital,Cali,Mexico,63,53350,2022-11-15,Activo
516,CLI-000516,Nomina,Monterrey,Mexico,45,68044,2024-05-22,Activo
517,CLI-000517,Empresarial,Monterrey,Colombia,56,55046,2026-07-15,Activo
518,CLI-000518,Digital,Guadalajara,Colombia,27,33795,2025-04-20,Inactivo
519,CLI-000519,Digital,Monterrey,Colombia,21,81262,2026-02-11,Inactivo
520,CLI-000520,Digital,Medellin,Colombia,45,29384,2022-05-19,Inactivo
521,CLI-000521,Pyme,Bogota,Colombia,37,94103,2021-05-01,Activo
522,CLI-000522,Premium,CDMX,Mexico,47,78283,2021-11-28,Inactivo
523,CLI-000523,Empresarial,Bogota,Mexico,53,57195,2023-05-16,Inactivo
524,CLI-000524,Empresarial,Monterrey,Mexico,50,24828,2025-09-21,Activo
525,CLI-000525,Pyme,Puebla,Mexico,25,60559,2025-04-11,Activo
526,CLI-000526,Digital,Guadalajara,Mexico,34,12577,2021-07-27,Activo
527,CLI-000527,Digital,Puebla,Mexico,36,78563,2024-12-07,Activo
528,CLI-000528,Nomina,CDMX,Mexico,38,56333,2026-03-04,Activo
529,CLI-000529,Pyme,Monterrey,Mexico,29,75739,2023-10-09,Inactivo
530,CLI-000530,Empresarial,Cali,Mexico,50,48110,2021-09-21,Activo
531,CLI-000531,Digital,Cali,Mexico,34,90434,2021-07-02,Activo
532,CLI-000532,Premium,Monterrey,Colombia,56,41746,2022-04-12,Activo
533,CLI-000533,Nomina,Cali,Mexico,43,93339,2025-10-04,Inactivo
534,CLI-000534,Premium,CDMX,Mexico,50,77622,2021-12-09,Activo
535,CLI-000535,Nomina,Queretaro,Colombia,63,77769,2023-02-18,Inactivo
536,CLI-000536,Digital,Guadalajara,Mexico,34,15877,2026-05-18,Inactivo
537,CLI-000537,Premium,Queretaro,Mexico,31,42923,2023-03-23,Activo
538,CLI-000538,Nomina,Bogota,Mexico,48,63651,2022-07-15,Activo
539,CLI-000539,Digital,CDMX,Colombia,24,78820,2025-01-09,Activo
540,CLI-000540,Digital,Puebla,Mexico,49,50659,2023-10-03,Activo
541,CLI-000541,Pyme,Medellin,Mexico,63,20967,2022-12-19,Inactivo
542,CLI-000542,Digital,Bogota,Mexico,62,57817,2023-08-20,Activo
543,CLI-000543,Nomina,Queretaro,Mexico,62,35422,2022-07-30,Inactivo
544,CLI-000544,Pyme,Puebla,Mexico,43,22486,2025-06-19,Inactivo
545,CLI-000545,Nomina,Guadalajara,Colombia,58,84625,2021-07-27,Inactivo
546,CLI-000546,Premium,Queretaro,Mexico,23,16838,2022-09-13,Activo
547,CLI-000547,Pyme,Guadalajara,Mexico,24,63756,2021-09-29,Activo
548,CLI-000548,Premium,Queretaro,Mexico,46,58900,2024-09-05,Activo
549,CLI-000549,Premium,CDMX,Mexico,29,74583,2024-04-14,Inactivo
550,CLI-000550,Nomina,Bogota,Colombia,40,40287,2025-01-01,Activo
551,CLI-000551,Nomina,Queretaro,Colombia,58,20600,2023-09-22,Activo
552,CLI-000552,Empresarial,CDMX,Mexico,20,53646,2026-07-03,Activo
553,CLI-000553,Premium,Queretaro,Colombia,44,56912,2021-03-16,Activo
554,CLI-000554,Digital,Monterrey,Mexico,54,73990,2025-01-30,Activo
555,CLI-000555,Premium,Puebla,Mexico,49,84318,2022-04-04,Activo
556,CLI-000556,Nomina,Queretaro,Mexico,28,93384,2023-01-24,Inactivo
557,CLI-000557,Digital,Puebla,Mexico,29,51888,2026-05-01,Activo
558,CLI-000558,Nomina,Guadalajara,Colombia,36,50271,2024-03-08,Activo
559,CLI-000559,Empresarial,Monterrey,Colombia,43,82668,2022-02-07,Activo
560,CLI-000560,Premium,Guadalajara,Mexico,36,66800,2022-02-06,Activo
561,CLI-000561,Pyme,Cali,Mexico,35,86095,2024-01-04,Activo
562,CLI-000562,Digital,Queretaro,Mexico,27,14938,2023-02-25,Activo
563,CLI-000563,Nomina,Monterrey,Colombia,25,28731,2022-03-26,Activo
564,CLI-000564,Premium,Puebla,Mexico,27,83003,2026-07-21,Activo
565,CLI-000565,Premium,Guadalajara,Mexico,21,59504,2026-05-15,Activo
566,CLI-000566,Nomina,Cali,Mexico,45,9676,2022-09-25,Activo
567,CLI-000567,Pyme,CDMX,Mexico,64,86057,2025-09-27,Inactivo
568,CLI-000568,Digital,Medellin,Colombia,28,67368,2025-03-23,Activo
569,CLI-000569,Pyme,Puebla,Mexico,30,42692,2026-01-29,Activo
570,CLI-000570,Empresarial,Queretaro,Mexico,26,16667,2024-01-26,Activo
571,CLI-000571,Nomina,Medellin,Mexico,25,51402,2025-12-17,Activo
572,CLI-000572,Empresarial,Cali,Colombia,49,54984,2024-08-24,Activo
573,CLI-000573,Premium,Guadalajara,Colombia,55,42311,2023-06-13,Activo
574,CLI-000574,Digital,Bogota,Mexico,26,50943,2025-05-26,Inactivo
575,CLI-000575,Pyme,Cali,Mexico,28,71823,2022-05-09,Activo
576,CLI-000576,Nomina,CDMX,Mexico,50,36431,2024-09-09,Activo
577,CLI-000577,Digital,Monterrey,Colombia,39,40908,2025-03-01,Activo
578,CLI-000578,Digital,Puebla,Colombia,41,41319,2023-08-21,Activo
579,CLI-000579,Pyme,Monterrey,Colombia,53,84950,2023-01-24,Activo
580,CLI-000580,Premium,Bogota,Mexico,29,44050,2024-10-27,Activo
581,CLI-000581,Digital,Bogota,Mexico,63,8476,2026-03-05,Activo
582,CLI-000582,Empresarial,Puebla,Mexico,29,15204,2026-06-20,Activo
583,CLI-000583,Empresarial,Queretaro,Mexico,52,61773,2021-06-30,Inactivo
584,CLI-000584,Digital,Puebla,Mexico,49,80352,2025-02-08,Activo
585,CLI-000585,Premium,Queretaro,Mexico,27,11246,2025-05-13,Activo
586,CLI-000586,Nomina,Cali,Colombia,35,43563,2023-06-19,Activo
587,CLI-000587,Digital,CDMX,Mexico,32,82679,2021-08-30,Activo
588,CLI-000588,Empresarial,Monterrey,Mexico,28,91674,2023-07-12,Activo
589,CLI-000589,Premium,CDMX,Mexico,33,93231,2022-04-12,Inactivo
590,CLI-000590,Empresarial,Medellin,Mexico,51,94945,2023-08-04,Inactivo
591,CLI-000591,Digital,Cali,Mexico,40,60814,2026-07-11,Activo
592,CLI-000592,Nomina,Bogota,Colombia,50,28694,2024-12-11,Inactivo
593,CLI-000593,Premium,CDMX,Colombia,31,16371,2022-12-26,Inactivo
594,CLI-000594,Nomina,Cali,Mexico,35,88488,2025-03-14,Inactivo
595,CLI-000595,Digital,Cali,Mexico,28,74189,2021-11-23,Activo
596,CLI-000596,Pyme,Guadalajara,Mexico,27,17602,2021-08-20,Activo
597,CLI-000597,Digital,Queretaro,Colombia,44,11804,2024-01-13,Activo
598,CLI-000598,Premium,Cali,Colombia,59,52172,2021-04-14,Inactivo
599,CLI-000599,Pyme,Guadalajara,Mexico,22,79934,2024-01-21,Activo
600,CLI-000600,Premium,Puebla,Mexico,27,95886,2022-11-07,Activo
601,CLI-000601,Digital,CDMX,Mexico,46,37289,2023-04-27,Activo
602,CLI-000602,Premium,Guadalajara,Mexico,47,40933,2023-12-11,Activo
603,CLI-000603,Digital,Monterrey,Colombia,32,24190,2025-12-15,Activo
604,CLI-000604,Pyme,CDMX,Mexico,30,46900,2024-08-03,Activo
605,CLI-000605,Empresarial,Guadalajara,Colombia,27,52964,2021-03-22,Inactivo
606,CLI-000606,Premium,Bogota,Colombia,33,58592,2023-07-26,Activo
607,CLI-000607,Digital,CDMX,Colombia,41,64688,2024-03-18,Activo
608,CLI-000608,Pyme,Queretaro,Colombia,31,9785,2026-01-04,Inactivo
609,CLI-000609,Empresarial,Guadalajara,Mexico,49,23708,2022-05-27,Activo
610,CLI-000610,Digital,Puebla,Colombia,60,42296,2025-02-07,Activo
611,CLI-000611,Nomina,Guadalajara,Colombia,35,64815,2023-07-18,Inactivo
612,CLI-000612,Nomina,Guadalajara,Mexico,34,34222,2025-03-18,Activo
613,CLI-000613,Pyme,Puebla,Colombia,36,60823,2021-05-21,Activo
614,CLI-000614,Nomina,CDMX,Colombia,49,92639,2022-11-02,Activo
615,CLI-000615,Nomina,CDMX,Mexico,59,57359,2026-07-13,Activo
616,CLI-000616,Digital,CDMX,Mexico,26,66935,2021-10-29,Activo
617,CLI-000617,Pyme,Monterrey,Mexico,25,83467,2026-07-08,Activo
618,CLI-000618,Empresarial,Monterrey,Mexico,63,56653,2025-03-08,Activo
619,CLI-000619,Empresarial,Bogota,Mexico,46,64794,2023-03-12,Activo
620,CLI-000620,Premium,Bogota,Mexico,35,56570,2022-04-08,Activo
621,CLI-000621,Pyme,Monterrey,Mexico,20,81384,2022-01-12,Activo
622,CLI-000622,Premium,CDMX,Colombia,62,50936,2026-08-16,Activo
623,CLI-000623,Pyme,Guadalajara,Mexico,36,45056,2023-08-09,Activo
624,CLI-000624,Nomina,Bogota,Mexico,37,31668,2024-05-12,Activo
625,CLI-000625,Digital,Cali,Colombia,50,33621,2022-08-10,Inactivo
626,CLI-000626,Premium,Medellin,Mexico,33,65320,2023-04-17,Activo
627,CLI-000627,Digital,Guadalajara,Mexico,22,56147,2025-08-28,Activo
628,CLI-000628,Pyme,Bogota,Colombia,30,21562,2023-12-21,Activo
629,CLI-000629,Pyme,Medellin,Colombia,40,79228,2024-11-12,Inactivo
630,CLI-000630,Empresarial,CDMX,Colombia,23,50313,2025-08-15,Inactivo
631,CLI-000631,Empresarial,Medellin,Mexico,54,30407,2022-06-14,Activo
632,CLI-000632,Digital,CDMX,Mexico,54,54903,2021-04-18,Activo
633,CLI-000633,Digital,Monterrey,Mexico,48,11797,2021-07-17,Activo
634,CLI-000634,Pyme,Bogota,Mexico,59,85729,2025-06-25,Activo
635,CLI-000635,Digital,Monterrey,Mexico,32,18768,2022-05-09,Activo
636,CLI-000636,Nomina,Medellin,Mexico,46,41426,2026-03-09,Activo
637,CLI-000637,Nomina,Queretaro,Colombia,64,64262,2026-05-07,Activo
638,CLI-000638,Digital,Medellin,Mexico,30,96351,2022-05-10,Inactivo
639,CLI-000639,Empresarial,Puebla,Mexico,51,40235,2025-12-08,Inactivo
640,CLI-000640,Premium,Puebla,Mexico,51,25080,2025-08-26,Activo
641,CLI-000641,Digital,Monterrey,Colombia,61,57907,2026-04-19,Activo
642,CLI-000642,Pyme,Monterrey,Mexico,20,65422,2024-08-06,Activo
643,CLI-000643,Nomina,Medellin,Colombia,30,72890,2023-01-26,Activo
644,CLI-000644,Pyme,Queretaro,Mexico,44,63174,2024-11-27,Activo
645,CLI-000645,Nomina,Queretaro,Mexico,57,19680,2021-11-22,Activo
646,CLI-000646,Premium,CDMX,Mexico,57,67213,2023-10-18,Activo
647,CLI-000647,Pyme,Monterrey,Mexico,23,91719,2025-07-13,Activo
648,CLI-000648,Empresarial,CDMX,Colombia,22,58222,2021-07-15,Activo
649,CLI-000649,Pyme,Bogota,Colombia,31,11659,2026-04-16,Activo
650,CLI-000650,Empresarial,Cali,Mexico,52,55849,2025-08-21,Activo
651,CLI-000651,Pyme,Bogota,Mexico,53,45367,2026-02-04,Activo
652,CLI-000652,Pyme,Puebla,Mexico,59,23013,2025-09-08,Activo
653,CLI-000653,Pyme,Guadalajara,Colombia,39,39709,2024-12-12,Inactivo
654,CLI-000654,Pyme,Monterrey,Colombia,39,73328,2023-05-06,Activo
655,CLI-000655,Pyme,Medellin,Colombia,31,94549,2024-03-23,Activo
656,CLI-000656,Digital,Cali,Mexico,43,97407,2025-01-08,Activo
657,CLI-000657,Pyme,Medellin,Mexico,56,70075,2025-03-01,Activo
658,CLI-000658,Premium,Cali,Mexico,21,40009,2025-12-01,Activo
659,CLI-000659,Premium,Guadalajara,Colombia,24,43982,2021-08-25,Activo
660,CLI-000660,Digital,Medellin,Mexico,57,70064,2023-07-09,Inactivo
661,CLI-000661,Premium,Monterrey,Colombia,45,15063,2026-05-15,Inactivo
662,CLI-000662,Pyme,Medellin,Mexico,59,86281,2025-06-07,Activo
663,CLI-000663,Digital,CDMX,Colombia,37,35431,2026-06-13,Activo
664,CLI-000664,Nomina,Queretaro,Mexico,22,73842,2024-07-10,Activo
665,CLI-000665,Premium,Queretaro,Mexico,33,43489,2025-12-13,Activo
666,CLI-000666,Premium,CDMX,Mexico,23,53164,2022-06-09,Activo
667,CLI-000667,Nomina,Queretaro,Mexico,49,25649,2023-04-21,Activo
668,CLI-000668,Pyme,CDMX,Colombia,34,91172,2026-03-08,Activo
669,CLI-000669,Premium,Monterrey,Mexico,46,10179,2025-01-02,Inactivo
670,CLI-000670,Digital,Cali,Mexico,26,12039,2022-03-12,Activo
671,CLI-000671,Pyme,Medellin,Colombia,25,12908,2021-06-24,Inactivo
672,CLI-000672,Empresarial,Medellin,Mexico,51,18015,2024-03-17,Activo
673,CLI-000673,Pyme,Queretaro,Mexico,43,31279,2024-01-11,Activo
674,CLI-000674,Nomina,Bogota,Mexico,46,67718,2026-06-09,Activo
675,CLI-000675,Pyme,Medellin,Mexico,22,66928,2026-08-18,Activo
676,CLI-000676,Pyme,Medellin,Mexico,58,9717,2021-12-04,Activo
677,CLI-000677,Pyme,Puebla,Colombia,24,36391,2021-12-05,Activo
678,CLI-000678,Nomina,Queretaro,Mexico,61,9934,2025-04-27,Activo
679,CLI-000679,Pyme,Puebla,Mexico,35,39672,2023-04-02,Activo
680,CLI-000680,Empresarial,Queretaro,Colombia,48,87081,2021-10-19,Inactivo
681,CLI-000681,Nomina,Queretaro,Mexico,26,88746,2023-01-29,Activo
682,CLI-000682,Pyme,Cali,Mexico,48,28469,2025-05-11,Activo
683,CLI-000683,Empresarial,Cali,Mexico,44,26608,2025-11-30,Activo
684,CLI-000684,Empresarial,Medellin,Mexico,51,55142,2025-12-07,Inactivo
685,CLI-000685,Empresarial,Guadalajara,Colombia,61,36575,2023-08-16,Inactivo
686,CLI-000686,Nomina,Monterrey,Colombia,52,76889,2021-11-08,Activo
687,CLI-000687,Premium,Puebla,Colombia,60,91993,2025-03-05,Inactivo
688,CLI-000688,Nomina,Guadalajara,Colombia,47,32018,2023-07-27,Activo
689,CLI-000689,Pyme,Bogota,Mexico,50,50894,2023-12-04,Activo
690,CLI-000690,Digital,Monterrey,Colombia,42,20376,2025-08-13,Activo
691,CLI-000691,Digital,CDMX,Mexico,38,74813,2021-04-06,Inactivo
692,CLI-000692,Nomina,Cali,Colombia,59,52095,2024-11-23,Activo
693,CLI-000693,Pyme,Puebla,Mexico,53,42234,2024-12-17,Activo
694,CLI-000694,Digital,Queretaro,Mexico,59,78823,2023-10-28,Activo
695,CLI-000695,Empresarial,CDMX,Colombia,43,43605,2022-08-25,Activo
696,CLI-000696,Premium,Bogota,Mexico,33,43824,2025-01-02,Inactivo
697,CLI-000697,Premium,Puebla,Mexico,22,54527,2025-11-23,Inactivo
698,CLI-000698,Premium,Bogota,Mexico,55,92406,2022-11-11,Activo
699,CLI-000699,Premium,Puebla,Mexico,46,72137,2025-07-27,Activo
700,CLI-000700,Pyme,Bogota,Colombia,55,72654,2025-12-30,Activo
701,CLI-000701,Premium,Monterrey,Mexico,37,79196,2023-11-15,Inactivo
702,CLI-000702,Pyme,Puebla,Colombia,61,58894,2023-01-23,Activo
703,CLI-000703,Empresarial,Guadalajara,Colombia,38,35857,2022-06-19,Activo
704,CLI-000704,Digital,CDMX,Mexico,29,64030,2025-04-15,Activo
705,CLI-000705,Empresarial,Queretaro,Mexico,59,29409,2023-06-14,Activo
706,CLI-000706,Premium,CDMX,Mexico,31,57261,2023-04-13,Activo
707,CLI-000707,Empresarial,CDMX,Mexico,49,11305,2021-12-31,Activo
708,CLI-000708,Empresarial,Monterrey,Colombia,22,45526,2025-09-12,Activo
709,CLI-000709,Digital,Bogota,Mexico,55,23968,2024-03-07,Activo
710,CLI-000710,Empresarial,CDMX,Mexico,36,42105,2026-04-21,Activo
711,CLI-000711,Premium,Monterrey,Mexico,51,32698,2023-10-15,Activo
712,CLI-000712,Digital,Queretaro,Mexico,52,64608,2021-04-08,Activo
713,CLI-000713,Digital,Cali,Colombia,32,62796,2024-12-10,Activo
714,CLI-000714,Empresarial,Monterrey,Mexico,45,54774,2023-03-20,Activo
715,CLI-000715,Nomina,Queretaro,Colombia,64,8142,2026-07-18,Activo
716,CLI-000716,Nomina,Medellin,Colombia,64,45264,2024-11-05,Activo
717,CLI-000717,Digital,CDMX,Mexico,32,79118,2024-12-27,Activo
718,CLI-000718,Pyme,CDMX,Mexico,35,73196,2023-04-21,Activo
719,CLI-000719,Nomina,Monterrey,Mexico,50,90455,2022-04-23,Activo
720,CLI-000720,Premium,Bogota,Colombia,44,38160,2022-05-20,Activo
721,CLI-000721,Digital,Medellin,Mexico,52,36395,2023-09-28,Activo
722,CLI-000722,Digital,Medellin,Colombia,35,95265,2025-02-20,Activo
723,CLI-000723,Empresarial,Bogota,Colombia,45,43061,2023-06-01,Inactivo
724,CLI-000724,Digital,Bogota,Mexico,21,45248,2023-12-14,Activo
725,CLI-000725,Premium,Cali,Mexico,33,18101,2022-05-18,Inactivo
726,CLI-000726,Empresarial,Puebla,Mexico,41,53005,2025-08-19,Inactivo
727,CLI-000727,Digital,Queretaro,Colombia,26,86462,2022-03-04,Inactivo
728,CLI-000728,Digital,Guadalajara,Colombia,40,72231,2023-10-25,Activo
729,CLI-000729,Empresarial,Bogota,Mexico,23,50019,2026-06-03,Activo
730,CLI-000730,Digital,Monterrey,Mexico,34,88292,2024-12-01,Activo
731,CLI-000731,Pyme,Monterrey,Mexico,25,21439,2025-03-05,Activo
732,CLI-000732,Digital,Queretaro,Mexico,35,36664,2025-11-24,Activo
733,CLI-000733,Pyme,Guadalajara,Mexico,47,38487,2024-03-30,Activo
734,CLI-000734,Premium,Bogota,Mexico,22,46382,2025-09-11,Activo
735,CLI-000735,Premium,Medellin,Mexico,47,36120,2022-03-14,Activo
736,CLI-000736,Digital,Queretaro,Colombia,54,49913,2025-12-14,Inactivo
737,CLI-000737,Empresarial,Puebla,Mexico,50,71919,2024-02-16,Activo
738,CLI-000738,Pyme,Medellin,Mexico,61,43287,2022-11-04,Activo
739,CLI-000739,Digital,Cali,Mexico,21,50780,2024-10-01,Activo
740,CLI-000740,Nomina,Medellin,Mexico,25,17264,2022-03-13,Inactivo
741,CLI-000741,Pyme,Bogota,Colombia,43,44073,2024-05-30,Activo
742,CLI-000742,Premium,Cali,Mexico,35,81252,2023-06-10,Inactivo
743,CLI-000743,Premium,Medellin,Mexico,30,67635,2026-04-01,Inactivo
744,CLI-000744,Premium,Puebla,Mexico,40,57958,2022-03-04,Activo
745,CLI-000745,Empresarial,CDMX,Mexico,56,77421,2024-08-07,Activo
746,CLI-000746,Digital,CDMX,Colombia,59,89293,2023-03-11,Activo
747,CLI-000747,Nomina,Guadalajara,Mexico,37,60014,2025-08-08,Activo
748,CLI-000748,Pyme,Queretaro,Colombia,33,92900,2024-04-17,Inactivo
749,CLI-000749,Pyme,CDMX,Mexico,64,44378,2025-12-22,Activo
750,CLI-000750,Pyme,Queretaro,Mexico,51,81868,2024-09-15,Inactivo
751,CLI-000751,Empresarial,Guadalajara,Colombia,37,36631,2024-07-30,Activo
752,CLI-000752,Premium,Bogota,Mexico,28,42614,2021-08-12,Inactivo
753,CLI-000753,Nomina,Cali,Mexico,26,14457,2026-08-03,Activo
754,CLI-000754,Premium,Puebla,Colombia,23,65802,2024-05-25,Activo
755,CLI-000755,Digital,Queretaro,Mexico,28,53847,2023-08-26,Activo
756,CLI-000756,Pyme,Guadalajara,Mexico,46,84212,2025-05-18,Activo
757,CLI-000757,Premium,Queretaro,Mexico,64,59133,2022-10-25,Activo
758,CLI-000758,Premium,Bogota,Mexico,52,96522,2021-04-15,Inactivo
759,CLI-000759,Premium,CDMX,Colombia,23,50521,2022-08-12,Inactivo
760,CLI-000760,Nomina,Bogota,Colombia,34,12750,2024-10-16,Inactivo
761,CLI-000761,Premium,Queretaro,Mexico,53,45891,2021-05-31,Inactivo
762,CLI-000762,Pyme,CDMX,Colombia,53,73427,2023-08-03,Activo
763,CLI-000763,Premium,Guadalajara,Mexico,64,80801,2023-04-04,Activo
764,CLI-000764,Nomina,Queretaro,Colombia,32,19928,2025-02-19,Inactivo
765,CLI-000765,Nomina,CDMX,Mexico,46,21602,2024-03-24,Inactivo
766,CLI-000766,Pyme,Bogota,Mexico,55,85581,2024-10-18,Activo
767,CLI-000767,Nomina,Cali,Mexico,42,97423,2022-06-16,Activo
768,CLI-000768,Premium,Bogota,Mexico,53,39057,2023-02-27,Inactivo
769,CLI-000769,Nomina,Guadalajara,Mexico,33,75154,2022-07-22,Activo
770,CLI-000770,Pyme,Bogota,Mexico,26,86325,2026-08-11,Inactivo
771,CLI-000771,Premium,Bogota,Colombia,50,11692,2021-08-25,Activo
772,CLI-000772,Empresarial,Puebla,Colombia,58,38147,2025-03-18,Activo
773,CLI-000773,Digital,Puebla,Colombia,53,74088,2023-06-14,Activo
774,CLI-000774,Pyme,Bogota,Mexico,44,68552,2022-02-13,Activo
775,CLI-000775,Nomina,CDMX,Mexico,29,33497,2025-08-13,Activo
776,CLI-000776,Nomina,Cali,Mexico,57,93544,2023-03-07,Activo
777,CLI-000777,Nomina,Medellin,Mexico,49,88991,2023-07-29,Inactivo
778,CLI-000778,Empresarial,Bogota,Mexico,41,92256,2023-03-06,Inactivo
779,CLI-000779,Pyme,Puebla,Colombia,54,37106,2025-10-15,Activo
780,CLI-000780,Digital,Puebla,Mexico,22,94005,2025-03-23,Activo
781,CLI-000781,Premium,Cali,Mexico,28,52285,2025-11-20,Inactivo
782,CLI-000782,Pyme,Bogota,Colombia,52,17296,2026-04-11,Activo
783,CLI-000783,Pyme,Puebla,Colombia,26,65630,2021-07-26,Activo
784,CLI-000784,Pyme,Bogota,Colombia,45,54384,2021-07-12,Activo
785,CLI-000785,Premium,Medellin,Colombia,55,56612,2026-08-28,Inactivo
786,CLI-000786,Empresarial,Puebla,Mexico,62,40303,2022-12-10,Activo
787,CLI-000787,Digital,Cali,Mexico,44,94483,2026-03-27,Activo
788,CLI-000788,Digital,Bogota,Mexico,21,42575,2025-08-17,Activo
789,CLI-000789,Empresarial,Bogota,Mexico,23,64951,2022-08-25,Activo
790,CLI-000790,Nomina,Bogota,Mexico,42,13669,2023-09-18,Activo
791,CLI-000791,Premium,Medellin,Mexico,64,11334,2026-05-14,Inactivo
792,CLI-000792,Nomina,CDMX,Colombia,50,49253,2022-12-17,Inactivo
793,CLI-000793,Nomina,Queretaro,Colombia,21,20743,2023-02-04,Activo
794,CLI-000794,Empresarial,CDMX,Colombia,25,23502,2026-05-27,Activo
795,CLI-000795,Digital,Puebla,Mexico,46,81602,2026-02-03,Activo
796,CLI-000796,Digital,Guadalajara,Colombia,39,81037,2021-04-18,Activo
797,CLI-000797,Pyme,Cali,Mexico,26,83278,2022-05-01,Inactivo
798,CLI-000798,Premium,Monterrey,Mexico,26,45364,2022-11-11,Activo
799,CLI-000799,Premium,Cali,Mexico,24,84263,2023-04-28,Inactivo
800,CLI-000800,Nomina,Puebla,Mexico,28,16023,2023-02-08,Inactivo
801,CLI-000801,Premium,Medellin,Colombia,51,26554,2023-03-04,Activo
802,CLI-000802,Premium,Cali,Mexico,21,24200,2023-12-09,Inactivo
803,CLI-000803,Digital,Medellin,Mexico,20,29208,2026-01-11,Activo
804,CLI-000804,Nomina,Monterrey,Colombia,44,27735,2022-06-16,Activo
805,CLI-000805,Pyme,Guadalajara,Colombia,50,95172,2024-01-29,Activo
806,CLI-000806,Digital,CDMX,Mexico,32,47120,2024-11-04,Inactivo
807,CLI-000807,Digital,CDMX,Colombia,61,23830,2022-05-17,Activo
808,CLI-000808,Nomina,Cali,Colombia,46,37338,2025-08-02,Activo
809,CLI-000809,Pyme,Medellin,Mexico,24,74397,2021-11-29,Activo
810,CLI-000810,Pyme,Puebla,Mexico,60,21045,2021-08-05,Activo
811,CLI-000811,Pyme,Guadalajara,Colombia,48,95800,2025-07-26,Activo
812,CLI-000812,Digital,CDMX,Mexico,58,49272,2025-09-26,Activo
813,CLI-000813,Empresarial,Queretaro,Colombia,48,63038,2025-09-29,Inactivo
814,CLI-000814,Empresarial,CDMX,Colombia,42,97610,2023-06-08,Inactivo
815,CLI-000815,Pyme,Bogota,Colombia,31,37457,2023-07-03,Inactivo
816,CLI-000816,Premium,Guadalajara,Mexico,20,96217,2026-06-15,Activo
817,CLI-000817,Digital,CDMX,Mexico,41,79822,2022-03-06,Activo
818,CLI-000818,Pyme,Queretaro,Mexico,52,93494,2025-12-12,Activo
819,CLI-000819,Digital,CDMX,Mexico,33,71297,2021-12-23,Activo
820,CLI-000820,Nomina,Puebla,Colombia,59,44482,2022-05-08,Activo
821,CLI-000821,Premium,Bogota,Colombia,23,88409,2024-11-07,Activo
822,CLI-000822,Premium,Monterrey,Colombia,44,79503,2022-05-12,Activo
823,CLI-000823,Empresarial,Bogota,Mexico,62,68719,2021-10-24,Activo
824,CLI-000824,Pyme,Queretaro,Mexico,27,58291,2026-04-22,Activo
825,CLI-000825,Pyme,Cali,Mexico,25,51064,2021-07-13,Activo
826,CLI-000826,Empresarial,Guadalajara,Colombia,30,39744,2025-03-18,Activo
827,CLI-000827,Pyme,CDMX,Mexico,41,55401,2026-01-01,Activo
828,CLI-000828,Digital,Queretaro,Mexico,47,79991,2021-07-01,Inactivo
829,CLI-000829,Empresarial,CDMX,Colombia,40,15215,2021-10-04,Activo
830,CLI-000830,Empresarial,CDMX,Mexico,51,52670,2021-11-19,Activo
831,CLI-000831,Digital,Monterrey,Colombia,44,19882,2024-10-10,Activo
832,CLI-000832,Digital,Monterrey,Mexico,59,28910,2021-06-27,Activo
833,CLI-000833,Premium,Monterrey,Mexico,34,61402,2022-11-10,Inactivo
834,CLI-000834,Premium,Monterrey,Mexico,55,23456,2025-04-01,Activo
835,CLI-000835,Empresarial,Medellin,Mexico,35,49033,2025-10-06,Inactivo
836,CLI-000836,Digital,Monterrey,Colombia,57,70357,2023-01-10,Activo
837,CLI-000837,Pyme,CDMX,Mexico,25,31437,2025-08-31,Activo
838,CLI-000838,Nomina,Monterrey,Mexico,36,56588,2025-10-13,Activo
839,CLI-000839,Empresarial,Puebla,Mexico,26,49224,2024-12-02,Activo
840,CLI-000840,Digital,Cali,Mexico,51,50652,2025-02-01,Inactivo
841,CLI-000841,Empresarial,Queretaro,Mexico,45,89619,2024-04-02,Activo
842,CLI-000842,Digital,Cali,Mexico,44,35727,2024-06-22,Inactivo
843,CLI-000843,Premium,CDMX,Mexico,48,60509,2025-06-16,Inactivo
844,CLI-000844,Pyme,CDMX,Mexico,40,68440,2026-03-13,Activo
845,CLI-000845,Nomina,Monterrey,Mexico,62,89760,2024-09-11,Activo
846,CLI-000846,Empresarial,Monterrey,Mexico,32,39622,2021-04-27,Inactivo
847,CLI-000847,Nomina,Bogota,Mexico,64,80332,2025-02-03,Inactivo
848,CLI-000848,Empresarial,Puebla,Colombia,26,60846,2026-03-15,Activo
849,CLI-000849,Premium,Medellin,Colombia,22,94409,2022-07-14,Activo
850,CLI-000850,Premium,Cali,Mexico,45,71922,2022-07-16,Activo
851,CLI-000851,Nomina,Puebla,Mexico,21,82362,2022-02-07,Activo
852,CLI-000852,Premium,Puebla,Mexico,20,31641,2021-06-09,Inactivo
853,CLI-000853,Premium,Bogota,Colombia,38,52270,2022-11-28,Activo
854,CLI-000854,Nomina,Monterrey,Colombia,23,75101,2023-06-29,Activo
855,CLI-000855,Empresarial,Bogota,Mexico,51,18763,2023-11-13,Activo
856,CLI-000856,Empresarial,Guadalajara,Mexico,34,87049,2025-12-07,Activo
857,CLI-000857,Pyme,Puebla,Colombia,36,34087,2023-10-10,Inactivo
858,CLI-000858,Premium,Medellin,Mexico,24,75737,2023-09-12,Inactivo
859,CLI-000859,Empresarial,Bogota,Mexico,50,69951,2026-02-24,Activo
860,CLI-000860,Empresarial,CDMX,Mexico,36,51641,2024-10-23,Inactivo
861,CLI-000861,Nomina,Guadalajara,Mexico,28,88735,2023-04-26,Inactivo
862,CLI-000862,Premium,Queretaro,Mexico,54,18257,2024-02-26,Activo
863,CLI-000863,Empresarial,Cali,Mexico,34,40631,2022-03-14,Inactivo
864,CLI-000864,Premium,Medellin,Mexico,51,10588,2022-03-19,Activo
865,CLI-000865,Empresarial,Guadalajara,Mexico,25,19720,2026-03-30,Activo
866,CLI-000866,Digital,CDMX,Colombia,54,11827,2026-01-31,Inactivo
867,CLI-000867,Premium,CDMX,Mexico,31,13962,2023-01-07,Inactivo
868,CLI-000868,Digital,Cali,Mexico,60,24630,2024-09-30,Activo
869,CLI-000869,Empresarial,Cali,Colombia,35,22450,2023-12-07,Activo
870,CLI-000870,Pyme,Queretaro,Mexico,46,9259,2025-06-27,Activo
871,CLI-000871,Pyme,Cali,Mexico,63,16882,2025-07-02,Activo
872,CLI-000872,Digital,Monterrey,Mexico,39,94197,2025-09-07,Activo
873,CLI-000873,Pyme,Guadalajara,Mexico,25,96615,2025-12-30,Activo
874,CLI-000874,Nomina,Medellin,Colombia,45,11655,2024-11-16,Activo
875,CLI-000875,Pyme,Queretaro,Mexico,63,47956,2023-08-23,Activo
876,CLI-000876,Empresarial,Guadalajara,Mexico,57,50811,2022-12-15,Activo
877,CLI-000877,Empresarial,Puebla,Mexico,39,67269,2026-03-17,Activo
878,CLI-000878,Premium,Queretaro,Mexico,61,96007,2026-04-27,Inactivo
879,CLI-000879,Pyme,Queretaro,Colombia,25,83430,2022-09-14,Activo
880,CLI-000880,Digital,Queretaro,Mexico,55,65945,2024-06-25,Activo
881,CLI-000881,Digital,Puebla,Mexico,32,77120,2026-01-30,Activo
882,CLI-000882,Premium,Bogota,Mexico,24,12757,2026-04-20,Activo
883,CLI-000883,Empresarial,Puebla,Mexico,26,63977,2026-02-23,Activo
884,CLI-000884,Digital,Medellin,Colombia,29,67588,2023-12-28,Activo
885,CLI-000885,Pyme,Medellin,Mexico,62,10844,2024-04-26,Inactivo
886,CLI-000886,Pyme,Monterrey,Mexico,40,10957,2023-08-17,Inactivo
887,CLI-000887,Pyme,Bogota,Mexico,26,72415,2024-01-03,Activo
888,CLI-000888,Digital,Bogota,Mexico,45,50832,2021-12-30,Activo
889,CLI-000889,Pyme,Puebla,Colombia,47,39749,2021-04-27,Activo
890,CLI-000890,Nomina,CDMX,Colombia,35,74785,2026-07-12,Inactivo
891,CLI-000891,Pyme,CDMX,Mexico,36,39614,2023-01-20,Activo
892,CLI-000892,Digital,Queretaro,Colombia,22,35442,2024-10-28,Activo
893,CLI-000893,Pyme,Puebla,Colombia,45,89127,2025-03-19,Activo
894,CLI-000894,Premium,Cali,Mexico,37,59528,2022-04-01,Activo
895,CLI-000895,Digital,Monterrey,Mexico,54,38559,2023-04-23,Activo
896,CLI-000896,Premium,Puebla,Colombia,55,83634,2023-09-28,Activo
897,CLI-000897,Nomina,Cali,Mexico,30,74860,2026-03-04,Inactivo
898,CLI-000898,Nomina,Monterrey,Mexico,56,50774,2025-07-11,Inactivo
899,CLI-000899,Digital,Monterrey,Colombia,39,56595,2025-07-30,Activo
900,CLI-000900,Digital,Puebla,Colombia,28,9674,2022-10-28,Inactivo
901,CLI-000901,Premium,Guadalajara,Colombia,53,50057,2021-07-17,Activo
902,CLI-000902,Digital,Medellin,Mexico,45,64408,2023-10-25,Activo
903,CLI-000903,Nomina,Guadalajara,Mexico,33,47185,2024-12-05,Inactivo
904,CLI-000904,Nomina,Guadalajara,Mexico,57,66144,2025-04-09,Activo
905,CLI-000905,Premium,CDMX,Mexico,31,82451,2024-02-18,Activo
906,CLI-000906,Premium,Bogota,Mexico,27,20279,2025-04-05,Inactivo
907,CLI-000907,Digital,Guadalajara,Colombia,63,51726,2026-07-26,Inactivo
908,CLI-000908,Nomina,Queretaro,Colombia,60,44631,2024-09-07,Activo
909,CLI-000909,Nomina,Cali,Colombia,26,18074,2022-08-27,Inactivo
910,CLI-000910,Premium,Medellin,Colombia,61,30663,2021-10-30,Activo
911,CLI-000911,Nomina,Medellin,Mexico,46,43096,2022-07-30,Activo
912,CLI-000912,Premium,Guadalajara,Mexico,63,47553,2025-04-13,Activo
913,CLI-000913,Premium,Monterrey,Colombia,34,46140,2022-12-08,Inactivo
914,CLI-000914,Empresarial,Cali,Mexico,52,81923,2026-07-23,Inactivo
915,CLI-000915,Digital,Medellin,Mexico,62,70161,2022-05-10,Activo
916,CLI-000916,Premium,Monterrey,Colombia,36,81103,2026-01-02,Inactivo
917,CLI-000917,Empresarial,Puebla,Colombia,37,96019,2025-04-10,Activo
918,CLI-000918,Empresarial,Guadalajara,Mexico,60,90430,2023-03-21,Inactivo
919,CLI-000919,Digital,Puebla,Mexico,58,82088,2021-07-11,Activo
920,CLI-000920,Premium,Medellin,Colombia,59,81822,2022-02-28,Activo
921,CLI-000921,Premium,Monterrey,Mexico,56,74401,2024-03-11,Activo
922,CLI-000922,Nomina,Bogota,Mexico,55,20248,2024-06-24,Activo
923,CLI-000923,Pyme,CDMX,Mexico,43,95270,2022-02-15,Inactivo
924,CLI-000924,Empresarial,Bogota,Colombia,34,51053,2022-08-25,Activo
925,CLI-000925,Digital,Medellin,Colombia,28,45305,2025-09-05,Inactivo
926,CLI-000926,Empresarial,Cali,Mexico,62,91080,2023-02-17,Activo
927,CLI-000927,Empresarial,Cali,Mexico,51,23188,2024-06-23,Activo
928,CLI-000928,Pyme,CDMX,Mexico,62,18562,2022-09-27,Activo
929,CLI-000929,Empresarial,Puebla,Mexico,25,72221,2025-08-18,Inactivo
930,CLI-000930,Digital,Monterrey,Mexico,25,85070,2023-05-22,Inactivo
931,CLI-000931,Pyme,Bogota,Mexico,38,21135,2025-01-31,Activo
932,CLI-000932,Digital,Cali,Mexico,50,49235,2026-08-14,Activo
933,CLI-000933,Pyme,Bogota,Mexico,52,71761,2022-08-23,Activo
934,CLI-000934,Nomina,CDMX,Mexico,30,89740,2021-03-20,Inactivo
935,CLI-000935,Empresarial,Queretaro,Colombia,22,30829,2023-04-13,Activo
936,CLI-000936,Pyme,Monterrey,Colombia,45,60244,2025-04-01,Activo
937,CLI-000937,Empresarial,Cali,Mexico,34,55738,2025-11-24,Activo
938,CLI-000938,Nomina,Guadalajara,Colombia,57,75304,2021-08-08,Activo
939,CLI-000939,Empresarial,Queretaro,Colombia,31,36171,2021-10-14,Activo
940,CLI-000940,Empresarial,Medellin,Mexico,58,67168,2022-04-21,Activo
941,CLI-000941,Nomina,Guadalajara,Mexico,31,71537,2024-04-14,Inactivo
942,CLI-000942,Empresarial,CDMX,Mexico,51,51668,2023-12-23,Inactivo
943,CLI-000943,Empresarial,CDMX,Mexico,59,24259,2025-10-02,Activo
944,CLI-000944,Pyme,Cali,Mexico,46,95446,2023-10-17,Activo
945,CLI-000945,Premium,CDMX,Colombia,50,87863,2026-07-14,Activo
946,CLI-000946,Digital,Puebla,Mexico,62,83328,2025-10-31,Activo
947,CLI-000947,Empresarial,Bogota,Mexico,62,61478,2026-08-23,Inactivo
948,CLI-000948,Digital,Cali,Mexico,52,74089,2021-06-07,Activo
949,CLI-000949,Pyme,CDMX,Mexico,34,12998,2026-04-15,Inactivo
950,CLI-000950,Pyme,Puebla,Mexico,63,85896,2026-03-09,Inactivo
951,CLI-000951,Nomina,Medellin,Mexico,53,66866,2026-01-05,Activo
952,CLI-000952,Premium,Medellin,Mexico,50,19816,2023-01-11,Inactivo
953,CLI-000953,Premium,Puebla,Colombia,41,58675,2024-05-10,Inactivo
954,CLI-000954,Empresarial,Queretaro,Mexico,39,11639,2024-10-20,Activo
955,CLI-000955,Pyme,Bogota,Mexico,42,64660,2023-10-20,Activo
956,CLI-000956,Premium,Cali,Mexico,26,19501,2021-09-24,Inactivo
957,CLI-000957,Premium,Monterrey,Mexico,23,12059,2026-01-31,Activo
958,CLI-000958,Nomina,Bogota,Mexico,31,30937,2026-03-24,Activo
959,CLI-000959,Nomina,Bogota,Mexico,28,43366,2026-03-21,Inactivo
960,CLI-000960,Pyme,Queretaro,Mexico,50,64143,2025-03-22,Inactivo
961,CLI-000961,Empresarial,Guadalajara,Mexico,53,62365,2021-11-25,Activo
962,CLI-000962,Premium,CDMX,Mexico,27,50941,2022-11-20,Inactivo
963,CLI-000963,Empresarial,Queretaro,Mexico,47,95653,2024-09-12,Activo
964,CLI-000964,Digital,Puebla,Mexico,25,9249,2026-01-23,Activo
965,CLI-000965,Empresarial,Medellin,Mexico,49,66477,2024-04-15,Activo
966,CLI-000966,Digital,Guadalajara,Mexico,40,50659,2026-07-22,Activo
967,CLI-000967,Nomina,Bogota,Colombia,41,85382,2023-06-21,Activo
968,CLI-000968,Premium,Medellin,Mexico,20,64737,2022-10-08,Inactivo
969,CLI-000969,Empresarial,Bogota,Mexico,44,34170,2024-01-03,Activo
970,CLI-000970,Premium,Queretaro,Mexico,56,51911,2022-10-06,Activo
971,CLI-000971,Premium,Monterrey,Mexico,60,45542,2024-01-31,Activo
972,CLI-000972,Empresarial,Monterrey,Mexico,20,33921,2025-08-15,Activo
973,CLI-000973,Pyme,Guadalajara,Colombia,35,62189,2022-01-23,Activo
974,CLI-000974,Nomina,Monterrey,Colombia,63,82977,2022-12-27,Activo
975,CLI-000975,Digital,Medellin,Colombia,47,33421,2022-07-28,Activo
976,CLI-000976,Nomina,Guadalajara,Mexico,24,45439,2021-03-26,Activo
977,CLI-000977,Pyme,CDMX,Mexico,59,40134,2025-10-21,Inactivo
978,CLI-000978,Empresarial,CDMX,Mexico,39,63581,2026-01-05,Activo
979,CLI-000979,Pyme,Monterrey,Mexico,22,86994,2025-03-18,Activo
980,CLI-000980,Digital,Queretaro,Mexico,51,91397,2024-04-11,Activo
981,CLI-000981,Empresarial,CDMX,Mexico,47,78394,2021-06-27,Inactivo
982,CLI-000982,Nomina,CDMX,Mexico,59,89989,2025-10-24,Activo
983,CLI-000983,Premium,Queretaro,Colombia,24,66238,2024-11-03,Activo
984,CLI-000984,Empresarial,Puebla,Mexico,54,30078,2022-03-30,Activo
985,CLI-000985,Premium,CDMX,Mexico,53,40458,2023-01-13,Activo
986,CLI-000986,Digital,Puebla,Mexico,56,45207,2024-06-07,Activo
987,CLI-000987,Empresarial,Medellin,Mexico,21,21103,2026-08-15,Inactivo
988,CLI-000988,Empresarial,CDMX,Mexico,64,22789,2026-05-04,Inactivo
989,CLI-000989,Digital,Bogota,Colombia,22,64845,2022-10-08,Activo
990,CLI-000990,Premium,Monterrey,Mexico,50,57825,2025-01-03,Activo
991,CLI-000991,Empresarial,CDMX,Mexico,43,90841,2022-11-03,Activo
992,CLI-000992,Pyme,Queretaro,Colombia,49,70772,2021-10-24,Inactivo
993,CLI-000993,Premium,Guadalajara,Mexico,21,38104,2022-09-14,Activo
994,CLI-000994,Nomina,Cali,Mexico,24,57661,2023-10-27,Inactivo
995,CLI-000995,Nomina,CDMX,Colombia,46,29721,2022-06-08,Activo
996,CLI-000996,Empresarial,CDMX,Mexico,36,64429,2024-09-25,Activo
997,CLI-000997,Digital,CDMX,Mexico,53,48783,2021-04-17,Inactivo
998,CLI-000998,Empresarial,Queretaro,Colombia,48,55996,2023-05-31,Activo
999,CLI-000999,Pyme,Medellin,Colombia,50,72292,2023-10-30,Activo
1000,CLI-001000,Pyme,Queretaro,Colombia,36,16819,2022-10-11,Inactivo
1001,CLI-001001,Nomina,CDMX,Colombia,41,48155,2024-08-26,Activo
1002,CLI-001002,Premium,Queretaro,Mexico,31,52894,2024-05-10,Activo
1003,CLI-001003,Empresarial,Puebla,Colombia,57,20991,2025-12-23,Activo
1004,CLI-001004,Nomina,Bogota,Colombia,25,27138,2024-01-31,Activo
1005,CLI-001005,Empresarial,Monterrey,Colombia,47,44776,2026-01-05,Activo
1006,CLI-001006,Nomina,Guadalajara,Mexico,64,35293,2024-01-06,Inactivo
1007,CLI-001007,Nomina,Queretaro,Mexico,60,88015,2025-06-29,Inactivo
1008,CLI-001008,Premium,CDMX,Mexico,59,45582,2023-07-15,Activo
1009,CLI-001009,Empresarial,Medellin,Mexico,52,62514,2022-07-03,Activo
1010,CLI-001010,Premium,Puebla,Mexico,58,37269,2022-04-18,Activo
1011,CLI-001011,Premium,Guadalajara,Mexico,44,94227,2021-10-19,Activo
1012,CLI-001012,Digital,Medellin,Colombia,45,79654,2022-10-20,Activo
1013,CLI-001013,Nomina,Queretaro,Mexico,47,59917,2026-05-21,Activo
1014,CLI-001014,Nomina,Puebla,Colombia,25,92256,2025-09-09,Activo
1015,CLI-001015,Digital,Guadalajara,Colombia,59,47981,2022-04-04,Activo
1016,CLI-001016,Premium,CDMX,Colombia,21,47332,2024-05-27,Inactivo
1017,CLI-001017,Pyme,Monterrey,Mexico,24,23134,2025-11-19,Activo
1018,CLI-001018,Nomina,Monterrey,Mexico,27,63303,2024-11-22,Activo
1019,CLI-001019,Nomina,Puebla,Mexico,38,37180,2024-08-13,Inactivo
1020,CLI-001020,Nomina,Guadalajara,Colombia,46,52368,2022-07-22,Activo
1021,CLI-001021,Nomina,CDMX,Mexico,38,51575,2024-06-11,Activo
1022,CLI-001022,Empresarial,Monterrey,Colombia,50,30168,2023-08-21,Inactivo
1023,CLI-001023,Pyme,Puebla,Mexico,48,26311,2021-05-17,Activo
1024,CLI-001024,Empresarial,Medellin,Mexico,39,90034,2024-03-14,Activo
1025,CLI-001025,Premium,Medellin,Mexico,63,8049,2021-07-24,Activo
1026,CLI-001026,Premium,Medellin,Mexico,35,64899,2023-06-21,Activo
1027,CLI-001027,Nomina,Bogota,Mexico,33,43577,2026-01-01,Activo
1028,CLI-001028,Premium,Monterrey,Mexico,47,94168,2024-12-06,Activo
1029,CLI-001029,Pyme,Monterrey,Colombia,40,30134,2021-04-16,Activo
1030,CLI-001030,Premium,Queretaro,Mexico,51,66180,2026-08-30,Activo
1031,CLI-001031,Empresarial,Bogota,Mexico,60,71297,2022-07-02,Activo
1032,CLI-001032,Digital,Bogota,Mexico,21,82888,2022-12-30,Activo
1033,CLI-001033,Pyme,Medellin,Colombia,36,23947,2022-06-21,Activo
1034,CLI-001034,Nomina,Puebla,Colombia,40,27937,2026-07-26,Activo
1035,CLI-001035,Empresarial,Monterrey,Mexico,47,35286,2022-09-29,Activo
1036,CLI-001036,Premium,Monterrey,Mexico,60,71627,2025-07-12,Activo
1037,CLI-001037,Empresarial,Puebla,Colombia,45,52461,2023-08-27,Activo
1038,CLI-001038,Premium,Bogota,Mexico,22,19542,2026-04-26,Activo
1039,CLI-001039,Premium,Guadalajara,Mexico,55,25267,2022-12-18,Inactivo
1040,CLI-001040,Digital,Queretaro,Mexico,45,48853,2021-07-16,Activo
1041,CLI-001041,Empresarial,CDMX,Colombia,39,97560,2025-03-04,Activo
1042,CLI-001042,Premium,Monterrey,Colombia,59,28209,2025-02-25,Activo
1043,CLI-001043,Premium,CDMX,Mexico,23,59464,2026-07-15,Activo
1044,CLI-001044,Empresarial,Puebla,Mexico,31,22803,2024-12-21,Activo
1045,CLI-001045,Nomina,Puebla,Colombia,46,64367,2024-11-04,Activo
1046,CLI-001046,Nomina,Guadalajara,Mexico,22,38023,2022-04-29,Inactivo
1047,CLI-001047,Digital,Queretaro,Colombia,48,60104,2026-03-16,Activo
1048,CLI-001048,Nomina,Monterrey,Colombia,22,19478,2021-08-22,Activo
1049,CLI-001049,Pyme,Bogota,Mexico,50,58333,2025-01-22,Activo
1050,CLI-001050,Nomina,Medellin,Mexico,46,67375,2026-08-13,Activo
1051,CLI-001051,Digital,Cali,Mexico,35,92383,2022-05-22,Activo
1052,CLI-001052,Pyme,Guadalajara,Mexico,46,14079,2022-05-09,Activo
1053,CLI-001053,Premium,Bogota,Mexico,38,73216,2024-03-28,Activo
1054,CLI-001054,Digital,CDMX,Mexico,39,94377,2022-07-18,Activo
1055,CLI-001055,Empresarial,Medellin,Mexico,33,38861,2024-08-27,Activo
1056,CLI-001056,Premium,Bogota,Mexico,42,83166,2021-12-21,Activo
1057,CLI-001057,Nomina,Guadalajara,Colombia,55,38740,2023-01-07,Activo
1058,CLI-001058,Empresarial,Queretaro,Mexico,46,94676,2023-04-20,Activo
1059,CLI-001059,Nomina,Puebla,Colombia,21,27747,2026-08-27,Activo
1060,CLI-001060,Pyme,Queretaro,Mexico,53,93733,2024-11-09,Activo
1061,CLI-001061,Pyme,Guadalajara,Colombia,36,14636,2026-07-05,Activo
1062,CLI-001062,Pyme,Guadalajara,Mexico,54,11951,2026-07-06,Activo
1063,CLI-001063,Nomina,Cali,Colombia,35,57905,2025-09-11,Activo
1064,CLI-001064,Empresarial,Cali,Mexico,50,42103,2022-05-13,Activo
1065,CLI-001065,Empresarial,Monterrey,Mexico,56,67482,2021-07-09,Inactivo
1066,CLI-001066,Empresarial,Cali,Colombia,22,20999,2021-08-12,Inactivo
1067,CLI-001067,Nomina,Puebla,Mexico,46,95928,2025-05-02,Activo
1068,CLI-001068,Digital,Guadalajara,Mexico,55,37491,2026-05-20,Inactivo
1069,CLI-001069,Empresarial,Medellin,Colombia,59,26831,2026-03-25,Activo
1070,CLI-001070,Digital,CDMX,Mexico,53,66056,2023-11-20,Activo
1071,CLI-001071,Premium,Monterrey,Mexico,51,72408,2023-12-19,Activo
1072,CLI-001072,Premium,Cali,Mexico,21,27757,2025-07-24,Inactivo
1073,CLI-001073,Pyme,Monterrey,Colombia,45,92195,2024-08-16,Activo
1074,CLI-001074,Nomina,CDMX,Mexico,35,60557,2024-02-16,Activo
1075,CLI-001075,Premium,Puebla,Mexico,56,36532,2024-07-31,Activo
1076,CLI-001076,Pyme,Bogota,Mexico,23,83834,2023-11-13,Activo
1077,CLI-001077,Digital,Cali,Mexico,23,11445,2025-07-30,Activo
1078,CLI-001078,Pyme,Monterrey,Colombia,50,32702,2022-10-23,Inactivo
1079,CLI-001079,Empresarial,Medellin,Colombia,61,8768,2025-01-13,Inactivo
1080,CLI-001080,Digital,Puebla,Mexico,46,66978,2024-02-02,Activo
1081,CLI-001081,Digital,Guadalajara,Mexico,30,75422,2024-01-29,Activo
1082,CLI-001082,Digital,Medellin,Colombia,40,79272,2024-12-16,Activo
1083,CLI-001083,Digital,Bogota,Mexico,40,58260,2024-08-15,Activo
1084,CLI-001084,Nomina,Cali,Mexico,56,83087,2024-10-24,Activo
1085,CLI-001085,Digital,Puebla,Colombia,44,37347,2026-07-19,Inactivo
1086,CLI-001086,Empresarial,Guadalajara,Colombia,34,64686,2023-05-16,Activo
1087,CLI-001087,Empresarial,Cali,Mexico,37,56104,2025-08-23,Activo
1088,CLI-001088,Premium,Puebla,Colombia,24,17388,2023-08-25,Activo
1089,CLI-001089,Digital,Puebla,Mexico,23,94670,2025-02-13,Activo
1090,CLI-001090,Digital,CDMX,Mexico,43,23464,2021-12-19,Activo
1091,CLI-001091,Nomina,CDMX,Mexico,41,14189,2021-06-11,Inactivo
1092,CLI-001092,Nomina,Guadalajara,Mexico,51,50730,2023-05-15,Inactivo
1093,CLI-001093,Premium,Queretaro,Mexico,32,8670,2025-11-22,Activo
1094,CLI-001094,Pyme,Medellin,Mexico,60,87132,2024-02-26,Activo
1095,CLI-001095,Digital,Monterrey,Colombia,40,71028,2022-10-11,Activo
1096,CLI-001096,Digital,Medellin,Mexico,31,88997,2022-08-29,Activo
1097,CLI-001097,Empresarial,Guadalajara,Mexico,37,93112,2025-05-12,Inactivo
1098,CLI-001098,Pyme,Bogota,Mexico,61,70824,2022-09-20,Activo
1099,CLI-001099,Premium,Cali,Mexico,64,14888,2026-02-05,Inactivo
1100,CLI-001100,Pyme,Puebla,Mexico,42,49595,2026-04-10,Activo
1101,CLI-001101,Digital,Puebla,Colombia,58,43701,2026-08-13,Activo
1102,CLI-001102,Empresarial,Monterrey,Colombia,41,14141,2023-09-03,Activo
1103,CLI-001103,Empresarial,Guadalajara,Colombia,57,23353,2026-07-29,Activo
1104,CLI-001104,Pyme,Queretaro,Mexico,23,76723,2022-12-19,Activo
1105,CLI-001105,Pyme,Guadalajara,Mexico,50,27455,2022-11-10,Inactivo
1106,CLI-001106,Empresarial,Bogota,Colombia,60,43156,2024-12-26,Activo
1107,CLI-001107,Nomina,Medellin,Colombia,61,41718,2025-05-14,Activo
1108,CLI-001108,Premium,Cali,Mexico,28,68205,2025-06-19,Inactivo
1109,CLI-001109,Digital,Medellin,Mexico,27,45411,2026-01-31,Activo
1110,CLI-001110,Premium,Guadalajara,Mexico,44,92503,2026-01-05,Activo
1111,CLI-001111,Pyme,Guadalajara,Mexico,34,43027,2024-02-29,Activo
1112,CLI-001112,Empresarial,Bogota,Mexico,23,27670,2025-01-08,Activo
1113,CLI-001113,Empresarial,CDMX,Mexico,64,84542,2025-09-26,Inactivo
1114,CLI-001114,Premium,Cali,Mexico,50,95513,2022-11-16,Activo
1115,CLI-001115,Digital,Cali,Mexico,58,51392,2024-11-02,Activo
1116,CLI-001116,Premium,Puebla,Mexico,30,60872,2021-04-06,Activo
1117,CLI-001117,Digital,Cali,Mexico,53,76152,2023-04-13,Activo
1118,CLI-001118,Pyme,Monterrey,Mexico,29,11412,2021-08-14,Activo
1119,CLI-001119,Empresarial,Bogota,Mexico,32,65924,2022-07-06,Activo
1120,CLI-001120,Empresarial,Bogota,Mexico,21,84224,2024-11-10,Activo
1121,CLI-001121,Premium,Cali,Mexico,31,69861,2022-09-25,Activo
1122,CLI-001122,Pyme,Monterrey,Mexico,20,86288,2026-04-17,Activo
1123,CLI-001123,Digital,Guadalajara,Mexico,24,61337,2022-02-14,Inactivo
1124,CLI-001124,Pyme,CDMX,Colombia,34,72951,2025-05-02,Activo
1125,CLI-001125,Pyme,Monterrey,Mexico,48,32467,2022-05-25,Activo
1126,CLI-001126,Empresarial,Puebla,Mexico,39,53476,2022-08-26,Inactivo
1127,CLI-001127,Empresarial,Medellin,Mexico,37,84864,2022-07-09,Inactivo
1128,CLI-001128,Premium,Guadalajara,Colombia,31,49729,2024-03-10,Activo
1129,CLI-001129,Digital,CDMX,Mexico,41,21925,2025-08-20,Activo
1130,CLI-001130,Premium,Bogota,Mexico,61,92626,2021-05-12,Activo
1131,CLI-001131,Premium,Bogota,Mexico,38,11494,2021-08-17,Activo
1132,CLI-001132,Premium,Guadalajara,Mexico,31,90178,2022-09-20,Activo
1133,CLI-001133,Premium,Bogota,Mexico,49,91387,2022-08-24,Activo
1134,CLI-001134,Nomina,Medellin,Mexico,50,70772,2023-02-21,Activo
1135,CLI-001135,Premium,Bogota,Mexico,47,93660,2022-01-24,Activo
1136,CLI-001136,Digital,Bogota,Colombia,37,60754,2021-09-28,Activo
1137,CLI-001137,Nomina,Puebla,Colombia,31,35200,2021-05-17,Activo
1138,CLI-001138,Pyme,Monterrey,Mexico,59,73489,2026-03-10,Activo
1139,CLI-001139,Digital,Monterrey,Mexico,53,91702,2024-06-30,Activo
1140,CLI-001140,Empresarial,Medellin,Mexico,23,70669,2023-10-20,Activo
1141,CLI-001141,Digital,Guadalajara,Mexico,51,25822,2025-09-05,Inactivo
1142,CLI-001142,Premium,Medellin,Mexico,22,24446,2022-07-08,Activo
1143,CLI-001143,Empresarial,Puebla,Mexico,48,86153,2025-10-06,Activo
1144,CLI-001144,Pyme,Monterrey,Mexico,46,51011,2022-12-28,Activo
1145,CLI-001145,Nomina,Medellin,Mexico,46,96886,2026-02-22,Activo
1146,CLI-001146,Nomina,Queretaro,Colombia,54,91892,2024-01-31,Activo
1147,CLI-001147,Premium,Monterrey,Colombia,64,81516,2021-07-10,Activo
1148,CLI-001148,Pyme,CDMX,Mexico,34,17016,2024-03-04,Activo
1149,CLI-001149,Digital,Cali,Mexico,47,86210,2025-02-22,Activo
1150,CLI-001150,Empresarial,Monterrey,Mexico,49,50768,2024-05-30,Activo
1151,CLI-001151,Empresarial,Cali,Colombia,20,40419,2026-06-04,Inactivo
1152,CLI-001152,Pyme,Puebla,Mexico,38,63133,2026-03-25,Activo
1153,CLI-001153,Empresarial,Cali,Colombia,58,89468,2022-08-27,Activo
1154,CLI-001154,Nomina,Guadalajara,Mexico,45,85112,2023-11-29,Activo
1155,CLI-001155,Digital,Monterrey,Mexico,44,86731,2025-10-02,Activo
1156,CLI-001156,Nomina,Bogota,Mexico,29,75793,2023-01-23,Activo
1157,CLI-001157,Premium,Bogota,Mexico,61,89238,2022-06-24,Activo
1158,CLI-001158,Pyme,Puebla,Colombia,25,20218,2023-09-30,Activo
1159,CLI-001159,Nomina,Bogota,Colombia,61,76970,2023-05-21,Activo
1160,CLI-001160,Pyme,Bogota,Colombia,37,65789,2023-08-07,Inactivo
1161,CLI-001161,Empresarial,Guadalajara,Mexico,23,16023,2022-08-14,Inactivo
1162,CLI-001162,Digital,CDMX,Mexico,58,93866,2023-07-08,Activo
1163,CLI-001163,Nomina,Queretaro,Colombia,64,36768,2024-09-03,Activo
1164,CLI-001164,Digital,Queretaro,Mexico,29,43578,2023-09-23,Activo
1165,CLI-001165,Nomina,Cali,Colombia,42,49021,2023-05-20,Activo
1166,CLI-001166,Digital,Medellin,Colombia,46,35800,2021-04-02,Activo
1167,CLI-001167,Empresarial,Bogota,Mexico,57,52552,2022-10-26,Activo
1168,CLI-001168,Empresarial,Monterrey,Colombia,29,73939,2022-03-28,Activo
1169,CLI-001169,Nomina,Medellin,Mexico,41,43263,2021-04-14,Activo
1170,CLI-001170,Empresarial,Cali,Mexico,35,69011,2021-04-02,Inactivo
1171,CLI-001171,Pyme,Queretaro,Mexico,51,25558,2021-12-26,Activo
1172,CLI-001172,Nomina,Medellin,Mexico,56,84483,2022-10-15,Activo
1173,CLI-001173,Nomina,Guadalajara,Mexico,33,21034,2025-06-24,Activo
1174,CLI-001174,Digital,CDMX,Colombia,45,69049,2021-04-06,Activo
1175,CLI-001175,Empresarial,Puebla,Colombia,61,16644,2021-05-04,Activo
1176,CLI-001176,Nomina,Cali,Mexico,46,95275,2023-03-30,Activo
1177,CLI-001177,Nomina,Guadalajara,Mexico,50,93910,2023-02-06,Activo
1178,CLI-001178,Digital,Medellin,Mexico,54,85841,2023-02-11,Activo
1179,CLI-001179,Digital,Monterrey,Mexico,23,52030,2023-01-05,Activo
1180,CLI-001180,Nomina,Queretaro,Mexico,32,75082,2022-04-29,Activo
1181,CLI-001181,Premium,Bogota,Mexico,45,16950,2026-04-30,Inactivo
1182,CLI-001182,Digital,Guadalajara,Colombia,20,58045,2023-09-27,Inactivo
1183,CLI-001183,Premium,Queretaro,Mexico,52,79106,2025-12-29,Inactivo
1184,CLI-001184,Empresarial,Cali,Mexico,46,24194,2023-08-21,Inactivo
1185,CLI-001185,Nomina,Guadalajara,Mexico,27,58625,2022-01-05,Activo
1186,CLI-001186,Empresarial,Queretaro,Mexico,44,46075,2021-07-01,Activo
1187,CLI-001187,Pyme,Cali,Mexico,55,67324,2024-03-28,Activo
1188,CLI-001188,Digital,Queretaro,Colombia,35,56439,2025-07-11,Activo
1189,CLI-001189,Empresarial,Guadalajara,Mexico,33,82937,2021-06-07,Activo
1190,CLI-001190,Pyme,Monterrey,Mexico,48,14692,2025-04-12,Activo
1191,CLI-001191,Empresarial,Puebla,Mexico,31,46281,2022-11-14,Activo
1192,CLI-001192,Nomina,Bogota,Colombia,51,25336,2024-08-20,Activo
1193,CLI-001193,Empresarial,Queretaro,Mexico,26,97320,2024-04-19,Activo
1194,CLI-001194,Digital,CDMX,Mexico,24,57353,2026-04-25,Activo
1195,CLI-001195,Pyme,Monterrey,Mexico,59,28319,2026-08-15,Activo
1196,CLI-001196,Empresarial,Puebla,Mexico,61,23816,2022-09-08,Activo
1197,CLI-001197,Empresarial,Puebla,Mexico,51,85886,2023-08-27,Activo
1198,CLI-001198,Empresarial,Guadalajara,Colombia,37,39066,2022-08-13,Inactivo
1199,CLI-001199,Premium,Queretaro,Colombia,41,19481,2026-08-16,Activo
1200,CLI-001200,Nomina,Guadalajara,Mexico,53,12758,2022-09-14,Inactivo
1201,CLI-001201,Digital,Guadalajara,Mexico,51,24479,2021-04-10,Inactivo
1202,CLI-001202,Premium,Monterrey,Mexico,62,87325,2022-03-20,Activo
1203,CLI-001203,Empresarial,Cali,Mexico,34,16113,2026-03-29,Activo
1204,CLI-001204,Empresarial,Guadalajara,Mexico,53,57874,2023-12-23,Inactivo
1205,CLI-001205,Empresarial,Puebla,Mexico,52,51169,2023-11-08,Inactivo
1206,CLI-001206,Empresarial,Bogota,Mexico,47,89980,2022-08-04,Activo
1207,CLI-001207,Digital,Bogota,Mexico,53,93578,2022-03-02,Inactivo
1208,CLI-001208,Premium,Queretaro,Mexico,63,68707,2021-11-05,Activo
1209,CLI-001209,Pyme,CDMX,Colombia,43,93724,2024-05-11,Activo
1210,CLI-001210,Pyme,CDMX,Colombia,31,56521,2022-06-24,Activo
1211,CLI-001211,Pyme,Monterrey,Mexico,53,59196,2025-06-26,Activo
1212,CLI-001212,Empresarial,Bogota,Colombia,21,49675,2023-04-17,Activo
1213,CLI-001213,Pyme,Queretaro,Mexico,35,8464,2021-10-19,Activo
1214,CLI-001214,Pyme,CDMX,Mexico,23,54289,2025-10-31,Activo
1215,CLI-001215,Premium,Guadalajara,Mexico,30,43582,2025-01-13,Activo
1216,CLI-001216,Nomina,Medellin,Mexico,39,83542,2025-10-15,Activo
1217,CLI-001217,Premium,Monterrey,Colombia,28,25061,2026-06-15,Activo
1218,CLI-001218,Digital,Cali,Mexico,28,51137,2023-01-12,Activo
1219,CLI-001219,Premium,Queretaro,Colombia,52,37240,2022-06-28,Inactivo
1220,CLI-001220,Premium,Cali,Colombia,37,17876,2026-01-31,Activo
1221,CLI-001221,Nomina,Queretaro,Colombia,30,69048,2024-10-19,Inactivo
1222,CLI-001222,Digital,Puebla,Mexico,41,76481,2025-04-26,Activo
1223,CLI-001223,Premium,Guadalajara,Colombia,58,97483,2025-04-27,Inactivo
1224,CLI-001224,Nomina,Bogota,Colombia,51,53210,2025-09-06,Inactivo
1225,CLI-001225,Premium,Bogota,Mexico,25,11453,2021-04-02,Inactivo
1226,CLI-001226,Premium,Queretaro,Mexico,22,44657,2024-12-30,Activo
1227,CLI-001227,Pyme,Monterrey,Mexico,42,65949,2025-01-03,Activo
1228,CLI-001228,Pyme,Monterrey,Mexico,34,12280,2026-06-14,Activo
1229,CLI-001229,Digital,Guadalajara,Mexico,60,17069,2025-08-30,Inactivo
1230,CLI-001230,Pyme,Monterrey,Mexico,20,57659,2021-12-15,Activo
1231,CLI-001231,Digital,Monterrey,Colombia,43,41443,2023-02-11,Activo
1232,CLI-001232,Pyme,Cali,Mexico,53,18832,2023-06-18,Inactivo
1233,CLI-001233,Digital,Guadalajara,Colombia,61,14739,2023-09-06,Activo
1234,CLI-001234,Digital,Cali,Mexico,52,11943,2025-08-16,Activo
1235,CLI-001235,Pyme,Cali,Colombia,60,95761,2021-10-10,Activo
1236,CLI-001236,Digital,Cali,Mexico,38,91820,2023-12-01,Activo
1237,CLI-001237,Premium,Bogota,Mexico,22,58956,2022-04-29,Activo
1238,CLI-001238,Digital,Puebla,Mexico,59,95438,2025-10-07,Inactivo
1239,CLI-001239,Pyme,Medellin,Mexico,32,24566,2025-10-18,Activo
1240,CLI-001240,Digital,Cali,Colombia,40,71698,2023-10-19,Activo
1241,CLI-001241,Pyme,Bogota,Mexico,27,12105,2025-05-15,Activo
1242,CLI-001242,Nomina,Cali,Colombia,32,79156,2023-02-27,Activo
1243,CLI-001243,Empresarial,Queretaro,Mexico,35,62464,2024-08-26,Activo
1244,CLI-001244,Digital,Queretaro,Colombia,38,63033,2024-11-23,Activo
1245,CLI-001245,Empresarial,Medellin,Mexico,63,23906,2021-05-09,Activo
1246,CLI-001246,Empresarial,Medellin,Colombia,24,75119,2024-08-01,Activo
1247,CLI-001247,Empresarial,Bogota,Mexico,56,27858,2025-03-15,Activo
1248,CLI-001248,Empresarial,Medellin,Mexico,30,73366,2024-08-27,Inactivo
1249,CLI-001249,Nomina,Guadalajara,Mexico,58,24997,2023-12-27,Activo
1250,CLI-001250,Digital,CDMX,Mexico,27,43478,2023-05-07,Activo
1251,CLI-001251,Nomina,Guadalajara,Colombia,63,17021,2023-10-16,Activo
1252,CLI-001252,Empresarial,Queretaro,Mexico,20,82391,2022-06-30,Activo
1253,CLI-001253,Nomina,Guadalajara,Mexico,26,64465,2026-08-08,Inactivo
1254,CLI-001254,Empresarial,CDMX,Colombia,35,71671,2025-07-26,Activo
1255,CLI-001255,Premium,Puebla,Mexico,34,21906,2026-05-15,Activo
1256,CLI-001256,Digital,CDMX,Colombia,24,34706,2023-11-15,Inactivo
1257,CLI-001257,Nomina,Cali,Mexico,39,21264,2023-02-01,Activo
1258,CLI-001258,Empresarial,Puebla,Colombia,57,18117,2025-09-29,Activo
1259,CLI-001259,Nomina,Cali,Mexico,47,18652,2021-08-14,Inactivo
1260,CLI-001260,Empresarial,Queretaro,Mexico,43,61965,2022-12-15,Activo
1261,CLI-001261,Digital,Monterrey,Colombia,35,17353,2021-08-28,Activo
1262,CLI-001262,Empresarial,Medellin,Colombia,23,8196,2021-07-25,Activo
1263,CLI-001263,Digital,Monterrey,Mexico,52,78699,2024-01-21,Activo
1264,CLI-001264,Premium,Cali,Mexico,24,97529,2025-09-05,Activo
1265,CLI-001265,Pyme,Puebla,Mexico,38,79415,2024-11-06,Inactivo
1266,CLI-001266,Digital,Guadalajara,Mexico,42,56039,2023-10-05,Inactivo
1267,CLI-001267,Pyme,Queretaro,Mexico,46,70415,2022-07-30,Activo
1268,CLI-001268,Pyme,CDMX,Colombia,20,58254,2021-06-06,Inactivo
1269,CLI-001269,Nomina,Monterrey,Colombia,59,81711,2025-01-22,Activo
1270,CLI-001270,Empresarial,Cali,Colombia,30,82504,2026-05-15,Activo
1271,CLI-001271,Empresarial,Bogota,Mexico,21,94842,2024-08-21,Activo
1272,CLI-001272,Digital,CDMX,Colombia,59,10717,2024-09-03,Activo
1273,CLI-001273,Nomina,Queretaro,Colombia,26,24418,2022-08-08,Activo
1274,CLI-001274,Digital,Monterrey,Mexico,35,78326,2022-11-13,Activo
1275,CLI-001275,Nomina,Cali,Mexico,53,53297,2026-08-13,Inactivo
1276,CLI-001276,Digital,Cali,Mexico,57,90724,2023-12-05,Activo
1277,CLI-001277,Premium,Guadalajara,Colombia,43,96013,2025-12-27,Activo
1278,CLI-001278,Digital,Guadalajara,Mexico,53,58336,2022-01-24,Inactivo
1279,CLI-001279,Premium,Monterrey,Mexico,57,22834,2022-04-11,Activo
1280,CLI-001280,Nomina,CDMX,Mexico,47,84195,2026-07-09,Activo
1281,CLI-001281,Premium,CDMX,Mexico,54,35821,2023-08-27,Activo
1282,CLI-001282,Nomina,Monterrey,Colombia,45,58737,2022-05-07,Activo
1283,CLI-001283,Pyme,Cali,Mexico,36,33416,2024-06-29,Activo
1284,CLI-001284,Digital,Bogota,Colombia,51,16764,2024-06-11,Activo
1285,CLI-001285,Nomina,Medellin,Mexico,46,42390,2023-06-19,Inactivo
1286,CLI-001286,Pyme,Guadalajara,Mexico,59,16396,2022-09-28,Inactivo
1287,CLI-001287,Empresarial,Bogota,Colombia,27,94730,2023-11-06,Activo
1288,CLI-001288,Digital,Cali,Mexico,55,38512,2024-09-13,Inactivo
1289,CLI-001289,Premium,Cali,Colombia,37,26794,2023-05-02,Activo
1290,CLI-001290,Nomina,Bogota,Mexico,56,20836,2021-11-28,Activo
1291,CLI-001291,Empresarial,Medellin,Mexico,24,36235,2021-07-23,Activo
1292,CLI-001292,Pyme,Monterrey,Mexico,28,77475,2025-04-06,Activo
1293,CLI-001293,Pyme,Cali,Mexico,26,19157,2023-07-24,Activo
1294,CLI-001294,Empresarial,Puebla,Colombia,61,19609,2024-08-31,Inactivo
1295,CLI-001295,Empresarial,Monterrey,Mexico,42,31654,2021-11-17,Activo
1296,CLI-001296,Digital,Bogota,Colombia,31,81911,2026-08-19,Inactivo
1297,CLI-001297,Pyme,Guadalajara,Mexico,23,42940,2024-02-22,Activo
1298,CLI-001298,Premium,Bogota,Colombia,40,15724,2022-09-01,Inactivo
1299,CLI-001299,Empresarial,Medellin,Mexico,34,36556,2021-03-21,Activo
1300,CLI-001300,Digital,Puebla,Mexico,21,22017,2024-02-07,Activo
1301,CLI-001301,Pyme,CDMX,Mexico,37,92281,2024-09-11,Activo
1302,CLI-001302,Premium,CDMX,Colombia,62,69530,2025-03-13,Activo
1303,CLI-001303,Nomina,CDMX,Mexico,33,72099,2021-11-26,Activo
1304,CLI-001304,Digital,Monterrey,Colombia,24,89148,2024-10-19,Inactivo
1305,CLI-001305,Nomina,Monterrey,Mexico,41,69995,2025-10-17,Activo
1306,CLI-001306,Pyme,Bogota,Mexico,20,78477,2023-05-28,Activo
1307,CLI-001307,Digital,Queretaro,Mexico,64,92507,2022-08-10,Activo
1308,CLI-001308,Pyme,Guadalajara,Mexico,26,85787,2026-01-19,Inactivo
1309,CLI-001309,Premium,Queretaro,Mexico,40,82926,2025-12-26,Activo
1310,CLI-001310,Empresarial,CDMX,Mexico,64,45816,2023-09-07,Activo
1311,CLI-001311,Pyme,Monterrey,Colombia,63,59915,2026-08-06,Inactivo
1312,CLI-001312,Nomina,Cali,Mexico,59,70939,2023-02-14,Activo
1313,CLI-001313,Premium,Monterrey,Mexico,43,76857,2026-01-20,Activo
1314,CLI-001314,Premium,Guadalajara,Mexico,44,42341,2022-01-17,Activo
1315,CLI-001315,Premium,Monterrey,Mexico,61,85130,2021-03-23,Inactivo
1316,CLI-001316,Nomina,Bogota,Mexico,38,52676,2022-07-23,Inactivo
1317,CLI-001317,Nomina,Puebla,Mexico,21,34091,2024-05-15,Activo
1318,CLI-001318,Premium,Puebla,Mexico,41,19200,2021-05-17,Inactivo
1319,CLI-001319,Premium,Medellin,Colombia,53,8684,2024-08-15,Activo
1320,CLI-001320,Pyme,Cali,Mexico,57,79562,2024-05-27,Activo
1321,CLI-001321,Empresarial,Puebla,Mexico,26,41697,2022-03-15,Inactivo
1322,CLI-001322,Premium,Monterrey,Colombia,64,29765,2021-05-06,Activo
1323,CLI-001323,Digital,Medellin,Colombia,46,19598,2023-03-11,Inactivo
1324,CLI-001324,Nomina,Cali,Mexico,39,16962,2022-04-15,Activo
1325,CLI-001325,Digital,Medellin,Colombia,48,31421,2023-08-25,Inactivo
1326,CLI-001326,Pyme,CDMX,Mexico,48,61396,2026-07-10,Activo
1327,CLI-001327,Empresarial,CDMX,Mexico,53,19749,2024-03-10,Activo
1328,CLI-001328,Pyme,Guadalajara,Colombia,33,56188,2025-05-01,Inactivo
1329,CLI-001329,Digital,Medellin,Mexico,32,92148,2023-03-29,Activo
1330,CLI-001330,Premium,CDMX,Mexico,46,17637,2025-02-16,Inactivo
1331,CLI-001331,Nomina,Puebla,Mexico,57,43172,2023-12-26,Activo
1332,CLI-001332,Nomina,Cali,Mexico,50,41773,2024-12-15,Inactivo
1333,CLI-001333,Empresarial,Guadalajara,Mexico,28,59056,2023-05-09,Activo
1334,CLI-001334,Empresarial,Cali,Mexico,47,57183,2025-10-22,Activo
1335,CLI-001335,Empresarial,Guadalajara,Mexico,21,54057,2025-11-03,Inactivo
1336,CLI-001336,Nomina,Guadalajara,Mexico,29,73497,2021-07-12,Activo
1337,CLI-001337,Premium,Cali,Mexico,44,34489,2022-08-05,Activo
1338,CLI-001338,Premium,Puebla,Mexico,27,69835,2021-10-25,Activo
1339,CLI-001339,Pyme,Queretaro,Colombia,34,79469,2021-06-14,Activo
1340,CLI-001340,Empresarial,Puebla,Colombia,56,64062,2023-05-08,Activo
1341,CLI-001341,Premium,Monterrey,Mexico,22,23052,2026-06-28,Activo
1342,CLI-001342,Premium,Monterrey,Colombia,49,94863,2024-09-29,Activo
1343,CLI-001343,Nomina,Monterrey,Colombia,36,14538,2023-01-29,Activo
1344,CLI-001344,Digital,CDMX,Mexico,20,37598,2024-02-16,Inactivo
1345,CLI-001345,Empresarial,Queretaro,Mexico,47,55454,2026-02-10,Activo
1346,CLI-001346,Digital,Cali,Colombia,23,88340,2024-05-13,Inactivo
1347,CLI-001347,Pyme,Monterrey,Mexico,56,52879,2021-04-02,Activo
1348,CLI-001348,Nomina,Guadalajara,Mexico,37,59877,2025-02-10,Activo
1349,CLI-001349,Empresarial,Cali,Colombia,32,83748,2024-06-20,Inactivo
1350,CLI-001350,Empresarial,CDMX,Mexico,23,16561,2022-04-12,Activo
1351,CLI-001351,Pyme,Medellin,Mexico,45,36186,2023-04-28,Activo
1352,CLI-001352,Digital,Puebla,Colombia,63,18927,2024-08-17,Activo
1353,CLI-001353,Nomina,CDMX,Mexico,24,37057,2022-11-28,Activo
1354,CLI-001354,Nomina,Guadalajara,Colombia,36,89259,2021-04-03,Inactivo
1355,CLI-001355,Empresarial,Monterrey,Colombia,24,93243,2026-04-06,Activo
1356,CLI-001356,Digital,Medellin,Mexico,27,20399,2024-02-25,Activo
1357,CLI-001357,Empresarial,Medellin,Colombia,63,45196,2024-03-24,Activo
1358,CLI-001358,Premium,Queretaro,Mexico,63,36972,2022-09-03,Activo
1359,CLI-001359,Pyme,Monterrey,Mexico,45,86559,2023-01-24,Activo
1360,CLI-001360,Pyme,CDMX,Colombia,22,9182,2025-06-28,Inactivo
1361,CLI-001361,Nomina,CDMX,Mexico,46,55488,2021-12-22,Inactivo
1362,CLI-001362,Pyme,Puebla,Mexico,42,90271,2025-06-23,Activo
1363,CLI-001363,Empresarial,Medellin,Mexico,55,24916,2025-02-25,Activo
1364,CLI-001364,Pyme,Medellin,Mexico,26,86858,2022-08-05,Activo
1365,CLI-001365,Empresarial,Guadalajara,Mexico,49,48738,2025-03-21,Inactivo
1366,CLI-001366,Nomina,Puebla,Mexico,42,53713,2026-05-20,Activo
1367,CLI-001367,Nomina,Bogota,Colombia,39,34461,2024-06-20,Activo
1368,CLI-001368,Premium,Puebla,Mexico,50,66171,2021-06-04,Activo
1369,CLI-001369,Nomina,CDMX,Mexico,22,17093,2025-06-08,Activo
1370,CLI-001370,Digital,Puebla,Mexico,53,87157,2025-03-16,Activo
1371,CLI-001371,Digital,Monterrey,Mexico,46,74049,2026-02-27,Activo
1372,CLI-001372,Digital,Puebla,Mexico,60,29476,2024-12-12,Activo
1373,CLI-001373,Nomina,Cali,Mexico,20,50714,2024-11-04,Activo
1374,CLI-001374,Pyme,CDMX,Mexico,58,61460,2021-05-13,Activo
1375,CLI-001375,Premium,Guadalajara,Mexico,56,59054,2021-04-02,Inactivo
1376,CLI-001376,Premium,Guadalajara,Mexico,24,35414,2022-08-23,Activo
1377,CLI-001377,Digital,Cali,Mexico,41,40786,2026-08-07,Activo
1378,CLI-001378,Digital,Cali,Colombia,58,89195,2023-05-31,Activo
1379,CLI-001379,Digital,Bogota,Mexico,64,85064,2023-01-24,Activo
1380,CLI-001380,Premium,Guadalajara,Colombia,63,40348,2022-08-07,Activo
1381,CLI-001381,Empresarial,Bogota,Colombia,59,69092,2021-10-01,Activo
1382,CLI-001382,Empresarial,Queretaro,Mexico,50,87920,2024-07-13,Activo
1383,CLI-001383,Empresarial,Monterrey,Mexico,43,38895,2023-04-28,Activo
1384,CLI-001384,Premium,Cali,Colombia,32,95252,2023-12-11,Activo
1385,CLI-001385,Premium,Guadalajara,Colombia,48,67789,2025-01-04,Activo
1386,CLI-001386,Digital,CDMX,Mexico,32,61376,2026-05-20,Activo
1387,CLI-001387,Premium,Bogota,Mexico,31,39520,2025-02-14,Inactivo
1388,CLI-001388,Digital,Medellin,Mexico,23,32360,2021-03-22,Activo
1389,CLI-001389,Premium,CDMX,Mexico,41,39917,2022-03-25,Activo
1390,CLI-001390,Premium,Cali,Mexico,31,35182,2024-12-21,Activo
1391,CLI-001391,Digital,Monterrey,Mexico,50,25956,2025-12-06,Activo
1392,CLI-001392,Pyme,CDMX,Mexico,48,57125,2024-08-13,Inactivo
1393,CLI-001393,Premium,Guadalajara,Mexico,34,92139,2022-10-09,Activo
1394,CLI-001394,Premium,Puebla,Mexico,21,58302,2021-06-07,Activo
1395,CLI-001395,Digital,Queretaro,Mexico,30,54099,2025-12-23,Activo
1396,CLI-001396,Premium,Monterrey,Colombia,37,44265,2026-08-23,Inactivo
1397,CLI-001397,Empresarial,Puebla,Mexico,22,82690,2023-02-12,Activo
1398,CLI-001398,Nomina,Monterrey,Mexico,34,13478,2022-08-15,Activo
1399,CLI-001399,Digital,CDMX,Mexico,26,74638,2023-12-18,Activo
1400,CLI-001400,Digital,Medellin,Mexico,33,97024,2026-08-22,Activo
1401,CLI-001401,Digital,CDMX,Mexico,47,18893,2026-02-22,Activo
1402,CLI-001402,Premium,Medellin,Mexico,22,18963,2024-06-16,Inactivo
1403,CLI-001403,Empresarial,Medellin,Mexico,56,69319,2021-12-20,Activo
1404,CLI-001404,Premium,Bogota,Mexico,56,67172,2025-09-27,Activo
1405,CLI-001405,Premium,Puebla,Mexico,50,94318,2023-12-23,Activo
1406,CLI-001406,Pyme,Bogota,Mexico,38,46235,2026-07-10,Activo
1407,CLI-001407,Premium,CDMX,Mexico,49,88390,2023-04-13,Activo
1408,CLI-001408,Empresarial,Cali,Mexico,52,32921,2021-04-19,Activo
1409,CLI-001409,Empresarial,Queretaro,Mexico,51,43156,2026-05-01,Activo
1410,CLI-001410,Pyme,Bogota,Mexico,52,78803,2025-02-24,Inactivo
1411,CLI-001411,Pyme,Puebla,Colombia,49,41887,2024-02-03,Activo
1412,CLI-001412,Premium,Cali,Colombia,43,19648,2024-11-24,Inactivo
1413,CLI-001413,Pyme,Queretaro,Mexico,22,84683,2025-10-20,Activo
1414,CLI-001414,Nomina,Cali,Mexico,54,96320,2022-03-31,Activo
1415,CLI-001415,Pyme,Cali,Mexico,60,76023,2024-05-16,Activo
1416,CLI-001416,Digital,CDMX,Colombia,23,76702,2023-05-09,Inactivo
1417,CLI-001417,Empresarial,Monterrey,Mexico,36,96998,2023-07-14,Activo
1418,CLI-001418,Pyme,Puebla,Mexico,29,22588,2022-03-21,Inactivo
1419,CLI-001419,Nomina,Queretaro,Mexico,50,26319,2022-03-28,Inactivo
1420,CLI-001420,Pyme,Puebla,Mexico,23,24677,2022-09-05,Inactivo
1421,CLI-001421,Digital,Puebla,Colombia,45,50636,2024-09-29,Activo
1422,CLI-001422,Premium,Guadalajara,Mexico,39,41851,2026-04-15,Activo
1423,CLI-001423,Digital,Monterrey,Mexico,30,62134,2024-11-11,Activo
1424,CLI-001424,Empresarial,Cali,Mexico,51,14116,2021-11-26,Inactivo
1425,CLI-001425,Nomina,Queretaro,Colombia,61,53004,2024-06-27,Activo
1426,CLI-001426,Digital,CDMX,Mexico,61,31675,2026-07-06,Activo
1427,CLI-001427,Pyme,Monterrey,Colombia,26,57238,2022-08-28,Inactivo
1428,CLI-001428,Digital,Cali,Mexico,23,93320,2021-09-21,Activo
1429,CLI-001429,Digital,CDMX,Colombia,62,61833,2023-04-28,Activo
1430,CLI-001430,Premium,Cali,Mexico,21,11204,2023-11-23,Activo
1431,CLI-001431,Premium,Monterrey,Colombia,63,9930,2026-05-16,Inactivo
1432,CLI-001432,Empresarial,Queretaro,Colombia,50,74413,2023-08-26,Activo
1433,CLI-001433,Digital,Bogota,Mexico,39,20399,2024-04-11,Inactivo
1434,CLI-001434,Empresarial,Monterrey,Mexico,39,13213,2025-05-27,Activo
1435,CLI-001435,Pyme,Bogota,Colombia,55,59124,2021-04-01,Activo
1436,CLI-001436,Digital,Medellin,Mexico,25,24253,2026-06-08,Activo
1437,CLI-001437,Digital,Guadalajara,Mexico,47,51083,2026-01-02,Activo
1438,CLI-001438,Pyme,Queretaro,Mexico,53,40126,2021-08-30,Activo
1439,CLI-001439,Digital,Cali,Colombia,33,66828,2023-10-16,Activo
1440,CLI-001440,Digital,Queretaro,Mexico,60,71495,2023-04-09,Activo
1441,CLI-001441,Pyme,Guadalajara,Colombia,30,74772,2025-07-09,Activo
1442,CLI-001442,Empresarial,Guadalajara,Colombia,51,66492,2024-03-10,Activo
1443,CLI-001443,Premium,CDMX,Mexico,37,82446,2026-03-19,Activo
1444,CLI-001444,Digital,Puebla,Colombia,37,11997,2025-07-19,Activo
1445,CLI-001445,Premium,CDMX,Mexico,44,39302,2026-07-14,Activo
1446,CLI-001446,Empresarial,Cali,Colombia,56,61186,2022-07-12,Activo
1447,CLI-001447,Empresarial,Puebla,Mexico,52,74187,2026-05-12,Activo
1448,CLI-001448,Pyme,Bogota,Mexico,58,92418,2024-02-19,Activo
1449,CLI-001449,Premium,Queretaro,Mexico,37,75107,2021-08-11,Activo
1450,CLI-001450,Nomina,Medellin,Colombia,23,30494,2023-09-14,Activo
1451,CLI-001451,Pyme,Queretaro,Mexico,49,78418,2022-03-28,Activo
1452,CLI-001452,Nomina,Queretaro,Mexico,31,24091,2024-02-21,Activo
1453,CLI-001453,Premium,Cali,Mexico,57,27606,2026-05-09,Inactivo
1454,CLI-001454,Pyme,Queretaro,Mexico,22,24182,2022-06-25,Activo
1455,CLI-001455,Empresarial,Guadalajara,Mexico,26,63615,2026-05-27,Activo
1456,CLI-001456,Nomina,Bogota,Colombia,46,11776,2022-09-30,Activo
1457,CLI-001457,Digital,Monterrey,Mexico,50,85174,2024-09-27,Activo
1458,CLI-001458,Digital,Monterrey,Mexico,39,53993,2025-05-18,Activo
1459,CLI-001459,Pyme,Medellin,Mexico,48,86827,2025-11-21,Activo
1460,CLI-001460,Digital,Monterrey,Mexico,49,50362,2021-05-05,Activo
1461,CLI-001461,Nomina,CDMX,Colombia,61,10298,2023-05-04,Inactivo
1462,CLI-001462,Premium,Medellin,Mexico,46,38965,2025-07-01,Inactivo
1463,CLI-001463,Nomina,Bogota,Mexico,64,15060,2026-04-02,Inactivo
1464,CLI-001464,Pyme,Queretaro,Mexico,44,45627,2022-08-29,Inactivo
1465,CLI-001465,Premium,CDMX,Mexico,43,47692,2025-03-14,Inactivo
1466,CLI-001466,Pyme,Guadalajara,Mexico,54,40577,2024-03-06,Activo
1467,CLI-001467,Nomina,Guadalajara,Colombia,59,40569,2024-09-30,Activo
1468,CLI-001468,Empresarial,Bogota,Mexico,40,45697,2023-07-23,Inactivo
1469,CLI-001469,Nomina,Queretaro,Colombia,38,60628,2025-12-01,Activo
1470,CLI-001470,Pyme,Monterrey,Mexico,38,96492,2023-07-09,Activo
1471,CLI-001471,Digital,Cali,Colombia,20,18871,2025-03-26,Activo
1472,CLI-001472,Empresarial,Bogota,Mexico,21,46828,2022-11-23,Inactivo
1473,CLI-001473,Nomina,Medellin,Colombia,60,39893,2024-06-21,Activo
1474,CLI-001474,Digital,CDMX,Colombia,60,61233,2023-04-19,Inactivo
1475,CLI-001475,Nomina,Bogota,Mexico,40,44799,2024-03-18,Inactivo
1476,CLI-001476,Pyme,Puebla,Mexico,28,76936,2021-08-28,Inactivo
1477,CLI-001477,Nomina,Cali,Mexico,36,66446,2024-08-06,Activo
1478,CLI-001478,Premium,Queretaro,Colombia,24,34761,2024-10-21,Activo
1479,CLI-001479,Empresarial,Queretaro,Colombia,39,37052,2024-12-05,Activo
1480,CLI-001480,Nomina,Medellin,Colombia,64,26961,2023-10-31,Activo
1481,CLI-001481,Digital,CDMX,Mexico,25,32646,2024-04-09,Inactivo
1482,CLI-001482,Pyme,Cali,Colombia,53,91206,2023-01-10,Activo
1483,CLI-001483,Pyme,Medellin,Colombia,21,89229,2021-06-02,Activo
1484,CLI-001484,Digital,CDMX,Colombia,21,26283,2021-07-08,Activo
1485,CLI-001485,Digital,Queretaro,Colombia,33,17865,2022-10-22,Inactivo
1486,CLI-001486,Premium,Puebla,Mexico,58,97377,2022-09-01,Activo
1487,CLI-001487,Pyme,CDMX,Colombia,52,37440,2023-11-24,Activo
1488,CLI-001488,Digital,Queretaro,Colombia,51,36333,2021-08-11,Activo
1489,CLI-001489,Empresarial,Medellin,Mexico,57,67502,2021-11-13,Activo
1490,CLI-001490,Digital,CDMX,Mexico,36,92885,2022-12-27,Activo
1491,CLI-001491,Nomina,Medellin,Colombia,32,25872,2021-11-17,Inactivo
1492,CLI-001492,Empresarial,Bogota,Mexico,23,58196,2025-07-13,Activo
1493,CLI-001493,Premium,Monterrey,Mexico,46,65394,2024-01-09,Activo
1494,CLI-001494,Nomina,Monterrey,Mexico,33,51655,2022-04-24,Activo
1495,CLI-001495,Pyme,Puebla,Mexico,25,87281,2022-07-17,Activo
1496,CLI-001496,Empresarial,Monterrey,Mexico,25,49826,2024-12-05,Activo
1497,CLI-001497,Digital,Bogota,Colombia,41,80425,2023-12-30,Activo
1498,CLI-001498,Pyme,Monterrey,Mexico,60,78455,2026-05-05,Inactivo
1499,CLI-001499,Pyme,Monterrey,Mexico,39,43881,2021-09-05,Activo
1500,CLI-001500,Digital,Monterrey,Colombia,33,44883,2023-07-16,Activo
1501,CLI-001501,Pyme,Bogota,Colombia,47,37672,2023-05-13,Activo
1502,CLI-001502,Digital,Medellin,Mexico,51,90101,2022-06-23,Activo
1503,CLI-001503,Digital,Queretaro,Mexico,28,22129,2023-09-28,Inactivo
1504,CLI-001504,Pyme,Medellin,Colombia,34,27405,2022-08-29,Inactivo
1505,CLI-001505,Nomina,CDMX,Colombia,24,43814,2024-01-08,Activo
1506,CLI-001506,Pyme,Guadalajara,Colombia,31,32521,2025-12-30,Inactivo
1507,CLI-001507,Digital,Guadalajara,Colombia,32,15642,2026-04-09,Activo
1508,CLI-001508,Digital,Puebla,Mexico,57,62438,2025-11-04,Activo
1509,CLI-001509,Digital,Guadalajara,Mexico,34,37135,2023-11-14,Activo
1510,CLI-001510,Pyme,Guadalajara,Mexico,49,50426,2025-01-29,Activo
1511,CLI-001511,Empresarial,Queretaro,Mexico,60,55988,2025-05-02,Activo
1512,CLI-001512,Premium,Puebla,Mexico,44,17747,2025-06-12,Inactivo
1513,CLI-001513,Pyme,Guadalajara,Mexico,45,65854,2024-11-08,Inactivo
1514,CLI-001514,Empresarial,CDMX,Mexico,58,52083,2025-04-22,Activo
1515,CLI-001515,Digital,Puebla,Colombia,45,28919,2022-06-22,Activo
1516,CLI-001516,Pyme,Monterrey,Mexico,34,58878,2024-06-12,Activo
1517,CLI-001517,Digital,Medellin,Colombia,44,36171,2023-02-07,Activo
1518,CLI-001518,Digital,Queretaro,Colombia,64,15329,2026-02-05,Activo
1519,CLI-001519,Pyme,Medellin,Mexico,53,22958,2024-04-11,Inactivo
1520,CLI-001520,Nomina,Puebla,Mexico,56,51847,2022-07-29,Activo
1521,CLI-001521,Pyme,Monterrey,Mexico,33,90977,2022-12-20,Activo
1522,CLI-001522,Digital,Monterrey,Mexico,26,55093,2025-07-22,Activo
1523,CLI-001523,Digital,Queretaro,Mexico,40,92258,2021-08-06,Activo
1524,CLI-001524,Empresarial,Guadalajara,Mexico,57,8884,2024-05-24,Activo
1525,CLI-001525,Nomina,Cali,Mexico,28,70464,2023-09-24,Activo
1526,CLI-001526,Nomina,Puebla,Mexico,35,58324,2025-06-08,Activo
1527,CLI-001527,Empresarial,Monterrey,Colombia,59,60602,2024-12-31,Activo
1528,CLI-001528,Premium,Monterrey,Mexico,49,14973,2025-11-03,Activo
1529,CLI-001529,Pyme,Monterrey,Mexico,55,60859,2022-06-24,Activo
1530,CLI-001530,Digital,Queretaro,Mexico,56,86420,2023-01-06,Activo
1531,CLI-001531,Nomina,Medellin,Colombia,24,80302,2025-11-15,Activo
1532,CLI-001532,Empresarial,Monterrey,Colombia,22,54053,2024-04-07,Activo
1533,CLI-001533,Pyme,Queretaro,Mexico,45,41958,2024-07-24,Activo
1534,CLI-001534,Pyme,Queretaro,Mexico,59,83797,2021-06-11,Inactivo
1535,CLI-001535,Empresarial,Bogota,Colombia,45,52108,2022-05-10,Activo
1536,CLI-001536,Premium,Puebla,Mexico,21,40912,2024-02-14,Activo
1537,CLI-001537,Digital,Guadalajara,Mexico,64,92547,2024-07-31,Activo
1538,CLI-001538,Digital,CDMX,Mexico,43,8505,2024-12-22,Activo
1539,CLI-001539,Pyme,Monterrey,Colombia,47,11018,2025-03-03,Activo
1540,CLI-001540,Nomina,Bogota,Mexico,48,95403,2022-03-02,Inactivo
1541,CLI-001541,Empresarial,Cali,Mexico,42,50610,2021-11-19,Inactivo
1542,CLI-001542,Empresarial,CDMX,Mexico,60,21787,2022-08-23,Inactivo
1543,CLI-001543,Nomina,Puebla,Colombia,22,65373,2026-05-02,Activo
1544,CLI-001544,Premium,Cali,Mexico,47,9501,2022-02-02,Inactivo
1545,CLI-001545,Pyme,Bogota,Colombia,46,92987,2023-11-06,Inactivo
1546,CLI-001546,Premium,Medellin,Mexico,22,82254,2023-12-05,Activo
1547,CLI-001547,Nomina,Puebla,Mexico,28,53492,2025-09-23,Activo
1548,CLI-001548,Empresarial,CDMX,Mexico,35,38731,2023-07-25,Activo
1549,CLI-001549,Premium,Puebla,Mexico,24,73660,2025-08-28,Activo
1550,CLI-001550,Empresarial,Medellin,Colombia,29,41708,2026-03-25,Activo
1551,CLI-001551,Pyme,Medellin,Mexico,60,25198,2022-07-15,Activo
1552,CLI-001552,Nomina,Bogota,Mexico,26,36399,2025-06-09,Activo
1553,CLI-001553,Empresarial,Guadalajara,Mexico,51,31809,2023-12-29,Activo
1554,CLI-001554,Pyme,Bogota,Mexico,48,82856,2026-06-22,Inactivo
1555,CLI-001555,Pyme,Queretaro,Mexico,51,39223,2022-03-27,Inactivo
1556,CLI-001556,Pyme,Bogota,Mexico,57,79487,2026-03-06,Inactivo
1557,CLI-001557,Pyme,Puebla,Mexico,25,67250,2025-08-27,Activo
1558,CLI-001558,Premium,Monterrey,Mexico,46,11046,2022-11-01,Activo
1559,CLI-001559,Empresarial,CDMX,Mexico,35,66309,2026-02-15,Inactivo
1560,CLI-001560,Pyme,Puebla,Mexico,20,80830,2024-03-05,Activo
1561,CLI-001561,Premium,Puebla,Colombia,31,41589,2024-10-28,Activo
1562,CLI-001562,Pyme,Cali,Colombia,54,89078,2023-11-25,Activo
1563,CLI-001563,Digital,Cali,Mexico,21,54098,2021-08-16,Inactivo
1564,CLI-001564,Empresarial,Cali,Mexico,63,75667,2025-12-18,Activo
1565,CLI-001565,Empresarial,Cali,Mexico,54,80134,2024-02-29,Activo
1566,CLI-001566,Nomina,Guadalajara,Colombia,33,15234,2025-05-19,Activo
1567,CLI-001567,Nomina,Guadalajara,Mexico,58,41683,2024-01-23,Activo
1568,CLI-001568,Premium,Bogota,Mexico,61,68159,2022-02-14,Activo
1569,CLI-001569,Digital,CDMX,Mexico,54,20017,2022-06-10,Inactivo
1570,CLI-001570,Empresarial,Bogota,Mexico,37,14449,2024-01-01,Activo
1571,CLI-001571,Premium,Guadalajara,Mexico,54,41222,2024-10-24,Inactivo
1572,CLI-001572,Digital,Medellin,Colombia,49,20427,2025-08-24,Activo
1573,CLI-001573,Premium,Monterrey,Mexico,39,33647,2024-07-22,Inactivo
1574,CLI-001574,Nomina,Cali,Mexico,27,69411,2022-02-08,Activo
1575,CLI-001575,Nomina,Bogota,Mexico,58,80320,2026-08-10,Activo
1576,CLI-001576,Premium,Puebla,Mexico,41,94393,2024-06-22,Inactivo
1577,CLI-001577,Pyme,Monterrey,Mexico,47,80218,2024-03-17,Activo
1578,CLI-001578,Premium,Monterrey,Mexico,36,78695,2021-04-21,Activo
1579,CLI-001579,Pyme,Bogota,Mexico,35,92076,2023-06-11,Activo
1580,CLI-001580,Empresarial,Bogota,Mexico,22,33354,2026-01-03,Activo
1581,CLI-001581,Pyme,Cali,Mexico,31,38372,2025-01-19,Inactivo
1582,CLI-001582,Premium,Guadalajara,Mexico,20,37217,2023-03-12,Activo
1583,CLI-001583,Pyme,CDMX,Colombia,31,15564,2026-02-26,Activo
1584,CLI-001584,Digital,Puebla,Mexico,63,70009,2025-05-03,Inactivo
1585,CLI-001585,Empresarial,Bogota,Mexico,40,14888,2024-08-19,Activo
1586,CLI-001586,Empresarial,Bogota,Colombia,37,96224,2026-03-30,Inactivo
1587,CLI-001587,Digital,Puebla,Mexico,62,31117,2023-02-06,Inactivo
1588,CLI-001588,Empresarial,Puebla,Mexico,28,31488,2025-01-05,Activo
1589,CLI-001589,Empresarial,Guadalajara,Colombia,36,50563,2022-07-05,Activo
1590,CLI-001590,Digital,Medellin,Mexico,50,62416,2021-09-10,Activo
1591,CLI-001591,Pyme,Puebla,Mexico,38,19679,2025-03-18,Activo
1592,CLI-001592,Empresarial,Monterrey,Mexico,20,37215,2026-04-29,Activo
1593,CLI-001593,Digital,Medellin,Mexico,48,37588,2024-07-17,Inactivo
1594,CLI-001594,Nomina,Monterrey,Mexico,39,49575,2022-08-10,Activo
1595,CLI-001595,Digital,Bogota,Mexico,21,84706,2021-05-17,Activo
1596,CLI-001596,Premium,Monterrey,Mexico,64,41227,2025-01-28,Activo
1597,CLI-001597,Digital,CDMX,Mexico,27,39646,2024-04-23,Inactivo
1598,CLI-001598,Nomina,Cali,Mexico,42,29125,2021-08-18,Activo
1599,CLI-001599,Digital,Medellin,Mexico,29,97292,2023-07-20,Activo
1600,CLI-001600,Nomina,Medellin,Colombia,38,44766,2022-07-24,Activo
1601,CLI-001601,Premium,Monterrey,Mexico,24,87628,2021-06-01,Inactivo
1602,CLI-001602,Pyme,Queretaro,Mexico,58,52535,2024-02-19,Inactivo
1603,CLI-001603,Premium,Cali,Mexico,32,55940,2024-11-04,Activo
1604,CLI-001604,Nomina,Cali,Mexico,49,95682,2024-06-05,Activo
1605,CLI-001605,Digital,Guadalajara,Mexico,64,61961,2022-08-31,Inactivo
1606,CLI-001606,Pyme,Guadalajara,Mexico,41,16187,2024-08-24,Activo
1607,CLI-001607,Empresarial,Bogota,Mexico,58,84528,2025-10-16,Activo
1608,CLI-001608,Empresarial,Guadalajara,Colombia,61,37045,2025-01-26,Inactivo
1609,CLI-001609,Pyme,Puebla,Mexico,47,97074,2022-04-24,Inactivo
1610,CLI-001610,Premium,CDMX,Mexico,34,90814,2025-10-20,Activo
1611,CLI-001611,Empresarial,CDMX,Mexico,50,86036,2021-03-22,Inactivo
1612,CLI-001612,Nomina,Puebla,Mexico,52,18888,2022-06-03,Activo
1613,CLI-001613,Premium,CDMX,Mexico,52,34367,2024-06-29,Inactivo
1614,CLI-001614,Digital,Monterrey,Colombia,43,66467,2024-04-29,Activo
1615,CLI-001615,Nomina,Monterrey,Colombia,53,18061,2025-10-01,Activo
1616,CLI-001616,Pyme,Cali,Colombia,29,16741,2023-02-27,Activo
1617,CLI-001617,Empresarial,Puebla,Mexico,31,34576,2024-03-28,Inactivo
1618,CLI-001618,Digital,Queretaro,Mexico,54,21322,2025-02-04,Activo
1619,CLI-001619,Pyme,Monterrey,Mexico,62,22247,2023-03-16,Activo
1620,CLI-001620,Premium,Monterrey,Colombia,51,21187,2025-01-27,Activo
1621,CLI-001621,Digital,CDMX,Mexico,33,60581,2025-04-03,Activo
1622,CLI-001622,Digital,Cali,Mexico,47,23337,2024-10-15,Activo
1623,CLI-001623,Empresarial,Monterrey,Mexico,58,51672,2025-09-30,Activo
1624,CLI-001624,Nomina,Cali,Mexico,62,38813,2024-12-24,Activo
1625,CLI-001625,Pyme,Medellin,Colombia,49,40085,2024-02-28,Inactivo
1626,CLI-001626,Empresarial,Medellin,Colombia,55,55171,2025-06-04,Activo
1627,CLI-001627,Digital,Puebla,Mexico,34,14048,2023-08-24,Activo
1628,CLI-001628,Digital,Medellin,Colombia,22,59003,2025-04-26,Activo
1629,CLI-001629,Digital,Bogota,Mexico,31,70067,2024-03-05,Activo
1630,CLI-001630,Digital,Queretaro,Mexico,28,82762,2026-04-29,Inactivo
1631,CLI-001631,Premium,CDMX,Mexico,46,60314,2024-02-18,Activo
1632,CLI-001632,Digital,Monterrey,Mexico,28,18477,2026-03-21,Activo
1633,CLI-001633,Premium,Guadalajara,Mexico,45,60354,2021-12-16,Activo
1634,CLI-001634,Empresarial,Medellin,Mexico,56,63297,2024-03-05,Activo
1635,CLI-001635,Digital,Queretaro,Mexico,27,53656,2023-11-10,Inactivo
1636,CLI-001636,Pyme,Medellin,Mexico,32,58514,2024-12-25,Activo
1637,CLI-001637,Empresarial,Cali,Mexico,34,95692,2024-02-05,Activo
1638,CLI-001638,Nomina,Puebla,Mexico,61,47888,2023-03-08,Activo
1639,CLI-001639,Nomina,Medellin,Colombia,29,53160,2024-12-02,Activo
1640,CLI-001640,Nomina,Monterrey,Mexico,45,21914,2025-10-26,Inactivo
1641,CLI-001641,Digital,Medellin,Mexico,27,94104,2021-04-20,Activo
1642,CLI-001642,Digital,Medellin,Mexico,61,50478,2021-12-26,Activo
1643,CLI-001643,Nomina,Monterrey,Mexico,53,48474,2024-05-06,Activo
1644,CLI-001644,Premium,Medellin,Mexico,63,39825,2022-04-07,Inactivo
1645,CLI-001645,Digital,CDMX,Colombia,29,72501,2025-01-22,Activo
1646,CLI-001646,Pyme,Medellin,Mexico,45,25951,2025-07-01,Activo
1647,CLI-001647,Empresarial,CDMX,Mexico,34,51171,2022-09-22,Activo
1648,CLI-001648,Empresarial,CDMX,Mexico,50,89800,2024-01-03,Activo
1649,CLI-001649,Digital,Puebla,Mexico,48,32844,2024-08-26,Inactivo
1650,CLI-001650,Nomina,Guadalajara,Colombia,34,77772,2024-05-29,Activo
1651,CLI-001651,Nomina,Monterrey,Mexico,23,30070,2023-07-16,Inactivo
1652,CLI-001652,Pyme,Queretaro,Mexico,20,77489,2026-04-20,Inactivo
1653,CLI-001653,Digital,Monterrey,Colombia,60,48126,2021-10-30,Activo
1654,CLI-001654,Premium,Puebla,Mexico,50,71365,2025-04-11,Activo
1655,CLI-001655,Nomina,CDMX,Mexico,37,51772,2026-05-30,Activo
1656,CLI-001656,Empresarial,Queretaro,Mexico,39,10888,2023-11-30,Inactivo
1657,CLI-001657,Digital,Puebla,Mexico,48,74099,2023-07-31,Inactivo
1658,CLI-001658,Digital,Queretaro,Colombia,58,15896,2021-08-16,Activo
1659,CLI-001659,Empresarial,Medellin,Colombia,39,32918,2024-03-15,Inactivo
1660,CLI-001660,Digital,Bogota,Mexico,49,38583,2023-10-14,Activo
1661,CLI-001661,Empresarial,Puebla,Mexico,45,8572,2022-02-20,Activo
1662,CLI-001662,Pyme,Puebla,Mexico,30,68708,2024-11-19,Activo
1663,CLI-001663,Digital,Medellin,Mexico,35,87228,2021-12-04,Activo
1664,CLI-001664,Digital,Guadalajara,Mexico,21,62173,2022-01-18,Inactivo
1665,CLI-001665,Premium,Cali,Mexico,34,28709,2025-07-13,Activo
1666,CLI-001666,Premium,Monterrey,Colombia,29,39981,2025-12-03,Inactivo
1667,CLI-001667,Premium,Medellin,Mexico,39,74955,2022-08-16,Activo
1668,CLI-001668,Premium,Puebla,Mexico,37,81305,2026-03-02,Activo
1669,CLI-001669,Empresarial,Bogota,Mexico,54,18832,2023-12-30,Activo
1670,CLI-001670,Digital,Monterrey,Mexico,64,79981,2024-09-14,Activo
1671,CLI-001671,Nomina,Puebla,Mexico,56,44028,2021-12-24,Activo
1672,CLI-001672,Empresarial,Medellin,Mexico,58,35062,2021-03-14,Activo
1673,CLI-001673,Digital,Puebla,Mexico,62,32724,2023-02-17,Activo
1674,CLI-001674,Nomina,Guadalajara,Mexico,25,22018,2022-11-13,Inactivo
1675,CLI-001675,Nomina,Medellin,Colombia,49,41453,2024-05-27,Activo
1676,CLI-001676,Nomina,Cali,Colombia,53,80929,2025-09-05,Inactivo
1677,CLI-001677,Nomina,Guadalajara,Mexico,33,64278,2021-09-12,Activo
1678,CLI-001678,Pyme,Medellin,Mexico,59,11080,2021-11-24,Inactivo
1679,CLI-001679,Nomina,Puebla,Mexico,43,22236,2026-08-05,Inactivo
1680,CLI-001680,Nomina,Cali,Mexico,41,96503,2021-12-26,Activo
1681,CLI-001681,Nomina,Queretaro,Mexico,34,50254,2021-09-24,Activo
1682,CLI-001682,Digital,Monterrey,Mexico,52,51001,2022-07-29,Inactivo
1683,CLI-001683,Nomina,Guadalajara,Mexico,62,28300,2026-03-23,Activo
1684,CLI-001684,Premium,Cali,Mexico,30,24616,2023-01-24,Activo
1685,CLI-001685,Empresarial,Bogota,Mexico,45,87522,2022-07-07,Activo
1686,CLI-001686,Premium,Bogota,Mexico,62,11080,2021-09-17,Activo
1687,CLI-001687,Nomina,Guadalajara,Mexico,26,11070,2022-04-28,Activo
1688,CLI-001688,Pyme,Queretaro,Mexico,35,64584,2022-03-15,Activo
1689,CLI-001689,Premium,Guadalajara,Mexico,44,18604,2025-02-22,Inactivo
1690,CLI-001690,Empresarial,Monterrey,Colombia,31,80629,2024-01-03,Activo
1691,CLI-001691,Digital,Bogota,Mexico,43,13681,2024-09-03,Activo
1692,CLI-001692,Empresarial,Guadalajara,Mexico,40,18002,2023-08-30,Activo
1693,CLI-001693,Empresarial,Monterrey,Mexico,64,15467,2021-12-05,Activo
1694,CLI-001694,Pyme,Cali,Colombia,28,83601,2025-06-17,Activo
1695,CLI-001695,Digital,Monterrey,Mexico,26,85393,2023-10-19,Inactivo
1696,CLI-001696,Pyme,Guadalajara,Colombia,43,41702,2026-02-15,Activo
1697,CLI-001697,Digital,Queretaro,Colombia,53,21685,2021-07-07,Activo
1698,CLI-001698,Empresarial,Monterrey,Colombia,62,34685,2021-09-28,Inactivo
1699,CLI-001699,Empresarial,Puebla,Mexico,62,8032,2025-04-19,Activo
1700,CLI-001700,Pyme,Cali,Mexico,63,13330,2024-06-05,Activo
1701,CLI-001701,Empresarial,Medellin,Colombia,62,29822,2022-05-15,Activo
1702,CLI-001702,Pyme,Guadalajara,Colombia,23,94702,2025-02-28,Inactivo
1703,CLI-001703,Nomina,Bogota,Colombia,26,47904,2022-12-29,Inactivo
1704,CLI-001704,Nomina,CDMX,Mexico,24,64569,2024-02-04,Activo
1705,CLI-001705,Pyme,CDMX,Colombia,40,14336,2021-04-25,Inactivo
1706,CLI-001706,Pyme,Monterrey,Colombia,37,88201,2026-01-21,Activo
1707,CLI-001707,Premium,Cali,Mexico,55,76261,2025-06-11,Activo
1708,CLI-001708,Empresarial,Queretaro,Mexico,36,86243,2023-01-13,Inactivo
1709,CLI-001709,Empresarial,Puebla,Mexico,58,33218,2022-09-16,Activo
1710,CLI-001710,Pyme,Queretaro,Mexico,57,96478,2026-03-21,Activo
1711,CLI-001711,Empresarial,Guadalajara,Mexico,46,67907,2026-02-08,Inactivo
1712,CLI-001712,Digital,Queretaro,Colombia,36,54707,2021-08-10,Activo
1713,CLI-001713,Digital,Queretaro,Colombia,62,59806,2026-01-12,Inactivo
1714,CLI-001714,Pyme,Bogota,Colombia,38,43437,2022-08-07,Activo
1715,CLI-001715,Digital,Medellin,Mexico,43,92618,2022-03-22,Activo
1716,CLI-001716,Digital,Bogota,Mexico,45,10173,2021-06-30,Activo
1717,CLI-001717,Empresarial,Medellin,Colombia,58,30816,2022-03-12,Activo
1718,CLI-001718,Empresarial,Guadalajara,Mexico,22,49238,2021-04-01,Activo
1719,CLI-001719,Digital,Guadalajara,Colombia,44,36969,2024-06-23,Activo
1720,CLI-001720,Empresarial,Medellin,Colombia,35,63476,2022-08-16,Inactivo
1721,CLI-001721,Pyme,Medellin,Mexico,52,65551,2024-12-17,Activo
1722,CLI-001722,Nomina,Puebla,Mexico,51,39553,2022-04-06,Inactivo
1723,CLI-001723,Digital,Cali,Mexico,25,60366,2021-09-12,Activo
1724,CLI-001724,Premium,Medellin,Mexico,37,70607,2025-08-02,Activo
1725,CLI-001725,Premium,Cali,Mexico,31,72430,2023-10-04,Activo
1726,CLI-001726,Empresarial,CDMX,Colombia,56,87871,2025-01-24,Activo
1727,CLI-001727,Nomina,Cali,Mexico,21,57319,2023-01-07,Activo
1728,CLI-001728,Premium,Medellin,Colombia,31,28325,2023-02-16,Activo
1729,CLI-001729,Nomina,Guadalajara,Mexico,47,83414,2024-05-27,Activo
1730,CLI-001730,Premium,Puebla,Colombia,46,64453,2021-10-22,Inactivo
1731,CLI-001731,Digital,Bogota,Colombia,56,31720,2024-08-24,Inactivo
1732,CLI-001732,Empresarial,Monterrey,Mexico,63,20104,2021-12-19,Inactivo
1733,CLI-001733,Pyme,Queretaro,Mexico,64,78580,2023-11-24,Activo
1734,CLI-001734,Pyme,Medellin,Mexico,52,72581,2023-02-22,Activo
1735,CLI-001735,Empresarial,Puebla,Mexico,22,63693,2023-12-14,Activo
1736,CLI-001736,Empresarial,Guadalajara,Mexico,45,13179,2024-10-08,Inactivo
1737,CLI-001737,Nomina,Bogota,Mexico,52,59278,2021-06-27,Activo
1738,CLI-001738,Digital,Puebla,Colombia,62,96759,2025-06-30,Activo
1739,CLI-001739,Premium,Bogota,Mexico,45,86837,2021-06-29,Activo
1740,CLI-001740,Premium,Bogota,Mexico,20,62863,2022-10-10,Activo
1741,CLI-001741,Nomina,Cali,Mexico,43,73734,2022-08-30,Activo
1742,CLI-001742,Digital,Medellin,Mexico,28,66447,2023-12-19,Activo
1743,CLI-001743,Nomina,Cali,Mexico,62,42871,2024-06-10,Activo
1744,CLI-001744,Nomina,Monterrey,Mexico,35,71654,2021-11-10,Activo
1745,CLI-001745,Nomina,Puebla,Mexico,64,64971,2024-10-24,Inactivo
1746,CLI-001746,Premium,CDMX,Mexico,64,13323,2024-08-18,Activo
1747,CLI-001747,Empresarial,Queretaro,Mexico,37,10489,2021-09-19,Activo
1748,CLI-001748,Empresarial,Cali,Mexico,47,24361,2025-06-24,Activo
1749,CLI-001749,Empresarial,Cali,Mexico,45,88229,2022-10-22,Inactivo
1750,CLI-001750,Nomina,Guadalajara,Colombia,21,11490,2023-09-24,Inactivo
1751,CLI-001751,Empresarial,Medellin,Mexico,33,39415,2025-09-08,Activo
1752,CLI-001752,Empresarial,Puebla,Mexico,64,90800,2021-07-16,Inactivo
1753,CLI-001753,Premium,Puebla,Mexico,25,57902,2024-10-27,Activo
1754,CLI-001754,Pyme,Medellin,Mexico,38,40249,2021-08-27,Inactivo
1755,CLI-001755,Empresarial,Cali,Colombia,57,16890,2023-10-30,Activo
1756,CLI-001756,Pyme,Queretaro,Mexico,43,43477,2023-09-07,Activo
1757,CLI-001757,Pyme,Puebla,Mexico,62,46369,2024-04-16,Activo
1758,CLI-001758,Nomina,CDMX,Mexico,47,35531,2021-03-29,Inactivo
1759,CLI-001759,Digital,Bogota,Mexico,21,93210,2024-12-28,Activo
1760,CLI-001760,Empresarial,Queretaro,Mexico,53,56086,2026-06-01,Activo
1761,CLI-001761,Nomina,Cali,Mexico,57,86633,2022-08-18,Activo
1762,CLI-001762,Nomina,Monterrey,Mexico,60,16879,2021-06-22,Inactivo
1763,CLI-001763,Digital,CDMX,Mexico,29,65638,2026-08-03,Inactivo
1764,CLI-001764,Pyme,Bogota,Colombia,20,29635,2022-03-21,Inactivo
1765,CLI-001765,Empresarial,Cali,Colombia,36,83401,2026-06-06,Activo
1766,CLI-001766,Pyme,Bogota,Colombia,39,59349,2021-12-11,Activo
1767,CLI-001767,Pyme,Cali,Colombia,32,70125,2024-05-25,Activo
1768,CLI-001768,Pyme,Cali,Colombia,41,62012,2023-03-30,Activo
1769,CLI-001769,Digital,Puebla,Mexico,30,65384,2026-01-16,Inactivo
1770,CLI-001770,Premium,Guadalajara,Mexico,62,31085,2022-12-12,Inactivo
1771,CLI-001771,Pyme,Queretaro,Mexico,45,17764,2026-01-08,Inactivo
1772,CLI-001772,Empresarial,Cali,Mexico,42,19440,2021-03-22,Activo
1773,CLI-001773,Nomina,Guadalajara,Colombia,28,76629,2022-04-05,Activo
1774,CLI-001774,Digital,Puebla,Mexico,46,11695,2021-07-24,Inactivo
1775,CLI-001775,Nomina,Guadalajara,Mexico,45,93373,2024-10-21,Inactivo
1776,CLI-001776,Empresarial,Monterrey,Mexico,48,43218,2025-11-01,Activo
1777,CLI-001777,Nomina,Guadalajara,Mexico,49,47498,2021-11-26,Activo
1778,CLI-001778,Pyme,Queretaro,Mexico,26,94776,2026-05-13,Activo
1779,CLI-001779,Premium,Queretaro,Mexico,27,91952,2024-08-24,Activo
1780,CLI-001780,Nomina,Guadalajara,Mexico,45,81234,2022-06-19,Activo
1781,CLI-001781,Pyme,Bogota,Mexico,23,66398,2021-09-08,Inactivo
1782,CLI-001782,Digital,Monterrey,Mexico,40,75326,2022-12-08,Activo
1783,CLI-001783,Pyme,Cali,Mexico,61,21782,2023-09-27,Activo
1784,CLI-001784,Nomina,Bogota,Mexico,63,97923,2021-11-05,Activo
1785,CLI-001785,Nomina,Medellin,Mexico,40,71962,2023-09-17,Activo
1786,CLI-001786,Premium,Medellin,Mexico,62,45903,2024-05-21,Activo
1787,CLI-001787,Premium,Puebla,Mexico,34,43899,2022-09-18,Activo
1788,CLI-001788,Pyme,Guadalajara,Mexico,59,67339,2023-04-15,Inactivo
1789,CLI-001789,Premium,Medellin,Mexico,48,27216,2025-11-25,Activo
1790,CLI-001790,Digital,Monterrey,Colombia,54,64124,2026-05-25,Activo
1791,CLI-001791,Premium,Guadalajara,Mexico,43,24228,2024-04-01,Activo
1792,CLI-001792,Pyme,Bogota,Mexico,53,58703,2025-10-27,Activo
1793,CLI-001793,Digital,Guadalajara,Mexico,41,86123,2025-12-16,Inactivo
1794,CLI-001794,Pyme,Cali,Mexico,53,86832,2022-12-21,Inactivo
1795,CLI-001795,Nomina,CDMX,Colombia,22,84734,2024-12-16,Inactivo
1796,CLI-001796,Pyme,Guadalajara,Mexico,57,40665,2021-09-11,Activo
1797,CLI-001797,Empresarial,Puebla,Colombia,33,17135,2023-08-07,Inactivo
1798,CLI-001798,Nomina,Puebla,Mexico,47,22245,2023-08-26,Activo
1799,CLI-001799,Empresarial,Bogota,Colombia,63,67748,2025-11-14,Activo
1800,CLI-001800,Digital,Guadalajara,Mexico,37,23341,2026-07-26,Activo
1801,CLI-001801,Empresarial,Cali,Mexico,28,88459,2021-05-12,Inactivo
1802,CLI-001802,Premium,Cali,Colombia,59,14200,2025-12-08,Activo
1803,CLI-001803,Pyme,Guadalajara,Colombia,55,68201,2021-05-29,Activo
1804,CLI-001804,Digital,Cali,Mexico,47,79939,2026-08-03,Inactivo
1805,CLI-001805,Premium,Guadalajara,Colombia,28,33222,2023-10-29,Inactivo
1806,CLI-001806,Premium,Cali,Mexico,30,35597,2024-03-20,Activo
1807,CLI-001807,Nomina,Bogota,Colombia,40,15222,2023-08-28,Activo
1808,CLI-001808,Empresarial,Queretaro,Colombia,20,42260,2021-09-20,Activo
1809,CLI-001809,Nomina,Bogota,Mexico,35,80283,2021-12-31,Inactivo
1810,CLI-001810,Premium,Monterrey,Colombia,52,57714,2023-12-31,Activo
1811,CLI-001811,Empresarial,Cali,Mexico,49,36675,2023-11-21,Activo
1812,CLI-001812,Empresarial,Medellin,Mexico,23,41605,2025-10-30,Inactivo
1813,CLI-001813,Digital,Medellin,Mexico,20,80629,2021-11-28,Activo
1814,CLI-001814,Nomina,Bogota,Colombia,40,86606,2022-05-15,Activo
1815,CLI-001815,Nomina,Bogota,Mexico,53,15304,2026-03-04,Inactivo
1816,CLI-001816,Nomina,Medellin,Mexico,22,15147,2024-12-02,Activo
1817,CLI-001817,Premium,Guadalajara,Colombia,47,24746,2025-02-04,Activo
1818,CLI-001818,Empresarial,CDMX,Mexico,20,23827,2025-08-04,Activo
1819,CLI-001819,Premium,Cali,Mexico,51,14820,2025-08-25,Activo
1820,CLI-001820,Empresarial,Guadalajara,Mexico,46,62140,2023-11-25,Activo
1821,CLI-001821,Premium,Medellin,Colombia,43,66936,2021-05-16,Activo
1822,CLI-001822,Digital,CDMX,Mexico,35,73962,2023-04-13,Inactivo
1823,CLI-001823,Nomina,Medellin,Colombia,20,74984,2026-03-11,Activo
1824,CLI-001824,Empresarial,Monterrey,Mexico,50,13929,2025-03-28,Inactivo
1825,CLI-001825,Premium,Bogota,Mexico,42,76707,2024-12-16,Inactivo
1826,CLI-001826,Nomina,Queretaro,Mexico,35,49845,2024-02-23,Inactivo
1827,CLI-001827,Empresarial,Cali,Mexico,60,48696,2025-11-23,Inactivo
1828,CLI-001828,Premium,CDMX,Mexico,34,97079,2023-03-19,Activo
1829,CLI-001829,Nomina,Medellin,Mexico,27,61364,2025-09-01,Activo
1830,CLI-001830,Pyme,Guadalajara,Mexico,20,43301,2025-01-04,Inactivo
1831,CLI-001831,Premium,Guadalajara,Mexico,52,46957,2021-06-27,Activo
1832,CLI-001832,Empresarial,CDMX,Colombia,23,37095,2024-01-24,Activo
1833,CLI-001833,Pyme,Cali,Colombia,38,9167,2024-12-26,Activo
1834,CLI-001834,Digital,Bogota,Mexico,25,19649,2025-02-17,Activo
1835,CLI-001835,Empresarial,Medellin,Mexico,63,13681,2024-03-23,Activo
1836,CLI-001836,Pyme,Monterrey,Mexico,59,36128,2021-08-29,Inactivo
1837,CLI-001837,Digital,Queretaro,Mexico,34,25494,2025-12-23,Activo
1838,CLI-001838,Digital,Cali,Mexico,46,29332,2022-03-09,Activo
1839,CLI-001839,Premium,CDMX,Mexico,24,75517,2023-04-05,Activo
1840,CLI-001840,Premium,Queretaro,Colombia,63,31941,2024-03-19,Inactivo
1841,CLI-001841,Digital,Monterrey,Mexico,58,13312,2025-04-28,Activo
1842,CLI-001842,Pyme,Medellin,Mexico,26,32548,2024-12-02,Inactivo
1843,CLI-001843,Digital,Queretaro,Colombia,49,94195,2023-05-27,Activo
1844,CLI-001844,Digital,Bogota,Mexico,55,33421,2022-05-06,Activo
1845,CLI-001845,Empresarial,CDMX,Mexico,26,10276,2023-02-08,Inactivo
1846,CLI-001846,Nomina,Puebla,Colombia,26,64330,2023-08-20,Activo
1847,CLI-001847,Digital,CDMX,Mexico,32,71567,2024-03-11,Activo
1848,CLI-001848,Nomina,Cali,Mexico,59,57732,2024-08-27,Activo
1849,CLI-001849,Digital,Queretaro,Mexico,49,43598,2024-11-19,Inactivo
1850,CLI-001850,Nomina,Monterrey,Mexico,45,87493,2026-05-15,Activo
1851,CLI-001851,Nomina,CDMX,Mexico,26,55050,2021-07-11,Activo
1852,CLI-001852,Digital,Cali,Mexico,38,75577,2023-12-24,Activo
1853,CLI-001853,Premium,Bogota,Mexico,26,82056,2022-03-20,Activo
1854,CLI-001854,Nomina,Cali,Mexico,30,66028,2023-08-15,Activo
1855,CLI-001855,Empresarial,Guadalajara,Mexico,29,28940,2025-11-02,Inactivo
1856,CLI-001856,Premium,Monterrey,Colombia,50,9733,2022-06-25,Activo
1857,CLI-001857,Digital,Bogota,Mexico,21,61070,2025-07-13,Activo
1858,CLI-001858,Nomina,Bogota,Mexico,36,88872,2025-10-10,Activo
1859,CLI-001859,Premium,Cali,Colombia,32,58064,2023-11-17,Activo
1860,CLI-001860,Pyme,Queretaro,Mexico,34,31431,2026-01-08,Activo
1861,CLI-001861,Nomina,Queretaro,Mexico,43,44512,2025-08-30,Activo
1862,CLI-001862,Empresarial,Bogota,Colombia,29,59319,2022-08-01,Inactivo
1863,CLI-001863,Digital,Cali,Colombia,36,12893,2023-03-31,Activo
1864,CLI-001864,Empresarial,Monterrey,Mexico,33,27478,2025-09-07,Activo
1865,CLI-001865,Premium,Bogota,Colombia,40,43168,2022-07-19,Inactivo
1866,CLI-001866,Premium,Queretaro,Colombia,50,92404,2026-04-01,Activo
1867,CLI-001867,Nomina,CDMX,Mexico,20,32681,2026-09-03,Activo
1868,CLI-001868,Digital,Cali,Mexico,36,66119,2021-05-11,Activo
1869,CLI-001869,Pyme,Monterrey,Mexico,33,11149,2026-01-06,Activo
1870,CLI-001870,Premium,Cali,Colombia,61,18829,2023-03-10,Inactivo
1871,CLI-001871,Digital,Cali,Colombia,27,18133,2022-09-15,Activo
1872,CLI-001872,Empresarial,Bogota,Mexico,21,58691,2026-04-30,Activo
1873,CLI-001873,Pyme,Puebla,Mexico,21,46924,2024-02-15,Activo
1874,CLI-001874,Nomina,Cali,Mexico,63,86874,2022-10-15,Activo
1875,CLI-001875,Pyme,Monterrey,Mexico,63,24926,2022-11-24,Inactivo
1876,CLI-001876,Empresarial,CDMX,Mexico,58,58305,2022-10-29,Inactivo
1877,CLI-001877,Digital,Bogota,Mexico,23,41057,2022-03-07,Activo
1878,CLI-001878,Pyme,Cali,Colombia,44,36864,2023-03-05,Activo
1879,CLI-001879,Premium,Monterrey,Colombia,54,21287,2022-12-28,Inactivo
1880,CLI-001880,Digital,Puebla,Colombia,23,30788,2025-12-02,Inactivo
1881,CLI-001881,Digital,Puebla,Mexico,50,88077,2024-10-17,Inactivo
1882,CLI-001882,Empresarial,Guadalajara,Mexico,48,75031,2022-01-05,Activo
1883,CLI-001883,Empresarial,Medellin,Colombia,37,82110,2021-11-07,Inactivo
1884,CLI-001884,Premium,Queretaro,Mexico,31,57540,2021-07-07,Activo
1885,CLI-001885,Digital,Medellin,Mexico,34,83282,2024-08-18,Inactivo
1886,CLI-001886,Premium,Medellin,Mexico,35,44720,2022-07-23,Activo
1887,CLI-001887,Digital,Puebla,Colombia,60,24950,2026-09-02,Inactivo
1888,CLI-001888,Premium,CDMX,Mexico,23,93510,2025-05-08,Activo
1889,CLI-001889,Empresarial,Queretaro,Mexico,56,10116,2026-07-03,Activo
1890,CLI-001890,Nomina,Medellin,Mexico,31,93591,2024-05-13,Activo
1891,CLI-001891,Premium,Bogota,Mexico,37,26760,2024-04-29,Activo
1892,CLI-001892,Premium,Queretaro,Mexico,42,10837,2024-12-03,Activo
1893,CLI-001893,Digital,Medellin,Mexico,44,16821,2022-11-26,Activo
1894,CLI-001894,Pyme,Cali,Mexico,21,11480,2024-01-03,Inactivo
1895,CLI-001895,Premium,Queretaro,Mexico,52,72405,2021-08-16,Activo
1896,CLI-001896,Digital,Guadalajara,Colombia,21,35883,2022-06-02,Inactivo
1897,CLI-001897,Pyme,Puebla,Mexico,25,85645,2022-05-26,Inactivo
1898,CLI-001898,Premium,Queretaro,Mexico,51,42936,2021-08-11,Activo
1899,CLI-001899,Nomina,Queretaro,Mexico,42,89204,2025-01-25,Activo
1900,CLI-001900,Pyme,Monterrey,Mexico,26,83364,2025-08-01,Activo
1901,CLI-001901,Nomina,Medellin,Colombia,60,77522,2026-06-08,Activo
1902,CLI-001902,Pyme,Bogota,Colombia,30,48020,2022-11-02,Inactivo
1903,CLI-001903,Nomina,Guadalajara,Colombia,62,58649,2024-04-10,Activo
1904,CLI-001904,Digital,CDMX,Mexico,51,65135,2026-02-03,Activo
1905,CLI-001905,Pyme,Queretaro,Mexico,22,31650,2021-06-24,Activo
1906,CLI-001906,Premium,Cali,Colombia,59,18891,2025-10-15,Activo
1907,CLI-001907,Digital,Puebla,Colombia,36,31671,2026-04-23,Inactivo
1908,CLI-001908,Nomina,Puebla,Mexico,30,21265,2025-12-11,Activo
1909,CLI-001909,Nomina,CDMX,Colombia,25,67932,2023-06-20,Activo
1910,CLI-001910,Empresarial,Guadalajara,Colombia,58,80110,2025-08-22,Activo
1911,CLI-001911,Premium,CDMX,Mexico,48,56726,2022-04-10,Activo
1912,CLI-001912,Nomina,Queretaro,Colombia,23,54205,2021-04-08,Activo
1913,CLI-001913,Pyme,Medellin,Colombia,36,28281,2025-03-28,Activo
1914,CLI-001914,Premium,Medellin,Colombia,21,68449,2021-07-30,Activo
1915,CLI-001915,Digital,Medellin,Colombia,25,63341,2022-05-07,Inactivo
1916,CLI-001916,Digital,Medellin,Mexico,46,33886,2022-06-10,Activo
1917,CLI-001917,Nomina,CDMX,Mexico,60,21101,2023-03-01,Activo
1918,CLI-001918,Pyme,Puebla,Colombia,61,35315,2023-09-29,Activo
1919,CLI-001919,Pyme,Cali,Mexico,37,86404,2022-11-27,Activo
1920,CLI-001920,Empresarial,Queretaro,Mexico,45,50240,2026-03-06,Activo
1921,CLI-001921,Pyme,Queretaro,Mexico,31,32139,2025-03-10,Activo
1922,CLI-001922,Premium,Monterrey,Colombia,60,58941,2024-10-06,Activo
1923,CLI-001923,Empresarial,Queretaro,Mexico,31,46146,2023-01-24,Inactivo
1924,CLI-001924,Empresarial,Guadalajara,Colombia,33,69839,2024-09-11,Activo
1925,CLI-001925,Pyme,Medellin,Mexico,27,73213,2021-11-16,Activo
1926,CLI-001926,Pyme,Medellin,Colombia,28,66273,2023-12-15,Activo
1927,CLI-001927,Premium,Monterrey,Mexico,44,21171,2023-05-11,Activo
1928,CLI-001928,Empresarial,Medellin,Colombia,20,25004,2021-07-23,Inactivo
1929,CLI-001929,Premium,Cali,Mexico,32,59071,2025-08-01,Activo
1930,CLI-001930,Premium,Cali,Mexico,41,42820,2026-01-08,Activo
1931,CLI-001931,Pyme,Medellin,Mexico,58,32962,2023-09-03,Activo
1932,CLI-001932,Digital,Cali,Mexico,29,88218,2023-07-28,Activo
1933,CLI-001933,Pyme,Queretaro,Mexico,39,28744,2023-04-16,Activo
1934,CLI-001934,Pyme,Queretaro,Colombia,26,57834,2024-12-09,Activo
1935,CLI-001935,Empresarial,Medellin,Mexico,47,93903,2026-03-05,Activo
1936,CLI-001936,Empresarial,Monterrey,Mexico,24,84084,2025-06-19,Activo
1937,CLI-001937,Nomina,Guadalajara,Mexico,24,29489,2024-12-26,Activo
1938,CLI-001938,Premium,Puebla,Mexico,24,15380,2022-10-10,Activo
1939,CLI-001939,Digital,Puebla,Mexico,37,56714,2025-03-09,Inactivo
1940,CLI-001940,Premium,Medellin,Mexico,34,52913,2023-04-21,Inactivo
1941,CLI-001941,Digital,Monterrey,Colombia,47,70904,2024-08-09,Inactivo
1942,CLI-001942,Pyme,Monterrey,Mexico,31,34161,2025-05-30,Activo
1943,CLI-001943,Premium,CDMX,Colombia,30,70782,2024-03-13,Inactivo
1944,CLI-001944,Pyme,Monterrey,Mexico,42,73176,2021-09-11,Activo
1945,CLI-001945,Pyme,Guadalajara,Mexico,64,51068,2025-10-01,Inactivo
1946,CLI-001946,Digital,Queretaro,Colombia,58,96125,2024-09-04,Inactivo
1947,CLI-001947,Nomina,Cali,Mexico,51,12506,2026-03-29,Inactivo
1948,CLI-001948,Premium,Monterrey,Colombia,32,90437,2025-06-02,Activo
1949,CLI-001949,Premium,Guadalajara,Mexico,22,66916,2022-05-19,Inactivo
1950,CLI-001950,Empresarial,Guadalajara,Mexico,62,88543,2025-05-19,Inactivo
1951,CLI-001951,Nomina,Bogota,Mexico,24,81556,2025-09-11,Activo
1952,CLI-001952,Premium,Medellin,Colombia,26,91894,2025-04-30,Activo
1953,CLI-001953,Empresarial,Medellin,Mexico,20,53406,2026-05-13,Activo
1954,CLI-001954,Nomina,Guadalajara,Mexico,58,83085,2023-07-14,Activo
1955,CLI-001955,Pyme,Guadalajara,Mexico,31,65612,2022-07-17,Activo
1956,CLI-001956,Pyme,CDMX,Mexico,55,68977,2024-07-05,Activo
1957,CLI-001957,Premium,Queretaro,Colombia,62,39854,2023-05-11,Activo
1958,CLI-001958,Digital,Medellin,Mexico,38,53284,2023-12-09,Inactivo
1959,CLI-001959,Pyme,Queretaro,Mexico,33,62396,2024-06-01,Activo
1960,CLI-001960,Pyme,Monterrey,Mexico,20,47198,2023-03-07,Activo
1961,CLI-001961,Empresarial,Medellin,Colombia,49,35177,2025-05-03,Activo
1962,CLI-001962,Pyme,Puebla,Mexico,40,49868,2021-11-04,Activo
1963,CLI-001963,Premium,CDMX,Colombia,60,91047,2025-01-21,Activo
1964,CLI-001964,Premium,Puebla,Mexico,39,61841,2024-09-24,Activo
1965,CLI-001965,Premium,Cali,Colombia,41,39723,2025-08-13,Inactivo
1966,CLI-001966,Nomina,Cali,Mexico,51,32265,2026-07-16,Activo
1967,CLI-001967,Premium,CDMX,Mexico,55,49426,2023-04-09,Activo
1968,CLI-001968,Nomina,Queretaro,Mexico,39,51877,2022-06-29,Activo
1969,CLI-001969,Digital,Bogota,Mexico,23,95132,2021-07-26,Activo
1970,CLI-001970,Digital,Puebla,Colombia,32,20799,2021-08-31,Activo
1971,CLI-001971,Pyme,Puebla,Mexico,33,93820,2025-08-11,Activo
1972,CLI-001972,Premium,Medellin,Mexico,44,30963,2021-08-28,Activo
1973,CLI-001973,Nomina,Medellin,Mexico,41,13948,2024-02-10,Inactivo
1974,CLI-001974,Empresarial,Puebla,Mexico,40,88946,2023-04-19,Inactivo
1975,CLI-001975,Empresarial,Cali,Mexico,45,88025,2022-03-20,Activo
1976,CLI-001976,Digital,Queretaro,Mexico,57,61080,2022-12-08,Inactivo
1977,CLI-001977,Digital,Guadalajara,Colombia,39,32497,2021-07-12,Activo
1978,CLI-001978,Empresarial,Cali,Mexico,46,80151,2025-04-06,Inactivo
1979,CLI-001979,Premium,Medellin,Mexico,63,49791,2025-11-01,Activo
1980,CLI-001980,Premium,Monterrey,Colombia,38,37809,2026-03-25,Activo
1981,CLI-001981,Premium,Cali,Mexico,34,88038,2024-04-15,Inactivo
1982,CLI-001982,Nomina,Puebla,Mexico,62,18640,2025-05-20,Inactivo
1983,CLI-001983,Premium,Cali,Mexico,38,84451,2025-02-08,Activo
1984,CLI-001984,Nomina,Guadalajara,Mexico,36,15459,2026-03-23,Inactivo
1985,CLI-001985,Nomina,Queretaro,Mexico,24,95305,2022-04-01,Activo
1986,CLI-001986,Empresarial,CDMX,Mexico,26,96533,2024-08-31,Activo
1987,CLI-001987,Empresarial,Monterrey,Mexico,21,88359,2024-11-12,Activo
1988,CLI-001988,Premium,Cali,Mexico,56,25302,2025-09-29,Activo
1989,CLI-001989,Empresarial,CDMX,Mexico,47,55348,2022-02-13,Activo
1990,CLI-001990,Nomina,Queretaro,Mexico,48,70995,2026-02-23,Activo
1991,CLI-001991,Digital,CDMX,Colombia,49,70542,2022-03-28,Activo
1992,CLI-001992,Premium,Monterrey,Colombia,38,80627,2025-05-21,Inactivo
1993,CLI-001993,Pyme,Monterrey,Mexico,26,21970,2026-03-29,Activo
1994,CLI-001994,Nomina,CDMX,Mexico,26,14610,2022-06-16,Activo
1995,CLI-001995,Premium,Bogota,Mexico,25,65988,2021-07-06,Activo
1996,CLI-001996,Premium,Cali,Mexico,41,11045,2025-10-25,Activo
1997,CLI-001997,Nomina,CDMX,Colombia,31,24791,2023-12-13,Activo
1998,CLI-001998,Pyme,Bogota,Mexico,25,37422,2021-05-19,Activo
1999,CLI-001999,Pyme,Cali,Mexico,51,8669,2022-05-21,Inactivo
2000,CLI-002000,Premium,Puebla,Colombia,26,87580,2025-05-11,Activo
2001,CLI-002001,Empresarial,Cali,Colombia,38,77377,2023-03-20,Activo
2002,CLI-002002,Empresarial,Monterrey,Mexico,41,82189,2023-12-06,Activo
2003,CLI-002003,Pyme,Bogota,Colombia,42,55778,2021-10-20,Inactivo
2004,CLI-002004,Digital,Queretaro,Mexico,62,80025,2024-03-08,Activo
2005,CLI-002005,Premium,Queretaro,Colombia,22,37934,2024-06-11,Activo
2006,CLI-002006,Digital,Puebla,Colombia,61,90269,2023-05-05,Activo
2007,CLI-002007,Pyme,Queretaro,Mexico,33,66685,2026-06-18,Activo
2008,CLI-002008,Empresarial,Monterrey,Mexico,43,11649,2021-06-17,Activo
2009,CLI-002009,Pyme,Puebla,Colombia,56,32627,2022-03-20,Activo
2010,CLI-002010,Premium,Queretaro,Colombia,55,65602,2024-12-30,Activo
2011,CLI-002011,Nomina,Cali,Mexico,49,33880,2026-01-15,Activo
2012,CLI-002012,Empresarial,Queretaro,Mexico,44,26023,2022-12-03,Activo
2013,CLI-002013,Digital,Cali,Mexico,25,75447,2025-04-05,Activo
2014,CLI-002014,Digital,Puebla,Colombia,29,22752,2026-02-20,Inactivo
2015,CLI-002015,Pyme,Queretaro,Mexico,23,96453,2021-11-22,Inactivo
2016,CLI-002016,Nomina,Guadalajara,Colombia,55,92993,2021-05-22,Activo
2017,CLI-002017,Premium,CDMX,Colombia,55,49877,2026-01-02,Activo
2018,CLI-002018,Pyme,CDMX,Colombia,35,42909,2025-08-21,Inactivo
2019,CLI-002019,Digital,Cali,Mexico,63,76984,2021-03-29,Activo
2020,CLI-002020,Pyme,Queretaro,Mexico,28,97200,2022-07-12,Activo
2021,CLI-002021,Pyme,Puebla,Colombia,24,54118,2022-03-25,Activo
2022,CLI-002022,Nomina,Bogota,Colombia,53,14021,2021-03-27,Activo
2023,CLI-002023,Digital,Cali,Mexico,54,42855,2023-02-26,Activo
2024,CLI-002024,Nomina,Puebla,Mexico,35,96890,2021-07-24,Activo
2025,CLI-002025,Premium,Medellin,Colombia,58,15670,2022-01-21,Activo
2026,CLI-002026,Premium,CDMX,Mexico,42,97652,2022-09-13,Activo
2027,CLI-002027,Digital,CDMX,Colombia,34,36085,2022-03-04,Activo
2028,CLI-002028,Empresarial,CDMX,Mexico,63,20323,2025-04-05,Activo
2029,CLI-002029,Nomina,Monterrey,Mexico,23,55787,2026-04-06,Activo
2030,CLI-002030,Pyme,CDMX,Colombia,34,72062,2021-11-29,Inactivo
2031,CLI-002031,Digital,Medellin,Mexico,24,31778,2024-11-05,Inactivo
2032,CLI-002032,Nomina,Guadalajara,Colombia,30,32886,2022-01-25,Activo
2033,CLI-002033,Premium,Medellin,Colombia,44,59963,2022-11-23,Activo
2034,CLI-002034,Premium,Monterrey,Colombia,53,11666,2021-08-23,Activo
2035,CLI-002035,Digital,Monterrey,Mexico,23,93409,2023-06-15,Activo
2036,CLI-002036,Premium,Puebla,Mexico,44,31785,2023-06-10,Activo
2037,CLI-002037,Digital,CDMX,Mexico,49,59211,2021-12-05,Activo
2038,CLI-002038,Nomina,Guadalajara,Colombia,27,94156,2021-12-11,Activo
2039,CLI-002039,Empresarial,CDMX,Mexico,32,79519,2022-06-04,Activo
2040,CLI-002040,Premium,CDMX,Mexico,50,25322,2023-10-14,Activo
2041,CLI-002041,Premium,Queretaro,Colombia,32,30413,2021-12-26,Activo
2042,CLI-002042,Premium,Bogota,Mexico,64,44499,2025-08-17,Activo
2043,CLI-002043,Nomina,Guadalajara,Mexico,25,68392,2025-12-13,Activo
2044,CLI-002044,Empresarial,Bogota,Colombia,50,19967,2025-06-24,Inactivo
2045,CLI-002045,Premium,Bogota,Colombia,57,9238,2026-02-02,Activo
2046,CLI-002046,Nomina,Bogota,Colombia,59,37260,2024-06-03,Activo
2047,CLI-002047,Digital,Puebla,Mexico,48,26610,2024-09-27,Inactivo
2048,CLI-002048,Empresarial,Bogota,Mexico,62,47371,2025-04-17,Activo
2049,CLI-002049,Nomina,Medellin,Colombia,53,55185,2025-07-23,Activo
2050,CLI-002050,Pyme,Monterrey,Mexico,54,50591,2022-07-01,Activo
2051,CLI-002051,Premium,Monterrey,Mexico,29,85746,2022-01-29,Inactivo
2052,CLI-002052,Pyme,Puebla,Mexico,26,78291,2023-02-21,Activo
2053,CLI-002053,Empresarial,Queretaro,Mexico,26,32091,2024-08-23,Activo
2054,CLI-002054,Nomina,Medellin,Mexico,33,44334,2026-05-01,Inactivo
2055,CLI-002055,Nomina,Cali,Mexico,30,94191,2021-07-29,Inactivo
2056,CLI-002056,Premium,Cali,Colombia,48,95971,2026-08-28,Inactivo
2057,CLI-002057,Pyme,Bogota,Mexico,45,8131,2025-08-13,Activo
2058,CLI-002058,Pyme,Medellin,Mexico,56,60757,2023-03-26,Activo
2059,CLI-002059,Empresarial,Queretaro,Mexico,37,64216,2021-10-19,Activo
2060,CLI-002060,Empresarial,Monterrey,Colombia,43,52384,2024-04-25,Activo
2061,CLI-002061,Digital,CDMX,Colombia,30,85990,2025-07-21,Activo
2062,CLI-002062,Empresarial,CDMX,Mexico,63,47715,2025-12-06,Activo
2063,CLI-002063,Pyme,CDMX,Mexico,61,44822,2021-03-31,Activo
2064,CLI-002064,Empresarial,Cali,Mexico,61,63060,2026-02-28,Activo
2065,CLI-002065,Premium,Bogota,Colombia,30,50841,2025-02-26,Activo
2066,CLI-002066,Digital,Bogota,Colombia,42,97303,2022-04-26,Inactivo
2067,CLI-002067,Nomina,Queretaro,Mexico,45,8008,2022-11-11,Inactivo
2068,CLI-002068,Digital,Queretaro,Mexico,53,96263,2023-07-18,Activo
2069,CLI-002069,Nomina,Medellin,Mexico,22,24145,2022-02-22,Activo
2070,CLI-002070,Pyme,CDMX,Mexico,47,10834,2022-09-13,Activo
2071,CLI-002071,Pyme,Medellin,Colombia,57,46864,2022-11-28,Inactivo
2072,CLI-002072,Nomina,Puebla,Mexico,21,23759,2022-01-22,Activo
2073,CLI-002073,Nomina,Guadalajara,Mexico,38,47116,2022-11-04,Activo
2074,CLI-002074,Digital,Bogota,Colombia,43,89082,2023-06-08,Inactivo
2075,CLI-002075,Premium,Monterrey,Mexico,57,61484,2023-01-21,Activo
2076,CLI-002076,Premium,Guadalajara,Colombia,40,36416,2023-05-10,Inactivo
2077,CLI-002077,Digital,Medellin,Mexico,33,77530,2024-02-17,Activo
2078,CLI-002078,Premium,Medellin,Mexico,22,74330,2023-10-02,Inactivo
2079,CLI-002079,Premium,Puebla,Mexico,52,81503,2026-05-21,Activo
2080,CLI-002080,Empresarial,Medellin,Mexico,22,85247,2023-09-12,Activo
2081,CLI-002081,Premium,CDMX,Mexico,24,31503,2023-09-02,Inactivo
2082,CLI-002082,Nomina,Puebla,Colombia,26,79103,2022-11-06,Activo
2083,CLI-002083,Nomina,Puebla,Mexico,48,15214,2022-07-06,Activo
2084,CLI-002084,Digital,Cali,Mexico,21,9038,2026-07-11,Activo
2085,CLI-002085,Nomina,Medellin,Mexico,34,76180,2022-04-02,Activo
2086,CLI-002086,Nomina,Guadalajara,Colombia,24,78528,2023-09-21,Activo
2087,CLI-002087,Digital,Bogota,Mexico,52,96956,2024-12-17,Activo
2088,CLI-002088,Digital,Queretaro,Mexico,33,22335,2023-09-08,Activo
2089,CLI-002089,Digital,Queretaro,Mexico,43,77119,2025-11-06,Inactivo
2090,CLI-002090,Pyme,Queretaro,Mexico,37,11634,2024-04-17,Activo
2091,CLI-002091,Premium,CDMX,Mexico,31,39082,2024-10-21,Activo
2092,CLI-002092,Premium,Queretaro,Mexico,45,29222,2025-11-09,Activo
2093,CLI-002093,Pyme,Monterrey,Mexico,36,81942,2022-05-17,Activo
2094,CLI-002094,Nomina,Bogota,Mexico,22,26712,2024-06-05,Inactivo
2095,CLI-002095,Premium,Queretaro,Colombia,20,64196,2023-03-11,Inactivo
2096,CLI-002096,Empresarial,Guadalajara,Mexico,32,12229,2026-01-02,Activo
2097,CLI-002097,Empresarial,CDMX,Mexico,43,8447,2023-04-01,Activo
2098,CLI-002098,Empresarial,Guadalajara,Colombia,42,91781,2023-11-07,Activo
2099,CLI-002099,Digital,Queretaro,Mexico,32,21937,2026-04-25,Activo
2100,CLI-002100,Digital,Monterrey,Mexico,45,68255,2022-09-03,Activo
2101,CLI-002101,Nomina,Guadalajara,Mexico,52,41143,2022-09-14,Activo
2102,CLI-002102,Pyme,Monterrey,Colombia,23,86610,2022-03-04,Activo
2103,CLI-002103,Empresarial,Puebla,Mexico,53,76189,2021-12-06,Activo
2104,CLI-002104,Premium,Guadalajara,Mexico,35,69487,2025-01-24,Inactivo
2105,CLI-002105,Empresarial,CDMX,Mexico,36,45007,2025-02-21,Activo
2106,CLI-002106,Premium,Medellin,Mexico,61,77483,2022-09-03,Activo
2107,CLI-002107,Premium,Queretaro,Mexico,64,37840,2021-05-08,Activo
2108,CLI-002108,Empresarial,CDMX,Mexico,21,69814,2026-05-11,Inactivo
2109,CLI-002109,Pyme,Cali,Mexico,54,39956,2022-02-19,Activo
2110,CLI-002110,Pyme,Bogota,Mexico,29,20727,2026-02-11,Activo
2111,CLI-002111,Premium,Queretaro,Colombia,55,56994,2023-05-10,Activo
2112,CLI-002112,Premium,Bogota,Mexico,29,44450,2024-11-26,Activo
2113,CLI-002113,Empresarial,Medellin,Colombia,63,90632,2023-04-29,Activo
2114,CLI-002114,Digital,Monterrey,Mexico,40,53062,2024-06-11,Activo
2115,CLI-002115,Empresarial,Cali,Mexico,28,81831,2021-03-19,Activo
2116,CLI-002116,Nomina,Medellin,Mexico,25,61748,2021-08-12,Activo
2117,CLI-002117,Pyme,Puebla,Colombia,31,33528,2021-04-24,Activo
2118,CLI-002118,Digital,Puebla,Mexico,47,27233,2024-08-29,Inactivo
2119,CLI-002119,Nomina,CDMX,Mexico,23,19086,2023-10-18,Inactivo
2120,CLI-002120,Pyme,Queretaro,Mexico,37,50961,2022-01-31,Activo
2121,CLI-002121,Digital,Puebla,Mexico,52,92744,2023-05-09,Activo
2122,CLI-002122,Nomina,Puebla,Mexico,38,16300,2021-07-24,Activo
2123,CLI-002123,Empresarial,Monterrey,Mexico,38,75243,2022-02-17,Activo
2124,CLI-002124,Digital,Monterrey,Mexico,37,47183,2022-05-06,Activo
2125,CLI-002125,Digital,CDMX,Mexico,55,9617,2026-06-11,Activo
2126,CLI-002126,Empresarial,Queretaro,Mexico,37,87609,2026-03-11,Inactivo
2127,CLI-002127,Nomina,Guadalajara,Mexico,34,75065,2026-02-16,Activo
2128,CLI-002128,Pyme,Cali,Mexico,56,53817,2025-09-02,Activo
2129,CLI-002129,Premium,Medellin,Mexico,45,89218,2023-04-10,Inactivo
2130,CLI-002130,Empresarial,Monterrey,Colombia,25,35361,2023-08-21,Inactivo
2131,CLI-002131,Empresarial,Medellin,Mexico,30,85655,2021-09-04,Activo
2132,CLI-002132,Premium,Puebla,Mexico,49,63306,2025-12-29,Activo
2133,CLI-002133,Pyme,Bogota,Mexico,57,53666,2021-03-27,Activo
2134,CLI-002134,Nomina,Monterrey,Mexico,62,72319,2024-03-11,Activo
2135,CLI-002135,Empresarial,Puebla,Mexico,45,92833,2024-05-15,Activo
2136,CLI-002136,Empresarial,Medellin,Mexico,57,65757,2022-07-08,Activo
2137,CLI-002137,Digital,Medellin,Colombia,24,54999,2025-11-17,Inactivo
2138,CLI-002138,Premium,Bogota,Mexico,26,58881,2025-01-23,Inactivo
2139,CLI-002139,Empresarial,Queretaro,Colombia,58,93796,2021-10-18,Activo
2140,CLI-002140,Empresarial,Medellin,Mexico,55,77864,2024-04-27,Activo
2141,CLI-002141,Empresarial,CDMX,Mexico,21,58212,2025-10-28,Activo
2142,CLI-002142,Premium,Puebla,Colombia,48,23652,2025-06-29,Activo
2143,CLI-002143,Empresarial,Guadalajara,Mexico,34,67629,2021-09-14,Activo
2144,CLI-002144,Empresarial,Queretaro,Mexico,45,9575,2022-03-11,Activo
2145,CLI-002145,Nomina,Monterrey,Mexico,49,96344,2021-09-25,Activo
2146,CLI-002146,Premium,CDMX,Colombia,55,44561,2022-06-30,Activo
2147,CLI-002147,Nomina,Bogota,Mexico,44,59562,2024-10-14,Activo
2148,CLI-002148,Empresarial,Guadalajara,Mexico,56,16843,2022-02-15,Inactivo
2149,CLI-002149,Digital,Medellin,Mexico,35,91144,2026-01-06,Inactivo
2150,CLI-002150,Digital,Puebla,Mexico,46,77583,2022-01-08,Activo
2151,CLI-002151,Empresarial,Medellin,Colombia,27,75710,2026-09-02,Activo
2152,CLI-002152,Premium,Queretaro,Colombia,37,97860,2026-01-13,Inactivo
2153,CLI-002153,Pyme,Guadalajara,Mexico,28,63070,2022-03-01,Inactivo
2154,CLI-002154,Nomina,Cali,Mexico,22,66346,2026-03-27,Activo
2155,CLI-002155,Nomina,Bogota,Mexico,38,23947,2023-03-24,Activo
2156,CLI-002156,Premium,Puebla,Mexico,26,73698,2025-06-19,Activo
2157,CLI-002157,Nomina,Puebla,Mexico,32,22608,2022-10-06,Activo
2158,CLI-002158,Nomina,Puebla,Colombia,50,61668,2024-10-14,Activo
2159,CLI-002159,Nomina,Medellin,Colombia,57,91055,2021-08-14,Inactivo
2160,CLI-002160,Premium,Cali,Mexico,54,10046,2021-07-18,Activo
2161,CLI-002161,Pyme,Cali,Mexico,40,16027,2025-12-12,Inactivo
2162,CLI-002162,Pyme,Cali,Mexico,61,44118,2024-02-12,Inactivo
2163,CLI-002163,Premium,Guadalajara,Colombia,60,69023,2026-03-30,Activo
2164,CLI-002164,Pyme,Guadalajara,Mexico,57,96159,2024-12-07,Activo
2165,CLI-002165,Premium,Cali,Mexico,28,48274,2021-10-17,Activo
2166,CLI-002166,Pyme,Queretaro,Colombia,27,60093,2026-05-31,Inactivo
2167,CLI-002167,Pyme,CDMX,Colombia,39,33628,2026-05-21,Activo
2168,CLI-002168,Digital,Medellin,Mexico,44,91492,2021-09-19,Activo
2169,CLI-002169,Premium,Queretaro,Colombia,23,83056,2023-03-05,Inactivo
2170,CLI-002170,Empresarial,Queretaro,Colombia,24,25405,2023-10-31,Inactivo
2171,CLI-002171,Nomina,Queretaro,Colombia,42,73811,2023-05-10,Activo
2172,CLI-002172,Premium,Medellin,Colombia,44,86898,2022-01-11,Activo
2173,CLI-002173,Digital,Monterrey,Mexico,30,75524,2021-06-02,Activo
2174,CLI-002174,Digital,Queretaro,Colombia,39,69267,2021-03-25,Activo
2175,CLI-002175,Digital,Puebla,Colombia,30,44458,2022-05-28,Activo
2176,CLI-002176,Digital,Monterrey,Mexico,44,15592,2022-01-26,Activo
2177,CLI-002177,Digital,Monterrey,Mexico,64,69087,2023-01-23,Activo
2178,CLI-002178,Pyme,Cali,Colombia,50,44444,2025-11-07,Activo
2179,CLI-002179,Digital,Cali,Mexico,45,37465,2024-06-30,Activo
2180,CLI-002180,Premium,CDMX,Mexico,54,32167,2024-04-27,Activo
2181,CLI-002181,Pyme,Queretaro,Mexico,27,88296,2026-06-20,Activo
2182,CLI-002182,Nomina,Queretaro,Colombia,49,56805,2021-05-02,Activo
2183,CLI-002183,Digital,Queretaro,Mexico,25,87424,2024-10-28,Activo
2184,CLI-002184,Premium,Bogota,Mexico,32,48668,2023-09-08,Activo
2185,CLI-002185,Empresarial,Cali,Mexico,39,40124,2025-09-10,Inactivo
2186,CLI-002186,Premium,Puebla,Mexico,54,67105,2026-07-13,Activo
2187,CLI-002187,Pyme,Medellin,Colombia,22,64504,2021-05-06,Activo
2188,CLI-002188,Premium,Puebla,Mexico,48,90379,2023-11-27,Activo
2189,CLI-002189,Nomina,Medellin,Mexico,45,52452,2022-07-27,Inactivo
2190,CLI-002190,Premium,Bogota,Mexico,48,69410,2022-05-03,Activo
2191,CLI-002191,Digital,Cali,Mexico,59,76001,2024-07-15,Activo
2192,CLI-002192,Pyme,Puebla,Mexico,50,23113,2021-09-30,Activo
2193,CLI-002193,Digital,Medellin,Mexico,28,55123,2024-02-25,Activo
2194,CLI-002194,Nomina,Medellin,Mexico,28,30196,2021-06-18,Activo
2195,CLI-002195,Digital,Medellin,Colombia,57,27998,2021-07-10,Activo
2196,CLI-002196,Empresarial,Queretaro,Mexico,38,31466,2022-12-05,Inactivo
2197,CLI-002197,Nomina,Medellin,Colombia,61,24011,2021-07-01,Activo
2198,CLI-002198,Empresarial,Guadalajara,Colombia,29,70514,2024-10-17,Activo
2199,CLI-002199,Digital,CDMX,Colombia,62,17559,2022-10-13,Activo
2200,CLI-002200,Nomina,Bogota,Mexico,63,93462,2023-08-13,Activo
2201,CLI-002201,Pyme,Puebla,Mexico,57,28179,2025-08-11,Activo
2202,CLI-002202,Nomina,Bogota,Mexico,45,91369,2026-01-20,Activo
2203,CLI-002203,Premium,CDMX,Mexico,51,60378,2025-03-14,Activo
2204,CLI-002204,Empresarial,Guadalajara,Mexico,34,48831,2024-11-19,Activo
2205,CLI-002205,Nomina,Bogota,Mexico,59,81578,2024-01-26,Inactivo
2206,CLI-002206,Premium,Guadalajara,Mexico,58,12121,2021-06-02,Activo
2207,CLI-002207,Empresarial,Bogota,Mexico,24,93535,2022-05-03,Activo
2208,CLI-002208,Pyme,Puebla,Mexico,62,18981,2023-06-08,Activo
2209,CLI-002209,Nomina,Bogota,Mexico,41,32451,2025-12-18,Inactivo
2210,CLI-002210,Premium,Medellin,Mexico,27,20316,2024-11-11,Inactivo
2211,CLI-002211,Empresarial,Puebla,Mexico,34,77563,2023-11-26,Inactivo
2212,CLI-002212,Premium,Puebla,Mexico,27,52344,2024-10-28,Activo
2213,CLI-002213,Digital,Bogota,Mexico,35,60949,2021-05-23,Inactivo
2214,CLI-002214,Pyme,Bogota,Mexico,27,19601,2021-06-05,Inactivo
2215,CLI-002215,Empresarial,Medellin,Mexico,34,20251,2022-01-05,Inactivo
2216,CLI-002216,Nomina,Medellin,Mexico,30,66261,2025-05-27,Inactivo
2217,CLI-002217,Nomina,Cali,Colombia,57,79938,2021-12-02,Activo
2218,CLI-002218,Nomina,Monterrey,Mexico,29,64970,2023-08-19,Activo
2219,CLI-002219,Nomina,Monterrey,Colombia,43,42476,2023-06-19,Inactivo
2220,CLI-002220,Premium,Puebla,Colombia,64,27988,2024-03-19,Activo
2221,CLI-002221,Premium,Cali,Mexico,26,8573,2024-09-01,Activo
2222,CLI-002222,Digital,Guadalajara,Mexico,29,94282,2023-10-18,Inactivo
2223,CLI-002223,Nomina,Queretaro,Colombia,53,25138,2026-05-01,Activo
2224,CLI-002224,Nomina,Medellin,Mexico,33,16334,2024-08-10,Activo
2225,CLI-002225,Nomina,Guadalajara,Mexico,27,72579,2024-02-20,Activo
2226,CLI-002226,Nomina,Puebla,Mexico,23,49042,2022-05-14,Inactivo
2227,CLI-002227,Premium,Monterrey,Colombia,36,64496,2024-01-10,Activo
2228,CLI-002228,Empresarial,Cali,Mexico,47,53984,2022-06-05,Activo
2229,CLI-002229,Premium,Cali,Mexico,52,43325,2023-09-01,Activo
2230,CLI-002230,Premium,CDMX,Mexico,22,69873,2025-08-03,Inactivo
2231,CLI-002231,Digital,Cali,Mexico,63,94102,2021-08-08,Activo
2232,CLI-002232,Nomina,Queretaro,Mexico,47,74690,2021-11-05,Inactivo
2233,CLI-002233,Digital,Medellin,Mexico,46,65632,2025-05-19,Activo
2234,CLI-002234,Pyme,Guadalajara,Mexico,51,30007,2023-07-06,Inactivo
2235,CLI-002235,Pyme,Queretaro,Mexico,38,52019,2023-02-22,Activo
2236,CLI-002236,Empresarial,Guadalajara,Colombia,33,92771,2023-07-19,Activo
2237,CLI-002237,Pyme,Medellin,Colombia,47,73253,2025-09-08,Activo
2238,CLI-002238,Empresarial,Medellin,Mexico,28,23690,2026-04-17,Activo
2239,CLI-002239,Pyme,Cali,Mexico,43,52793,2026-01-21,Activo
2240,CLI-002240,Empresarial,Monterrey,Mexico,45,90348,2025-05-05,Activo
2241,CLI-002241,Empresarial,Medellin,Mexico,55,43742,2022-05-06,Inactivo
2242,CLI-002242,Premium,Guadalajara,Colombia,31,57879,2023-05-09,Inactivo
2243,CLI-002243,Empresarial,Queretaro,Mexico,45,39438,2025-07-09,Activo
2244,CLI-002244,Digital,Monterrey,Mexico,28,65368,2024-07-07,Activo
2245,CLI-002245,Empresarial,Medellin,Colombia,54,26180,2025-02-24,Activo
2246,CLI-002246,Empresarial,Bogota,Colombia,58,59647,2026-01-28,Activo
2247,CLI-002247,Empresarial,Guadalajara,Mexico,52,88869,2021-12-03,Activo
2248,CLI-002248,Nomina,Queretaro,Colombia,52,60819,2024-10-07,Activo
2249,CLI-002249,Pyme,Puebla,Mexico,53,25357,2023-04-28,Activo
2250,CLI-002250,Nomina,Puebla,Mexico,29,61414,2026-03-02,Inactivo
2251,CLI-002251,Nomina,CDMX,Mexico,26,26652,2026-01-10,Activo
2252,CLI-002252,Digital,Puebla,Mexico,49,12815,2023-05-11,Activo
2253,CLI-002253,Nomina,CDMX,Mexico,25,24264,2026-01-05,Activo
2254,CLI-002254,Premium,Bogota,Mexico,61,76396,2021-07-27,Activo
2255,CLI-002255,Digital,Bogota,Mexico,45,46830,2024-10-29,Activo
2256,CLI-002256,Digital,Puebla,Colombia,56,77898,2026-02-08,Inactivo
2257,CLI-002257,Pyme,CDMX,Mexico,55,69474,2023-04-02,Activo
2258,CLI-002258,Pyme,CDMX,Mexico,64,21512,2025-02-07,Activo
2259,CLI-002259,Empresarial,Queretaro,Colombia,36,95091,2022-09-21,Inactivo
2260,CLI-002260,Nomina,Bogota,Mexico,56,27316,2023-01-09,Activo
2261,CLI-002261,Nomina,Bogota,Mexico,20,16745,2021-05-15,Activo
2262,CLI-002262,Pyme,Puebla,Mexico,34,41002,2024-12-29,Inactivo
2263,CLI-002263,Pyme,CDMX,Colombia,59,78067,2026-07-14,Inactivo
2264,CLI-002264,Empresarial,Puebla,Mexico,27,28773,2023-12-19,Activo
2265,CLI-002265,Premium,CDMX,Colombia,63,46810,2021-12-15,Activo
2266,CLI-002266,Pyme,Guadalajara,Mexico,49,89101,2024-10-19,Activo
2267,CLI-002267,Empresarial,Medellin,Mexico,48,27965,2022-10-14,Activo
2268,CLI-002268,Pyme,CDMX,Mexico,60,44499,2023-12-16,Inactivo
2269,CLI-002269,Digital,Monterrey,Colombia,33,13839,2024-04-01,Activo
2270,CLI-002270,Empresarial,Monterrey,Mexico,27,30149,2024-01-18,Activo
2271,CLI-002271,Empresarial,Monterrey,Mexico,24,57945,2022-06-18,Inactivo
2272,CLI-002272,Premium,CDMX,Mexico,61,79328,2023-08-23,Activo
2273,CLI-002273,Pyme,Medellin,Mexico,27,54465,2023-09-11,Activo
2274,CLI-002274,Empresarial,Bogota,Mexico,26,10743,2022-09-25,Inactivo
2275,CLI-002275,Digital,Puebla,Mexico,21,48767,2025-04-28,Activo
2276,CLI-002276,Pyme,CDMX,Mexico,59,40501,2023-10-08,Activo
2277,CLI-002277,Pyme,Medellin,Mexico,51,10231,2023-07-31,Activo
2278,CLI-002278,Premium,Queretaro,Mexico,39,46654,2025-04-14,Activo
2279,CLI-002279,Nomina,CDMX,Mexico,50,86495,2025-07-30,Activo
2280,CLI-002280,Empresarial,Cali,Mexico,31,47373,2024-07-08,Inactivo
2281,CLI-002281,Nomina,Queretaro,Mexico,57,70953,2024-01-27,Activo
2282,CLI-002282,Empresarial,Puebla,Mexico,33,37730,2023-06-13,Inactivo
2283,CLI-002283,Digital,CDMX,Mexico,49,19189,2025-04-17,Activo
2284,CLI-002284,Digital,Queretaro,Mexico,62,14115,2022-10-05,Inactivo
2285,CLI-002285,Empresarial,Bogota,Mexico,20,30436,2021-03-19,Activo
2286,CLI-002286,Digital,CDMX,Mexico,42,80705,2025-01-16,Inactivo
2287,CLI-002287,Empresarial,Cali,Mexico,47,97073,2023-03-06,Activo
2288,CLI-002288,Nomina,Queretaro,Mexico,56,42400,2023-08-17,Activo
2289,CLI-002289,Premium,Puebla,Mexico,29,33799,2026-05-28,Activo
2290,CLI-002290,Pyme,Guadalajara,Mexico,34,24471,2022-08-22,Inactivo
2291,CLI-002291,Digital,Queretaro,Mexico,61,97610,2024-03-25,Activo
2292,CLI-002292,Digital,Cali,Mexico,39,96924,2023-01-22,Activo
2293,CLI-002293,Premium,Queretaro,Colombia,44,23438,2026-03-09,Activo
2294,CLI-002294,Nomina,Bogota,Mexico,56,64499,2026-02-25,Inactivo
2295,CLI-002295,Empresarial,Cali,Colombia,30,69591,2022-07-25,Activo
2296,CLI-002296,Premium,Cali,Colombia,40,21195,2026-01-23,Inactivo
2297,CLI-002297,Empresarial,Bogota,Mexico,48,94812,2021-08-05,Activo
2298,CLI-002298,Empresarial,Medellin,Colombia,61,88475,2025-01-03,Activo
2299,CLI-002299,Digital,Puebla,Colombia,36,54183,2021-08-06,Activo
2300,CLI-002300,Premium,Queretaro,Mexico,20,23532,2022-03-25,Activo
2301,CLI-002301,Nomina,Puebla,Mexico,24,83833,2022-01-23,Activo
2302,CLI-002302,Nomina,Queretaro,Mexico,49,15563,2025-10-23,Inactivo
2303,CLI-002303,Digital,Queretaro,Colombia,46,46113,2021-09-22,Activo
2304,CLI-002304,Digital,Puebla,Colombia,50,84314,2023-01-13,Activo
2305,CLI-002305,Nomina,Monterrey,Colombia,31,79142,2022-05-07,Activo
2306,CLI-002306,Pyme,CDMX,Colombia,48,23933,2025-02-12,Inactivo
2307,CLI-002307,Digital,Queretaro,Mexico,36,17631,2021-07-29,Activo
2308,CLI-002308,Empresarial,Bogota,Mexico,28,65600,2021-10-30,Inactivo
2309,CLI-002309,Digital,Monterrey,Mexico,37,30379,2025-03-23,Activo
2310,CLI-002310,Nomina,Puebla,Mexico,22,9045,2023-08-09,Activo
2311,CLI-002311,Nomina,Cali,Mexico,54,82297,2024-06-12,Activo
2312,CLI-002312,Nomina,Queretaro,Mexico,55,27980,2023-09-30,Activo
2313,CLI-002313,Premium,Queretaro,Colombia,26,31268,2024-01-18,Inactivo
2314,CLI-002314,Digital,Puebla,Mexico,39,64092,2026-04-30,Activo
2315,CLI-002315,Pyme,Medellin,Mexico,54,73229,2024-09-18,Inactivo
2316,CLI-002316,Premium,Medellin,Colombia,59,72326,2026-01-31,Activo
2317,CLI-002317,Digital,Cali,Mexico,64,11941,2025-04-12,Activo
2318,CLI-002318,Nomina,Monterrey,Colombia,20,22902,2021-09-17,Activo
2319,CLI-002319,Pyme,Guadalajara,Mexico,24,36610,2026-07-02,Activo
2320,CLI-002320,Pyme,CDMX,Mexico,38,13686,2022-07-15,Activo
2321,CLI-002321,Empresarial,Bogota,Colombia,25,31282,2023-09-23,Inactivo
2322,CLI-002322,Digital,Queretaro,Colombia,52,85967,2024-02-23,Activo
2323,CLI-002323,Nomina,CDMX,Mexico,43,97575,2022-05-13,Inactivo
2324,CLI-002324,Digital,Cali,Mexico,62,57132,2023-04-20,Activo
2325,CLI-002325,Empresarial,Guadalajara,Colombia,37,63669,2024-04-06,Inactivo
2326,CLI-002326,Pyme,Monterrey,Colombia,24,38626,2025-03-30,Activo
2327,CLI-002327,Digital,CDMX,Mexico,52,69157,2026-05-09,Activo
2328,CLI-002328,Premium,Monterrey,Mexico,37,70529,2024-10-01,Activo
2329,CLI-002329,Nomina,Bogota,Mexico,57,56404,2022-06-14,Inactivo
2330,CLI-002330,Pyme,Monterrey,Mexico,51,19319,2023-11-09,Activo
2331,CLI-002331,Pyme,CDMX,Mexico,22,61471,2023-02-09,Activo
2332,CLI-002332,Nomina,Queretaro,Mexico,28,34399,2024-08-12,Activo
2333,CLI-002333,Empresarial,Medellin,Colombia,45,47142,2023-12-13,Activo
2334,CLI-002334,Digital,Monterrey,Mexico,55,35967,2024-05-09,Activo
2335,CLI-002335,Digital,Monterrey,Colombia,45,78427,2024-12-25,Activo
2336,CLI-002336,Pyme,Medellin,Colombia,21,19777,2021-12-24,Activo
2337,CLI-002337,Digital,Cali,Colombia,58,24589,2024-05-19,Activo
2338,CLI-002338,Nomina,Puebla,Mexico,47,28601,2026-05-19,Activo
2339,CLI-002339,Digital,Guadalajara,Mexico,27,34470,2021-05-26,Inactivo
2340,CLI-002340,Premium,Cali,Mexico,41,44111,2022-06-29,Activo
2341,CLI-002341,Pyme,CDMX,Mexico,51,16992,2024-08-19,Inactivo
2342,CLI-002342,Premium,Cali,Mexico,43,42942,2026-05-07,Inactivo
2343,CLI-002343,Empresarial,CDMX,Mexico,43,43647,2022-10-13,Inactivo
2344,CLI-002344,Nomina,Medellin,Mexico,46,92759,2024-03-29,Inactivo
2345,CLI-002345,Nomina,Medellin,Mexico,64,44769,2025-03-26,Activo
2346,CLI-002346,Empresarial,CDMX,Colombia,61,12812,2023-10-12,Activo
2347,CLI-002347,Digital,Puebla,Mexico,35,60987,2024-07-24,Inactivo
2348,CLI-002348,Nomina,Queretaro,Colombia,48,41165,2025-03-23,Activo
2349,CLI-002349,Pyme,CDMX,Mexico,53,53312,2021-11-11,Activo
2350,CLI-002350,Digital,Cali,Mexico,50,46631,2024-12-31,Activo
2351,CLI-002351,Digital,Monterrey,Mexico,28,87205,2026-01-24,Inactivo
2352,CLI-002352,Nomina,Bogota,Mexico,54,63330,2022-08-23,Inactivo
2353,CLI-002353,Digital,Queretaro,Colombia,23,47455,2022-06-09,Inactivo
2354,CLI-002354,Pyme,Monterrey,Mexico,53,52036,2026-07-04,Inactivo
2355,CLI-002355,Premium,Puebla,Mexico,23,50726,2022-10-06,Activo
2356,CLI-002356,Nomina,Medellin,Mexico,37,30224,2026-06-12,Activo
2357,CLI-002357,Digital,CDMX,Mexico,55,28659,2022-09-26,Activo
2358,CLI-002358,Nomina,Queretaro,Mexico,58,87299,2026-08-11,Inactivo
2359,CLI-002359,Empresarial,Medellin,Colombia,43,72364,2024-07-03,Activo
2360,CLI-002360,Pyme,Cali,Colombia,35,23502,2025-04-13,Inactivo
2361,CLI-002361,Empresarial,Monterrey,Mexico,57,26924,2023-09-29,Activo
2362,CLI-002362,Nomina,Queretaro,Mexico,51,57722,2026-08-03,Activo
2363,CLI-002363,Digital,Medellin,Mexico,30,61618,2025-11-13,Activo
2364,CLI-002364,Premium,Bogota,Colombia,53,80351,2023-07-26,Activo
2365,CLI-002365,Premium,Queretaro,Mexico,59,70154,2026-05-05,Inactivo
2366,CLI-002366,Pyme,Queretaro,Mexico,41,32682,2024-03-19,Activo
2367,CLI-002367,Pyme,CDMX,Mexico,52,61840,2022-07-31,Activo
2368,CLI-002368,Pyme,Monterrey,Colombia,57,66383,2023-06-07,Activo
2369,CLI-002369,Pyme,Queretaro,Mexico,63,96680,2023-01-23,Activo
2370,CLI-002370,Pyme,Medellin,Colombia,45,96506,2023-11-04,Activo
2371,CLI-002371,Nomina,Queretaro,Colombia,27,18901,2022-03-16,Activo
2372,CLI-002372,Pyme,Cali,Mexico,51,42735,2024-04-19,Activo
2373,CLI-002373,Empresarial,Queretaro,Mexico,50,58230,2022-04-13,Activo
2374,CLI-002374,Pyme,CDMX,Mexico,33,41540,2022-04-24,Activo
2375,CLI-002375,Empresarial,Guadalajara,Mexico,61,66489,2023-03-01,Activo
2376,CLI-002376,Premium,CDMX,Mexico,38,75597,2021-12-26,Activo
2377,CLI-002377,Nomina,Monterrey,Colombia,46,82885,2022-05-07,Activo
2378,CLI-002378,Nomina,Medellin,Mexico,57,44385,2025-09-04,Activo
2379,CLI-002379,Empresarial,Cali,Colombia,46,47378,2026-04-07,Activo
2380,CLI-002380,Digital,Puebla,Colombia,50,45987,2026-03-03,Activo
2381,CLI-002381,Digital,Cali,Mexico,23,16127,2022-01-26,Inactivo
2382,CLI-002382,Pyme,Monterrey,Colombia,44,17051,2023-04-24,Inactivo
2383,CLI-002383,Premium,Medellin,Mexico,43,9354,2022-06-10,Inactivo
2384,CLI-002384,Premium,Queretaro,Mexico,26,56087,2023-07-27,Activo
2385,CLI-002385,Nomina,Queretaro,Colombia,43,56594,2023-08-14,Activo
2386,CLI-002386,Digital,CDMX,Mexico,50,65675,2022-05-24,Activo
2387,CLI-002387,Nomina,Medellin,Mexico,36,83950,2023-07-23,Inactivo
2388,CLI-002388,Nomina,Queretaro,Mexico,62,19943,2021-11-06,Inactivo
2389,CLI-002389,Pyme,Medellin,Mexico,45,82793,2025-08-26,Activo
2390,CLI-002390,Empresarial,Queretaro,Mexico,62,88759,2024-08-27,Activo
2391,CLI-002391,Nomina,Puebla,Mexico,34,94160,2024-02-25,Activo
2392,CLI-002392,Digital,Bogota,Mexico,33,62191,2022-05-19,Activo
2393,CLI-002393,Digital,Medellin,Mexico,32,62770,2023-06-07,Inactivo
2394,CLI-002394,Premium,Guadalajara,Mexico,62,38084,2023-06-16,Activo
2395,CLI-002395,Empresarial,Cali,Colombia,31,73827,2025-03-20,Activo
2396,CLI-002396,Empresarial,Monterrey,Mexico,41,83151,2024-12-05,Inactivo
2397,CLI-002397,Nomina,Medellin,Mexico,58,41045,2022-02-15,Activo
2398,CLI-002398,Nomina,Bogota,Mexico,37,91281,2021-10-03,Activo
2399,CLI-002399,Empresarial,Puebla,Mexico,26,84286,2024-02-06,Activo
2400,CLI-002400,Nomina,Queretaro,Mexico,52,78879,2026-08-24,Activo
2401,CLI-002401,Premium,Cali,Colombia,28,69996,2022-09-30,Activo
2402,CLI-002402,Nomina,Puebla,Mexico,62,91178,2022-04-28,Activo
2403,CLI-002403,Premium,CDMX,Mexico,45,70821,2021-06-24,Activo
2404,CLI-002404,Premium,Cali,Mexico,57,87732,2026-01-28,Inactivo
2405,CLI-002405,Nomina,Guadalajara,Mexico,59,74948,2025-06-06,Inactivo
2406,CLI-002406,Digital,CDMX,Mexico,28,10955,2026-04-15,Activo
2407,CLI-002407,Pyme,CDMX,Colombia,31,71059,2021-04-07,Activo
2408,CLI-002408,Premium,Medellin,Mexico,34,34373,2022-03-27,Activo
2409,CLI-002409,Premium,Puebla,Mexico,45,85868,2024-06-01,Activo
2410,CLI-002410,Pyme,Cali,Colombia,38,73943,2021-06-03,Inactivo
2411,CLI-002411,Premium,Guadalajara,Mexico,56,80984,2026-03-22,Inactivo
2412,CLI-002412,Digital,CDMX,Mexico,22,39662,2023-08-08,Activo
2413,CLI-002413,Pyme,Guadalajara,Mexico,33,95374,2022-05-20,Activo
2414,CLI-002414,Premium,Queretaro,Colombia,30,86422,2025-11-05,Activo
2415,CLI-002415,Premium,Monterrey,Mexico,21,46634,2025-08-12,Activo
2416,CLI-002416,Empresarial,Cali,Colombia,61,53304,2023-09-05,Inactivo
2417,CLI-002417,Pyme,Guadalajara,Colombia,55,64756,2022-01-08,Activo
2418,CLI-002418,Nomina,CDMX,Mexico,40,47990,2025-02-27,Activo
2419,CLI-002419,Pyme,Queretaro,Mexico,36,43736,2025-07-19,Activo
2420,CLI-002420,Empresarial,Queretaro,Mexico,34,76909,2026-02-01,Activo
2421,CLI-002421,Digital,Bogota,Mexico,47,88053,2026-02-16,Activo
2422,CLI-002422,Nomina,Medellin,Colombia,24,96765,2026-07-27,Activo
2423,CLI-002423,Pyme,Cali,Mexico,22,71243,2025-10-02,Activo
2424,CLI-002424,Digital,Monterrey,Mexico,56,91895,2022-11-06,Activo
2425,CLI-002425,Nomina,CDMX,Mexico,26,47396,2024-12-15,Inactivo
2426,CLI-002426,Premium,Medellin,Mexico,27,45591,2022-03-24,Inactivo
2427,CLI-002427,Nomina,CDMX,Mexico,52,24478,2021-11-11,Inactivo
2428,CLI-002428,Digital,Bogota,Mexico,48,63587,2026-07-02,Activo
2429,CLI-002429,Empresarial,Puebla,Colombia,51,84007,2024-02-19,Activo
2430,CLI-002430,Empresarial,Bogota,Mexico,36,10525,2025-05-30,Inactivo
2431,CLI-002431,Nomina,CDMX,Mexico,63,63984,2021-05-13,Inactivo
2432,CLI-002432,Nomina,Bogota,Mexico,20,39339,2021-07-16,Inactivo
2433,CLI-002433,Premium,Queretaro,Mexico,54,13797,2023-09-14,Activo
2434,CLI-002434,Empresarial,Cali,Colombia,35,63384,2021-10-16,Inactivo
2435,CLI-002435,Pyme,Medellin,Mexico,36,59037,2025-11-14,Activo
2436,CLI-002436,Nomina,CDMX,Colombia,45,59985,2023-02-23,Activo
2437,CLI-002437,Premium,Cali,Colombia,22,57206,2022-09-30,Activo
2438,CLI-002438,Nomina,Bogota,Mexico,41,32035,2022-12-13,Activo
2439,CLI-002439,Empresarial,Bogota,Mexico,33,60295,2021-05-26,Activo
2440,CLI-002440,Pyme,CDMX,Mexico,36,84326,2025-10-24,Activo
2441,CLI-002441,Pyme,Bogota,Colombia,23,27126,2024-08-06,Activo
2442,CLI-002442,Empresarial,Guadalajara,Mexico,44,24539,2026-05-04,Activo
2443,CLI-002443,Empresarial,Bogota,Mexico,55,35694,2021-12-26,Activo
2444,CLI-002444,Digital,CDMX,Mexico,60,45958,2022-12-20,Activo
2445,CLI-002445,Nomina,Medellin,Mexico,61,53939,2025-05-06,Activo
2446,CLI-002446,Empresarial,CDMX,Mexico,29,20247,2021-08-05,Activo
2447,CLI-002447,Digital,Cali,Colombia,40,75881,2021-03-21,Activo
2448,CLI-002448,Empresarial,Puebla,Colombia,58,15895,2023-06-05,Activo
2449,CLI-002449,Premium,Guadalajara,Mexico,62,29624,2022-12-31,Inactivo
2450,CLI-002450,Digital,Cali,Mexico,36,54859,2026-04-01,Activo
2451,CLI-002451,Premium,CDMX,Mexico,20,48043,2026-03-06,Activo
2452,CLI-002452,Nomina,Bogota,Mexico,28,46830,2021-06-07,Activo
2453,CLI-002453,Digital,Bogota,Mexico,35,89935,2022-05-16,Activo
2454,CLI-002454,Empresarial,Bogota,Mexico,45,47036,2022-06-11,Activo
2455,CLI-002455,Pyme,Monterrey,Mexico,23,60969,2024-12-17,Activo
2456,CLI-002456,Digital,Puebla,Colombia,24,58041,2026-06-07,Activo
2457,CLI-002457,Empresarial,Monterrey,Mexico,44,80747,2023-05-15,Activo
2458,CLI-002458,Premium,Puebla,Colombia,42,60370,2021-10-01,Inactivo
2459,CLI-002459,Pyme,Cali,Mexico,22,16638,2023-11-11,Activo
2460,CLI-002460,Digital,Guadalajara,Mexico,44,63354,2023-09-26,Activo
2461,CLI-002461,Empresarial,Guadalajara,Mexico,26,30677,2025-02-26,Activo
2462,CLI-002462,Pyme,Guadalajara,Mexico,53,55241,2026-01-27,Activo
2463,CLI-002463,Empresarial,Monterrey,Mexico,28,8919,2025-12-24,Activo
2464,CLI-002464,Nomina,CDMX,Mexico,22,92339,2022-11-12,Activo
2465,CLI-002465,Nomina,Bogota,Mexico,58,19447,2021-11-17,Activo
2466,CLI-002466,Digital,CDMX,Colombia,25,16418,2024-11-02,Activo
2467,CLI-002467,Pyme,Guadalajara,Mexico,57,38999,2022-05-01,Activo
2468,CLI-002468,Empresarial,Puebla,Mexico,60,16636,2023-09-25,Activo
2469,CLI-002469,Nomina,CDMX,Mexico,46,45414,2021-11-02,Activo
2470,CLI-002470,Digital,Puebla,Mexico,47,85454,2025-10-20,Activo
2471,CLI-002471,Premium,CDMX,Colombia,31,83793,2022-08-12,Inactivo
2472,CLI-002472,Nomina,Puebla,Mexico,45,80131,2025-07-24,Activo
2473,CLI-002473,Premium,Queretaro,Mexico,45,41172,2022-01-25,Inactivo
2474,CLI-002474,Empresarial,Puebla,Colombia,60,42485,2022-11-03,Inactivo
2475,CLI-002475,Nomina,Queretaro,Mexico,36,35288,2025-02-07,Inactivo
2476,CLI-002476,Pyme,Bogota,Mexico,39,96173,2022-12-04,Activo
2477,CLI-002477,Nomina,Guadalajara,Mexico,20,66250,2024-08-11,Activo
2478,CLI-002478,Nomina,Guadalajara,Mexico,59,18572,2025-01-20,Activo
2479,CLI-002479,Pyme,Puebla,Mexico,57,38917,2023-02-02,Activo
2480,CLI-002480,Pyme,Guadalajara,Mexico,58,65261,2021-06-12,Activo
2481,CLI-002481,Premium,Cali,Colombia,47,74591,2021-07-31,Activo
2482,CLI-002482,Pyme,Monterrey,Colombia,23,62071,2022-12-08,Activo
2483,CLI-002483,Pyme,Monterrey,Mexico,26,94912,2021-04-04,Inactivo
2484,CLI-002484,Empresarial,Guadalajara,Mexico,22,55847,2025-06-11,Activo
2485,CLI-002485,Pyme,Medellin,Colombia,30,15082,2022-02-08,Inactivo
2486,CLI-002486,Premium,Puebla,Mexico,52,41282,2024-02-13,Activo
2487,CLI-002487,Empresarial,Queretaro,Mexico,34,48818,2023-06-18,Inactivo
2488,CLI-002488,Digital,Monterrey,Colombia,60,65216,2021-06-28,Activo
2489,CLI-002489,Pyme,Monterrey,Mexico,58,43372,2021-07-29,Activo
2490,CLI-002490,Premium,Cali,Mexico,29,33232,2026-03-29,Activo
2491,CLI-002491,Pyme,Queretaro,Colombia,45,91276,2021-07-18,Inactivo
2492,CLI-002492,Pyme,CDMX,Mexico,54,61635,2024-11-26,Inactivo
2493,CLI-002493,Premium,Puebla,Colombia,28,84810,2025-05-12,Activo
2494,CLI-002494,Empresarial,Guadalajara,Mexico,52,96857,2025-03-21,Activo
2495,CLI-002495,Empresarial,Monterrey,Colombia,62,66560,2023-06-24,Activo
2496,CLI-002496,Empresarial,Cali,Colombia,33,36506,2024-12-25,Activo
2497,CLI-002497,Nomina,Queretaro,Mexico,54,28340,2021-05-30,Activo
2498,CLI-002498,Nomina,Queretaro,Mexico,25,92613,2022-03-05,Inactivo
2499,CLI-002499,Nomina,CDMX,Mexico,44,16314,2021-07-26,Activo
2500,CLI-002500,Nomina,Monterrey,Colombia,32,88664,2024-04-21,Inactivo
2501,CLI-002501,Digital,Monterrey,Colombia,49,69084,2026-05-29,Activo
2502,CLI-002502,Digital,Guadalajara,Mexico,56,10278,2023-10-11,Inactivo
2503,CLI-002503,Empresarial,Medellin,Mexico,40,48767,2023-07-07,Activo
2504,CLI-002504,Pyme,Guadalajara,Mexico,25,89992,2023-02-20,Activo
2505,CLI-002505,Digital,Bogota,Colombia,56,91919,2026-05-01,Inactivo
2506,CLI-002506,Pyme,Bogota,Mexico,22,10279,2025-11-04,Inactivo
2507,CLI-002507,Nomina,Guadalajara,Mexico,34,67631,2021-07-01,Activo
2508,CLI-002508,Nomina,Monterrey,Colombia,51,19108,2021-08-24,Inactivo
2509,CLI-002509,Premium,Bogota,Mexico,64,89759,2025-08-03,Activo
2510,CLI-002510,Digital,Monterrey,Mexico,54,23841,2022-09-23,Activo
2511,CLI-002511,Nomina,Bogota,Colombia,55,38957,2022-09-26,Inactivo
2512,CLI-002512,Pyme,Cali,Mexico,29,29117,2025-10-01,Activo
2513,CLI-002513,Digital,Puebla,Mexico,28,54999,2023-05-07,Activo
2514,CLI-002514,Pyme,Puebla,Mexico,60,82844,2022-05-24,Activo
2515,CLI-002515,Pyme,Puebla,Mexico,63,50259,2026-03-04,Activo
2516,CLI-002516,Empresarial,CDMX,Mexico,47,78912,2026-01-05,Activo
2517,CLI-002517,Nomina,Medellin,Mexico,24,52225,2025-10-27,Activo
2518,CLI-002518,Digital,Cali,Colombia,30,94647,2022-12-18,Activo
2519,CLI-002519,Nomina,CDMX,Colombia,49,83763,2024-04-17,Activo
2520,CLI-002520,Pyme,Medellin,Colombia,41,37188,2022-07-19,Activo
2521,CLI-002521,Pyme,Cali,Mexico,51,21749,2021-06-17,Inactivo
2522,CLI-002522,Premium,Bogota,Colombia,33,97742,2024-10-11,Inactivo
2523,CLI-002523,Empresarial,Queretaro,Colombia,49,69680,2021-12-18,Activo
2524,CLI-002524,Empresarial,Puebla,Mexico,56,63614,2021-03-27,Activo
2525,CLI-002525,Digital,Cali,Mexico,60,79132,2024-01-20,Inactivo
2526,CLI-002526,Nomina,Bogota,Mexico,32,69531,2023-12-25,Activo
2527,CLI-002527,Pyme,Puebla,Mexico,58,93480,2022-06-12,Activo
2528,CLI-002528,Pyme,CDMX,Mexico,29,42683,2024-06-23,Activo
2529,CLI-002529,Digital,Bogota,Mexico,57,50617,2024-09-03,Activo
2530,CLI-002530,Digital,Medellin,Mexico,34,59181,2022-04-19,Inactivo
2531,CLI-002531,Digital,Monterrey,Mexico,52,14482,2023-07-29,Inactivo
2532,CLI-002532,Pyme,Puebla,Mexico,62,16219,2022-09-23,Activo
2533,CLI-002533,Pyme,Monterrey,Mexico,36,24638,2024-01-23,Activo
2534,CLI-002534,Nomina,Monterrey,Mexico,27,9342,2023-04-07,Activo
2535,CLI-002535,Nomina,Bogota,Mexico,33,92672,2023-07-18,Inactivo
2536,CLI-002536,Premium,Cali,Mexico,43,66254,2024-06-14,Activo
2537,CLI-002537,Premium,Guadalajara,Mexico,42,51549,2026-03-28,Activo
2538,CLI-002538,Digital,Guadalajara,Mexico,50,10549,2021-06-03,Activo
2539,CLI-002539,Empresarial,Queretaro,Mexico,44,39718,2022-01-26,Inactivo
2540,CLI-002540,Empresarial,Bogota,Colombia,51,35789,2026-01-16,Activo
2541,CLI-002541,Digital,Monterrey,Mexico,62,68490,2022-05-16,Activo
2542,CLI-002542,Nomina,CDMX,Mexico,25,14233,2022-01-23,Inactivo
2543,CLI-002543,Premium,Puebla,Colombia,45,49049,2021-08-17,Activo
2544,CLI-002544,Digital,CDMX,Mexico,45,43608,2024-12-24,Activo
2545,CLI-002545,Premium,Puebla,Mexico,46,91102,2021-10-30,Activo
2546,CLI-002546,Empresarial,Puebla,Mexico,51,11040,2021-12-23,Activo
2547,CLI-002547,Premium,Monterrey,Mexico,41,11387,2022-08-17,Inactivo
2548,CLI-002548,Premium,Queretaro,Colombia,39,17892,2023-03-14,Activo
2549,CLI-002549,Nomina,Bogota,Mexico,29,70525,2023-06-04,Activo
2550,CLI-002550,Nomina,Monterrey,Mexico,27,45217,2025-07-18,Activo
2551,CLI-002551,Empresarial,Medellin,Mexico,61,63869,2023-08-11,Activo
2552,CLI-002552,Pyme,Puebla,Colombia,38,47116,2025-01-14,Activo
2553,CLI-002553,Pyme,Cali,Colombia,53,35665,2025-04-07,Activo
2554,CLI-002554,Empresarial,Queretaro,Mexico,61,61018,2022-07-21,Activo
2555,CLI-002555,Digital,Medellin,Mexico,40,28377,2021-11-07,Inactivo
2556,CLI-002556,Pyme,Queretaro,Mexico,49,58522,2025-11-15,Activo
2557,CLI-002557,Pyme,Puebla,Mexico,41,92166,2021-04-06,Activo
2558,CLI-002558,Premium,Medellin,Mexico,58,32265,2025-04-23,Activo
2559,CLI-002559,Nomina,Cali,Mexico,25,70214,2026-01-16,Activo
2560,CLI-002560,Nomina,Monterrey,Colombia,43,25344,2023-03-23,Inactivo
2561,CLI-002561,Pyme,Puebla,Mexico,58,19309,2025-05-03,Activo
2562,CLI-002562,Pyme,Puebla,Mexico,61,21354,2023-05-01,Activo
2563,CLI-002563,Empresarial,Guadalajara,Colombia,36,20272,2026-01-17,Activo
2564,CLI-002564,Premium,Medellin,Colombia,43,61542,2025-08-19,Activo
2565,CLI-002565,Digital,Medellin,Colombia,44,46722,2022-04-05,Inactivo
2566,CLI-002566,Digital,Cali,Mexico,36,34851,2025-04-03,Activo
2567,CLI-002567,Pyme,CDMX,Mexico,44,41389,2021-10-29,Activo
2568,CLI-002568,Nomina,Medellin,Mexico,50,20216,2021-12-23,Activo
2569,CLI-002569,Premium,Guadalajara,Mexico,49,9684,2025-05-28,Activo
2570,CLI-002570,Premium,Queretaro,Mexico,56,43662,2022-03-05,Inactivo
2571,CLI-002571,Nomina,Medellin,Colombia,49,71968,2021-10-05,Activo
2572,CLI-002572,Pyme,Medellin,Colombia,26,80425,2026-03-08,Activo
2573,CLI-002573,Premium,Cali,Mexico,31,97419,2025-01-07,Inactivo
2574,CLI-002574,Nomina,Guadalajara,Colombia,57,93252,2025-10-12,Inactivo
2575,CLI-002575,Digital,Monterrey,Mexico,28,75645,2022-09-05,Inactivo
2576,CLI-002576,Digital,Guadalajara,Mexico,64,64125,2025-05-24,Activo
2577,CLI-002577,Nomina,Puebla,Colombia,29,87003,2025-06-01,Activo
2578,CLI-002578,Pyme,Puebla,Mexico,51,68329,2024-05-01,Activo
2579,CLI-002579,Empresarial,CDMX,Colombia,26,51055,2023-05-03,Inactivo
2580,CLI-002580,Pyme,Cali,Mexico,32,41318,2026-05-14,Inactivo
2581,CLI-002581,Nomina,Guadalajara,Mexico,54,81446,2025-09-27,Activo
2582,CLI-002582,Pyme,Cali,Colombia,22,56617,2024-03-01,Inactivo
2583,CLI-002583,Digital,Medellin,Colombia,61,9475,2024-03-09,Activo
2584,CLI-002584,Nomina,Medellin,Mexico,59,13264,2022-03-20,Activo
2585,CLI-002585,Empresarial,Monterrey,Colombia,40,77857,2026-02-12,Inactivo
2586,CLI-002586,Digital,Bogota,Mexico,31,17528,2022-05-14,Activo
2587,CLI-002587,Empresarial,Cali,Mexico,36,56746,2023-09-26,Inactivo
2588,CLI-002588,Nomina,Bogota,Mexico,35,86499,2026-04-28,Activo
2589,CLI-002589,Premium,Medellin,Mexico,50,42675,2022-07-10,Activo
2590,CLI-002590,Pyme,Queretaro,Colombia,62,51692,2023-03-29,Activo
2591,CLI-002591,Digital,CDMX,Mexico,25,15736,2026-06-01,Activo
2592,CLI-002592,Empresarial,CDMX,Mexico,64,57752,2022-04-03,Activo
2593,CLI-002593,Nomina,Cali,Colombia,23,84955,2021-12-13,Activo
2594,CLI-002594,Digital,Medellin,Colombia,46,39727,2023-06-16,Activo
2595,CLI-002595,Pyme,Monterrey,Mexico,53,88766,2026-01-28,Activo
2596,CLI-002596,Nomina,Cali,Colombia,53,30480,2023-08-15,Activo
2597,CLI-002597,Nomina,Medellin,Mexico,25,23853,2022-12-15,Activo
2598,CLI-002598,Pyme,Cali,Mexico,63,89789,2022-08-15,Activo
2599,CLI-002599,Premium,Guadalajara,Colombia,33,47854,2021-09-20,Activo
2600,CLI-002600,Premium,Queretaro,Mexico,46,37753,2025-03-11,Activo
2601,CLI-002601,Nomina,Medellin,Mexico,36,53674,2024-10-05,Activo
2602,CLI-002602,Empresarial,Guadalajara,Mexico,42,64152,2021-09-22,Activo
2603,CLI-002603,Digital,Guadalajara,Colombia,46,36488,2025-05-25,Activo
2604,CLI-002604,Empresarial,Puebla,Colombia,27,40282,2025-10-31,Activo
2605,CLI-002605,Empresarial,Monterrey,Mexico,56,20044,2023-02-03,Activo
2606,CLI-002606,Empresarial,Guadalajara,Mexico,23,91165,2021-06-11,Inactivo
2607,CLI-002607,Pyme,Guadalajara,Mexico,54,71102,2024-06-21,Activo
2608,CLI-002608,Premium,Bogota,Mexico,38,82400,2022-09-19,Activo
2609,CLI-002609,Empresarial,CDMX,Mexico,35,31329,2023-11-10,Activo
2610,CLI-002610,Premium,CDMX,Mexico,24,66923,2022-07-06,Activo
2611,CLI-002611,Pyme,Queretaro,Colombia,51,22133,2022-03-11,Activo
2612,CLI-002612,Empresarial,CDMX,Colombia,55,41490,2025-01-19,Activo
2613,CLI-002613,Empresarial,Bogota,Mexico,59,56910,2023-09-28,Inactivo
2614,CLI-002614,Pyme,CDMX,Colombia,24,37404,2023-08-18,Activo
2615,CLI-002615,Pyme,Monterrey,Mexico,57,8086,2022-04-28,Activo
2616,CLI-002616,Empresarial,Cali,Mexico,48,51240,2022-02-13,Activo
2617,CLI-002617,Digital,Cali,Mexico,32,86319,2022-07-29,Inactivo
2618,CLI-002618,Nomina,Puebla,Mexico,33,24226,2023-05-01,Activo
2619,CLI-002619,Premium,Guadalajara,Mexico,28,35507,2026-04-29,Activo
2620,CLI-002620,Digital,Queretaro,Colombia,25,73947,2021-07-16,Inactivo
2621,CLI-002621,Premium,Medellin,Colombia,24,85643,2024-03-24,Inactivo
2622,CLI-002622,Premium,Queretaro,Colombia,32,70159,2026-02-22,Activo
2623,CLI-002623,Digital,CDMX,Mexico,22,86767,2024-05-12,Activo
2624,CLI-002624,Digital,Guadalajara,Mexico,20,92262,2022-07-31,Activo
2625,CLI-002625,Nomina,Puebla,Colombia,20,64863,2024-11-19,Activo
2626,CLI-002626,Pyme,Queretaro,Mexico,51,92179,2023-08-24,Activo
2627,CLI-002627,Premium,Medellin,Mexico,55,77058,2026-05-02,Activo
2628,CLI-002628,Premium,Puebla,Colombia,54,92021,2021-12-23,Activo
2629,CLI-002629,Premium,Cali,Colombia,42,88366,2022-12-27,Inactivo
2630,CLI-002630,Pyme,Medellin,Mexico,53,53509,2023-03-14,Inactivo
2631,CLI-002631,Empresarial,Cali,Colombia,54,23933,2024-03-08,Activo
2632,CLI-002632,Premium,Cali,Mexico,63,25088,2023-01-15,Inactivo
2633,CLI-002633,Pyme,Guadalajara,Mexico,24,56651,2023-11-22,Inactivo
2634,CLI-002634,Pyme,Guadalajara,Colombia,52,13697,2024-01-24,Activo
2635,CLI-002635,Digital,Cali,Mexico,62,51405,2024-07-24,Activo
2636,CLI-002636,Premium,Bogota,Mexico,46,8565,2021-10-02,Activo
2637,CLI-002637,Nomina,Bogota,Mexico,54,63905,2024-02-12,Activo
2638,CLI-002638,Premium,Puebla,Mexico,24,95294,2024-05-19,Inactivo
2639,CLI-002639,Digital,Queretaro,Mexico,49,24038,2022-12-22,Inactivo
2640,CLI-002640,Empresarial,Guadalajara,Mexico,36,93801,2024-06-27,Activo
2641,CLI-002641,Nomina,Medellin,Mexico,24,37131,2025-07-22,Activo
2642,CLI-002642,Premium,Cali,Mexico,34,62211,2022-12-31,Activo
2643,CLI-002643,Nomina,Puebla,Mexico,26,85549,2026-07-21,Activo
2644,CLI-002644,Premium,Medellin,Mexico,46,97731,2026-05-01,Activo
2645,CLI-002645,Digital,Puebla,Mexico,44,61576,2024-12-29,Activo
2646,CLI-002646,Pyme,Monterrey,Mexico,45,44507,2026-04-06,Activo
2647,CLI-002647,Empresarial,Medellin,Colombia,25,49584,2025-02-03,Activo
2648,CLI-002648,Empresarial,Monterrey,Mexico,46,80758,2026-02-02,Activo
2649,CLI-002649,Digital,Queretaro,Mexico,34,79310,2025-10-05,Activo
2650,CLI-002650,Empresarial,Cali,Mexico,27,83212,2021-04-09,Activo
2651,CLI-002651,Nomina,Puebla,Mexico,33,62165,2026-05-04,Inactivo
2652,CLI-002652,Nomina,Queretaro,Mexico,43,77316,2026-09-02,Inactivo
2653,CLI-002653,Premium,Guadalajara,Mexico,21,51422,2023-01-09,Activo
2654,CLI-002654,Pyme,Queretaro,Mexico,57,74916,2026-02-04,Activo
2655,CLI-002655,Empresarial,Guadalajara,Mexico,63,78947,2021-08-30,Activo
2656,CLI-002656,Pyme,Bogota,Colombia,54,44297,2023-06-07,Inactivo
2657,CLI-002657,Premium,Bogota,Mexico,63,40169,2025-01-26,Activo
2658,CLI-002658,Digital,Guadalajara,Mexico,44,84020,2021-04-01,Activo
2659,CLI-002659,Premium,Queretaro,Mexico,52,9756,2026-01-10,Activo
2660,CLI-002660,Premium,Bogota,Mexico,25,75511,2024-05-01,Inactivo
2661,CLI-002661,Nomina,Guadalajara,Colombia,33,95204,2025-12-14,Activo
2662,CLI-002662,Nomina,Puebla,Mexico,62,58276,2021-08-02,Inactivo
2663,CLI-002663,Pyme,Monterrey,Mexico,26,78031,2026-01-13,Inactivo
2664,CLI-002664,Digital,Puebla,Mexico,34,46292,2025-09-12,Inactivo
2665,CLI-002665,Nomina,Queretaro,Mexico,29,65168,2023-01-23,Activo
2666,CLI-002666,Nomina,Puebla,Mexico,37,56707,2022-12-04,Activo
2667,CLI-002667,Premium,Queretaro,Mexico,24,82168,2025-05-28,Activo
2668,CLI-002668,Nomina,Medellin,Colombia,32,73579,2025-06-24,Activo
2669,CLI-002669,Empresarial,Cali,Mexico,53,43495,2023-01-26,Inactivo
2670,CLI-002670,Empresarial,CDMX,Colombia,41,91082,2023-03-03,Activo
2671,CLI-002671,Premium,Guadalajara,Colombia,44,57102,2025-04-29,Activo
2672,CLI-002672,Pyme,Bogota,Mexico,27,60601,2025-01-01,Activo
2673,CLI-002673,Pyme,Bogota,Mexico,38,95975,2024-11-17,Activo
2674,CLI-002674,Nomina,CDMX,Mexico,22,84651,2026-06-01,Activo
2675,CLI-002675,Nomina,Puebla,Mexico,41,76822,2023-03-06,Activo
2676,CLI-002676,Nomina,Puebla,Mexico,53,73902,2026-01-22,Inactivo
2677,CLI-002677,Premium,Monterrey,Mexico,56,59397,2025-08-01,Activo
2678,CLI-002678,Empresarial,Guadalajara,Mexico,41,56088,2025-06-16,Activo
2679,CLI-002679,Pyme,CDMX,Colombia,50,29568,2023-02-23,Inactivo
2680,CLI-002680,Empresarial,Puebla,Mexico,41,56145,2025-09-18,Inactivo
2681,CLI-002681,Nomina,Medellin,Mexico,41,8868,2022-02-22,Activo
2682,CLI-002682,Pyme,CDMX,Mexico,40,35516,2024-11-19,Activo
2683,CLI-002683,Empresarial,Bogota,Mexico,56,54067,2026-02-12,Activo
2684,CLI-002684,Nomina,Puebla,Mexico,33,86242,2023-12-15,Activo
2685,CLI-002685,Premium,Puebla,Mexico,56,60997,2026-04-26,Activo
2686,CLI-002686,Pyme,Puebla,Mexico,45,87979,2023-03-25,Activo
2687,CLI-002687,Empresarial,Monterrey,Mexico,45,79127,2022-11-25,Activo
2688,CLI-002688,Premium,Queretaro,Mexico,45,55816,2025-05-24,Inactivo
2689,CLI-002689,Digital,Guadalajara,Colombia,44,44864,2023-10-25,Inactivo
2690,CLI-002690,Nomina,Monterrey,Mexico,62,77883,2025-01-16,Inactivo
2691,CLI-002691,Empresarial,Bogota,Colombia,46,47424,2023-08-08,Inactivo
2692,CLI-002692,Empresarial,Cali,Mexico,51,39368,2023-10-30,Inactivo
2693,CLI-002693,Digital,Medellin,Mexico,26,47700,2023-06-24,Activo
2694,CLI-002694,Digital,Cali,Colombia,57,81800,2025-01-13,Activo
2695,CLI-002695,Digital,Cali,Mexico,23,9295,2024-11-16,Activo
2696,CLI-002696,Pyme,Cali,Colombia,56,79092,2022-04-28,Activo
2697,CLI-002697,Premium,Medellin,Mexico,37,55103,2026-03-21,Activo
2698,CLI-002698,Digital,Guadalajara,Mexico,53,84403,2026-01-18,Activo
2699,CLI-002699,Pyme,Cali,Mexico,44,32759,2021-08-28,Activo
2700,CLI-002700,Empresarial,CDMX,Colombia,49,85982,2022-01-20,Activo
2701,CLI-002701,Empresarial,Medellin,Mexico,45,41337,2025-11-12,Inactivo
2702,CLI-002702,Empresarial,Queretaro,Mexico,55,16049,2022-02-18,Activo
2703,CLI-002703,Premium,Medellin,Colombia,40,75410,2022-06-19,Activo
2704,CLI-002704,Nomina,Bogota,Mexico,53,18967,2025-05-09,Activo
2705,CLI-002705,Nomina,Cali,Mexico,58,96628,2024-12-28,Activo
2706,CLI-002706,Pyme,CDMX,Colombia,21,13316,2023-10-07,Inactivo
2707,CLI-002707,Digital,Medellin,Colombia,21,37497,2021-11-10,Activo
2708,CLI-002708,Digital,Guadalajara,Mexico,35,70744,2022-05-13,Activo
2709,CLI-002709,Pyme,Puebla,Colombia,23,70119,2023-11-19,Activo
2710,CLI-002710,Premium,Guadalajara,Mexico,47,71388,2023-03-30,Activo
2711,CLI-002711,Empresarial,Cali,Colombia,39,41005,2021-06-10,Activo
2712,CLI-002712,Pyme,Bogota,Colombia,56,29547,2024-01-03,Activo
2713,CLI-002713,Pyme,Cali,Mexico,33,43360,2022-12-16,Activo
2714,CLI-002714,Nomina,Queretaro,Mexico,41,49124,2021-12-28,Activo
2715,CLI-002715,Premium,Medellin,Mexico,20,90270,2025-01-22,Activo
2716,CLI-002716,Pyme,Monterrey,Mexico,51,45099,2026-06-26,Activo
2717,CLI-002717,Empresarial,Puebla,Colombia,48,26426,2023-09-29,Inactivo
2718,CLI-002718,Empresarial,Puebla,Mexico,63,94700,2026-06-21,Activo
2719,CLI-002719,Premium,Guadalajara,Colombia,20,20844,2024-05-17,Activo
2720,CLI-002720,Empresarial,Queretaro,Mexico,48,68879,2024-03-11,Activo
2721,CLI-002721,Premium,Queretaro,Colombia,61,59781,2023-07-11,Activo
2722,CLI-002722,Premium,Monterrey,Colombia,61,85424,2023-03-30,Activo
2723,CLI-002723,Nomina,Guadalajara,Mexico,54,33040,2023-04-25,Activo
2724,CLI-002724,Pyme,Monterrey,Colombia,25,71622,2022-02-14,Inactivo
2725,CLI-002725,Premium,Cali,Mexico,42,48816,2021-10-23,Activo
2726,CLI-002726,Empresarial,Medellin,Colombia,64,78995,2022-07-11,Inactivo
2727,CLI-002727,Empresarial,Medellin,Colombia,21,35456,2025-07-14,Activo
2728,CLI-002728,Premium,CDMX,Mexico,44,47887,2022-08-01,Inactivo
2729,CLI-002729,Pyme,Guadalajara,Mexico,54,48456,2022-02-18,Activo
2730,CLI-002730,Digital,Queretaro,Mexico,25,93636,2025-08-13,Inactivo
2731,CLI-002731,Empresarial,Cali,Mexico,25,19992,2025-03-23,Activo
2732,CLI-002732,Nomina,Monterrey,Mexico,27,86290,2021-10-11,Activo
2733,CLI-002733,Digital,Monterrey,Mexico,20,76217,2026-04-24,Activo
2734,CLI-002734,Digital,Bogota,Colombia,32,58852,2025-10-19,Activo
2735,CLI-002735,Digital,Medellin,Mexico,22,51445,2023-04-20,Activo
2736,CLI-002736,Digital,Guadalajara,Colombia,44,49905,2023-06-17,Activo
2737,CLI-002737,Premium,Bogota,Colombia,58,59690,2025-07-21,Activo
2738,CLI-002738,Nomina,Puebla,Mexico,26,34065,2025-03-22,Inactivo
2739,CLI-002739,Digital,Guadalajara,Mexico,24,82559,2026-05-23,Activo
2740,CLI-002740,Pyme,Puebla,Mexico,29,50740,2025-11-09,Activo
2741,CLI-002741,Digital,Guadalajara,Colombia,26,11163,2023-06-02,Inactivo
2742,CLI-002742,Pyme,Cali,Mexico,26,59412,2025-08-06,Inactivo
2743,CLI-002743,Premium,CDMX,Mexico,47,10702,2026-02-24,Activo
2744,CLI-002744,Pyme,Medellin,Colombia,21,49526,2023-04-22,Activo
2745,CLI-002745,Digital,CDMX,Mexico,27,17824,2023-09-18,Activo
2746,CLI-002746,Nomina,Queretaro,Colombia,49,52605,2025-08-28,Activo
2747,CLI-002747,Empresarial,Monterrey,Colombia,54,74913,2022-05-03,Inactivo
2748,CLI-002748,Nomina,Guadalajara,Colombia,63,50656,2026-08-22,Activo
2749,CLI-002749,Pyme,CDMX,Colombia,57,76362,2025-01-25,Inactivo
2750,CLI-002750,Empresarial,Guadalajara,Mexico,49,9386,2024-10-19,Activo
2751,CLI-002751,Premium,Medellin,Mexico,52,92287,2022-09-04,Activo
2752,CLI-002752,Pyme,Medellin,Colombia,41,24227,2023-04-18,Activo
2753,CLI-002753,Nomina,Bogota,Mexico,24,91065,2024-02-06,Activo
2754,CLI-002754,Premium,Medellin,Colombia,21,95361,2025-12-10,Inactivo
2755,CLI-002755,Empresarial,Monterrey,Mexico,25,11335,2026-02-04,Activo
2756,CLI-002756,Nomina,Cali,Mexico,61,16183,2022-04-07,Activo
2757,CLI-002757,Premium,Medellin,Mexico,47,56227,2024-05-29,Activo
2758,CLI-002758,Premium,Cali,Colombia,50,19421,2024-02-19,Inactivo
2759,CLI-002759,Empresarial,Queretaro,Mexico,40,10127,2022-07-28,Activo
2760,CLI-002760,Digital,Cali,Colombia,24,10928,2025-01-28,Inactivo
2761,CLI-002761,Nomina,Puebla,Mexico,38,74328,2022-06-28,Inactivo
2762,CLI-002762,Digital,Cali,Mexico,47,73733,2025-12-22,Activo
2763,CLI-002763,Pyme,Guadalajara,Mexico,42,32338,2021-07-02,Activo
2764,CLI-002764,Nomina,Guadalajara,Colombia,38,32689,2025-08-25,Activo
2765,CLI-002765,Nomina,CDMX,Mexico,53,52250,2021-07-14,Activo
2766,CLI-002766,Nomina,Cali,Mexico,29,27602,2026-05-05,Activo
2767,CLI-002767,Premium,Guadalajara,Mexico,52,44298,2025-05-13,Activo
2768,CLI-002768,Nomina,Queretaro,Mexico,55,97935,2026-01-04,Activo
2769,CLI-002769,Digital,CDMX,Colombia,58,42603,2022-07-21,Activo
2770,CLI-002770,Empresarial,Guadalajara,Mexico,62,74795,2023-06-28,Activo
2771,CLI-002771,Digital,Bogota,Colombia,47,42938,2023-09-16,Activo
2772,CLI-002772,Pyme,Cali,Colombia,62,85994,2023-09-04,Activo
2773,CLI-002773,Pyme,Guadalajara,Mexico,61,81434,2021-05-08,Activo
2774,CLI-002774,Digital,Guadalajara,Mexico,24,83153,2021-06-15,Activo
2775,CLI-002775,Nomina,Cali,Mexico,49,57977,2024-08-26,Activo
2776,CLI-002776,Premium,Medellin,Colombia,33,95550,2025-08-21,Activo
2777,CLI-002777,Empresarial,CDMX,Mexico,34,29526,2024-05-31,Activo
2778,CLI-002778,Pyme,Cali,Mexico,31,60380,2022-10-26,Inactivo
2779,CLI-002779,Premium,Guadalajara,Mexico,22,20415,2021-11-06,Activo
2780,CLI-002780,Empresarial,Bogota,Mexico,24,53630,2021-08-19,Activo
2781,CLI-002781,Premium,Queretaro,Colombia,63,21436,2021-10-18,Activo
2782,CLI-002782,Premium,Queretaro,Mexico,31,37229,2025-12-06,Activo
2783,CLI-002783,Empresarial,Bogota,Mexico,34,93593,2025-06-16,Inactivo
2784,CLI-002784,Nomina,Monterrey,Mexico,24,77443,2021-06-21,Activo
2785,CLI-002785,Pyme,Queretaro,Mexico,62,64551,2022-05-15,Inactivo
2786,CLI-002786,Pyme,CDMX,Mexico,60,18298,2026-07-02,Activo
2787,CLI-002787,Nomina,CDMX,Mexico,21,15673,2023-08-07,Activo
2788,CLI-002788,Premium,CDMX,Colombia,53,23820,2021-04-15,Activo
2789,CLI-002789,Digital,Cali,Mexico,35,19258,2023-02-02,Activo
2790,CLI-002790,Premium,Monterrey,Mexico,39,75629,2025-06-12,Inactivo
2791,CLI-002791,Empresarial,Cali,Colombia,34,73287,2021-05-11,Activo
2792,CLI-002792,Nomina,Guadalajara,Mexico,64,84692,2025-01-12,Inactivo
2793,CLI-002793,Nomina,Queretaro,Mexico,20,52930,2022-08-08,Activo
2794,CLI-002794,Pyme,Bogota,Mexico,26,29139,2023-08-14,Activo
2795,CLI-002795,Premium,Puebla,Mexico,62,76118,2022-07-28,Activo
2796,CLI-002796,Premium,Cali,Mexico,64,53845,2022-01-13,Activo
2797,CLI-002797,Pyme,Monterrey,Mexico,38,21738,2025-12-17,Inactivo
2798,CLI-002798,Empresarial,Queretaro,Mexico,64,84707,2024-04-03,Inactivo
2799,CLI-002799,Pyme,Queretaro,Mexico,57,67615,2023-07-05,Activo
2800,CLI-002800,Pyme,CDMX,Colombia,24,53923,2023-12-07,Activo
2801,CLI-002801,Pyme,Guadalajara,Mexico,58,81053,2024-12-27,Activo
2802,CLI-002802,Premium,Bogota,Mexico,26,17942,2026-03-14,Inactivo
2803,CLI-002803,Premium,Monterrey,Colombia,36,40123,2023-07-12,Activo
2804,CLI-002804,Empresarial,Bogota,Mexico,32,81652,2022-06-24,Activo
2805,CLI-002805,Digital,Puebla,Mexico,44,55808,2024-02-19,Activo
2806,CLI-002806,Digital,Guadalajara,Mexico,50,79006,2023-12-08,Inactivo
2807,CLI-002807,Empresarial,Bogota,Mexico,32,80123,2023-09-26,Inactivo
2808,CLI-002808,Premium,Medellin,Mexico,58,81490,2021-03-28,Activo
2809,CLI-002809,Nomina,Cali,Mexico,49,33107,2022-04-13,Activo
2810,CLI-002810,Empresarial,CDMX,Mexico,33,74958,2023-10-14,Activo
2811,CLI-002811,Empresarial,Puebla,Mexico,52,86507,2024-07-25,Inactivo
2812,CLI-002812,Pyme,CDMX,Mexico,24,48205,2022-02-20,Activo
2813,CLI-002813,Empresarial,CDMX,Mexico,32,92452,2025-07-11,Inactivo
2814,CLI-002814,Premium,CDMX,Mexico,51,75278,2023-06-12,Activo
2815,CLI-002815,Digital,Puebla,Colombia,24,64731,2024-07-20,Inactivo
2816,CLI-002816,Digital,Cali,Mexico,47,75613,2026-05-25,Activo
2817,CLI-002817,Nomina,Bogota,Colombia,48,81933,2024-11-15,Activo
2818,CLI-002818,Nomina,CDMX,Mexico,39,28111,2023-10-09,Activo
2819,CLI-002819,Nomina,Cali,Mexico,50,83341,2023-10-24,Activo
2820,CLI-002820,Nomina,Puebla,Colombia,52,50115,2021-07-01,Activo
2821,CLI-002821,Nomina,Bogota,Mexico,47,95835,2025-10-29,Inactivo
2822,CLI-002822,Digital,Cali,Mexico,64,30618,2023-12-28,Activo
2823,CLI-002823,Nomina,Monterrey,Mexico,40,45730,2021-12-12,Inactivo
2824,CLI-002824,Nomina,Medellin,Mexico,50,72469,2024-09-01,Activo
2825,CLI-002825,Empresarial,Queretaro,Mexico,49,68222,2025-01-25,Inactivo
2826,CLI-002826,Nomina,Cali,Colombia,27,82182,2024-07-14,Activo
2827,CLI-002827,Empresarial,Queretaro,Colombia,44,84222,2025-04-02,Activo
2828,CLI-002828,Nomina,Medellin,Mexico,36,47324,2022-11-23,Activo
2829,CLI-002829,Empresarial,Cali,Mexico,53,86972,2025-11-23,Activo
2830,CLI-002830,Digital,Medellin,Colombia,57,42956,2026-08-26,Inactivo
2831,CLI-002831,Pyme,Monterrey,Colombia,62,66390,2022-06-23,Inactivo
2832,CLI-002832,Nomina,Medellin,Colombia,51,63800,2021-12-07,Activo
2833,CLI-002833,Pyme,Medellin,Mexico,29,8920,2021-09-04,Activo
2834,CLI-002834,Digital,Medellin,Colombia,34,28577,2025-11-13,Activo
2835,CLI-002835,Nomina,Puebla,Mexico,56,57504,2024-07-19,Activo
2836,CLI-002836,Digital,Guadalajara,Mexico,62,85625,2025-05-26,Activo
2837,CLI-002837,Nomina,Monterrey,Colombia,59,32852,2023-12-11,Activo
2838,CLI-002838,Empresarial,Puebla,Colombia,46,46204,2021-06-03,Activo
2839,CLI-002839,Pyme,Monterrey,Colombia,61,18005,2023-09-07,Activo
2840,CLI-002840,Premium,Puebla,Colombia,26,61305,2022-06-26,Activo
2841,CLI-002841,Nomina,Monterrey,Mexico,58,65554,2022-07-02,Inactivo
2842,CLI-002842,Premium,Guadalajara,Mexico,26,78809,2024-04-16,Activo
2843,CLI-002843,Empresarial,Medellin,Mexico,40,20721,2024-09-17,Activo
2844,CLI-002844,Nomina,Guadalajara,Colombia,40,40549,2022-04-06,Inactivo
2845,CLI-002845,Premium,Cali,Colombia,41,73039,2025-06-27,Activo
2846,CLI-002846,Pyme,Guadalajara,Mexico,28,47807,2022-03-06,Inactivo
2847,CLI-002847,Premium,Monterrey,Mexico,28,12483,2023-08-05,Activo
2848,CLI-002848,Digital,Puebla,Mexico,64,88415,2025-08-28,Activo
2849,CLI-002849,Pyme,CDMX,Mexico,31,8926,2023-02-06,Activo
2850,CLI-002850,Pyme,Puebla,Mexico,57,26587,2024-10-27,Activo
2851,CLI-002851,Empresarial,Puebla,Mexico,26,62337,2025-06-25,Activo
2852,CLI-002852,Digital,Medellin,Mexico,38,68464,2026-07-05,Activo
2853,CLI-002853,Empresarial,Queretaro,Mexico,50,23873,2022-11-16,Inactivo
2854,CLI-002854,Digital,Monterrey,Mexico,21,55234,2022-02-08,Inactivo
2855,CLI-002855,Premium,Queretaro,Colombia,63,37463,2021-12-31,Activo
2856,CLI-002856,Pyme,CDMX,Mexico,49,36950,2024-03-17,Activo
2857,CLI-002857,Premium,Cali,Mexico,35,30922,2024-04-14,Activo
2858,CLI-002858,Digital,CDMX,Colombia,43,21245,2025-09-07,Activo
2859,CLI-002859,Premium,Medellin,Mexico,29,13367,2025-09-16,Inactivo
2860,CLI-002860,Nomina,CDMX,Colombia,57,82712,2023-02-09,Activo
2861,CLI-002861,Digital,Cali,Mexico,27,78149,2025-10-23,Inactivo
2862,CLI-002862,Pyme,Monterrey,Colombia,38,57811,2026-07-01,Activo
2863,CLI-002863,Nomina,Puebla,Mexico,29,85083,2025-09-10,Activo
2864,CLI-002864,Nomina,Puebla,Colombia,45,57463,2026-02-24,Inactivo
2865,CLI-002865,Pyme,Bogota,Mexico,57,13450,2023-09-07,Inactivo
2866,CLI-002866,Premium,Cali,Colombia,61,80560,2026-03-27,Inactivo
2867,CLI-002867,Premium,Medellin,Colombia,50,92723,2025-01-29,Activo
2868,CLI-002868,Nomina,Medellin,Mexico,61,41906,2025-06-13,Activo
2869,CLI-002869,Empresarial,Guadalajara,Mexico,39,96100,2021-08-29,Activo
2870,CLI-002870,Pyme,Queretaro,Colombia,54,37259,2026-05-05,Inactivo
2871,CLI-002871,Digital,Queretaro,Colombia,34,70899,2025-06-23,Activo
2872,CLI-002872,Nomina,Bogota,Colombia,42,56683,2026-03-13,Inactivo
2873,CLI-002873,Nomina,Puebla,Mexico,22,95745,2023-08-04,Activo
2874,CLI-002874,Nomina,Puebla,Mexico,37,37801,2025-09-25,Inactivo
2875,CLI-002875,Premium,Monterrey,Colombia,46,31830,2022-07-29,Activo
2876,CLI-002876,Nomina,Bogota,Mexico,44,35122,2026-08-29,Activo
2877,CLI-002877,Empresarial,Medellin,Colombia,20,12014,2026-08-14,Activo
2878,CLI-002878,Nomina,Cali,Colombia,46,22931,2022-06-13,Inactivo
2879,CLI-002879,Digital,Cali,Colombia,30,10932,2025-04-03,Activo
2880,CLI-002880,Nomina,Guadalajara,Colombia,35,25319,2025-07-18,Activo
2881,CLI-002881,Nomina,Monterrey,Mexico,56,89528,2022-04-07,Activo
2882,CLI-002882,Empresarial,CDMX,Colombia,30,38388,2024-11-15,Activo
2883,CLI-002883,Empresarial,Guadalajara,Mexico,42,57895,2023-08-10,Activo
2884,CLI-002884,Pyme,Guadalajara,Colombia,28,22598,2022-01-08,Activo
2885,CLI-002885,Nomina,Puebla,Mexico,44,39214,2022-08-02,Activo
2886,CLI-002886,Digital,CDMX,Colombia,55,75739,2026-03-07,Inactivo
2887,CLI-002887,Nomina,Medellin,Colombia,37,89691,2023-04-29,Activo
2888,CLI-002888,Empresarial,CDMX,Mexico,42,25828,2024-01-15,Activo
2889,CLI-002889,Pyme,Guadalajara,Colombia,37,61577,2021-12-05,Activo
2890,CLI-002890,Premium,Cali,Mexico,64,16801,2025-12-13,Activo
2891,CLI-002891,Nomina,Guadalajara,Mexico,30,44070,2021-07-03,Inactivo
2892,CLI-002892,Pyme,Monterrey,Mexico,42,90603,2025-04-18,Activo
2893,CLI-002893,Empresarial,Bogota,Colombia,39,48371,2022-06-24,Activo
2894,CLI-002894,Premium,Guadalajara,Colombia,43,32172,2021-11-19,Activo
2895,CLI-002895,Nomina,Bogota,Mexico,51,85405,2024-09-24,Activo
2896,CLI-002896,Pyme,Bogota,Mexico,46,17456,2025-05-16,Inactivo
2897,CLI-002897,Premium,Puebla,Colombia,40,20569,2024-02-14,Inactivo
2898,CLI-002898,Pyme,Bogota,Colombia,26,16408,2023-09-09,Activo
2899,CLI-002899,Pyme,Medellin,Mexico,61,79210,2023-06-10,Activo
2900,CLI-002900,Empresarial,Monterrey,Mexico,42,46828,2023-03-15,Inactivo
2901,CLI-002901,Nomina,Guadalajara,Mexico,27,61061,2023-08-14,Activo
2902,CLI-002902,Pyme,Queretaro,Mexico,35,72477,2023-01-11,Inactivo
2903,CLI-002903,Pyme,Cali,Mexico,42,78595,2022-08-25,Activo
2904,CLI-002904,Empresarial,Queretaro,Colombia,34,47352,2022-04-30,Activo
2905,CLI-002905,Digital,CDMX,Mexico,37,19280,2023-06-22,Activo
2906,CLI-002906,Pyme,Guadalajara,Colombia,59,74340,2026-03-27,Activo
2907,CLI-002907,Nomina,Guadalajara,Mexico,35,75948,2023-10-03,Activo
2908,CLI-002908,Digital,Cali,Mexico,54,96997,2024-03-23,Activo
2909,CLI-002909,Nomina,Medellin,Colombia,49,16158,2021-06-30,Inactivo
2910,CLI-002910,Pyme,Monterrey,Mexico,45,61462,2022-05-11,Activo
2911,CLI-002911,Digital,Puebla,Colombia,39,20094,2024-06-28,Activo
2912,CLI-002912,Empresarial,Monterrey,Colombia,63,40518,2025-08-11,Activo
2913,CLI-002913,Empresarial,Bogota,Mexico,30,14738,2022-08-21,Activo
2914,CLI-002914,Pyme,Monterrey,Mexico,47,20102,2025-01-16,Activo
2915,CLI-002915,Nomina,Queretaro,Mexico,20,12210,2021-05-22,Inactivo
2916,CLI-002916,Nomina,Puebla,Mexico,37,44021,2021-08-14,Activo
2917,CLI-002917,Empresarial,CDMX,Colombia,59,43183,2025-06-24,Activo
2918,CLI-002918,Empresarial,CDMX,Mexico,30,23612,2025-03-10,Activo
2919,CLI-002919,Empresarial,Bogota,Colombia,50,26503,2021-12-04,Activo
2920,CLI-002920,Premium,CDMX,Colombia,47,33480,2026-03-01,Activo
2921,CLI-002921,Nomina,Guadalajara,Mexico,35,88994,2025-02-05,Inactivo
2922,CLI-002922,Nomina,Guadalajara,Mexico,60,55102,2024-01-24,Activo
2923,CLI-002923,Empresarial,CDMX,Colombia,29,30591,2025-01-27,Activo
2924,CLI-002924,Nomina,Monterrey,Mexico,23,37501,2024-10-23,Activo
2925,CLI-002925,Premium,Cali,Colombia,42,63395,2025-08-22,Activo
2926,CLI-002926,Nomina,Cali,Mexico,29,35689,2022-06-14,Activo
2927,CLI-002927,Premium,Guadalajara,Mexico,55,79652,2023-12-07,Activo
2928,CLI-002928,Pyme,Queretaro,Colombia,27,86673,2022-06-11,Activo
2929,CLI-002929,Pyme,Medellin,Mexico,45,11732,2022-11-27,Activo
2930,CLI-002930,Premium,Bogota,Mexico,49,96133,2026-08-28,Activo
2931,CLI-002931,Premium,Monterrey,Colombia,41,92925,2025-09-20,Activo
2932,CLI-002932,Pyme,Monterrey,Mexico,20,79827,2023-06-28,Activo
2933,CLI-002933,Premium,Monterrey,Mexico,33,84179,2023-03-13,Activo
2934,CLI-002934,Pyme,Puebla,Colombia,43,32823,2024-03-03,Activo
2935,CLI-002935,Pyme,Queretaro,Mexico,49,85053,2021-11-12,Activo
2936,CLI-002936,Premium,Puebla,Mexico,37,29046,2023-08-24,Inactivo
2937,CLI-002937,Empresarial,CDMX,Mexico,59,15842,2024-08-19,Activo
2938,CLI-002938,Digital,CDMX,Mexico,40,91205,2025-10-05,Inactivo
2939,CLI-002939,Nomina,Queretaro,Mexico,51,66483,2022-02-01,Activo
2940,CLI-002940,Pyme,Guadalajara,Mexico,59,10994,2021-10-01,Activo
2941,CLI-002941,Pyme,Monterrey,Mexico,42,27015,2024-07-03,Activo
2942,CLI-002942,Digital,CDMX,Mexico,51,87890,2026-01-06,Inactivo
2943,CLI-002943,Nomina,Guadalajara,Mexico,58,90010,2023-02-27,Inactivo
2944,CLI-002944,Digital,Medellin,Mexico,49,46782,2025-06-24,Inactivo
2945,CLI-002945,Digital,Medellin,Mexico,41,26472,2024-05-27,Activo
2946,CLI-002946,Empresarial,Bogota,Mexico,59,53334,2024-01-14,Activo
2947,CLI-002947,Digital,Monterrey,Colombia,34,9972,2023-01-01,Activo
2948,CLI-002948,Nomina,Medellin,Mexico,22,66312,2023-08-08,Inactivo
2949,CLI-002949,Digital,Queretaro,Mexico,52,10677,2024-07-14,Activo
2950,CLI-002950,Nomina,CDMX,Colombia,46,94594,2021-10-07,Activo
2951,CLI-002951,Nomina,Medellin,Mexico,54,53807,2023-04-21,Activo
2952,CLI-002952,Premium,Queretaro,Mexico,25,21853,2022-10-30,Inactivo
2953,CLI-002953,Digital,Medellin,Mexico,24,74378,2021-08-16,Activo
2954,CLI-002954,Empresarial,Monterrey,Mexico,38,34274,2026-07-05,Activo
2955,CLI-002955,Premium,Bogota,Mexico,63,15839,2022-06-14,Inactivo
2956,CLI-002956,Pyme,Cali,Mexico,20,33405,2022-06-06,Activo
2957,CLI-002957,Premium,CDMX,Mexico,28,63524,2022-03-09,Activo
2958,CLI-002958,Nomina,Monterrey,Mexico,27,97941,2025-05-27,Inactivo
2959,CLI-002959,Digital,Monterrey,Colombia,56,70764,2022-05-22,Activo
2960,CLI-002960,Empresarial,CDMX,Colombia,25,50433,2021-12-18,Activo
2961,CLI-002961,Digital,Cali,Mexico,29,18251,2021-11-02,Activo
2962,CLI-002962,Empresarial,Medellin,Colombia,24,66544,2025-04-16,Inactivo
2963,CLI-002963,Empresarial,Bogota,Colombia,49,16384,2026-09-01,Inactivo
2964,CLI-002964,Digital,CDMX,Mexico,46,22047,2023-03-22,Activo
2965,CLI-002965,Empresarial,Guadalajara,Mexico,44,54582,2021-10-03,Inactivo
2966,CLI-002966,Nomina,Guadalajara,Mexico,27,93128,2023-08-30,Activo
2967,CLI-002967,Digital,Medellin,Colombia,34,93187,2023-01-21,Activo
2968,CLI-002968,Nomina,Queretaro,Mexico,35,58845,2023-02-28,Activo
2969,CLI-002969,Pyme,CDMX,Mexico,39,61310,2026-01-22,Activo
2970,CLI-002970,Empresarial,Medellin,Mexico,41,43272,2026-08-03,Activo
2971,CLI-002971,Nomina,CDMX,Mexico,40,65204,2022-04-09,Inactivo
2972,CLI-002972,Premium,Bogota,Colombia,32,27651,2022-04-11,Activo
2973,CLI-002973,Digital,Bogota,Mexico,43,81919,2024-01-08,Activo
2974,CLI-002974,Nomina,Bogota,Mexico,49,67197,2025-01-15,Activo
2975,CLI-002975,Pyme,Puebla,Mexico,24,91343,2021-06-08,Activo
2976,CLI-002976,Pyme,Guadalajara,Colombia,45,44456,2022-03-16,Activo
2977,CLI-002977,Pyme,Puebla,Colombia,20,90646,2025-01-24,Activo
2978,CLI-002978,Nomina,Medellin,Mexico,21,39937,2022-11-07,Activo
2979,CLI-002979,Premium,CDMX,Mexico,39,41050,2021-07-08,Activo
2980,CLI-002980,Empresarial,Medellin,Colombia,32,86946,2023-11-18,Activo
2981,CLI-002981,Pyme,Bogota,Mexico,42,54599,2025-02-28,Activo
2982,CLI-002982,Premium,Cali,Colombia,30,11460,2024-06-19,Activo
2983,CLI-002983,Digital,Cali,Mexico,46,19641,2023-06-29,Activo
2984,CLI-002984,Premium,Cali,Colombia,60,20140,2026-05-26,Activo
2985,CLI-002985,Digital,Puebla,Mexico,38,63789,2026-08-12,Activo
2986,CLI-002986,Nomina,Puebla,Colombia,46,23923,2021-10-14,Activo
2987,CLI-002987,Empresarial,Cali,Colombia,49,21889,2021-08-31,Activo
2988,CLI-002988,Empresarial,Queretaro,Mexico,53,74132,2021-12-08,Activo
2989,CLI-002989,Premium,Bogota,Mexico,28,90473,2024-04-19,Activo
2990,CLI-002990,Pyme,Queretaro,Mexico,62,80673,2021-10-09,Inactivo
2991,CLI-002991,Nomina,Guadalajara,Mexico,28,76799,2026-03-18,Inactivo
2992,CLI-002992,Premium,CDMX,Colombia,33,12470,2021-04-25,Activo
2993,CLI-002993,Empresarial,Guadalajara,Mexico,53,14060,2022-05-03,Activo
2994,CLI-002994,Digital,Medellin,Colombia,52,58762,2025-06-25,Activo
2995,CLI-002995,Pyme,Medellin,Mexico,26,65201,2023-09-12,Activo
2996,CLI-002996,Premium,Queretaro,Mexico,57,42537,2025-10-19,Inactivo
2997,CLI-002997,Empresarial,Guadalajara,Colombia,34,95266,2023-02-14,Activo
2998,CLI-002998,Nomina,Monterrey,Mexico,45,51603,2024-05-03,Activo
2999,CLI-002999,Empresarial,Queretaro,Mexico,60,44061,2021-08-30,Activo
3000,CLI-003000,Empresarial,Medellin,Colombia,64,11056,2021-04-07,Activo
3001,CLI-003001,Premium,Cali,Mexico,49,30140,2021-07-21,Activo
3002,CLI-003002,Premium,CDMX,Mexico,45,96035,2025-11-02,Inactivo
3003,CLI-003003,Empresarial,Bogota,Colombia,58,8605,2025-04-26,Inactivo
3004,CLI-003004,Premium,CDMX,Mexico,30,14529,2025-08-11,Activo
3005,CLI-003005,Pyme,Puebla,Mexico,42,52628,2023-02-27,Activo
3006,CLI-003006,Empresarial,Monterrey,Mexico,23,59804,2023-01-16,Inactivo
3007,CLI-003007,Nomina,Monterrey,Mexico,57,61786,2026-04-15,Activo
3008,CLI-003008,Premium,Guadalajara,Mexico,33,24546,2025-01-24,Inactivo
3009,CLI-003009,Pyme,Puebla,Mexico,20,32384,2024-04-24,Activo
3010,CLI-003010,Empresarial,Puebla,Mexico,30,96780,2021-08-14,Inactivo
3011,CLI-003011,Digital,Puebla,Mexico,54,62747,2022-05-15,Activo
3012,CLI-003012,Empresarial,Bogota,Colombia,63,16085,2022-11-13,Inactivo
3013,CLI-003013,Nomina,Queretaro,Mexico,32,42517,2021-05-09,Activo
3014,CLI-003014,Empresarial,Queretaro,Mexico,20,39169,2022-08-12,Activo
3015,CLI-003015,Empresarial,Monterrey,Colombia,31,72648,2023-04-14,Activo
3016,CLI-003016,Pyme,Bogota,Colombia,22,52271,2024-02-01,Activo
3017,CLI-003017,Nomina,Guadalajara,Colombia,20,36033,2021-10-14,Activo
3018,CLI-003018,Pyme,CDMX,Colombia,47,78962,2023-09-08,Activo
3019,CLI-003019,Empresarial,CDMX,Mexico,37,77205,2022-06-22,Activo
3020,CLI-003020,Nomina,Queretaro,Colombia,44,43941,2021-06-24,Activo
3021,CLI-003021,Digital,CDMX,Mexico,44,21640,2024-11-29,Activo
3022,CLI-003022,Pyme,Cali,Mexico,51,71836,2025-07-17,Activo
3023,CLI-003023,Pyme,Bogota,Mexico,22,25089,2021-04-12,Activo
3024,CLI-003024,Empresarial,Queretaro,Mexico,22,77176,2024-04-22,Activo
3025,CLI-003025,Digital,Queretaro,Mexico,63,61692,2026-06-13,Activo
3026,CLI-003026,Nomina,Bogota,Mexico,57,82009,2023-03-25,Inactivo
3027,CLI-003027,Empresarial,CDMX,Mexico,58,21073,2024-07-16,Activo
3028,CLI-003028,Pyme,Monterrey,Mexico,22,22671,2024-06-27,Activo
3029,CLI-003029,Nomina,Queretaro,Mexico,33,48934,2022-12-06,Inactivo
3030,CLI-003030,Nomina,Monterrey,Mexico,41,8631,2024-01-23,Activo
3031,CLI-003031,Digital,Monterrey,Colombia,63,13103,2023-10-06,Inactivo
3032,CLI-003032,Digital,Cali,Colombia,23,75564,2025-02-02,Activo
3033,CLI-003033,Empresarial,Queretaro,Colombia,45,45910,2022-05-02,Inactivo
3034,CLI-003034,Empresarial,Guadalajara,Mexico,31,71281,2023-07-09,Inactivo
3035,CLI-003035,Pyme,Cali,Mexico,37,74588,2025-01-09,Activo
3036,CLI-003036,Premium,Queretaro,Mexico,29,42944,2024-06-23,Activo
3037,CLI-003037,Empresarial,Puebla,Mexico,37,47058,2026-08-18,Activo
3038,CLI-003038,Digital,Cali,Mexico,48,31938,2026-08-18,Activo
3039,CLI-003039,Nomina,Medellin,Mexico,46,96959,2026-05-09,Activo
3040,CLI-003040,Digital,Guadalajara,Mexico,47,38507,2022-11-26,Inactivo
3041,CLI-003041,Premium,Monterrey,Mexico,46,28814,2026-01-22,Activo
3042,CLI-003042,Nomina,Puebla,Mexico,52,46734,2025-12-11,Inactivo
3043,CLI-003043,Pyme,Medellin,Mexico,33,36951,2022-03-26,Inactivo
3044,CLI-003044,Premium,Guadalajara,Mexico,53,94638,2025-02-17,Activo
3045,CLI-003045,Pyme,Queretaro,Mexico,20,58495,2022-09-28,Activo
3046,CLI-003046,Pyme,Monterrey,Mexico,59,84074,2022-07-02,Activo
3047,CLI-003047,Premium,Medellin,Mexico,50,21447,2023-12-22,Activo
3048,CLI-003048,Pyme,Puebla,Mexico,63,44755,2022-03-27,Inactivo
3049,CLI-003049,Pyme,Puebla,Mexico,33,85732,2025-10-30,Activo
3050,CLI-003050,Empresarial,CDMX,Mexico,55,13660,2023-12-01,Activo
3051,CLI-003051,Pyme,Guadalajara,Mexico,39,69145,2023-03-14,Activo
3052,CLI-003052,Premium,CDMX,Mexico,35,47603,2026-05-03,Activo
3053,CLI-003053,Pyme,CDMX,Mexico,34,47810,2025-03-22,Activo
3054,CLI-003054,Empresarial,Bogota,Mexico,24,81049,2022-11-15,Inactivo
3055,CLI-003055,Premium,CDMX,Colombia,25,92022,2026-03-28,Activo
3056,CLI-003056,Premium,Queretaro,Mexico,63,92306,2022-01-12,Activo
3057,CLI-003057,Pyme,Monterrey,Colombia,44,25533,2024-11-28,Activo
3058,CLI-003058,Pyme,Bogota,Mexico,44,8622,2022-11-30,Activo
3059,CLI-003059,Nomina,Guadalajara,Colombia,41,50664,2022-09-02,Activo
3060,CLI-003060,Pyme,CDMX,Mexico,45,22755,2023-05-16,Activo
3061,CLI-003061,Pyme,Guadalajara,Colombia,51,62333,2024-01-19,Inactivo
3062,CLI-003062,Nomina,Queretaro,Colombia,33,11593,2021-12-01,Inactivo
3063,CLI-003063,Pyme,Medellin,Colombia,62,88619,2024-02-26,Activo
3064,CLI-003064,Premium,Guadalajara,Mexico,41,29308,2021-07-25,Activo
3065,CLI-003065,Digital,Medellin,Mexico,22,29447,2025-09-04,Activo
3066,CLI-003066,Pyme,Cali,Mexico,47,28516,2022-04-21,Activo
3067,CLI-003067,Pyme,Guadalajara,Mexico,49,62418,2023-10-19,Inactivo
3068,CLI-003068,Nomina,Bogota,Mexico,34,15569,2022-01-22,Activo
3069,CLI-003069,Nomina,Puebla,Colombia,39,47278,2022-11-24,Activo
3070,CLI-003070,Pyme,Cali,Mexico,20,82910,2022-05-10,Inactivo
3071,CLI-003071,Pyme,Guadalajara,Colombia,39,64288,2022-05-29,Inactivo
3072,CLI-003072,Premium,Puebla,Mexico,62,45275,2022-09-13,Activo
3073,CLI-003073,Nomina,Puebla,Colombia,52,10545,2022-04-12,Activo
3074,CLI-003074,Premium,CDMX,Mexico,21,63293,2025-09-30,Activo
3075,CLI-003075,Pyme,Bogota,Mexico,57,65628,2022-05-05,Activo
3076,CLI-003076,Nomina,Cali,Mexico,50,86169,2024-01-31,Inactivo
3077,CLI-003077,Premium,Puebla,Mexico,36,91340,2022-01-24,Activo
3078,CLI-003078,Nomina,Medellin,Mexico,38,80437,2023-01-18,Activo
3079,CLI-003079,Empresarial,Medellin,Mexico,62,31613,2024-06-02,Activo
3080,CLI-003080,Premium,Monterrey,Mexico,49,26798,2023-10-24,Activo
3081,CLI-003081,Premium,Medellin,Mexico,53,83478,2022-10-18,Inactivo
3082,CLI-003082,Premium,CDMX,Mexico,51,46452,2023-06-13,Activo
3083,CLI-003083,Pyme,Monterrey,Colombia,46,80039,2025-07-15,Inactivo
3084,CLI-003084,Digital,Puebla,Mexico,25,28019,2023-06-11,Inactivo
3085,CLI-003085,Nomina,CDMX,Colombia,46,92110,2023-10-02,Activo
3086,CLI-003086,Digital,Cali,Mexico,32,91951,2025-06-05,Activo
3087,CLI-003087,Digital,Guadalajara,Mexico,53,96894,2021-11-17,Activo
3088,CLI-003088,Nomina,Queretaro,Mexico,61,92514,2025-01-11,Inactivo
3089,CLI-003089,Empresarial,Guadalajara,Mexico,40,53361,2023-12-25,Inactivo
3090,CLI-003090,Digital,Queretaro,Colombia,25,48523,2023-02-26,Activo
3091,CLI-003091,Nomina,Bogota,Colombia,33,42914,2026-05-28,Activo
3092,CLI-003092,Empresarial,Guadalajara,Colombia,45,41307,2024-12-31,Activo
3093,CLI-003093,Premium,Queretaro,Colombia,32,10205,2022-12-15,Activo
3094,CLI-003094,Digital,Queretaro,Mexico,55,25352,2022-12-17,Activo
3095,CLI-003095,Nomina,Queretaro,Colombia,26,43547,2026-01-08,Inactivo
3096,CLI-003096,Nomina,Cali,Mexico,37,19917,2026-02-18,Activo
3097,CLI-003097,Empresarial,Bogota,Mexico,38,33000,2023-12-10,Inactivo
3098,CLI-003098,Empresarial,Monterrey,Colombia,36,52418,2026-02-16,Inactivo
3099,CLI-003099,Pyme,Puebla,Mexico,22,55140,2024-10-28,Inactivo
3100,CLI-003100,Premium,Queretaro,Mexico,50,40167,2024-05-27,Activo
3101,CLI-003101,Pyme,Guadalajara,Colombia,58,31401,2022-06-17,Activo
3102,CLI-003102,Premium,Monterrey,Mexico,58,26154,2023-10-11,Inactivo
3103,CLI-003103,Empresarial,CDMX,Colombia,57,81852,2021-12-04,Activo
3104,CLI-003104,Premium,Cali,Mexico,22,63999,2022-03-29,Activo
3105,CLI-003105,Empresarial,Queretaro,Mexico,27,79758,2024-11-07,Activo
3106,CLI-003106,Digital,Queretaro,Mexico,47,86539,2022-08-02,Activo
3107,CLI-003107,Digital,CDMX,Colombia,48,82131,2024-01-26,Activo
3108,CLI-003108,Empresarial,Medellin,Mexico,41,83663,2024-10-30,Activo
3109,CLI-003109,Pyme,Guadalajara,Mexico,32,9186,2024-12-07,Activo
3110,CLI-003110,Pyme,Medellin,Mexico,51,34924,2023-11-20,Inactivo
3111,CLI-003111,Premium,Puebla,Mexico,30,30609,2026-07-28,Activo
3112,CLI-003112,Empresarial,Medellin,Mexico,49,46898,2025-10-01,Activo
3113,CLI-003113,Pyme,Bogota,Colombia,21,28994,2026-03-07,Inactivo
3114,CLI-003114,Digital,Medellin,Mexico,32,83738,2026-07-30,Activo
3115,CLI-003115,Pyme,CDMX,Mexico,53,67849,2024-02-04,Activo
3116,CLI-003116,Premium,Queretaro,Colombia,25,35789,2023-11-12,Activo
3117,CLI-003117,Pyme,Cali,Mexico,27,8332,2023-10-26,Activo
3118,CLI-003118,Empresarial,Monterrey,Mexico,59,70670,2022-04-06,Activo
3119,CLI-003119,Premium,Guadalajara,Mexico,29,95397,2024-04-28,Activo
3120,CLI-003120,Pyme,Queretaro,Colombia,54,22917,2024-05-17,Activo
3121,CLI-003121,Empresarial,Guadalajara,Colombia,39,70981,2024-07-28,Activo
3122,CLI-003122,Premium,Bogota,Mexico,50,41438,2021-04-19,Activo
3123,CLI-003123,Empresarial,Medellin,Mexico,42,34541,2025-11-14,Activo
3124,CLI-003124,Pyme,Monterrey,Mexico,48,61435,2026-07-19,Activo
3125,CLI-003125,Nomina,Guadalajara,Colombia,29,50638,2024-03-17,Activo
3126,CLI-003126,Premium,Cali,Colombia,30,69138,2023-07-15,Activo
3127,CLI-003127,Empresarial,Medellin,Mexico,57,86563,2022-10-06,Activo
3128,CLI-003128,Premium,Bogota,Mexico,56,96599,2023-06-30,Activo
3129,CLI-003129,Nomina,Medellin,Mexico,34,26227,2023-10-20,Inactivo
3130,CLI-003130,Empresarial,Queretaro,Mexico,21,48719,2025-07-10,Activo
3131,CLI-003131,Pyme,CDMX,Mexico,22,60293,2024-08-25,Inactivo
3132,CLI-003132,Digital,Bogota,Mexico,57,26909,2025-03-25,Activo
3133,CLI-003133,Premium,Queretaro,Colombia,63,69672,2024-06-28,Activo
3134,CLI-003134,Premium,Bogota,Mexico,62,78772,2023-05-17,Activo
3135,CLI-003135,Pyme,CDMX,Colombia,44,21922,2023-07-27,Inactivo
3136,CLI-003136,Premium,Puebla,Mexico,54,53967,2025-12-10,Inactivo
3137,CLI-003137,Digital,Puebla,Colombia,37,76438,2021-05-21,Activo
3138,CLI-003138,Nomina,Puebla,Mexico,41,21206,2023-08-21,Activo
3139,CLI-003139,Digital,Guadalajara,Mexico,51,67648,2022-01-08,Activo
3140,CLI-003140,Digital,Puebla,Mexico,52,11981,2023-12-27,Activo
3141,CLI-003141,Digital,Medellin,Colombia,58,97689,2025-08-17,Activo
3142,CLI-003142,Premium,Medellin,Mexico,53,76935,2022-01-28,Activo
3143,CLI-003143,Empresarial,CDMX,Mexico,48,69321,2022-06-21,Activo
3144,CLI-003144,Empresarial,Monterrey,Mexico,43,63608,2022-12-22,Activo
3145,CLI-003145,Premium,Bogota,Mexico,22,41088,2023-11-20,Activo
3146,CLI-003146,Empresarial,Monterrey,Mexico,41,12627,2021-08-21,Activo
3147,CLI-003147,Nomina,Guadalajara,Mexico,34,12430,2024-06-24,Inactivo
3148,CLI-003148,Nomina,Bogota,Mexico,62,56043,2026-04-07,Activo
3149,CLI-003149,Digital,Cali,Mexico,40,12809,2021-11-04,Activo
3150,CLI-003150,Empresarial,Medellin,Mexico,36,54114,2025-03-26,Inactivo
3151,CLI-003151,Premium,Monterrey,Colombia,64,81746,2024-05-10,Inactivo
3152,CLI-003152,Empresarial,Medellin,Mexico,29,20124,2024-12-04,Activo
3153,CLI-003153,Premium,Bogota,Colombia,35,93041,2024-09-01,Activo
3154,CLI-003154,Nomina,Cali,Mexico,49,29017,2023-11-20,Inactivo
3155,CLI-003155,Digital,Guadalajara,Mexico,45,15986,2023-08-12,Inactivo
3156,CLI-003156,Digital,Bogota,Colombia,30,23755,2026-03-07,Inactivo
3157,CLI-003157,Digital,CDMX,Mexico,53,56379,2023-06-25,Inactivo
3158,CLI-003158,Nomina,Puebla,Mexico,33,42587,2024-02-05,Activo
3159,CLI-003159,Nomina,CDMX,Colombia,45,57029,2023-02-11,Inactivo
3160,CLI-003160,Premium,Bogota,Colombia,47,46223,2024-04-03,Activo
3161,CLI-003161,Empresarial,Cali,Mexico,49,44404,2023-08-27,Activo
3162,CLI-003162,Empresarial,Cali,Mexico,55,34987,2025-03-06,Activo
3163,CLI-003163,Digital,CDMX,Mexico,56,26306,2024-01-04,Activo
3164,CLI-003164,Nomina,Cali,Mexico,52,19284,2024-06-15,Activo
3165,CLI-003165,Empresarial,Cali,Colombia,21,21641,2021-05-29,Activo
3166,CLI-003166,Empresarial,Bogota,Mexico,49,42602,2022-03-10,Activo
3167,CLI-003167,Empresarial,Puebla,Mexico,25,75163,2021-04-03,Activo
3168,CLI-003168,Empresarial,CDMX,Colombia,53,90374,2025-02-25,Inactivo
3169,CLI-003169,Empresarial,Guadalajara,Colombia,25,69204,2021-04-25,Activo
3170,CLI-003170,Premium,CDMX,Colombia,29,47395,2024-05-10,Activo
3171,CLI-003171,Premium,Monterrey,Colombia,24,85782,2023-04-24,Activo
3172,CLI-003172,Digital,Monterrey,Mexico,32,10421,2025-10-10,Activo
3173,CLI-003173,Empresarial,CDMX,Mexico,37,40445,2021-11-05,Activo
3174,CLI-003174,Empresarial,Medellin,Mexico,37,52065,2025-12-21,Activo
3175,CLI-003175,Premium,Medellin,Mexico,60,42325,2023-04-28,Activo
3176,CLI-003176,Premium,Guadalajara,Mexico,50,41807,2021-11-07,Inactivo
3177,CLI-003177,Pyme,CDMX,Mexico,58,79353,2022-03-20,Activo
3178,CLI-003178,Empresarial,Bogota,Mexico,22,72981,2025-07-14,Inactivo
3179,CLI-003179,Empresarial,Medellin,Colombia,31,57439,2024-01-15,Activo
3180,CLI-003180,Empresarial,Guadalajara,Mexico,41,29708,2025-05-25,Activo
3181,CLI-003181,Pyme,Puebla,Colombia,23,69797,2025-01-27,Inactivo
3182,CLI-003182,Nomina,CDMX,Mexico,55,49219,2023-11-04,Activo
3183,CLI-003183,Pyme,CDMX,Colombia,20,9257,2024-11-28,Activo
3184,CLI-003184,Premium,Puebla,Mexico,28,70853,2022-04-09,Activo
3185,CLI-003185,Nomina,Bogota,Mexico,63,15720,2025-07-18,Activo
3186,CLI-003186,Nomina,CDMX,Mexico,41,45130,2023-03-21,Inactivo
3187,CLI-003187,Nomina,Medellin,Mexico,40,12080,2022-12-31,Activo
3188,CLI-003188,Pyme,Monterrey,Mexico,40,12759,2023-02-27,Activo
3189,CLI-003189,Nomina,Medellin,Colombia,49,29995,2022-03-31,Activo
3190,CLI-003190,Empresarial,Guadalajara,Colombia,20,10992,2025-08-30,Activo
3191,CLI-003191,Empresarial,Puebla,Mexico,49,92814,2021-09-10,Activo
3192,CLI-003192,Pyme,Medellin,Mexico,53,16625,2022-05-11,Activo
3193,CLI-003193,Premium,CDMX,Mexico,31,74468,2023-07-29,Activo
3194,CLI-003194,Empresarial,Puebla,Colombia,29,74617,2025-11-26,Activo
3195,CLI-003195,Nomina,CDMX,Colombia,30,95958,2025-12-17,Activo
3196,CLI-003196,Nomina,Puebla,Mexico,24,67693,2023-04-25,Activo
3197,CLI-003197,Nomina,Medellin,Mexico,33,28126,2026-02-13,Activo
3198,CLI-003198,Nomina,Guadalajara,Mexico,63,79695,2025-10-22,Activo
3199,CLI-003199,Pyme,Medellin,Mexico,32,19362,2025-01-03,Activo
3200,CLI-003200,Pyme,Medellin,Mexico,39,8448,2025-03-25,Activo
3201,CLI-003201,Premium,Monterrey,Colombia,52,60501,2024-09-20,Activo
3202,CLI-003202,Premium,Bogota,Mexico,59,29825,2023-01-19,Activo
3203,CLI-003203,Digital,Guadalajara,Mexico,30,44429,2022-06-08,Activo
3204,CLI-003204,Nomina,Puebla,Colombia,36,37926,2022-01-13,Activo
3205,CLI-003205,Digital,Puebla,Mexico,55,86510,2023-11-17,Activo
3206,CLI-003206,Premium,Monterrey,Mexico,55,41253,2025-04-23,Inactivo
3207,CLI-003207,Digital,Guadalajara,Colombia,54,93408,2021-08-13,Activo
3208,CLI-003208,Digital,Bogota,Mexico,45,70887,2022-11-04,Activo
3209,CLI-003209,Digital,Cali,Mexico,59,75314,2025-10-30,Activo
3210,CLI-003210,Empresarial,Medellin,Mexico,61,21566,2026-02-09,Activo
3211,CLI-003211,Nomina,Puebla,Mexico,62,93581,2022-08-06,Activo
3212,CLI-003212,Pyme,Monterrey,Colombia,32,57368,2023-12-08,Activo
3213,CLI-003213,Digital,CDMX,Colombia,37,56456,2025-01-19,Activo
3214,CLI-003214,Digital,Queretaro,Colombia,54,78860,2026-04-02,Activo
3215,CLI-003215,Empresarial,Bogota,Mexico,24,88724,2023-11-08,Activo
3216,CLI-003216,Premium,CDMX,Mexico,56,50659,2024-08-05,Activo
3217,CLI-003217,Nomina,Medellin,Mexico,24,56267,2024-05-09,Activo
3218,CLI-003218,Premium,Bogota,Mexico,26,73872,2023-07-14,Activo
3219,CLI-003219,Empresarial,Cali,Mexico,28,77139,2022-05-22,Activo
3220,CLI-003220,Nomina,Bogota,Colombia,53,97235,2023-03-18,Activo
3221,CLI-003221,Digital,Monterrey,Mexico,61,25213,2026-01-29,Activo
3222,CLI-003222,Empresarial,Medellin,Mexico,60,9021,2024-07-05,Activo
3223,CLI-003223,Premium,Bogota,Colombia,24,65783,2022-10-29,Activo
3224,CLI-003224,Pyme,Puebla,Mexico,40,68501,2024-06-02,Inactivo
3225,CLI-003225,Pyme,Monterrey,Mexico,21,94034,2026-02-01,Activo
3226,CLI-003226,Digital,CDMX,Mexico,52,59092,2025-03-08,Activo
3227,CLI-003227,Digital,CDMX,Mexico,32,32471,2024-01-25,Activo
3228,CLI-003228,Empresarial,Bogota,Mexico,50,56013,2026-02-15,Activo
3229,CLI-003229,Premium,Medellin,Mexico,52,93951,2021-12-09,Activo
3230,CLI-003230,Pyme,CDMX,Mexico,44,17336,2026-08-14,Activo
3231,CLI-003231,Digital,Queretaro,Mexico,54,12280,2024-12-19,Inactivo
3232,CLI-003232,Nomina,Cali,Mexico,45,87353,2022-01-01,Inactivo
3233,CLI-003233,Premium,Queretaro,Mexico,63,86855,2023-05-18,Activo
3234,CLI-003234,Nomina,Cali,Colombia,31,88579,2021-07-22,Activo
3235,CLI-003235,Pyme,Guadalajara,Mexico,34,14722,2026-05-04,Activo
3236,CLI-003236,Empresarial,CDMX,Colombia,61,16972,2021-08-19,Activo
3237,CLI-003237,Nomina,Medellin,Mexico,51,15777,2023-12-17,Activo
3238,CLI-003238,Nomina,Bogota,Mexico,33,84284,2026-08-02,Activo
3239,CLI-003239,Empresarial,Bogota,Mexico,63,54868,2022-04-11,Activo
3240,CLI-003240,Nomina,Guadalajara,Mexico,58,34917,2025-12-04,Activo
3241,CLI-003241,Digital,Medellin,Mexico,63,50879,2023-11-18,Activo
3242,CLI-003242,Pyme,Puebla,Mexico,30,78976,2026-03-28,Inactivo
3243,CLI-003243,Premium,Queretaro,Mexico,64,18990,2023-07-06,Activo
3244,CLI-003244,Pyme,Guadalajara,Mexico,59,14852,2025-05-17,Inactivo
3245,CLI-003245,Pyme,CDMX,Mexico,39,67570,2024-07-18,Activo
3246,CLI-003246,Pyme,Monterrey,Mexico,34,76189,2023-12-15,Activo
3247,CLI-003247,Nomina,Guadalajara,Mexico,41,80785,2021-07-23,Activo
3248,CLI-003248,Premium,Bogota,Mexico,43,89884,2024-05-05,Activo
3249,CLI-003249,Premium,Cali,Mexico,64,10756,2026-02-04,Inactivo
3250,CLI-003250,Digital,Monterrey,Mexico,62,90531,2025-07-14,Activo
3251,CLI-003251,Premium,Cali,Colombia,28,65434,2026-03-15,Activo
3252,CLI-003252,Premium,Medellin,Mexico,36,31309,2021-11-21,Activo
3253,CLI-003253,Digital,CDMX,Colombia,49,32701,2022-01-30,Activo
3254,CLI-003254,Empresarial,Queretaro,Colombia,38,24203,2026-06-14,Activo
3255,CLI-003255,Premium,Medellin,Colombia,20,65435,2022-03-23,Activo
3256,CLI-003256,Premium,Bogota,Colombia,56,17026,2025-12-06,Activo
3257,CLI-003257,Premium,Guadalajara,Mexico,25,39606,2022-05-02,Activo
3258,CLI-003258,Pyme,Queretaro,Mexico,45,33552,2023-09-27,Activo
3259,CLI-003259,Empresarial,Queretaro,Mexico,47,61595,2026-07-02,Activo
3260,CLI-003260,Nomina,Medellin,Mexico,47,18424,2024-08-18,Inactivo
3261,CLI-003261,Digital,Cali,Mexico,21,84769,2022-06-08,Activo
3262,CLI-003262,Empresarial,Cali,Colombia,27,65882,2023-06-07,Inactivo
3263,CLI-003263,Nomina,Cali,Mexico,48,92241,2024-09-15,Activo
3264,CLI-003264,Empresarial,Queretaro,Mexico,30,19486,2023-09-19,Inactivo
3265,CLI-003265,Nomina,Monterrey,Mexico,60,72107,2024-11-14,Activo
3266,CLI-003266,Digital,Medellin,Mexico,54,76486,2026-02-24,Activo
3267,CLI-003267,Pyme,Queretaro,Colombia,32,87541,2025-12-20,Activo
3268,CLI-003268,Nomina,Queretaro,Mexico,47,10032,2025-06-16,Activo
3269,CLI-003269,Empresarial,Queretaro,Colombia,21,97585,2024-02-17,Activo
3270,CLI-003270,Nomina,Guadalajara,Mexico,49,73285,2022-09-27,Activo
3271,CLI-003271,Empresarial,Guadalajara,Colombia,46,9237,2022-03-20,Activo
3272,CLI-003272,Empresarial,Cali,Colombia,46,35545,2022-06-20,Activo
3273,CLI-003273,Pyme,Queretaro,Colombia,57,62247,2024-04-27,Activo
3274,CLI-003274,Digital,Monterrey,Mexico,47,56890,2026-08-05,Activo
3275,CLI-003275,Nomina,Monterrey,Mexico,30,76053,2024-08-22,Inactivo
3276,CLI-003276,Nomina,Monterrey,Mexico,24,28040,2023-01-15,Activo
3277,CLI-003277,Premium,Queretaro,Mexico,29,9845,2025-02-20,Activo
3278,CLI-003278,Pyme,Queretaro,Mexico,58,34618,2025-01-09,Inactivo
3279,CLI-003279,Premium,Cali,Mexico,59,8824,2025-02-17,Activo
3280,CLI-003280,Digital,Cali,Mexico,33,8429,2026-07-02,Activo
3281,CLI-003281,Digital,Monterrey,Colombia,35,92807,2024-06-29,Activo
3282,CLI-003282,Premium,Monterrey,Mexico,63,91535,2024-07-27,Inactivo
3283,CLI-003283,Premium,Puebla,Mexico,27,48696,2025-05-13,Inactivo
3284,CLI-003284,Pyme,Guadalajara,Colombia,50,34200,2025-09-06,Activo
3285,CLI-003285,Nomina,Bogota,Colombia,26,42819,2026-06-03,Activo
3286,CLI-003286,Empresarial,Queretaro,Mexico,60,70114,2023-05-22,Activo
3287,CLI-003287,Nomina,Monterrey,Mexico,26,19792,2025-01-07,Activo
3288,CLI-003288,Premium,Medellin,Colombia,36,29666,2025-09-16,Activo
3289,CLI-003289,Digital,Puebla,Colombia,20,27916,2025-12-25,Activo
3290,CLI-003290,Nomina,Guadalajara,Colombia,46,53010,2025-01-07,Inactivo
3291,CLI-003291,Empresarial,CDMX,Mexico,38,68428,2026-05-29,Activo
3292,CLI-003292,Digital,Guadalajara,Mexico,42,51849,2023-05-15,Activo
3293,CLI-003293,Digital,Guadalajara,Mexico,35,16951,2025-11-15,Inactivo
3294,CLI-003294,Pyme,Bogota,Mexico,42,54271,2024-08-28,Inactivo
3295,CLI-003295,Pyme,Bogota,Mexico,47,88867,2025-06-07,Activo
3296,CLI-003296,Digital,Bogota,Colombia,26,29090,2021-05-28,Activo
3297,CLI-003297,Premium,Cali,Mexico,23,37835,2025-02-01,Activo
3298,CLI-003298,Empresarial,Puebla,Colombia,25,34614,2022-07-13,Activo
3299,CLI-003299,Digital,Cali,Colombia,50,95663,2024-05-01,Activo
3300,CLI-003300,Premium,CDMX,Mexico,41,88670,2024-05-20,Activo
3301,CLI-003301,Digital,Guadalajara,Mexico,51,36904,2023-09-05,Activo
3302,CLI-003302,Nomina,Bogota,Mexico,25,14232,2026-01-19,Activo
3303,CLI-003303,Premium,Cali,Mexico,48,51004,2024-05-01,Activo
3304,CLI-003304,Nomina,Guadalajara,Mexico,44,60720,2026-04-13,Activo
3305,CLI-003305,Empresarial,Queretaro,Mexico,43,45268,2021-09-06,Activo
3306,CLI-003306,Pyme,Guadalajara,Mexico,20,10603,2022-08-03,Activo
3307,CLI-003307,Pyme,Cali,Mexico,44,89708,2025-11-10,Activo
3308,CLI-003308,Digital,Guadalajara,Mexico,35,67284,2023-12-04,Activo
3309,CLI-003309,Digital,Guadalajara,Mexico,63,72225,2026-02-09,Activo
3310,CLI-003310,Pyme,Bogota,Mexico,45,87415,2024-10-22,Activo
3311,CLI-003311,Premium,CDMX,Mexico,32,86372,2022-03-19,Inactivo
3312,CLI-003312,Nomina,Puebla,Mexico,39,85922,2021-11-15,Inactivo
3313,CLI-003313,Pyme,Medellin,Mexico,64,36433,2024-10-13,Inactivo
3314,CLI-003314,Empresarial,Puebla,Colombia,50,36261,2022-07-24,Activo
3315,CLI-003315,Empresarial,Monterrey,Mexico,33,46327,2025-10-09,Inactivo
3316,CLI-003316,Premium,Bogota,Colombia,20,44612,2025-12-01,Activo
3317,CLI-003317,Premium,Guadalajara,Mexico,34,56045,2024-11-05,Activo
3318,CLI-003318,Empresarial,CDMX,Mexico,25,48258,2024-05-21,Activo
3319,CLI-003319,Premium,Guadalajara,Mexico,20,47676,2022-06-01,Activo
3320,CLI-003320,Empresarial,Medellin,Mexico,45,35105,2021-12-01,Activo
3321,CLI-003321,Empresarial,Guadalajara,Colombia,33,52408,2023-08-30,Inactivo
3322,CLI-003322,Empresarial,Bogota,Colombia,20,89964,2021-05-08,Activo
3323,CLI-003323,Premium,Cali,Mexico,58,34218,2023-02-01,Activo
3324,CLI-003324,Pyme,Bogota,Mexico,24,48751,2022-12-12,Inactivo
3325,CLI-003325,Empresarial,Guadalajara,Mexico,40,73802,2025-10-26,Activo
3326,CLI-003326,Premium,Bogota,Mexico,52,43524,2024-06-25,Activo
3327,CLI-003327,Nomina,Guadalajara,Mexico,50,84383,2022-05-20,Inactivo
3328,CLI-003328,Premium,CDMX,Mexico,26,79440,2025-11-04,Inactivo
3329,CLI-003329,Empresarial,Cali,Colombia,43,53304,2025-03-16,Activo
3330,CLI-003330,Pyme,Cali,Mexico,29,75746,2024-05-11,Activo
3331,CLI-003331,Premium,CDMX,Colombia,27,95958,2023-09-19,Activo
3332,CLI-003332,Digital,Bogota,Mexico,37,84664,2023-03-03,Activo
3333,CLI-003333,Empresarial,Cali,Colombia,46,10162,2021-04-12,Inactivo
3334,CLI-003334,Pyme,Bogota,Mexico,59,21101,2023-04-09,Inactivo
3335,CLI-003335,Nomina,Queretaro,Mexico,22,66778,2021-10-20,Activo
3336,CLI-003336,Nomina,Monterrey,Mexico,41,78837,2023-10-08,Activo
3337,CLI-003337,Digital,CDMX,Colombia,29,55153,2023-11-19,Activo
3338,CLI-003338,Digital,CDMX,Mexico,23,33366,2025-03-09,Activo
3339,CLI-003339,Premium,Cali,Mexico,50,83027,2025-08-18,Activo
3340,CLI-003340,Nomina,Queretaro,Mexico,33,36775,2023-11-27,Activo
3341,CLI-003341,Digital,CDMX,Colombia,43,36599,2025-02-17,Activo
3342,CLI-003342,Empresarial,Puebla,Mexico,24,91443,2026-06-21,Inactivo
3343,CLI-003343,Digital,Bogota,Mexico,47,70452,2023-02-20,Activo
3344,CLI-003344,Digital,Puebla,Mexico,43,43034,2021-04-21,Activo
3345,CLI-003345,Premium,CDMX,Mexico,57,42684,2024-09-21,Activo
3346,CLI-003346,Premium,Bogota,Mexico,22,86281,2022-09-26,Inactivo
3347,CLI-003347,Pyme,Cali,Mexico,28,40088,2023-09-21,Activo
3348,CLI-003348,Premium,Puebla,Mexico,36,40827,2025-05-13,Activo
3349,CLI-003349,Digital,Medellin,Mexico,32,42911,2023-01-24,Activo
3350,CLI-003350,Empresarial,Bogota,Mexico,21,69319,2023-09-21,Activo
3351,CLI-003351,Premium,Queretaro,Mexico,29,81331,2022-06-04,Activo
3352,CLI-003352,Digital,Monterrey,Mexico,57,24089,2022-07-19,Activo
3353,CLI-003353,Premium,Bogota,Mexico,23,41388,2022-08-18,Activo
3354,CLI-003354,Pyme,Medellin,Mexico,33,17585,2025-05-14,Inactivo
3355,CLI-003355,Premium,Guadalajara,Colombia,44,58787,2024-02-03,Inactivo
3356,CLI-003356,Empresarial,Bogota,Colombia,30,85853,2022-01-18,Inactivo
3357,CLI-003357,Digital,Puebla,Colombia,62,18436,2021-11-11,Activo
3358,CLI-003358,Nomina,Guadalajara,Colombia,49,90939,2025-08-03,Inactivo
3359,CLI-003359,Nomina,Puebla,Mexico,23,82455,2022-10-02,Activo
3360,CLI-003360,Nomina,Bogota,Mexico,59,94788,2024-10-06,Activo
3361,CLI-003361,Empresarial,Bogota,Mexico,41,76165,2022-02-08,Inactivo
3362,CLI-003362,Empresarial,Cali,Mexico,46,50726,2024-08-12,Activo
3363,CLI-003363,Premium,Medellin,Mexico,40,34640,2023-05-08,Activo
3364,CLI-003364,Pyme,Medellin,Mexico,55,9447,2023-04-23,Activo
3365,CLI-003365,Nomina,Medellin,Mexico,26,68702,2022-12-09,Activo
3366,CLI-003366,Digital,Queretaro,Colombia,28,83401,2023-07-03,Inactivo
3367,CLI-003367,Pyme,Queretaro,Mexico,20,70395,2024-01-21,Activo
3368,CLI-003368,Nomina,CDMX,Mexico,48,18286,2021-09-14,Activo
3369,CLI-003369,Digital,CDMX,Mexico,51,89858,2024-05-18,Activo
3370,CLI-003370,Nomina,Puebla,Mexico,52,68248,2022-01-18,Inactivo
3371,CLI-003371,Premium,Medellin,Colombia,29,36678,2023-11-23,Activo
3372,CLI-003372,Pyme,Cali,Mexico,24,59341,2024-02-03,Activo
3373,CLI-003373,Pyme,Guadalajara,Colombia,42,45185,2023-03-16,Inactivo
3374,CLI-003374,Digital,Guadalajara,Mexico,59,16246,2021-03-24,Activo
3375,CLI-003375,Nomina,Bogota,Mexico,26,54660,2024-12-22,Activo
3376,CLI-003376,Pyme,Cali,Colombia,64,52825,2025-12-20,Activo
3377,CLI-003377,Empresarial,Bogota,Colombia,49,9871,2024-07-13,Activo
3378,CLI-003378,Pyme,Bogota,Colombia,34,61031,2023-08-12,Activo
3379,CLI-003379,Pyme,Guadalajara,Colombia,38,66653,2022-09-05,Inactivo
3380,CLI-003380,Digital,Guadalajara,Mexico,60,84051,2021-09-10,Activo
3381,CLI-003381,Digital,Medellin,Mexico,20,89637,2026-05-13,Activo
3382,CLI-003382,Nomina,Medellin,Mexico,22,47903,2026-01-19,Activo
3383,CLI-003383,Empresarial,Medellin,Mexico,22,55405,2021-04-18,Activo
3384,CLI-003384,Digital,Monterrey,Mexico,59,62012,2025-09-09,Activo
3385,CLI-003385,Digital,Guadalajara,Colombia,51,65002,2024-05-22,Activo
3386,CLI-003386,Digital,Puebla,Mexico,48,54066,2022-03-27,Activo
3387,CLI-003387,Nomina,Bogota,Mexico,35,96573,2022-07-04,Activo
3388,CLI-003388,Premium,Bogota,Mexico,40,8337,2024-10-09,Activo
3389,CLI-003389,Nomina,Medellin,Colombia,21,39397,2023-09-03,Activo
3390,CLI-003390,Digital,Guadalajara,Colombia,39,91688,2023-05-13,Activo
3391,CLI-003391,Pyme,Guadalajara,Mexico,64,75230,2025-11-28,Activo
3392,CLI-003392,Pyme,Cali,Colombia,36,10590,2022-09-08,Activo
3393,CLI-003393,Premium,Puebla,Colombia,42,51084,2021-11-29,Activo
3394,CLI-003394,Premium,Medellin,Mexico,61,46920,2023-10-18,Activo
3395,CLI-003395,Pyme,CDMX,Mexico,59,78409,2025-10-16,Inactivo
3396,CLI-003396,Nomina,Guadalajara,Mexico,39,54325,2022-11-21,Activo
3397,CLI-003397,Digital,Guadalajara,Mexico,23,43566,2022-03-14,Activo
3398,CLI-003398,Premium,Bogota,Mexico,52,95071,2026-09-02,Activo
3399,CLI-003399,Premium,Medellin,Mexico,24,37111,2023-04-08,Activo
3400,CLI-003400,Nomina,Monterrey,Mexico,42,34675,2023-09-01,Activo
3401,CLI-003401,Premium,Cali,Mexico,34,91185,2021-08-24,Inactivo
3402,CLI-003402,Pyme,Medellin,Mexico,62,42878,2024-01-12,Activo
3403,CLI-003403,Premium,Cali,Mexico,63,85668,2021-12-04,Activo
3404,CLI-003404,Nomina,Queretaro,Mexico,25,95930,2023-10-18,Activo
3405,CLI-003405,Empresarial,Monterrey,Mexico,52,24527,2025-03-13,Activo
3406,CLI-003406,Nomina,Cali,Mexico,60,39462,2024-02-20,Activo
3407,CLI-003407,Pyme,CDMX,Mexico,28,19114,2022-09-02,Activo
3408,CLI-003408,Digital,CDMX,Mexico,57,11252,2025-03-02,Activo
3409,CLI-003409,Empresarial,Puebla,Mexico,35,97592,2025-10-14,Inactivo
3410,CLI-003410,Premium,Guadalajara,Mexico,45,42600,2021-10-27,Activo
3411,CLI-003411,Empresarial,Bogota,Mexico,26,31551,2025-09-23,Activo
3412,CLI-003412,Digital,Guadalajara,Colombia,45,40713,2024-02-07,Inactivo
3413,CLI-003413,Digital,Cali,Mexico,34,87572,2022-11-23,Inactivo
3414,CLI-003414,Digital,Monterrey,Colombia,63,41073,2024-06-09,Inactivo
3415,CLI-003415,Premium,CDMX,Mexico,60,79009,2024-09-10,Activo
3416,CLI-003416,Empresarial,Guadalajara,Mexico,22,42274,2024-04-28,Activo
3417,CLI-003417,Premium,Medellin,Mexico,59,25876,2022-07-31,Activo
3418,CLI-003418,Nomina,Monterrey,Colombia,30,92580,2024-09-27,Activo
3419,CLI-003419,Premium,Guadalajara,Mexico,42,47076,2024-07-12,Activo
3420,CLI-003420,Pyme,Guadalajara,Colombia,56,50549,2023-10-20,Activo
3421,CLI-003421,Premium,Queretaro,Mexico,54,66540,2022-06-14,Activo
3422,CLI-003422,Pyme,Medellin,Mexico,30,95786,2024-04-25,Activo
3423,CLI-003423,Pyme,Queretaro,Mexico,54,79140,2024-12-04,Activo
3424,CLI-003424,Empresarial,CDMX,Mexico,32,49713,2022-08-30,Activo
3425,CLI-003425,Premium,Monterrey,Colombia,54,76264,2023-07-27,Activo
3426,CLI-003426,Premium,Cali,Mexico,26,95490,2024-12-13,Activo
3427,CLI-003427,Empresarial,Bogota,Colombia,20,58601,2026-07-08,Activo
3428,CLI-003428,Pyme,Cali,Mexico,21,19939,2022-11-09,Activo
3429,CLI-003429,Empresarial,CDMX,Mexico,45,36049,2024-10-17,Inactivo
3430,CLI-003430,Nomina,Puebla,Mexico,50,68510,2025-05-26,Activo
3431,CLI-003431,Premium,Medellin,Colombia,28,79774,2022-09-15,Activo
3432,CLI-003432,Nomina,Bogota,Mexico,32,86204,2024-06-23,Activo
3433,CLI-003433,Premium,Monterrey,Mexico,57,42227,2025-09-02,Activo
3434,CLI-003434,Nomina,CDMX,Mexico,30,25319,2022-10-05,Activo
3435,CLI-003435,Pyme,Cali,Mexico,54,95912,2022-04-21,Inactivo
3436,CLI-003436,Digital,Queretaro,Mexico,23,67901,2021-08-14,Activo
3437,CLI-003437,Pyme,Medellin,Mexico,40,10813,2022-06-27,Activo
3438,CLI-003438,Nomina,Medellin,Mexico,28,47804,2024-07-25,Inactivo
3439,CLI-003439,Nomina,CDMX,Mexico,41,94699,2022-09-26,Inactivo
3440,CLI-003440,Digital,Medellin,Mexico,24,75793,2026-07-08,Activo
3441,CLI-003441,Nomina,Cali,Mexico,37,9270,2023-04-10,Activo
3442,CLI-003442,Premium,CDMX,Colombia,30,79109,2025-05-22,Activo
3443,CLI-003443,Pyme,CDMX,Colombia,62,35969,2026-07-01,Activo
3444,CLI-003444,Digital,Queretaro,Mexico,56,90294,2022-10-27,Activo
3445,CLI-003445,Pyme,Medellin,Colombia,62,27378,2022-05-24,Inactivo
3446,CLI-003446,Premium,Queretaro,Colombia,33,38974,2021-07-20,Activo
3447,CLI-003447,Digital,CDMX,Mexico,56,44066,2024-09-01,Inactivo
3448,CLI-003448,Nomina,Guadalajara,Colombia,24,30982,2024-02-04,Inactivo
3449,CLI-003449,Premium,Puebla,Mexico,22,72650,2025-01-26,Activo
3450,CLI-003450,Pyme,Monterrey,Colombia,43,71652,2023-02-18,Activo
3451,CLI-003451,Empresarial,Monterrey,Colombia,23,11432,2023-02-05,Activo
3452,CLI-003452,Empresarial,Puebla,Mexico,48,36862,2024-06-09,Activo
3453,CLI-003453,Nomina,Bogota,Mexico,25,89292,2021-06-02,Inactivo
3454,CLI-003454,Empresarial,Guadalajara,Mexico,25,46462,2022-12-03,Activo
3455,CLI-003455,Nomina,Queretaro,Mexico,47,22106,2023-06-04,Activo
3456,CLI-003456,Premium,CDMX,Mexico,29,49446,2022-05-31,Activo
3457,CLI-003457,Nomina,Guadalajara,Mexico,40,8088,2023-02-25,Activo
3458,CLI-003458,Premium,Queretaro,Colombia,36,25685,2025-04-13,Activo
3459,CLI-003459,Nomina,Cali,Mexico,54,41956,2022-04-04,Activo
3460,CLI-003460,Premium,Queretaro,Colombia,53,35871,2024-10-11,Activo
3461,CLI-003461,Premium,Queretaro,Mexico,37,29397,2022-05-29,Activo
3462,CLI-003462,Digital,Bogota,Mexico,38,70080,2022-12-15,Activo
3463,CLI-003463,Nomina,Bogota,Mexico,55,56753,2026-02-23,Activo
3464,CLI-003464,Pyme,Queretaro,Mexico,27,12362,2022-07-26,Activo
3465,CLI-003465,Pyme,Puebla,Mexico,33,21401,2026-02-18,Activo
3466,CLI-003466,Premium,Monterrey,Mexico,21,57516,2025-08-06,Activo
3467,CLI-003467,Empresarial,Bogota,Mexico,52,65346,2025-06-16,Inactivo
3468,CLI-003468,Pyme,Queretaro,Mexico,23,92457,2024-01-20,Activo
3469,CLI-003469,Pyme,CDMX,Colombia,46,35563,2024-01-05,Activo
3470,CLI-003470,Nomina,CDMX,Mexico,31,72554,2022-05-26,Inactivo
3471,CLI-003471,Empresarial,Puebla,Mexico,32,40867,2022-04-29,Inactivo
3472,CLI-003472,Digital,Medellin,Mexico,28,49290,2023-10-11,Activo
3473,CLI-003473,Nomina,Medellin,Colombia,47,79869,2025-01-04,Activo
3474,CLI-003474,Pyme,Queretaro,Mexico,37,38459,2022-03-03,Activo
3475,CLI-003475,Premium,Puebla,Mexico,40,69592,2026-01-14,Inactivo
3476,CLI-003476,Premium,Puebla,Mexico,39,60619,2024-06-24,Activo
3477,CLI-003477,Premium,Medellin,Colombia,39,27688,2026-07-15,Activo
3478,CLI-003478,Pyme,CDMX,Mexico,58,51004,2025-02-08,Inactivo
3479,CLI-003479,Nomina,Guadalajara,Mexico,61,76528,2025-02-03,Activo
3480,CLI-003480,Nomina,Monterrey,Mexico,37,52482,2025-07-21,Activo
3481,CLI-003481,Pyme,Bogota,Mexico,40,78122,2022-12-05,Activo
3482,CLI-003482,Digital,Monterrey,Mexico,30,62087,2021-04-02,Activo
3483,CLI-003483,Pyme,Cali,Mexico,21,30523,2024-12-16,Activo
3484,CLI-003484,Premium,Queretaro,Colombia,61,27481,2023-08-28,Inactivo
3485,CLI-003485,Pyme,CDMX,Mexico,41,62302,2023-03-02,Activo
3486,CLI-003486,Pyme,Medellin,Colombia,45,24301,2021-06-17,Inactivo
3487,CLI-003487,Digital,Cali,Mexico,48,51430,2026-05-11,Activo
3488,CLI-003488,Pyme,CDMX,Colombia,22,74854,2022-12-02,Activo
3489,CLI-003489,Nomina,Puebla,Mexico,27,51183,2023-11-01,Activo
3490,CLI-003490,Premium,Puebla,Mexico,64,44043,2026-05-20,Inactivo
3491,CLI-003491,Pyme,Puebla,Mexico,55,73446,2023-01-30,Inactivo
3492,CLI-003492,Premium,Monterrey,Mexico,48,13119,2025-10-16,Inactivo
3493,CLI-003493,Nomina,CDMX,Mexico,58,79147,2021-04-07,Activo
3494,CLI-003494,Digital,Queretaro,Mexico,24,92644,2021-05-17,Activo
3495,CLI-003495,Premium,Bogota,Mexico,63,71591,2024-06-13,Activo
3496,CLI-003496,Empresarial,Guadalajara,Mexico,46,96296,2024-08-31,Activo
3497,CLI-003497,Empresarial,Bogota,Colombia,24,61702,2023-05-05,Activo
3498,CLI-003498,Empresarial,Queretaro,Mexico,57,27013,2022-01-02,Activo
3499,CLI-003499,Digital,Cali,Mexico,43,93298,2022-11-08,Activo
3500,CLI-003500,Pyme,Medellin,Mexico,39,52438,2025-08-22,Activo
3501,CLI-003501,Nomina,Puebla,Colombia,51,45943,2026-01-05,Inactivo
3502,CLI-003502,Nomina,Queretaro,Mexico,32,11297,2022-01-12,Activo
3503,CLI-003503,Digital,CDMX,Mexico,27,40153,2025-01-20,Activo
3504,CLI-003504,Pyme,Guadalajara,Mexico,60,81830,2025-05-23,Activo
3505,CLI-003505,Premium,Medellin,Mexico,41,33061,2022-08-30,Activo
3506,CLI-003506,Nomina,Cali,Colombia,60,17526,2022-03-31,Activo
3507,CLI-003507,Digital,Bogota,Mexico,59,14009,2022-08-17,Inactivo
3508,CLI-003508,Empresarial,Monterrey,Mexico,38,24155,2021-07-21,Inactivo
3509,CLI-003509,Empresarial,Bogota,Mexico,21,70659,2024-07-05,Activo
3510,CLI-003510,Pyme,Monterrey,Colombia,52,57937,2024-12-06,Activo
3511,CLI-003511,Pyme,Medellin,Mexico,20,77463,2024-02-06,Activo
3512,CLI-003512,Digital,Monterrey,Colombia,22,60843,2022-11-12,Activo
3513,CLI-003513,Empresarial,Queretaro,Mexico,48,90320,2026-07-01,Inactivo
3514,CLI-003514,Digital,Medellin,Colombia,40,65245,2021-10-15,Activo
3515,CLI-003515,Empresarial,Cali,Mexico,42,13989,2025-07-18,Inactivo
3516,CLI-003516,Premium,Cali,Mexico,41,20248,2024-01-20,Activo
3517,CLI-003517,Pyme,CDMX,Colombia,33,66541,2023-02-19,Activo
3518,CLI-003518,Empresarial,CDMX,Mexico,59,83554,2025-06-01,Inactivo
3519,CLI-003519,Premium,Cali,Mexico,30,36140,2021-09-26,Activo
3520,CLI-003520,Premium,Bogota,Mexico,32,34688,2021-05-08,Inactivo
3521,CLI-003521,Pyme,Bogota,Mexico,27,33156,2022-03-31,Inactivo
3522,CLI-003522,Nomina,Queretaro,Mexico,35,88500,2026-03-06,Activo
3523,CLI-003523,Premium,Bogota,Colombia,38,32657,2023-04-27,Activo
3524,CLI-003524,Nomina,Puebla,Mexico,44,71601,2021-10-05,Activo
3525,CLI-003525,Pyme,Medellin,Mexico,57,97111,2022-12-05,Activo
3526,CLI-003526,Premium,Medellin,Mexico,23,89164,2022-05-28,Activo
3527,CLI-003527,Nomina,Puebla,Mexico,28,60012,2021-04-02,Activo
3528,CLI-003528,Empresarial,Guadalajara,Mexico,37,60478,2021-07-18,Activo
3529,CLI-003529,Nomina,Guadalajara,Mexico,30,42535,2023-07-24,Activo
3530,CLI-003530,Nomina,Medellin,Colombia,28,68913,2022-02-05,Inactivo
3531,CLI-003531,Digital,Monterrey,Mexico,48,21392,2026-08-30,Activo
3532,CLI-003532,Nomina,Bogota,Mexico,28,80536,2022-12-24,Activo
3533,CLI-003533,Pyme,Guadalajara,Mexico,36,92516,2022-08-20,Activo
3534,CLI-003534,Empresarial,Monterrey,Mexico,39,80754,2022-03-25,Activo
3535,CLI-003535,Pyme,Queretaro,Mexico,47,20020,2024-11-13,Activo
3536,CLI-003536,Pyme,Monterrey,Colombia,45,39266,2021-05-04,Inactivo
3537,CLI-003537,Digital,Cali,Colombia,64,62790,2021-11-10,Inactivo
3538,CLI-003538,Empresarial,Medellin,Mexico,39,89388,2021-11-21,Activo
3539,CLI-003539,Pyme,Monterrey,Mexico,58,44437,2026-06-06,Activo
3540,CLI-003540,Empresarial,Queretaro,Mexico,54,79835,2024-10-23,Activo
3541,CLI-003541,Premium,Puebla,Colombia,64,74561,2023-05-01,Activo
3542,CLI-003542,Pyme,Cali,Mexico,46,63016,2025-04-05,Activo
3543,CLI-003543,Digital,Puebla,Colombia,48,86496,2021-12-05,Activo
3544,CLI-003544,Nomina,Medellin,Mexico,60,15271,2021-05-26,Activo
3545,CLI-003545,Premium,Medellin,Colombia,61,48323,2024-10-30,Activo
3546,CLI-003546,Pyme,Puebla,Mexico,49,14892,2022-09-09,Activo
3547,CLI-003547,Nomina,CDMX,Mexico,33,58668,2022-09-18,Activo
3548,CLI-003548,Pyme,Guadalajara,Colombia,47,65570,2024-04-17,Activo
3549,CLI-003549,Nomina,Cali,Colombia,34,89840,2023-02-20,Inactivo
3550,CLI-003550,Premium,Bogota,Colombia,30,38884,2026-06-04,Inactivo
3551,CLI-003551,Digital,Monterrey,Mexico,45,14489,2022-02-14,Activo
3552,CLI-003552,Nomina,Monterrey,Mexico,33,10996,2025-12-17,Activo
3553,CLI-003553,Empresarial,Medellin,Mexico,59,97909,2024-05-01,Activo
3554,CLI-003554,Pyme,Medellin,Mexico,55,64627,2022-07-05,Activo
3555,CLI-003555,Digital,Queretaro,Colombia,38,58336,2026-05-23,Activo
3556,CLI-003556,Pyme,Monterrey,Mexico,57,9956,2026-03-29,Inactivo
3557,CLI-003557,Premium,Queretaro,Mexico,23,80586,2023-02-14,Activo
3558,CLI-003558,Pyme,Cali,Colombia,26,86140,2022-10-18,Activo
3559,CLI-003559,Premium,Medellin,Mexico,29,37479,2025-11-14,Inactivo
3560,CLI-003560,Digital,Guadalajara,Mexico,32,64598,2025-04-05,Activo
3561,CLI-003561,Premium,Bogota,Colombia,30,56350,2022-12-25,Activo
3562,CLI-003562,Pyme,Puebla,Mexico,41,83799,2021-09-25,Activo
3563,CLI-003563,Pyme,CDMX,Mexico,32,40160,2024-02-23,Activo
3564,CLI-003564,Digital,Cali,Mexico,62,48005,2024-12-16,Activo
3565,CLI-003565,Digital,Cali,Colombia,47,81235,2025-03-23,Activo
3566,CLI-003566,Digital,Monterrey,Mexico,32,29548,2025-02-10,Activo
3567,CLI-003567,Pyme,Queretaro,Colombia,40,49373,2025-04-14,Inactivo
3568,CLI-003568,Nomina,Medellin,Mexico,37,45790,2024-01-27,Activo
3569,CLI-003569,Empresarial,CDMX,Colombia,38,39922,2024-12-26,Activo
3570,CLI-003570,Nomina,CDMX,Mexico,41,26693,2022-06-03,Activo
3571,CLI-003571,Premium,Medellin,Mexico,22,84600,2022-08-19,Inactivo
3572,CLI-003572,Pyme,Monterrey,Mexico,30,34145,2025-03-26,Activo
3573,CLI-003573,Empresarial,Medellin,Mexico,39,30140,2021-06-14,Inactivo
3574,CLI-003574,Empresarial,Guadalajara,Mexico,64,64817,2021-08-30,Activo
3575,CLI-003575,Nomina,Cali,Mexico,21,97959,2022-08-22,Activo
3576,CLI-003576,Digital,Medellin,Mexico,53,40551,2024-05-14,Activo
3577,CLI-003577,Digital,Queretaro,Mexico,53,83019,2021-03-26,Activo
3578,CLI-003578,Nomina,Cali,Mexico,53,48304,2021-08-02,Activo
3579,CLI-003579,Nomina,Bogota,Mexico,39,16371,2023-02-26,Activo
3580,CLI-003580,Premium,Bogota,Mexico,40,60520,2024-06-26,Activo
3581,CLI-003581,Digital,Puebla,Colombia,51,9424,2024-08-19,Activo
3582,CLI-003582,Premium,Cali,Mexico,20,65771,2026-04-21,Activo
3583,CLI-003583,Digital,Bogota,Mexico,28,71393,2023-12-16,Inactivo
3584,CLI-003584,Empresarial,Monterrey,Colombia,50,64083,2024-05-12,Inactivo
3585,CLI-003585,Nomina,CDMX,Mexico,59,55874,2024-08-12,Activo
3586,CLI-003586,Pyme,Medellin,Mexico,46,16126,2024-03-10,Activo
3587,CLI-003587,Pyme,Monterrey,Mexico,33,19538,2025-08-24,Activo
3588,CLI-003588,Pyme,CDMX,Colombia,59,22984,2022-09-20,Inactivo
3589,CLI-003589,Premium,Guadalajara,Mexico,23,90420,2022-12-10,Inactivo
3590,CLI-003590,Premium,Monterrey,Colombia,42,35220,2025-07-23,Inactivo
3591,CLI-003591,Empresarial,CDMX,Mexico,20,39981,2024-08-17,Activo
3592,CLI-003592,Empresarial,Puebla,Mexico,56,39434,2021-06-20,Inactivo
3593,CLI-003593,Digital,Monterrey,Mexico,25,57534,2024-11-17,Inactivo
3594,CLI-003594,Empresarial,CDMX,Mexico,33,87757,2022-04-30,Activo
3595,CLI-003595,Nomina,Cali,Colombia,34,80689,2022-01-28,Inactivo
3596,CLI-003596,Nomina,Puebla,Colombia,28,56423,2021-07-07,Activo
3597,CLI-003597,Pyme,Queretaro,Colombia,24,88238,2022-06-26,Activo
3598,CLI-003598,Empresarial,Cali,Mexico,31,42666,2025-04-03,Activo
3599,CLI-003599,Empresarial,Guadalajara,Colombia,24,62744,2024-08-25,Activo
3600,CLI-003600,Empresarial,Cali,Colombia,57,74195,2026-02-12,Activo
3601,CLI-003601,Pyme,Puebla,Mexico,24,15844,2022-09-17,Activo
3602,CLI-003602,Pyme,Monterrey,Mexico,36,84408,2021-06-17,Activo
3603,CLI-003603,Nomina,CDMX,Mexico,20,47686,2026-03-12,Activo
3604,CLI-003604,Empresarial,Queretaro,Colombia,38,63252,2025-01-05,Inactivo
3605,CLI-003605,Pyme,Puebla,Colombia,39,75438,2025-01-01,Inactivo
3606,CLI-003606,Pyme,Medellin,Colombia,28,61191,2025-11-25,Inactivo
3607,CLI-003607,Empresarial,Queretaro,Mexico,22,35611,2026-03-23,Activo
3608,CLI-003608,Digital,CDMX,Mexico,24,70530,2024-07-31,Activo
3609,CLI-003609,Digital,CDMX,Mexico,53,83618,2022-10-30,Activo
3610,CLI-003610,Nomina,Bogota,Mexico,53,44405,2025-11-25,Inactivo
3611,CLI-003611,Empresarial,Guadalajara,Mexico,56,40026,2023-03-07,Activo
3612,CLI-003612,Digital,Medellin,Mexico,37,21141,2023-10-11,Activo
3613,CLI-003613,Premium,Medellin,Colombia,53,9001,2023-07-24,Activo
3614,CLI-003614,Digital,Bogota,Colombia,48,52305,2022-07-06,Activo
3615,CLI-003615,Premium,Bogota,Mexico,21,94415,2023-01-20,Inactivo
3616,CLI-003616,Pyme,Monterrey,Mexico,25,80456,2023-08-17,Inactivo
3617,CLI-003617,Nomina,Monterrey,Mexico,28,72550,2026-06-06,Activo
3618,CLI-003618,Premium,Cali,Mexico,51,21268,2023-03-20,Activo
3619,CLI-003619,Nomina,Puebla,Mexico,21,79217,2022-02-13,Activo
3620,CLI-003620,Premium,Monterrey,Mexico,41,48604,2022-04-08,Activo
3621,CLI-003621,Digital,Monterrey,Colombia,21,86356,2023-03-14,Inactivo
3622,CLI-003622,Premium,Monterrey,Mexico,50,26381,2026-02-28,Activo
3623,CLI-003623,Digital,Monterrey,Colombia,29,58298,2023-10-08,Inactivo
3624,CLI-003624,Premium,Cali,Mexico,51,90019,2023-04-26,Inactivo
3625,CLI-003625,Nomina,Puebla,Colombia,38,19518,2021-08-06,Inactivo
3626,CLI-003626,Nomina,CDMX,Mexico,52,25418,2024-07-31,Inactivo
3627,CLI-003627,Premium,Queretaro,Mexico,40,87399,2022-07-19,Activo
3628,CLI-003628,Pyme,CDMX,Mexico,54,73725,2021-12-25,Activo
3629,CLI-003629,Digital,Medellin,Colombia,45,93566,2023-07-22,Activo
3630,CLI-003630,Premium,Medellin,Mexico,56,73797,2021-06-07,Activo
3631,CLI-003631,Premium,Queretaro,Mexico,59,94158,2024-06-08,Activo
3632,CLI-003632,Nomina,Queretaro,Colombia,25,73714,2023-12-22,Inactivo
3633,CLI-003633,Pyme,Queretaro,Mexico,56,55585,2022-06-16,Inactivo
3634,CLI-003634,Pyme,Bogota,Mexico,60,41080,2023-01-15,Activo
3635,CLI-003635,Digital,Medellin,Mexico,60,72521,2021-09-27,Inactivo
3636,CLI-003636,Nomina,Guadalajara,Mexico,29,47311,2023-11-19,Activo
3637,CLI-003637,Premium,Monterrey,Colombia,39,89598,2023-03-05,Activo
3638,CLI-003638,Digital,Puebla,Mexico,44,51167,2025-03-15,Activo
3639,CLI-003639,Pyme,Queretaro,Mexico,23,40167,2025-07-29,Inactivo
3640,CLI-003640,Pyme,Monterrey,Colombia,34,64566,2021-08-13,Activo
3641,CLI-003641,Premium,Queretaro,Mexico,32,95027,2026-04-28,Activo
3642,CLI-003642,Empresarial,Puebla,Colombia,61,46569,2024-11-26,Activo
3643,CLI-003643,Digital,CDMX,Mexico,42,31145,2025-06-12,Activo
3644,CLI-003644,Pyme,Monterrey,Colombia,55,47225,2021-10-26,Activo
3645,CLI-003645,Premium,Queretaro,Mexico,52,90216,2026-05-27,Inactivo
3646,CLI-003646,Pyme,Queretaro,Mexico,57,43640,2025-08-16,Activo
3647,CLI-003647,Digital,Monterrey,Mexico,48,23530,2025-02-19,Activo
3648,CLI-003648,Pyme,Queretaro,Colombia,33,67654,2025-10-04,Activo
3649,CLI-003649,Premium,Queretaro,Mexico,31,66942,2026-05-28,Activo
3650,CLI-003650,Digital,Queretaro,Mexico,20,26358,2021-09-10,Activo
3651,CLI-003651,Nomina,Medellin,Colombia,39,29781,2022-04-28,Activo
3652,CLI-003652,Premium,Bogota,Mexico,35,31509,2024-05-23,Activo
3653,CLI-003653,Pyme,Guadalajara,Mexico,47,47368,2021-12-27,Inactivo
3654,CLI-003654,Empresarial,Puebla,Colombia,42,12327,2024-11-07,Activo
3655,CLI-003655,Empresarial,Medellin,Mexico,45,17638,2022-11-22,Activo
3656,CLI-003656,Empresarial,Monterrey,Mexico,48,69452,2022-04-11,Activo
3657,CLI-003657,Nomina,Cali,Colombia,62,95286,2022-09-19,Inactivo
3658,CLI-003658,Digital,Bogota,Mexico,58,68622,2024-03-10,Inactivo
3659,CLI-003659,Premium,CDMX,Mexico,28,31384,2021-07-07,Activo
3660,CLI-003660,Premium,Queretaro,Mexico,37,48123,2023-05-03,Inactivo
3661,CLI-003661,Empresarial,Medellin,Mexico,55,58632,2023-07-22,Activo
3662,CLI-003662,Premium,Puebla,Mexico,23,59533,2022-11-28,Activo
3663,CLI-003663,Digital,Queretaro,Mexico,29,17028,2021-08-25,Activo
3664,CLI-003664,Nomina,Medellin,Colombia,43,65968,2023-01-17,Activo
3665,CLI-003665,Premium,Puebla,Mexico,34,88810,2024-01-15,Activo
3666,CLI-003666,Pyme,Queretaro,Mexico,51,65478,2024-12-31,Inactivo
3667,CLI-003667,Premium,Puebla,Mexico,35,44947,2023-08-03,Inactivo
3668,CLI-003668,Digital,Medellin,Mexico,47,88784,2024-01-04,Inactivo
3669,CLI-003669,Digital,Monterrey,Mexico,29,61437,2024-02-13,Inactivo
3670,CLI-003670,Digital,CDMX,Colombia,48,49611,2021-12-21,Inactivo
3671,CLI-003671,Digital,Monterrey,Mexico,56,67334,2022-11-15,Activo
3672,CLI-003672,Nomina,Cali,Mexico,42,44116,2026-02-08,Activo
3673,CLI-003673,Digital,Bogota,Mexico,24,56057,2021-11-17,Activo
3674,CLI-003674,Pyme,Bogota,Mexico,58,56277,2021-05-19,Activo
3675,CLI-003675,Nomina,Medellin,Colombia,55,83301,2024-01-06,Activo
3676,CLI-003676,Empresarial,Monterrey,Mexico,49,44221,2025-10-28,Inactivo
3677,CLI-003677,Premium,Cali,Mexico,25,25408,2025-10-03,Activo
3678,CLI-003678,Digital,Medellin,Mexico,39,35052,2024-02-16,Activo
3679,CLI-003679,Empresarial,Cali,Mexico,52,30904,2021-04-24,Activo
3680,CLI-003680,Premium,Medellin,Colombia,31,34176,2023-08-19,Activo
3681,CLI-003681,Premium,Cali,Mexico,29,92495,2024-08-19,Inactivo
3682,CLI-003682,Nomina,Puebla,Mexico,57,17070,2026-04-01,Activo
3683,CLI-003683,Digital,Bogota,Mexico,24,75473,2021-07-11,Activo
3684,CLI-003684,Digital,Monterrey,Mexico,44,71066,2025-09-12,Activo
3685,CLI-003685,Pyme,CDMX,Colombia,27,75434,2024-09-03,Inactivo
3686,CLI-003686,Pyme,Queretaro,Colombia,46,48065,2022-12-20,Activo
3687,CLI-003687,Nomina,Puebla,Colombia,36,68643,2024-09-21,Activo
3688,CLI-003688,Premium,Puebla,Mexico,25,56450,2025-03-12,Activo
3689,CLI-003689,Pyme,Medellin,Colombia,53,63088,2026-04-08,Activo
3690,CLI-003690,Digital,Cali,Mexico,42,35878,2023-04-24,Activo
3691,CLI-003691,Empresarial,Cali,Mexico,52,73446,2024-05-28,Inactivo
3692,CLI-003692,Empresarial,Cali,Mexico,63,25642,2022-06-21,Inactivo
3693,CLI-003693,Digital,Bogota,Colombia,50,28549,2024-09-05,Activo
3694,CLI-003694,Empresarial,Queretaro,Mexico,57,54230,2021-05-04,Activo
3695,CLI-003695,Empresarial,Bogota,Mexico,52,80880,2021-06-30,Activo
3696,CLI-003696,Digital,Guadalajara,Mexico,54,43131,2021-07-14,Activo
3697,CLI-003697,Empresarial,Bogota,Colombia,55,22962,2025-03-25,Activo
3698,CLI-003698,Pyme,Guadalajara,Mexico,61,60702,2022-05-08,Activo
3699,CLI-003699,Empresarial,Guadalajara,Mexico,47,35552,2021-04-29,Inactivo
3700,CLI-003700,Premium,Monterrey,Mexico,36,41507,2025-07-01,Activo
3701,CLI-003701,Empresarial,Monterrey,Colombia,24,16780,2022-06-12,Activo
3702,CLI-003702,Empresarial,Cali,Mexico,29,90923,2025-08-24,Inactivo
3703,CLI-003703,Digital,Guadalajara,Mexico,57,65912,2026-02-15,Activo
3704,CLI-003704,Premium,Cali,Mexico,33,16975,2022-05-30,Activo
3705,CLI-003705,Premium,CDMX,Mexico,26,10511,2026-04-07,Activo
3706,CLI-003706,Pyme,Guadalajara,Mexico,22,16770,2025-08-30,Activo
3707,CLI-003707,Pyme,Puebla,Mexico,42,87060,2024-07-06,Activo
3708,CLI-003708,Empresarial,CDMX,Mexico,64,67526,2024-01-11,Activo
3709,CLI-003709,Premium,Medellin,Mexico,53,41586,2024-01-11,Activo
3710,CLI-003710,Digital,CDMX,Mexico,63,52909,2026-06-12,Activo
3711,CLI-003711,Empresarial,Puebla,Mexico,33,53090,2022-03-21,Activo
3712,CLI-003712,Pyme,Medellin,Mexico,58,66891,2022-04-26,Activo
3713,CLI-003713,Premium,Monterrey,Mexico,23,11330,2022-09-29,Activo
3714,CLI-003714,Pyme,Bogota,Mexico,61,79648,2023-07-23,Inactivo
3715,CLI-003715,Digital,Medellin,Mexico,30,19762,2022-03-20,Inactivo
3716,CLI-003716,Digital,Queretaro,Mexico,25,14224,2021-12-12,Activo
3717,CLI-003717,Nomina,Puebla,Mexico,46,49809,2026-08-13,Activo
3718,CLI-003718,Nomina,Monterrey,Mexico,46,65385,2024-06-30,Activo
3719,CLI-003719,Empresarial,Cali,Mexico,20,23681,2024-05-10,Activo
3720,CLI-003720,Digital,Queretaro,Mexico,36,32871,2026-08-14,Inactivo
3721,CLI-003721,Empresarial,Guadalajara,Colombia,36,28771,2023-12-02,Activo
3722,CLI-003722,Digital,Queretaro,Mexico,38,48377,2021-10-29,Activo
3723,CLI-003723,Nomina,Monterrey,Colombia,36,27590,2022-11-23,Activo
3724,CLI-003724,Nomina,Guadalajara,Mexico,22,80703,2026-03-11,Inactivo
3725,CLI-003725,Pyme,CDMX,Mexico,43,65131,2022-10-21,Activo
3726,CLI-003726,Nomina,Guadalajara,Colombia,58,48842,2023-12-23,Activo
3727,CLI-003727,Empresarial,Bogota,Mexico,35,53029,2021-09-14,Inactivo
3728,CLI-003728,Pyme,Guadalajara,Colombia,51,8433,2026-03-01,Activo
3729,CLI-003729,Premium,Guadalajara,Mexico,44,36868,2025-05-13,Activo
3730,CLI-003730,Pyme,Medellin,Mexico,57,49175,2021-12-07,Activo
3731,CLI-003731,Nomina,Puebla,Mexico,34,93875,2022-01-22,Inactivo
3732,CLI-003732,Digital,Puebla,Mexico,57,83848,2023-03-05,Activo
3733,CLI-003733,Pyme,Guadalajara,Mexico,46,45818,2022-02-19,Activo
3734,CLI-003734,Pyme,Medellin,Mexico,64,97509,2024-10-23,Inactivo
3735,CLI-003735,Pyme,Monterrey,Mexico,21,35312,2021-11-22,Activo
3736,CLI-003736,Empresarial,Medellin,Mexico,64,42832,2021-12-26,Inactivo
3737,CLI-003737,Nomina,CDMX,Mexico,58,88190,2024-09-14,Activo
3738,CLI-003738,Empresarial,Medellin,Mexico,25,17675,2024-01-09,Inactivo
3739,CLI-003739,Premium,Monterrey,Mexico,33,74886,2024-05-20,Activo
3740,CLI-003740,Premium,Medellin,Mexico,37,59895,2025-01-19,Activo
3741,CLI-003741,Empresarial,Bogota,Colombia,46,62797,2025-04-06,Activo
3742,CLI-003742,Premium,Monterrey,Mexico,57,42106,2023-06-11,Activo
3743,CLI-003743,Empresarial,Cali,Colombia,38,27664,2025-12-13,Activo
3744,CLI-003744,Premium,CDMX,Colombia,39,47664,2024-03-05,Activo
3745,CLI-003745,Premium,Medellin,Mexico,45,82287,2025-11-19,Activo
3746,CLI-003746,Premium,Guadalajara,Colombia,54,47964,2023-01-02,Activo
3747,CLI-003747,Empresarial,Medellin,Colombia,25,57851,2024-05-18,Activo
3748,CLI-003748,Digital,Puebla,Colombia,49,23113,2025-07-27,Activo
3749,CLI-003749,Digital,Medellin,Mexico,26,63510,2021-08-02,Activo
3750,CLI-003750,Pyme,Medellin,Colombia,60,83107,2021-06-18,Activo
3751,CLI-003751,Empresarial,Monterrey,Mexico,61,43894,2024-10-16,Activo
3752,CLI-003752,Pyme,Queretaro,Mexico,55,61891,2026-03-07,Activo
3753,CLI-003753,Pyme,Bogota,Mexico,55,85534,2025-03-23,Activo
3754,CLI-003754,Empresarial,Monterrey,Mexico,55,38658,2026-02-02,Inactivo
3755,CLI-003755,Digital,Medellin,Mexico,20,23005,2024-10-03,Activo
3756,CLI-003756,Nomina,Medellin,Mexico,63,44918,2021-03-27,Inactivo
3757,CLI-003757,Pyme,Medellin,Mexico,58,93608,2023-08-29,Activo
3758,CLI-003758,Premium,Puebla,Mexico,21,72990,2021-06-20,Activo
3759,CLI-003759,Pyme,CDMX,Mexico,60,16373,2021-05-15,Inactivo
3760,CLI-003760,Premium,Cali,Colombia,62,77812,2023-01-19,Activo
3761,CLI-003761,Premium,Queretaro,Mexico,61,54746,2025-07-25,Inactivo
3762,CLI-003762,Nomina,Medellin,Colombia,45,79748,2025-09-21,Inactivo
3763,CLI-003763,Premium,Bogota,Mexico,33,46440,2025-05-23,Inactivo
3764,CLI-003764,Premium,Queretaro,Mexico,20,15072,2026-06-13,Activo
3765,CLI-003765,Pyme,Bogota,Mexico,20,69300,2022-09-03,Activo
3766,CLI-003766,Nomina,Bogota,Mexico,33,93240,2026-04-23,Activo
3767,CLI-003767,Premium,Guadalajara,Colombia,23,86160,2025-03-14,Activo
3768,CLI-003768,Empresarial,Monterrey,Colombia,55,39996,2024-06-14,Activo
3769,CLI-003769,Premium,Monterrey,Colombia,30,72918,2026-05-16,Activo
3770,CLI-003770,Digital,Monterrey,Mexico,62,24978,2026-08-08,Inactivo
3771,CLI-003771,Premium,Puebla,Colombia,50,27455,2023-09-30,Activo
3772,CLI-003772,Premium,Medellin,Colombia,35,96004,2025-10-31,Activo
3773,CLI-003773,Premium,Monterrey,Mexico,35,71333,2023-04-11,Activo
3774,CLI-003774,Nomina,CDMX,Mexico,39,62837,2022-01-13,Activo
3775,CLI-003775,Nomina,Queretaro,Mexico,45,12160,2022-01-11,Activo
3776,CLI-003776,Digital,Monterrey,Mexico,51,95258,2024-03-18,Activo
3777,CLI-003777,Pyme,Bogota,Mexico,41,38642,2025-10-15,Inactivo
3778,CLI-003778,Pyme,Cali,Mexico,36,37044,2025-12-28,Activo
3779,CLI-003779,Pyme,Queretaro,Mexico,32,22839,2026-07-27,Inactivo
3780,CLI-003780,Pyme,Cali,Mexico,58,97543,2021-05-26,Inactivo
3781,CLI-003781,Pyme,Medellin,Colombia,46,22261,2025-12-17,Activo
3782,CLI-003782,Premium,Queretaro,Mexico,28,66782,2021-06-17,Inactivo
3783,CLI-003783,Empresarial,Bogota,Mexico,61,47082,2022-05-09,Activo
3784,CLI-003784,Empresarial,Monterrey,Mexico,33,64670,2024-10-18,Activo
3785,CLI-003785,Empresarial,Queretaro,Mexico,63,41875,2024-01-24,Activo
3786,CLI-003786,Premium,Bogota,Mexico,60,85989,2023-02-16,Inactivo
3787,CLI-003787,Digital,Queretaro,Colombia,30,91529,2023-02-17,Activo
3788,CLI-003788,Nomina,Puebla,Colombia,63,64384,2022-09-23,Activo
3789,CLI-003789,Nomina,CDMX,Mexico,41,51009,2025-12-23,Inactivo
3790,CLI-003790,Premium,Bogota,Colombia,57,19330,2025-03-29,Activo
3791,CLI-003791,Nomina,Puebla,Mexico,22,76443,2022-09-29,Activo
3792,CLI-003792,Empresarial,Cali,Colombia,50,21348,2025-05-08,Inactivo
3793,CLI-003793,Nomina,Puebla,Colombia,37,90030,2025-04-04,Inactivo
3794,CLI-003794,Pyme,Queretaro,Colombia,59,65072,2023-10-26,Activo
3795,CLI-003795,Digital,Guadalajara,Colombia,47,96655,2025-03-07,Inactivo
3796,CLI-003796,Nomina,Queretaro,Mexico,57,94654,2023-02-17,Activo
3797,CLI-003797,Premium,Puebla,Mexico,55,79753,2026-03-23,Activo
3798,CLI-003798,Empresarial,CDMX,Mexico,39,90150,2022-08-12,Activo
3799,CLI-003799,Digital,Puebla,Mexico,52,20892,2023-08-05,Activo
3800,CLI-003800,Digital,Bogota,Mexico,57,44592,2021-12-09,Activo
3801,CLI-003801,Pyme,Puebla,Mexico,57,71510,2024-12-06,Activo
3802,CLI-003802,Nomina,Cali,Mexico,31,44050,2023-12-23,Activo
3803,CLI-003803,Digital,CDMX,Mexico,62,81028,2025-03-17,Activo
3804,CLI-003804,Digital,Monterrey,Mexico,45,60873,2025-02-26,Inactivo
3805,CLI-003805,Digital,Bogota,Colombia,55,70000,2025-09-19,Activo
3806,CLI-003806,Digital,Monterrey,Mexico,57,82340,2026-02-18,Activo
3807,CLI-003807,Nomina,Puebla,Mexico,31,88833,2022-12-15,Activo
3808,CLI-003808,Empresarial,Puebla,Mexico,28,34381,2024-01-26,Activo
3809,CLI-003809,Digital,Queretaro,Mexico,56,22155,2025-05-08,Activo
3810,CLI-003810,Pyme,CDMX,Mexico,31,19886,2026-02-24,Activo
3811,CLI-003811,Digital,Monterrey,Mexico,44,52879,2022-04-10,Inactivo
3812,CLI-003812,Pyme,Cali,Mexico,26,88582,2022-03-13,Activo
3813,CLI-003813,Empresarial,Puebla,Mexico,46,22064,2022-03-22,Inactivo
3814,CLI-003814,Nomina,Guadalajara,Colombia,21,51768,2023-11-05,Activo
3815,CLI-003815,Empresarial,Medellin,Colombia,59,89308,2024-10-05,Activo
3816,CLI-003816,Digital,Monterrey,Colombia,61,95670,2023-04-20,Inactivo
3817,CLI-003817,Nomina,Bogota,Colombia,34,52656,2026-01-04,Inactivo
3818,CLI-003818,Premium,Guadalajara,Colombia,48,19831,2025-02-25,Activo
3819,CLI-003819,Empresarial,Puebla,Colombia,26,84687,2022-12-31,Inactivo
3820,CLI-003820,Digital,Cali,Colombia,30,19828,2021-11-20,Activo
3821,CLI-003821,Premium,CDMX,Mexico,26,36295,2023-08-06,Activo
3822,CLI-003822,Empresarial,Bogota,Mexico,40,86954,2024-12-30,Activo
3823,CLI-003823,Digital,Puebla,Colombia,42,75065,2023-06-06,Activo
3824,CLI-003824,Nomina,Monterrey,Colombia,52,84462,2022-08-30,Activo
3825,CLI-003825,Premium,Queretaro,Mexico,24,61451,2026-06-19,Inactivo
3826,CLI-003826,Empresarial,Bogota,Mexico,30,55070,2024-06-10,Activo
3827,CLI-003827,Digital,Bogota,Mexico,56,39790,2024-05-16,Activo
3828,CLI-003828,Empresarial,Bogota,Mexico,37,97393,2022-07-09,Activo
3829,CLI-003829,Nomina,Puebla,Mexico,20,93432,2022-10-05,Activo
3830,CLI-003830,Nomina,Bogota,Mexico,50,92928,2025-01-31,Activo
3831,CLI-003831,Nomina,Guadalajara,Mexico,20,54419,2022-09-10,Activo
3832,CLI-003832,Nomina,Queretaro,Mexico,38,47910,2021-10-31,Inactivo
3833,CLI-003833,Premium,Cali,Mexico,48,39201,2025-02-12,Activo
3834,CLI-003834,Premium,Cali,Mexico,41,58787,2021-07-04,Activo
3835,CLI-003835,Premium,Puebla,Mexico,59,38386,2023-12-26,Activo
3836,CLI-003836,Premium,Monterrey,Mexico,50,79604,2022-03-06,Activo
3837,CLI-003837,Pyme,Cali,Mexico,22,64324,2024-04-09,Activo
3838,CLI-003838,Nomina,Bogota,Mexico,43,94519,2024-04-29,Inactivo
3839,CLI-003839,Pyme,Medellin,Colombia,41,29776,2022-12-19,Activo
3840,CLI-003840,Premium,Queretaro,Mexico,55,83568,2026-01-31,Activo
3841,CLI-003841,Premium,Guadalajara,Colombia,26,67831,2025-12-01,Activo
3842,CLI-003842,Empresarial,Monterrey,Mexico,22,38789,2023-06-12,Activo
3843,CLI-003843,Empresarial,Bogota,Mexico,46,57551,2025-07-13,Inactivo
3844,CLI-003844,Premium,Puebla,Mexico,41,35887,2026-02-21,Activo
3845,CLI-003845,Pyme,Medellin,Mexico,43,77520,2026-05-08,Activo
3846,CLI-003846,Nomina,Guadalajara,Mexico,33,92315,2021-04-11,Activo
3847,CLI-003847,Empresarial,Monterrey,Mexico,45,94560,2024-05-31,Inactivo
3848,CLI-003848,Premium,Puebla,Mexico,42,25519,2026-02-16,Activo
3849,CLI-003849,Pyme,Guadalajara,Mexico,55,64865,2026-05-15,Activo
3850,CLI-003850,Pyme,Guadalajara,Colombia,32,41505,2022-08-08,Activo
3851,CLI-003851,Empresarial,Cali,Mexico,23,41207,2023-08-03,Activo
3852,CLI-003852,Pyme,Cali,Colombia,27,85585,2021-11-03,Activo
3853,CLI-003853,Nomina,Puebla,Mexico,44,18328,2025-09-09,Activo
3854,CLI-003854,Premium,Queretaro,Colombia,41,63279,2023-06-24,Activo
3855,CLI-003855,Nomina,CDMX,Mexico,37,37066,2023-08-27,Inactivo
3856,CLI-003856,Empresarial,Monterrey,Mexico,26,79932,2025-04-02,Activo
3857,CLI-003857,Pyme,Queretaro,Mexico,52,29988,2024-02-24,Activo
3858,CLI-003858,Pyme,CDMX,Colombia,57,86434,2021-09-03,Activo
3859,CLI-003859,Nomina,Bogota,Mexico,56,90808,2022-05-12,Activo
3860,CLI-003860,Pyme,Queretaro,Mexico,23,31732,2021-07-30,Inactivo
3861,CLI-003861,Empresarial,Queretaro,Colombia,57,81312,2022-04-09,Activo
3862,CLI-003862,Digital,Medellin,Mexico,49,61932,2021-10-23,Activo
3863,CLI-003863,Premium,Queretaro,Colombia,33,95194,2025-06-20,Activo
3864,CLI-003864,Nomina,Medellin,Mexico,24,85208,2021-12-29,Activo
3865,CLI-003865,Pyme,Cali,Mexico,23,71348,2025-10-25,Activo
3866,CLI-003866,Premium,Queretaro,Mexico,34,11470,2024-09-11,Activo
3867,CLI-003867,Digital,Medellin,Colombia,60,48791,2025-01-20,Inactivo
3868,CLI-003868,Premium,Guadalajara,Mexico,24,80839,2024-09-26,Inactivo
3869,CLI-003869,Pyme,Puebla,Colombia,26,37531,2021-04-29,Activo
3870,CLI-003870,Digital,Puebla,Mexico,30,85207,2021-07-17,Activo
3871,CLI-003871,Digital,Queretaro,Colombia,43,8334,2021-07-06,Activo
3872,CLI-003872,Nomina,Guadalajara,Colombia,64,34004,2025-08-28,Activo
3873,CLI-003873,Empresarial,CDMX,Colombia,20,23105,2022-07-08,Activo
3874,CLI-003874,Pyme,CDMX,Mexico,22,52002,2021-06-26,Activo
3875,CLI-003875,Digital,CDMX,Mexico,44,44544,2024-11-08,Activo
3876,CLI-003876,Nomina,Monterrey,Mexico,37,33976,2026-05-04,Activo
3877,CLI-003877,Empresarial,Puebla,Mexico,59,42071,2023-03-12,Activo
3878,CLI-003878,Premium,Monterrey,Mexico,23,9091,2023-02-12,Activo
3879,CLI-003879,Nomina,Cali,Colombia,40,50168,2022-07-20,Activo
3880,CLI-003880,Empresarial,Medellin,Mexico,41,59671,2024-12-23,Activo
3881,CLI-003881,Pyme,Cali,Mexico,43,17958,2021-10-30,Activo
3882,CLI-003882,Premium,Medellin,Colombia,64,33023,2026-07-18,Inactivo
3883,CLI-003883,Pyme,Monterrey,Colombia,56,38077,2023-06-08,Activo
3884,CLI-003884,Pyme,Guadalajara,Mexico,33,58818,2024-06-11,Activo
3885,CLI-003885,Pyme,Cali,Mexico,64,51204,2022-12-14,Inactivo
3886,CLI-003886,Digital,Monterrey,Colombia,59,76142,2024-12-20,Activo
3887,CLI-003887,Premium,Guadalajara,Mexico,64,27300,2024-07-24,Activo
3888,CLI-003888,Digital,Puebla,Colombia,30,97500,2025-06-28,Activo
3889,CLI-003889,Pyme,Puebla,Colombia,32,52578,2022-09-19,Inactivo
3890,CLI-003890,Nomina,Bogota,Mexico,35,55345,2021-12-23,Inactivo
3891,CLI-003891,Pyme,Queretaro,Colombia,49,42922,2024-03-11,Activo
3892,CLI-003892,Digital,Cali,Colombia,32,26068,2025-12-29,Inactivo
3893,CLI-003893,Empresarial,Puebla,Colombia,39,40876,2023-08-12,Activo
3894,CLI-003894,Empresarial,Medellin,Mexico,25,87275,2026-01-04,Activo
3895,CLI-003895,Nomina,Bogota,Mexico,47,92102,2024-08-23,Activo
3896,CLI-003896,Pyme,Guadalajara,Mexico,51,48307,2026-02-12,Activo
3897,CLI-003897,Empresarial,Bogota,Mexico,20,86654,2023-05-24,Activo
3898,CLI-003898,Digital,Puebla,Colombia,24,56691,2024-07-05,Inactivo
3899,CLI-003899,Premium,Guadalajara,Mexico,47,84702,2026-05-17,Activo
3900,CLI-003900,Empresarial,Puebla,Mexico,22,15218,2021-06-05,Inactivo
3901,CLI-003901,Digital,Bogota,Mexico,34,14642,2026-04-16,Activo
3902,CLI-003902,Nomina,Monterrey,Mexico,54,64114,2023-11-10,Activo
3903,CLI-003903,Nomina,Guadalajara,Mexico,53,54079,2023-02-01,Activo
3904,CLI-003904,Empresarial,Bogota,Mexico,45,12611,2022-12-13,Inactivo
3905,CLI-003905,Empresarial,Medellin,Colombia,41,25698,2021-07-27,Activo
3906,CLI-003906,Pyme,Monterrey,Mexico,50,92954,2024-02-14,Activo
3907,CLI-003907,Digital,Puebla,Colombia,36,36531,2024-05-19,Activo
3908,CLI-003908,Nomina,CDMX,Colombia,44,87091,2026-07-24,Activo
3909,CLI-003909,Nomina,Bogota,Mexico,32,51262,2026-04-30,Activo
3910,CLI-003910,Empresarial,Guadalajara,Mexico,28,31562,2026-01-14,Activo
3911,CLI-003911,Digital,Puebla,Mexico,61,62854,2026-04-24,Inactivo
3912,CLI-003912,Premium,CDMX,Mexico,30,59966,2026-04-21,Activo
3913,CLI-003913,Pyme,Guadalajara,Mexico,55,56029,2021-10-28,Activo
3914,CLI-003914,Premium,Puebla,Mexico,37,62225,2024-02-24,Activo
3915,CLI-003915,Empresarial,Queretaro,Colombia,27,24785,2025-08-29,Activo
3916,CLI-003916,Digital,Monterrey,Mexico,32,94529,2022-04-15,Activo
3917,CLI-003917,Premium,Bogota,Mexico,42,86490,2021-11-01,Activo
3918,CLI-003918,Digital,Guadalajara,Mexico,31,62450,2023-10-30,Activo
3919,CLI-003919,Premium,CDMX,Mexico,51,61445,2023-01-23,Activo
3920,CLI-003920,Digital,Cali,Mexico,27,51333,2024-01-20,Activo
3921,CLI-003921,Nomina,Monterrey,Mexico,26,72192,2025-03-20,Activo
3922,CLI-003922,Pyme,Guadalajara,Mexico,59,94996,2024-07-05,Activo
3923,CLI-003923,Nomina,Monterrey,Mexico,44,8604,2023-04-08,Activo
3924,CLI-003924,Digital,Queretaro,Mexico,54,72934,2021-05-12,Inactivo
3925,CLI-003925,Nomina,Medellin,Colombia,58,36426,2024-10-11,Activo
3926,CLI-003926,Digital,Guadalajara,Colombia,32,15680,2026-04-28,Activo
3927,CLI-003927,Empresarial,Cali,Mexico,29,55494,2025-11-11,Activo
3928,CLI-003928,Empresarial,Puebla,Mexico,24,40829,2023-08-19,Activo
3929,CLI-003929,Nomina,Guadalajara,Colombia,44,40534,2021-06-09,Activo
3930,CLI-003930,Empresarial,Bogota,Mexico,27,30747,2023-03-09,Activo
3931,CLI-003931,Premium,Cali,Colombia,27,17957,2021-10-24,Activo
3932,CLI-003932,Premium,Guadalajara,Mexico,39,72464,2021-04-19,Inactivo
3933,CLI-003933,Pyme,Monterrey,Mexico,41,8593,2023-04-18,Inactivo
3934,CLI-003934,Premium,Guadalajara,Mexico,57,14242,2022-12-10,Activo
3935,CLI-003935,Digital,Puebla,Colombia,48,37362,2025-10-24,Activo
3936,CLI-003936,Pyme,Monterrey,Mexico,20,94130,2021-10-29,Activo
3937,CLI-003937,Nomina,Monterrey,Mexico,31,19601,2024-04-28,Activo
3938,CLI-003938,Digital,CDMX,Mexico,64,20118,2025-05-10,Activo
3939,CLI-003939,Digital,Queretaro,Mexico,60,68270,2022-12-08,Inactivo
3940,CLI-003940,Digital,Guadalajara,Mexico,56,59688,2021-04-21,Inactivo
3941,CLI-003941,Nomina,Cali,Mexico,47,86408,2022-10-16,Activo
3942,CLI-003942,Premium,Cali,Mexico,37,58234,2022-09-11,Activo
3943,CLI-003943,Pyme,Medellin,Mexico,32,30745,2021-07-06,Activo
3944,CLI-003944,Premium,Monterrey,Mexico,21,57194,2025-01-31,Activo
3945,CLI-003945,Premium,CDMX,Colombia,24,44650,2025-11-22,Inactivo
3946,CLI-003946,Empresarial,Guadalajara,Mexico,25,16630,2024-09-16,Activo
3947,CLI-003947,Nomina,Queretaro,Colombia,47,96040,2024-05-25,Activo
3948,CLI-003948,Digital,CDMX,Colombia,51,41523,2022-11-07,Activo
3949,CLI-003949,Nomina,Medellin,Mexico,22,53289,2023-09-03,Inactivo
3950,CLI-003950,Digital,Bogota,Mexico,61,74615,2021-06-12,Inactivo
3951,CLI-003951,Pyme,Cali,Mexico,35,86333,2025-08-03,Activo
3952,CLI-003952,Digital,CDMX,Colombia,54,81536,2024-12-04,Activo
3953,CLI-003953,Empresarial,Puebla,Colombia,44,23945,2026-06-15,Activo
3954,CLI-003954,Premium,Queretaro,Mexico,30,30925,2021-05-25,Inactivo
3955,CLI-003955,Premium,Medellin,Mexico,54,50380,2022-02-03,Activo
3956,CLI-003956,Digital,Medellin,Mexico,60,24028,2021-03-30,Activo
3957,CLI-003957,Empresarial,Monterrey,Mexico,33,73775,2023-05-30,Activo
3958,CLI-003958,Pyme,Medellin,Mexico,39,48043,2023-05-23,Inactivo
3959,CLI-003959,Nomina,Bogota,Colombia,64,79773,2025-06-14,Activo
3960,CLI-003960,Digital,Puebla,Colombia,39,30510,2022-06-22,Activo
3961,CLI-003961,Nomina,Puebla,Mexico,64,84398,2021-05-17,Activo
3962,CLI-003962,Empresarial,CDMX,Colombia,59,67337,2021-05-24,Activo
3963,CLI-003963,Digital,Guadalajara,Colombia,46,41836,2026-08-19,Activo
3964,CLI-003964,Pyme,Puebla,Colombia,25,53683,2023-07-06,Activo
3965,CLI-003965,Digital,Guadalajara,Mexico,61,33269,2021-09-24,Activo
3966,CLI-003966,Digital,Bogota,Mexico,53,51125,2021-11-01,Inactivo
3967,CLI-003967,Nomina,CDMX,Colombia,34,43455,2026-05-29,Inactivo
3968,CLI-003968,Empresarial,Guadalajara,Mexico,53,87374,2022-12-20,Inactivo
3969,CLI-003969,Nomina,Monterrey,Mexico,62,85470,2023-11-14,Activo
3970,CLI-003970,Nomina,Medellin,Mexico,30,59784,2024-07-04,Activo
3971,CLI-003971,Digital,Cali,Mexico,20,29349,2023-06-17,Activo
3972,CLI-003972,Empresarial,Medellin,Colombia,49,34747,2025-02-27,Activo
3973,CLI-003973,Empresarial,Bogota,Colombia,33,17929,2021-05-26,Activo
3974,CLI-003974,Premium,Medellin,Colombia,26,65622,2021-08-08,Activo
3975,CLI-003975,Pyme,Medellin,Colombia,64,17821,2024-07-14,Inactivo
3976,CLI-003976,Digital,Guadalajara,Mexico,61,26837,2023-04-30,Activo
3977,CLI-003977,Digital,Bogota,Mexico,22,81114,2022-10-26,Activo
3978,CLI-003978,Premium,Queretaro,Mexico,42,28067,2022-12-30,Activo
3979,CLI-003979,Digital,Medellin,Mexico,41,35849,2022-03-01,Inactivo
3980,CLI-003980,Digital,Puebla,Colombia,29,97647,2023-02-07,Activo
3981,CLI-003981,Digital,Puebla,Colombia,24,90909,2023-03-10,Activo
3982,CLI-003982,Digital,Bogota,Mexico,42,27612,2023-06-24,Activo
3983,CLI-003983,Nomina,Bogota,Mexico,20,89377,2024-06-08,Activo
3984,CLI-003984,Pyme,Cali,Mexico,54,73524,2025-06-12,Inactivo
3985,CLI-003985,Empresarial,Cali,Mexico,37,25601,2024-02-29,Activo
3986,CLI-003986,Digital,Monterrey,Mexico,48,22029,2023-06-03,Activo
3987,CLI-003987,Nomina,Guadalajara,Mexico,41,34282,2022-05-03,Activo
3988,CLI-003988,Nomina,Guadalajara,Mexico,36,70537,2021-04-09,Activo
3989,CLI-003989,Empresarial,CDMX,Mexico,41,14628,2024-05-20,Activo
3990,CLI-003990,Empresarial,Medellin,Mexico,55,79928,2026-01-24,Activo
3991,CLI-003991,Premium,Guadalajara,Mexico,24,65138,2024-01-22,Activo
3992,CLI-003992,Digital,Medellin,Mexico,39,44470,2021-09-17,Activo
3993,CLI-003993,Nomina,Cali,Mexico,49,64909,2024-09-04,Activo
3994,CLI-003994,Premium,Bogota,Mexico,20,31100,2024-08-25,Inactivo
3995,CLI-003995,Pyme,Monterrey,Mexico,38,71512,2024-04-29,Activo
3996,CLI-003996,Premium,Queretaro,Colombia,34,79423,2025-05-27,Activo
3997,CLI-003997,Premium,Cali,Mexico,47,31657,2022-03-02,Activo
3998,CLI-003998,Premium,Bogota,Colombia,38,41933,2023-01-21,Inactivo
3999,CLI-003999,Nomina,Cali,Colombia,45,24537,2022-12-02,Activo
4000,CLI-004000,Premium,Monterrey,Mexico,21,17377,2022-06-10,Activo
4001,CLI-004001,Digital,Cali,Mexico,52,94057,2022-12-17,Activo
4002,CLI-004002,Nomina,Queretaro,Mexico,33,10985,2024-04-14,Activo
4003,CLI-004003,Nomina,CDMX,Mexico,23,66415,2022-12-02,Inactivo
4004,CLI-004004,Empresarial,Queretaro,Mexico,57,74657,2025-10-23,Inactivo
4005,CLI-004005,Digital,Queretaro,Mexico,58,28190,2024-01-17,Activo
4006,CLI-004006,Empresarial,CDMX,Mexico,45,87601,2023-11-17,Activo
4007,CLI-004007,Premium,Monterrey,Mexico,22,33746,2023-08-11,Activo
4008,CLI-004008,Premium,Cali,Colombia,60,92018,2026-05-02,Activo
4009,CLI-004009,Nomina,Bogota,Colombia,53,10321,2026-03-29,Inactivo
4010,CLI-004010,Premium,Queretaro,Mexico,33,45436,2024-05-18,Activo
4011,CLI-004011,Pyme,Bogota,Mexico,38,84018,2024-05-23,Activo
4012,CLI-004012,Nomina,Puebla,Colombia,31,22007,2023-03-28,Inactivo
4013,CLI-004013,Empresarial,Guadalajara,Mexico,40,49920,2025-04-20,Activo
4014,CLI-004014,Empresarial,Monterrey,Mexico,56,70917,2025-03-07,Activo
4015,CLI-004015,Premium,Medellin,Mexico,39,20805,2023-04-23,Activo
4016,CLI-004016,Premium,Cali,Mexico,26,55021,2022-04-26,Activo
4017,CLI-004017,Digital,Guadalajara,Mexico,52,71670,2022-07-15,Activo
4018,CLI-004018,Premium,CDMX,Mexico,42,66093,2021-07-08,Activo
4019,CLI-004019,Pyme,Bogota,Mexico,20,26114,2022-11-24,Inactivo
4020,CLI-004020,Premium,Monterrey,Mexico,59,83430,2023-03-12,Activo
4021,CLI-004021,Premium,Guadalajara,Mexico,27,76558,2025-03-27,Activo
4022,CLI-004022,Pyme,Cali,Mexico,32,83461,2022-05-04,Activo
4023,CLI-004023,Digital,Cali,Mexico,31,9775,2024-04-07,Inactivo
4024,CLI-004024,Nomina,CDMX,Mexico,52,44035,2021-11-24,Activo
4025,CLI-004025,Nomina,Puebla,Mexico,52,12933,2022-02-22,Activo
4026,CLI-004026,Pyme,Puebla,Mexico,36,47837,2024-08-06,Activo
4027,CLI-004027,Digital,Monterrey,Mexico,22,95700,2026-03-04,Inactivo
4028,CLI-004028,Premium,CDMX,Mexico,22,17552,2023-08-20,Activo
4029,CLI-004029,Digital,CDMX,Mexico,35,34015,2024-01-30,Activo
4030,CLI-004030,Empresarial,Guadalajara,Mexico,27,15372,2021-04-03,Activo
4031,CLI-004031,Empresarial,Puebla,Colombia,55,50603,2023-02-15,Activo
4032,CLI-004032,Digital,Medellin,Mexico,30,61923,2024-11-30,Inactivo
4033,CLI-004033,Empresarial,Bogota,Mexico,54,39189,2024-07-28,Activo
4034,CLI-004034,Digital,Bogota,Mexico,27,33315,2024-06-17,Activo
4035,CLI-004035,Digital,Guadalajara,Mexico,62,78821,2022-01-06,Activo
4036,CLI-004036,Empresarial,Guadalajara,Mexico,55,63135,2025-06-01,Activo
4037,CLI-004037,Premium,Medellin,Colombia,54,69805,2024-03-23,Activo
4038,CLI-004038,Digital,Cali,Colombia,20,55718,2024-10-16,Inactivo
4039,CLI-004039,Empresarial,Puebla,Mexico,22,40685,2025-01-15,Activo
4040,CLI-004040,Premium,CDMX,Mexico,47,54396,2025-07-08,Inactivo
4041,CLI-004041,Pyme,Puebla,Mexico,22,39994,2025-04-11,Activo
4042,CLI-004042,Premium,Queretaro,Mexico,28,41650,2025-05-05,Activo
4043,CLI-004043,Premium,Queretaro,Mexico,25,70233,2026-05-13,Activo
4044,CLI-004044,Pyme,Bogota,Mexico,44,44932,2024-05-08,Activo
4045,CLI-004045,Premium,Cali,Mexico,30,22935,2025-05-06,Inactivo
4046,CLI-004046,Premium,Queretaro,Mexico,56,48856,2022-11-15,Activo
4047,CLI-004047,Digital,Medellin,Mexico,54,87627,2025-11-12,Inactivo
4048,CLI-004048,Pyme,Monterrey,Colombia,42,91918,2026-08-17,Inactivo
4049,CLI-004049,Pyme,Medellin,Colombia,43,87593,2024-01-09,Inactivo
4050,CLI-004050,Empresarial,Bogota,Mexico,22,76283,2025-02-17,Inactivo
4051,CLI-004051,Pyme,Bogota,Mexico,33,8443,2025-09-19,Activo
4052,CLI-004052,Premium,CDMX,Colombia,61,69397,2021-04-09,Inactivo
4053,CLI-004053,Nomina,Puebla,Mexico,42,56180,2022-03-31,Activo
4054,CLI-004054,Nomina,Medellin,Mexico,40,92847,2024-05-01,Inactivo
4055,CLI-004055,Premium,Queretaro,Mexico,44,49492,2024-02-05,Activo
4056,CLI-004056,Pyme,Monterrey,Mexico,33,14234,2025-02-25,Activo
4057,CLI-004057,Digital,Cali,Colombia,46,70273,2025-07-04,Inactivo
4058,CLI-004058,Empresarial,Bogota,Colombia,39,70584,2024-11-07,Inactivo
4059,CLI-004059,Empresarial,Queretaro,Mexico,60,54434,2026-07-11,Activo
4060,CLI-004060,Pyme,Cali,Mexico,33,62364,2024-05-13,Inactivo
4061,CLI-004061,Pyme,CDMX,Colombia,64,44863,2022-04-11,Activo
4062,CLI-004062,Nomina,Cali,Colombia,22,92770,2024-02-16,Activo
4063,CLI-004063,Pyme,Monterrey,Mexico,34,28886,2024-08-07,Activo
4064,CLI-004064,Nomina,Bogota,Mexico,31,27186,2024-04-07,Activo
4065,CLI-004065,Empresarial,Cali,Colombia,60,14067,2024-05-29,Activo
4066,CLI-004066,Pyme,Puebla,Colombia,38,85542,2022-04-18,Activo
4067,CLI-004067,Digital,Guadalajara,Mexico,42,84269,2023-08-15,Activo
4068,CLI-004068,Digital,CDMX,Mexico,23,70726,2025-01-14,Activo
4069,CLI-004069,Premium,Queretaro,Mexico,35,37349,2022-02-10,Activo
4070,CLI-004070,Empresarial,Guadalajara,Colombia,50,23842,2025-11-28,Inactivo
4071,CLI-004071,Empresarial,Queretaro,Mexico,39,11735,2021-08-10,Inactivo
4072,CLI-004072,Digital,Puebla,Colombia,47,76506,2025-09-17,Activo
4073,CLI-004073,Nomina,Bogota,Mexico,32,87509,2024-11-16,Activo
4074,CLI-004074,Nomina,Guadalajara,Mexico,56,56635,2021-12-04,Activo
4075,CLI-004075,Digital,Medellin,Mexico,53,90617,2025-07-15,Activo
4076,CLI-004076,Pyme,Puebla,Mexico,55,91652,2022-07-29,Activo
4077,CLI-004077,Nomina,Cali,Colombia,55,24754,2025-11-19,Activo
4078,CLI-004078,Pyme,CDMX,Mexico,20,97455,2024-01-11,Activo
4079,CLI-004079,Empresarial,Puebla,Mexico,53,44603,2023-01-11,Activo
4080,CLI-004080,Pyme,Bogota,Mexico,59,76107,2021-06-10,Activo
4081,CLI-004081,Premium,Monterrey,Mexico,28,66534,2021-12-21,Inactivo
4082,CLI-004082,Premium,Bogota,Colombia,22,37753,2024-10-24,Activo
4083,CLI-004083,Premium,Guadalajara,Colombia,54,27856,2023-03-11,Inactivo
4084,CLI-004084,Nomina,Monterrey,Colombia,40,90044,2024-12-18,Activo
4085,CLI-004085,Pyme,Medellin,Colombia,34,38398,2021-09-13,Activo
4086,CLI-004086,Digital,Bogota,Mexico,46,48488,2021-08-29,Activo
4087,CLI-004087,Nomina,CDMX,Mexico,63,56369,2021-06-13,Activo
4088,CLI-004088,Premium,Bogota,Colombia,37,66043,2025-05-26,Activo
4089,CLI-004089,Digital,Medellin,Mexico,20,94752,2025-02-23,Activo
4090,CLI-004090,Empresarial,Bogota,Mexico,53,26651,2022-10-11,Activo
4091,CLI-004091,Nomina,Bogota,Mexico,47,39702,2024-02-16,Activo
4092,CLI-004092,Nomina,Bogota,Mexico,27,68965,2025-03-29,Activo
4093,CLI-004093,Empresarial,Bogota,Mexico,27,32713,2024-01-01,Activo
4094,CLI-004094,Premium,Monterrey,Mexico,25,72657,2025-06-10,Inactivo
4095,CLI-004095,Premium,CDMX,Mexico,52,53410,2026-03-05,Inactivo
4096,CLI-004096,Nomina,Guadalajara,Mexico,44,12801,2021-10-17,Activo
4097,CLI-004097,Empresarial,CDMX,Mexico,62,40938,2025-06-24,Activo
4098,CLI-004098,Empresarial,Guadalajara,Mexico,20,65230,2024-03-18,Activo
4099,CLI-004099,Digital,CDMX,Mexico,37,62734,2023-01-22,Activo
4100,CLI-004100,Digital,Queretaro,Colombia,35,52517,2023-07-25,Activo
4101,CLI-004101,Pyme,Monterrey,Colombia,34,66368,2022-11-27,Activo
4102,CLI-004102,Premium,Bogota,Mexico,33,40809,2021-10-19,Inactivo
4103,CLI-004103,Empresarial,Queretaro,Mexico,62,70071,2025-12-16,Inactivo
4104,CLI-004104,Empresarial,Guadalajara,Colombia,62,88480,2022-06-09,Activo
4105,CLI-004105,Premium,Medellin,Mexico,49,16665,2026-04-22,Activo
4106,CLI-004106,Nomina,Monterrey,Colombia,42,71948,2024-12-03,Activo
4107,CLI-004107,Pyme,Medellin,Mexico,41,42715,2023-04-07,Activo
4108,CLI-004108,Pyme,Queretaro,Colombia,26,93596,2025-08-22,Activo
4109,CLI-004109,Digital,Guadalajara,Colombia,24,23168,2021-03-29,Inactivo
4110,CLI-004110,Pyme,Bogota,Mexico,29,77561,2025-05-24,Activo
4111,CLI-004111,Digital,CDMX,Mexico,27,72489,2022-03-03,Inactivo
4112,CLI-004112,Pyme,Medellin,Mexico,41,36529,2023-07-25,Activo
4113,CLI-004113,Pyme,Medellin,Mexico,31,20267,2021-09-08,Activo
4114,CLI-004114,Nomina,Monterrey,Mexico,44,61491,2021-06-12,Inactivo
4115,CLI-004115,Pyme,Monterrey,Colombia,63,31579,2023-12-04,Activo
4116,CLI-004116,Nomina,Guadalajara,Colombia,48,70271,2021-10-15,Activo
4117,CLI-004117,Premium,Guadalajara,Mexico,56,18438,2026-01-14,Activo
4118,CLI-004118,Nomina,CDMX,Mexico,29,15522,2025-06-13,Activo
4119,CLI-004119,Premium,Monterrey,Mexico,47,93571,2026-05-25,Activo
4120,CLI-004120,Premium,CDMX,Mexico,38,80861,2025-10-23,Activo
4121,CLI-004121,Premium,Bogota,Colombia,21,21867,2023-01-01,Activo
4122,CLI-004122,Pyme,Queretaro,Colombia,29,47804,2025-11-04,Inactivo
4123,CLI-004123,Empresarial,Bogota,Mexico,64,95642,2022-10-11,Activo
4124,CLI-004124,Nomina,Puebla,Mexico,49,70170,2021-09-26,Activo
4125,CLI-004125,Nomina,Queretaro,Colombia,33,36895,2021-12-05,Activo
4126,CLI-004126,Digital,Medellin,Mexico,59,30411,2021-06-16,Activo
4127,CLI-004127,Pyme,CDMX,Mexico,31,54731,2022-06-17,Activo
4128,CLI-004128,Empresarial,Puebla,Mexico,51,40230,2021-12-19,Activo
4129,CLI-004129,Pyme,Medellin,Colombia,29,43494,2022-02-06,Activo
4130,CLI-004130,Empresarial,Queretaro,Mexico,49,84750,2022-08-07,Inactivo
4131,CLI-004131,Pyme,Cali,Colombia,63,95394,2021-06-13,Inactivo
4132,CLI-004132,Premium,Puebla,Colombia,22,43904,2024-02-23,Activo
4133,CLI-004133,Premium,Monterrey,Colombia,58,95106,2024-07-01,Activo
4134,CLI-004134,Empresarial,Guadalajara,Colombia,29,49509,2026-07-07,Activo
4135,CLI-004135,Digital,Queretaro,Mexico,21,52593,2021-09-03,Activo
4136,CLI-004136,Nomina,Puebla,Mexico,29,27394,2026-07-04,Inactivo
4137,CLI-004137,Pyme,Queretaro,Mexico,32,70626,2022-11-17,Activo
4138,CLI-004138,Digital,Bogota,Mexico,35,73899,2022-01-26,Activo
4139,CLI-004139,Nomina,Medellin,Mexico,44,70321,2022-12-02,Activo
4140,CLI-004140,Pyme,Monterrey,Mexico,59,27042,2022-06-18,Inactivo
4141,CLI-004141,Empresarial,Medellin,Colombia,61,54744,2025-10-08,Inactivo
4142,CLI-004142,Premium,Queretaro,Colombia,44,52014,2024-07-03,Activo
4143,CLI-004143,Digital,Guadalajara,Mexico,20,31229,2025-05-21,Activo
4144,CLI-004144,Pyme,Monterrey,Mexico,55,54553,2022-08-19,Inactivo
4145,CLI-004145,Pyme,Puebla,Mexico,23,11473,2025-06-05,Activo
4146,CLI-004146,Pyme,Guadalajara,Mexico,37,18965,2024-09-17,Activo
4147,CLI-004147,Premium,CDMX,Colombia,31,15152,2024-04-08,Activo
4148,CLI-004148,Digital,Bogota,Colombia,60,14542,2023-09-21,Activo
4149,CLI-004149,Pyme,Cali,Colombia,59,14852,2023-11-06,Activo
4150,CLI-004150,Digital,CDMX,Mexico,35,64753,2024-08-06,Activo
4151,CLI-004151,Pyme,Bogota,Mexico,31,53590,2025-04-11,Inactivo
4152,CLI-004152,Digital,Medellin,Mexico,40,96977,2022-04-04,Activo
4153,CLI-004153,Empresarial,Bogota,Mexico,34,97269,2022-01-12,Activo
4154,CLI-004154,Premium,Puebla,Mexico,64,84610,2026-03-02,Inactivo
4155,CLI-004155,Digital,Guadalajara,Mexico,26,27849,2023-10-24,Inactivo
4156,CLI-004156,Premium,Monterrey,Mexico,24,85152,2021-05-21,Activo
4157,CLI-004157,Empresarial,Guadalajara,Colombia,30,41089,2022-05-15,Activo
4158,CLI-004158,Premium,Medellin,Mexico,20,79099,2025-08-12,Activo
4159,CLI-004159,Digital,Queretaro,Mexico,61,40464,2023-09-12,Activo
4160,CLI-004160,Premium,Bogota,Mexico,60,77628,2026-07-27,Activo
4161,CLI-004161,Premium,Monterrey,Mexico,59,94509,2022-03-23,Activo
4162,CLI-004162,Digital,Guadalajara,Mexico,45,72128,2023-07-09,Inactivo
4163,CLI-004163,Nomina,Medellin,Mexico,35,33658,2022-07-29,Activo
4164,CLI-004164,Pyme,Guadalajara,Mexico,53,70703,2022-01-22,Activo
4165,CLI-004165,Pyme,Puebla,Mexico,27,8698,2026-08-11,Activo
4166,CLI-004166,Empresarial,Cali,Colombia,52,14015,2021-03-28,Activo
4167,CLI-004167,Pyme,Queretaro,Colombia,51,36703,2025-08-31,Activo
4168,CLI-004168,Nomina,Puebla,Mexico,30,22608,2025-02-24,Activo
4169,CLI-004169,Digital,Bogota,Mexico,50,12156,2026-03-07,Activo
4170,CLI-004170,Premium,Cali,Mexico,52,33548,2023-01-30,Activo
4171,CLI-004171,Empresarial,Bogota,Mexico,58,86656,2022-05-31,Inactivo
4172,CLI-004172,Pyme,Monterrey,Mexico,58,23636,2022-10-23,Activo
4173,CLI-004173,Empresarial,Guadalajara,Colombia,54,78846,2021-10-26,Inactivo
4174,CLI-004174,Pyme,Guadalajara,Mexico,44,50468,2024-09-15,Activo
4175,CLI-004175,Premium,Cali,Mexico,29,90647,2024-05-27,Activo
4176,CLI-004176,Pyme,Puebla,Colombia,24,15451,2023-11-03,Activo
4177,CLI-004177,Digital,Cali,Colombia,58,94412,2021-06-02,Activo
4178,CLI-004178,Premium,Queretaro,Mexico,52,8183,2022-09-09,Activo
4179,CLI-004179,Empresarial,CDMX,Mexico,38,30912,2022-10-09,Activo
4180,CLI-004180,Nomina,Queretaro,Mexico,22,59891,2024-09-07,Activo
4181,CLI-004181,Digital,Monterrey,Colombia,29,73850,2022-06-17,Activo
4182,CLI-004182,Premium,Bogota,Mexico,51,29706,2021-03-14,Activo
4183,CLI-004183,Empresarial,Queretaro,Colombia,52,49264,2026-05-13,Activo
4184,CLI-004184,Empresarial,Bogota,Mexico,27,91828,2025-10-25,Inactivo
4185,CLI-004185,Digital,Queretaro,Mexico,63,75946,2024-06-13,Activo
4186,CLI-004186,Premium,Queretaro,Mexico,38,9758,2023-09-17,Activo
4187,CLI-004187,Digital,Guadalajara,Colombia,57,66193,2024-09-11,Activo
4188,CLI-004188,Pyme,Medellin,Mexico,26,17758,2022-09-30,Inactivo
4189,CLI-004189,Nomina,Cali,Mexico,57,75434,2022-01-22,Activo
4190,CLI-004190,Nomina,Guadalajara,Mexico,22,64836,2022-07-23,Activo
4191,CLI-004191,Digital,Medellin,Colombia,62,28232,2026-06-22,Inactivo
4192,CLI-004192,Digital,Bogota,Mexico,60,54336,2025-03-07,Activo
4193,CLI-004193,Nomina,Bogota,Mexico,52,56674,2021-12-08,Inactivo
4194,CLI-004194,Nomina,Puebla,Mexico,41,33776,2021-12-12,Inactivo
4195,CLI-004195,Pyme,Puebla,Mexico,37,68928,2026-03-08,Activo
4196,CLI-004196,Nomina,CDMX,Colombia,32,50897,2024-10-03,Inactivo
4197,CLI-004197,Empresarial,Guadalajara,Mexico,25,21425,2025-08-28,Inactivo
4198,CLI-004198,Pyme,Cali,Mexico,29,84064,2024-07-18,Inactivo
4199,CLI-004199,Pyme,Guadalajara,Colombia,62,28041,2026-08-14,Inactivo
4200,CLI-004200,Digital,Cali,Mexico,54,31212,2022-07-05,Activo
4201,CLI-004201,Pyme,CDMX,Mexico,26,21364,2024-02-17,Activo
4202,CLI-004202,Pyme,Guadalajara,Colombia,29,76405,2023-07-12,Inactivo
4203,CLI-004203,Nomina,Medellin,Colombia,59,43950,2021-08-12,Activo
4204,CLI-004204,Empresarial,Guadalajara,Mexico,30,97362,2025-12-18,Activo
4205,CLI-004205,Pyme,Puebla,Colombia,54,28779,2025-11-28,Inactivo
4206,CLI-004206,Empresarial,Guadalajara,Mexico,28,75582,2025-07-15,Activo
4207,CLI-004207,Empresarial,Bogota,Colombia,53,72294,2026-05-20,Activo
4208,CLI-004208,Premium,Guadalajara,Mexico,62,11063,2022-08-09,Activo
4209,CLI-004209,Nomina,Guadalajara,Colombia,50,64903,2023-09-25,Inactivo
4210,CLI-004210,Pyme,Monterrey,Mexico,54,15424,2024-09-13,Activo
4211,CLI-004211,Premium,Cali,Mexico,29,17092,2023-10-22,Activo
4212,CLI-004212,Digital,Medellin,Mexico,25,93453,2023-07-19,Activo
4213,CLI-004213,Nomina,Cali,Mexico,33,83974,2024-09-20,Activo
4214,CLI-004214,Empresarial,Guadalajara,Mexico,49,56544,2025-06-16,Activo
4215,CLI-004215,Nomina,Monterrey,Mexico,52,64632,2024-03-17,Activo
4216,CLI-004216,Empresarial,Queretaro,Mexico,36,26376,2022-09-13,Activo
4217,CLI-004217,Empresarial,Guadalajara,Colombia,21,62291,2023-04-25,Activo
4218,CLI-004218,Empresarial,Bogota,Mexico,29,27010,2022-11-17,Activo
4219,CLI-004219,Nomina,Queretaro,Mexico,46,68677,2021-05-25,Inactivo
4220,CLI-004220,Digital,Bogota,Colombia,25,9051,2024-04-15,Inactivo
4221,CLI-004221,Digital,Queretaro,Mexico,54,44295,2024-03-02,Inactivo
4222,CLI-004222,Premium,Puebla,Colombia,57,59931,2023-10-06,Activo
4223,CLI-004223,Premium,Monterrey,Mexico,60,8087,2023-10-14,Activo
4224,CLI-004224,Nomina,Puebla,Mexico,24,39722,2022-07-08,Activo
4225,CLI-004225,Digital,Monterrey,Mexico,64,28507,2023-05-15,Activo
4226,CLI-004226,Empresarial,Monterrey,Mexico,45,36835,2022-08-07,Activo
4227,CLI-004227,Premium,Bogota,Mexico,23,13239,2023-12-27,Activo
4228,CLI-004228,Nomina,Medellin,Mexico,26,80600,2024-02-11,Activo
4229,CLI-004229,Digital,Guadalajara,Colombia,27,74225,2023-01-29,Activo
4230,CLI-004230,Digital,Medellin,Mexico,52,33657,2023-11-29,Activo
4231,CLI-004231,Pyme,Cali,Mexico,37,79725,2023-07-01,Activo
4232,CLI-004232,Nomina,Queretaro,Mexico,52,73453,2022-07-31,Activo
4233,CLI-004233,Empresarial,Guadalajara,Mexico,61,48255,2022-06-19,Inactivo
4234,CLI-004234,Digital,Guadalajara,Mexico,36,40676,2021-07-13,Activo
4235,CLI-004235,Empresarial,Medellin,Colombia,47,10089,2025-08-04,Activo
4236,CLI-004236,Premium,Cali,Colombia,49,40917,2021-06-22,Activo
4237,CLI-004237,Pyme,Medellin,Colombia,52,45662,2021-05-30,Inactivo
4238,CLI-004238,Pyme,Puebla,Mexico,63,29043,2024-04-06,Activo
4239,CLI-004239,Nomina,Medellin,Colombia,52,19769,2021-07-05,Activo
4240,CLI-004240,Pyme,Puebla,Colombia,23,25224,2023-09-15,Inactivo
4241,CLI-004241,Digital,Puebla,Mexico,61,56577,2025-05-19,Activo
4242,CLI-004242,Pyme,Monterrey,Mexico,56,53730,2023-04-15,Activo
4243,CLI-004243,Pyme,Bogota,Mexico,30,54035,2023-07-20,Activo
4244,CLI-004244,Digital,Monterrey,Colombia,62,22886,2021-07-31,Activo
4245,CLI-004245,Empresarial,Monterrey,Mexico,46,23912,2026-01-22,Inactivo
4246,CLI-004246,Digital,Puebla,Colombia,42,13715,2023-10-27,Activo
4247,CLI-004247,Pyme,Monterrey,Mexico,37,8062,2025-01-12,Inactivo
4248,CLI-004248,Pyme,Puebla,Mexico,40,74119,2023-06-26,Activo
4249,CLI-004249,Empresarial,Puebla,Mexico,25,38423,2021-04-12,Activo
4250,CLI-004250,Premium,Bogota,Mexico,64,57612,2024-06-08,Activo
4251,CLI-004251,Empresarial,CDMX,Mexico,48,11816,2022-02-19,Activo
4252,CLI-004252,Premium,Guadalajara,Mexico,25,56943,2022-10-05,Activo
4253,CLI-004253,Nomina,Medellin,Mexico,34,8029,2021-12-13,Activo
4254,CLI-004254,Pyme,Medellin,Mexico,43,17534,2021-11-17,Activo
4255,CLI-004255,Nomina,Monterrey,Mexico,40,94680,2026-03-02,Activo
4256,CLI-004256,Nomina,Bogota,Mexico,24,34568,2023-07-25,Activo
4257,CLI-004257,Nomina,Puebla,Colombia,36,86938,2024-10-31,Activo
4258,CLI-004258,Digital,Bogota,Mexico,57,59875,2023-10-05,Activo
4259,CLI-004259,Premium,Bogota,Mexico,20,9032,2024-12-20,Inactivo
4260,CLI-004260,Premium,Guadalajara,Mexico,57,94243,2023-08-14,Activo
4261,CLI-004261,Digital,Cali,Mexico,42,90060,2026-02-13,Activo
4262,CLI-004262,Nomina,Queretaro,Mexico,26,76617,2025-02-22,Activo
4263,CLI-004263,Empresarial,CDMX,Colombia,58,80753,2026-06-13,Activo
4264,CLI-004264,Empresarial,Guadalajara,Colombia,23,91602,2023-12-16,Activo
4265,CLI-004265,Pyme,Guadalajara,Mexico,44,42979,2026-02-03,Activo
4266,CLI-004266,Empresarial,Cali,Colombia,55,74659,2022-09-23,Activo
4267,CLI-004267,Empresarial,Cali,Mexico,57,92887,2024-04-28,Activo
4268,CLI-004268,Nomina,CDMX,Mexico,22,65890,2023-09-15,Inactivo
4269,CLI-004269,Digital,Guadalajara,Mexico,49,28702,2022-12-14,Inactivo
4270,CLI-004270,Empresarial,Guadalajara,Mexico,36,86733,2023-11-23,Activo
4271,CLI-004271,Digital,Guadalajara,Mexico,26,18352,2025-02-12,Activo
4272,CLI-004272,Digital,Queretaro,Mexico,51,97680,2022-03-18,Inactivo
4273,CLI-004273,Empresarial,Bogota,Mexico,45,44411,2023-09-04,Inactivo
4274,CLI-004274,Pyme,Monterrey,Mexico,26,12406,2025-06-26,Activo
4275,CLI-004275,Premium,Puebla,Mexico,24,70013,2023-08-17,Activo
4276,CLI-004276,Pyme,Medellin,Mexico,21,56700,2026-04-06,Activo
4277,CLI-004277,Empresarial,Monterrey,Colombia,44,29248,2024-05-07,Activo
4278,CLI-004278,Pyme,Cali,Mexico,38,61156,2022-03-25,Activo
4279,CLI-004279,Empresarial,Cali,Mexico,57,70308,2024-03-04,Activo
4280,CLI-004280,Premium,Queretaro,Mexico,48,90310,2024-10-07,Activo
4281,CLI-004281,Premium,Guadalajara,Colombia,23,20877,2023-04-15,Activo
4282,CLI-004282,Digital,Puebla,Colombia,49,89693,2025-09-10,Inactivo
4283,CLI-004283,Digital,Bogota,Mexico,38,43148,2026-03-16,Activo
4284,CLI-004284,Pyme,CDMX,Mexico,58,33712,2025-11-30,Inactivo
4285,CLI-004285,Premium,Puebla,Mexico,52,88112,2024-12-02,Inactivo
4286,CLI-004286,Nomina,Medellin,Mexico,25,80597,2021-06-07,Activo
4287,CLI-004287,Digital,Puebla,Colombia,44,47185,2022-06-21,Activo
4288,CLI-004288,Premium,Monterrey,Colombia,59,61505,2023-03-21,Inactivo
4289,CLI-004289,Premium,Bogota,Mexico,36,22166,2023-12-13,Activo
4290,CLI-004290,Digital,CDMX,Mexico,36,92128,2021-06-18,Activo
4291,CLI-004291,Digital,Guadalajara,Mexico,28,26277,2025-11-05,Inactivo
4292,CLI-004292,Pyme,CDMX,Mexico,53,55023,2023-04-14,Activo
4293,CLI-004293,Empresarial,Puebla,Mexico,63,13091,2022-06-11,Activo
4294,CLI-004294,Pyme,Bogota,Mexico,28,15889,2022-09-27,Activo
4295,CLI-004295,Pyme,Puebla,Mexico,63,64131,2025-02-04,Activo
4296,CLI-004296,Nomina,Bogota,Colombia,20,15668,2025-11-14,Inactivo
4297,CLI-004297,Pyme,Monterrey,Colombia,52,79355,2025-02-26,Activo
4298,CLI-004298,Digital,Monterrey,Mexico,60,91361,2024-01-07,Activo
4299,CLI-004299,Digital,Medellin,Mexico,57,49902,2022-02-08,Activo
4300,CLI-004300,Premium,Bogota,Mexico,54,16700,2026-01-17,Inactivo
4301,CLI-004301,Nomina,CDMX,Mexico,62,85894,2021-09-27,Activo
4302,CLI-004302,Premium,Bogota,Colombia,56,59018,2025-11-06,Activo
4303,CLI-004303,Empresarial,Monterrey,Mexico,54,75934,2024-04-16,Activo
4304,CLI-004304,Pyme,Queretaro,Mexico,32,92974,2024-10-10,Activo
4305,CLI-004305,Pyme,Bogota,Mexico,62,20934,2022-07-29,Inactivo
4306,CLI-004306,Empresarial,Guadalajara,Mexico,53,19544,2024-11-29,Activo
4307,CLI-004307,Nomina,Puebla,Mexico,45,24791,2026-07-15,Activo
4308,CLI-004308,Pyme,Monterrey,Mexico,53,24802,2021-05-28,Activo
4309,CLI-004309,Empresarial,Puebla,Mexico,37,42098,2026-06-07,Activo
4310,CLI-004310,Premium,Puebla,Mexico,51,53050,2026-03-29,Activo
4311,CLI-004311,Nomina,Puebla,Mexico,50,81940,2022-10-01,Activo
4312,CLI-004312,Pyme,Guadalajara,Mexico,53,20264,2025-12-21,Activo
4313,CLI-004313,Nomina,Medellin,Colombia,62,31123,2021-06-12,Activo
4314,CLI-004314,Digital,CDMX,Colombia,23,90978,2024-09-23,Activo
4315,CLI-004315,Empresarial,Puebla,Mexico,51,36070,2021-07-28,Activo
4316,CLI-004316,Premium,Queretaro,Mexico,56,69517,2024-09-09,Activo
4317,CLI-004317,Pyme,Monterrey,Mexico,40,64000,2022-01-23,Activo
4318,CLI-004318,Nomina,Medellin,Colombia,55,35229,2025-01-23,Activo
4319,CLI-004319,Premium,Bogota,Mexico,36,57639,2024-05-30,Activo
4320,CLI-004320,Premium,Queretaro,Colombia,41,44312,2021-06-25,Inactivo
4321,CLI-004321,Empresarial,Guadalajara,Mexico,46,52923,2025-04-11,Activo
4322,CLI-004322,Empresarial,Guadalajara,Mexico,60,60503,2026-06-05,Inactivo
4323,CLI-004323,Pyme,Guadalajara,Mexico,59,36934,2023-08-17,Inactivo
4324,CLI-004324,Premium,Monterrey,Mexico,25,36098,2021-07-08,Activo
4325,CLI-004325,Empresarial,Guadalajara,Mexico,40,49385,2022-09-18,Activo
4326,CLI-004326,Nomina,CDMX,Mexico,38,97822,2022-07-02,Activo
4327,CLI-004327,Nomina,Cali,Mexico,52,22585,2021-03-29,Inactivo
4328,CLI-004328,Nomina,Cali,Colombia,49,19435,2023-06-29,Inactivo
4329,CLI-004329,Empresarial,Queretaro,Colombia,44,51269,2022-05-07,Inactivo
4330,CLI-004330,Nomina,Monterrey,Colombia,46,25781,2026-08-12,Activo
4331,CLI-004331,Digital,Bogota,Colombia,39,22949,2022-07-06,Inactivo
4332,CLI-004332,Premium,Cali,Mexico,32,39708,2025-05-28,Activo
4333,CLI-004333,Pyme,Cali,Mexico,35,81024,2025-02-26,Inactivo
4334,CLI-004334,Premium,CDMX,Mexico,33,85419,2024-04-21,Activo
4335,CLI-004335,Empresarial,Guadalajara,Mexico,37,29154,2023-08-16,Activo
4336,CLI-004336,Digital,CDMX,Mexico,52,28297,2024-08-12,Activo
4337,CLI-004337,Premium,CDMX,Mexico,35,39465,2024-09-11,Inactivo
4338,CLI-004338,Premium,Bogota,Mexico,61,23023,2023-04-07,Activo
4339,CLI-004339,Digital,Cali,Mexico,58,25408,2022-11-25,Activo
4340,CLI-004340,Premium,Puebla,Mexico,43,50862,2024-09-01,Activo
4341,CLI-004341,Digital,Puebla,Mexico,54,16037,2025-04-08,Activo
4342,CLI-004342,Premium,Guadalajara,Colombia,44,94394,2023-02-07,Inactivo
4343,CLI-004343,Nomina,Medellin,Colombia,28,62703,2026-08-09,Inactivo
4344,CLI-004344,Empresarial,CDMX,Colombia,21,14750,2025-06-13,Activo
4345,CLI-004345,Pyme,Cali,Mexico,28,25893,2021-05-09,Activo
4346,CLI-004346,Nomina,CDMX,Colombia,47,15833,2021-12-10,Activo
4347,CLI-004347,Pyme,Medellin,Mexico,56,82098,2022-02-25,Activo
4348,CLI-004348,Nomina,Medellin,Colombia,49,59362,2026-03-08,Inactivo
4349,CLI-004349,Premium,Queretaro,Colombia,37,63179,2023-07-17,Activo
4350,CLI-004350,Pyme,Puebla,Colombia,46,43496,2026-06-05,Activo
4351,CLI-004351,Nomina,Guadalajara,Mexico,50,13142,2023-11-21,Activo
4352,CLI-004352,Premium,Cali,Colombia,61,63840,2024-02-09,Activo
4353,CLI-004353,Digital,Monterrey,Colombia,39,25592,2022-06-20,Activo
4354,CLI-004354,Nomina,CDMX,Mexico,50,16629,2021-05-22,Activo
4355,CLI-004355,Pyme,Medellin,Colombia,58,8414,2021-05-20,Activo
4356,CLI-004356,Pyme,Queretaro,Mexico,59,69800,2024-05-16,Activo
4357,CLI-004357,Empresarial,Queretaro,Mexico,41,92759,2023-12-07,Inactivo
4358,CLI-004358,Premium,Medellin,Colombia,46,82635,2021-06-24,Inactivo
4359,CLI-004359,Empresarial,Puebla,Mexico,42,23139,2025-07-29,Activo
4360,CLI-004360,Empresarial,Bogota,Colombia,54,39559,2024-07-08,Inactivo
4361,CLI-004361,Pyme,Monterrey,Mexico,53,42651,2025-04-03,Activo
4362,CLI-004362,Pyme,Puebla,Mexico,35,64552,2022-08-19,Activo
4363,CLI-004363,Premium,Monterrey,Mexico,21,65467,2025-04-15,Inactivo
4364,CLI-004364,Pyme,Puebla,Mexico,20,73248,2022-12-15,Activo
4365,CLI-004365,Digital,Monterrey,Mexico,48,37949,2026-07-12,Activo
4366,CLI-004366,Empresarial,Monterrey,Colombia,21,95105,2023-10-20,Activo
4367,CLI-004367,Premium,Guadalajara,Mexico,61,60231,2025-08-26,Activo
4368,CLI-004368,Pyme,Queretaro,Mexico,53,11861,2021-08-23,Inactivo
4369,CLI-004369,Nomina,Guadalajara,Mexico,63,86793,2026-03-13,Activo
4370,CLI-004370,Empresarial,Guadalajara,Colombia,51,83459,2024-12-14,Activo
4371,CLI-004371,Digital,Guadalajara,Mexico,30,55967,2023-03-20,Activo
4372,CLI-004372,Pyme,Monterrey,Mexico,32,46434,2022-11-20,Inactivo
4373,CLI-004373,Empresarial,Puebla,Mexico,21,27657,2021-12-24,Activo
4374,CLI-004374,Premium,Medellin,Mexico,41,18031,2023-06-02,Inactivo
4375,CLI-004375,Digital,Medellin,Mexico,56,12804,2026-03-10,Activo
4376,CLI-004376,Premium,CDMX,Colombia,24,86647,2024-11-17,Activo
4377,CLI-004377,Empresarial,Monterrey,Colombia,41,65046,2025-07-26,Activo
4378,CLI-004378,Pyme,Medellin,Mexico,31,27347,2024-11-30,Inactivo
4379,CLI-004379,Pyme,Bogota,Mexico,46,84951,2026-07-20,Inactivo
4380,CLI-004380,Pyme,Medellin,Mexico,28,10853,2022-07-05,Activo
4381,CLI-004381,Premium,Queretaro,Mexico,54,13442,2026-03-17,Inactivo
4382,CLI-004382,Digital,Bogota,Mexico,27,24410,2021-11-02,Activo
4383,CLI-004383,Nomina,Guadalajara,Mexico,28,49555,2024-09-06,Activo
4384,CLI-004384,Premium,Monterrey,Mexico,51,94943,2021-09-11,Activo
4385,CLI-004385,Premium,Queretaro,Mexico,61,53452,2021-04-24,Activo
4386,CLI-004386,Nomina,CDMX,Colombia,38,65706,2026-01-08,Activo
4387,CLI-004387,Premium,CDMX,Mexico,40,26449,2023-09-24,Activo
4388,CLI-004388,Premium,Bogota,Mexico,28,8957,2025-04-13,Inactivo
4389,CLI-004389,Pyme,Guadalajara,Colombia,34,33627,2022-12-17,Inactivo
4390,CLI-004390,Empresarial,Queretaro,Mexico,43,63291,2025-08-21,Inactivo
4391,CLI-004391,Premium,Medellin,Mexico,49,43096,2021-04-10,Activo
4392,CLI-004392,Empresarial,Puebla,Colombia,34,64176,2022-02-19,Inactivo
4393,CLI-004393,Empresarial,Cali,Mexico,49,89090,2021-03-20,Activo
4394,CLI-004394,Nomina,Cali,Colombia,21,64370,2024-08-21,Activo
4395,CLI-004395,Digital,Monterrey,Mexico,48,12868,2022-08-09,Activo
4396,CLI-004396,Empresarial,Bogota,Colombia,47,61830,2023-04-08,Activo
4397,CLI-004397,Pyme,Cali,Colombia,27,30130,2022-01-08,Activo
4398,CLI-004398,Pyme,CDMX,Mexico,39,65840,2026-01-12,Activo
4399,CLI-004399,Empresarial,Medellin,Colombia,50,26763,2025-10-12,Activo
4400,CLI-004400,Empresarial,Bogota,Mexico,24,95875,2024-11-20,Activo
4401,CLI-004401,Nomina,CDMX,Colombia,26,11508,2021-03-20,Inactivo
4402,CLI-004402,Empresarial,Guadalajara,Colombia,33,86704,2022-05-24,Activo
4403,CLI-004403,Pyme,Cali,Colombia,35,55762,2022-10-17,Activo
4404,CLI-004404,Premium,Puebla,Colombia,47,87648,2023-06-18,Activo
4405,CLI-004405,Digital,Monterrey,Colombia,48,37468,2023-10-17,Activo
4406,CLI-004406,Empresarial,Queretaro,Mexico,58,24901,2023-11-08,Activo
4407,CLI-004407,Empresarial,Medellin,Mexico,59,16862,2024-10-17,Inactivo
4408,CLI-004408,Pyme,Puebla,Mexico,43,55335,2022-09-17,Activo
4409,CLI-004409,Pyme,CDMX,Mexico,43,59767,2022-09-09,Inactivo
4410,CLI-004410,Digital,Medellin,Mexico,42,42891,2022-12-23,Activo
4411,CLI-004411,Empresarial,Medellin,Mexico,32,74551,2021-10-30,Inactivo
4412,CLI-004412,Digital,Queretaro,Mexico,31,44650,2025-01-31,Activo
4413,CLI-004413,Pyme,Puebla,Colombia,46,40500,2022-05-20,Activo
4414,CLI-004414,Digital,Cali,Mexico,34,53970,2021-12-21,Activo
4415,CLI-004415,Digital,Bogota,Mexico,54,35002,2022-06-21,Activo
4416,CLI-004416,Premium,Puebla,Mexico,59,41294,2021-11-10,Activo
4417,CLI-004417,Pyme,Puebla,Colombia,53,81101,2025-04-25,Activo
4418,CLI-004418,Digital,CDMX,Mexico,32,37784,2024-09-05,Inactivo
4419,CLI-004419,Premium,Monterrey,Mexico,38,88675,2021-08-16,Inactivo
4420,CLI-004420,Nomina,Puebla,Mexico,45,78928,2023-01-25,Activo
4421,CLI-004421,Nomina,Monterrey,Mexico,60,91712,2022-06-03,Activo
4422,CLI-004422,Pyme,Bogota,Mexico,33,78401,2021-09-07,Inactivo
4423,CLI-004423,Premium,Bogota,Mexico,28,13648,2025-02-14,Activo
4424,CLI-004424,Nomina,Bogota,Mexico,42,91600,2022-03-10,Activo
4425,CLI-004425,Pyme,Monterrey,Mexico,55,39787,2023-04-08,Activo
4426,CLI-004426,Empresarial,Cali,Colombia,63,46157,2023-08-14,Inactivo
4427,CLI-004427,Pyme,Monterrey,Colombia,49,70942,2021-12-17,Activo
4428,CLI-004428,Premium,Queretaro,Colombia,36,8700,2021-04-05,Activo
4429,CLI-004429,Nomina,Queretaro,Colombia,22,26083,2024-01-30,Activo
4430,CLI-004430,Pyme,Puebla,Mexico,27,64317,2023-07-03,Activo
4431,CLI-004431,Pyme,Queretaro,Colombia,55,63446,2021-05-21,Inactivo
4432,CLI-004432,Digital,Puebla,Mexico,63,87502,2021-04-16,Activo
4433,CLI-004433,Digital,CDMX,Mexico,36,79105,2023-08-27,Activo
4434,CLI-004434,Nomina,Monterrey,Mexico,21,44531,2026-05-30,Activo
4435,CLI-004435,Nomina,Bogota,Mexico,29,59360,2025-05-06,Activo
4436,CLI-004436,Nomina,CDMX,Mexico,30,58446,2024-03-22,Activo
4437,CLI-004437,Digital,Cali,Mexico,47,55539,2025-02-14,Inactivo
4438,CLI-004438,Premium,Medellin,Mexico,40,44376,2022-07-31,Activo
4439,CLI-004439,Empresarial,Guadalajara,Mexico,30,54125,2026-03-02,Activo
4440,CLI-004440,Digital,Puebla,Mexico,32,73514,2024-05-30,Activo
4441,CLI-004441,Nomina,Puebla,Mexico,54,76849,2022-07-03,Activo
4442,CLI-004442,Premium,Guadalajara,Mexico,49,54645,2022-12-07,Activo
4443,CLI-004443,Premium,Medellin,Mexico,45,35999,2023-10-17,Activo
4444,CLI-004444,Pyme,Cali,Mexico,47,96448,2023-07-23,Activo
4445,CLI-004445,Pyme,Medellin,Mexico,39,35986,2025-11-19,Activo
4446,CLI-004446,Nomina,Guadalajara,Mexico,55,76310,2022-01-14,Inactivo
4447,CLI-004447,Empresarial,Monterrey,Colombia,37,45647,2021-03-22,Activo
4448,CLI-004448,Empresarial,CDMX,Colombia,28,20519,2022-05-24,Activo
4449,CLI-004449,Digital,Bogota,Colombia,49,31966,2023-08-10,Activo
4450,CLI-004450,Empresarial,Guadalajara,Mexico,41,58220,2025-03-13,Inactivo
4451,CLI-004451,Digital,CDMX,Mexico,42,35072,2021-11-02,Activo
4452,CLI-004452,Pyme,Queretaro,Mexico,31,37673,2023-06-23,Activo
4453,CLI-004453,Empresarial,Monterrey,Colombia,49,66655,2023-01-10,Inactivo
4454,CLI-004454,Pyme,Medellin,Mexico,45,8192,2021-10-26,Activo
4455,CLI-004455,Empresarial,Guadalajara,Mexico,53,66649,2025-03-30,Activo
4456,CLI-004456,Digital,Guadalajara,Mexico,30,50020,2024-08-29,Activo
4457,CLI-004457,Empresarial,Monterrey,Colombia,55,23981,2026-05-04,Activo
4458,CLI-004458,Empresarial,Queretaro,Mexico,40,16978,2024-08-27,Activo
4459,CLI-004459,Pyme,Bogota,Mexico,63,39284,2021-07-03,Activo
4460,CLI-004460,Pyme,Monterrey,Mexico,30,87121,2023-09-05,Activo
4461,CLI-004461,Nomina,Monterrey,Mexico,28,24722,2023-08-05,Inactivo
4462,CLI-004462,Premium,Puebla,Colombia,29,84879,2022-12-30,Activo
4463,CLI-004463,Nomina,Monterrey,Mexico,44,8141,2026-06-14,Inactivo
4464,CLI-004464,Empresarial,Queretaro,Mexico,57,11890,2024-09-06,Activo
4465,CLI-004465,Nomina,Monterrey,Mexico,57,78066,2021-08-24,Activo
4466,CLI-004466,Digital,Monterrey,Mexico,35,19943,2026-07-28,Activo
4467,CLI-004467,Digital,Puebla,Colombia,56,27401,2021-09-22,Activo
4468,CLI-004468,Nomina,Monterrey,Colombia,48,51122,2021-10-06,Activo
4469,CLI-004469,Nomina,CDMX,Mexico,46,21783,2021-10-21,Activo
4470,CLI-004470,Premium,Queretaro,Mexico,56,26105,2024-02-27,Activo
4471,CLI-004471,Premium,Cali,Mexico,32,15442,2025-12-25,Activo
4472,CLI-004472,Digital,Guadalajara,Mexico,35,85030,2025-09-17,Activo
4473,CLI-004473,Nomina,Puebla,Mexico,42,45667,2025-11-16,Activo
4474,CLI-004474,Pyme,Guadalajara,Mexico,26,12873,2025-05-08,Activo
4475,CLI-004475,Premium,CDMX,Mexico,34,8694,2021-10-21,Activo
4476,CLI-004476,Digital,Medellin,Mexico,39,51869,2024-05-04,Activo
4477,CLI-004477,Premium,CDMX,Mexico,28,70804,2026-03-05,Activo
4478,CLI-004478,Empresarial,Queretaro,Colombia,63,40848,2022-04-26,Activo
4479,CLI-004479,Pyme,Bogota,Mexico,48,41352,2023-10-10,Activo
4480,CLI-004480,Digital,Cali,Colombia,38,50577,2026-05-14,Activo
4481,CLI-004481,Pyme,Guadalajara,Mexico,43,10886,2025-03-10,Activo
4482,CLI-004482,Pyme,Bogota,Colombia,48,69570,2022-08-17,Activo
4483,CLI-004483,Nomina,CDMX,Mexico,54,89533,2024-11-27,Activo
4484,CLI-004484,Premium,Medellin,Mexico,47,25133,2024-07-13,Activo
4485,CLI-004485,Pyme,Cali,Mexico,30,36414,2022-10-17,Activo
4486,CLI-004486,Pyme,Puebla,Colombia,20,81767,2021-09-30,Activo
4487,CLI-004487,Digital,Monterrey,Mexico,40,65581,2025-11-14,Inactivo
4488,CLI-004488,Nomina,Cali,Mexico,22,81702,2024-10-21,Activo
4489,CLI-004489,Digital,Queretaro,Mexico,56,85635,2021-08-20,Activo
4490,CLI-004490,Premium,Puebla,Mexico,57,56517,2024-08-03,Activo
4491,CLI-004491,Pyme,Puebla,Mexico,47,52422,2022-08-17,Inactivo
4492,CLI-004492,Digital,Guadalajara,Colombia,23,13148,2024-10-09,Activo
4493,CLI-004493,Empresarial,CDMX,Mexico,54,25028,2022-09-30,Activo
4494,CLI-004494,Premium,Cali,Mexico,48,10514,2023-05-18,Inactivo
4495,CLI-004495,Digital,CDMX,Mexico,52,64653,2021-08-04,Inactivo
4496,CLI-004496,Empresarial,Cali,Mexico,29,83684,2024-02-12,Activo
4497,CLI-004497,Empresarial,Cali,Colombia,20,31486,2025-09-09,Activo
4498,CLI-004498,Premium,Bogota,Mexico,49,72911,2024-03-17,Activo
4499,CLI-004499,Empresarial,Puebla,Colombia,64,82718,2023-01-27,Inactivo
4500,CLI-004500,Empresarial,CDMX,Mexico,43,85860,2022-08-16,Activo
4501,CLI-004501,Digital,Cali,Mexico,57,60887,2026-04-20,Activo
4502,CLI-004502,Premium,Medellin,Mexico,41,12409,2025-08-07,Activo
4503,CLI-004503,Digital,Bogota,Mexico,35,83961,2023-01-06,Activo
4504,CLI-004504,Premium,Medellin,Colombia,55,15616,2022-12-31,Activo
4505,CLI-004505,Digital,Queretaro,Colombia,24,58685,2024-05-03,Activo
4506,CLI-004506,Digital,Cali,Mexico,21,52177,2025-07-26,Activo
4507,CLI-004507,Premium,Puebla,Colombia,50,97144,2022-03-14,Activo
4508,CLI-004508,Pyme,Medellin,Colombia,63,41156,2025-05-11,Inactivo
4509,CLI-004509,Empresarial,Cali,Mexico,55,73755,2022-05-23,Activo
4510,CLI-004510,Pyme,CDMX,Mexico,39,75231,2021-11-10,Activo
4511,CLI-004511,Premium,Puebla,Mexico,25,19765,2026-01-20,Activo
4512,CLI-004512,Pyme,Puebla,Colombia,42,62649,2024-08-17,Inactivo
4513,CLI-004513,Empresarial,Bogota,Colombia,49,35621,2023-09-25,Activo
4514,CLI-004514,Digital,Queretaro,Colombia,27,21014,2026-06-23,Activo
4515,CLI-004515,Pyme,Bogota,Colombia,39,60014,2025-11-10,Inactivo
4516,CLI-004516,Nomina,CDMX,Mexico,46,25023,2024-08-25,Activo
4517,CLI-004517,Pyme,CDMX,Colombia,41,27507,2024-12-01,Activo
4518,CLI-004518,Nomina,Medellin,Colombia,41,28893,2024-11-14,Activo
4519,CLI-004519,Premium,Guadalajara,Mexico,50,77800,2021-06-09,Activo
4520,CLI-004520,Premium,CDMX,Mexico,38,84904,2023-06-13,Activo
4521,CLI-004521,Pyme,Puebla,Mexico,27,19478,2023-07-03,Activo
4522,CLI-004522,Digital,Queretaro,Mexico,61,79389,2023-07-26,Activo
4523,CLI-004523,Digital,Medellin,Mexico,54,66354,2024-12-10,Inactivo
4524,CLI-004524,Digital,Puebla,Mexico,58,15099,2025-01-10,Activo
4525,CLI-004525,Nomina,Monterrey,Mexico,34,39477,2023-12-03,Activo
4526,CLI-004526,Nomina,Monterrey,Mexico,58,20665,2021-05-15,Activo
4527,CLI-004527,Digital,Queretaro,Colombia,28,61237,2021-12-29,Activo
4528,CLI-004528,Pyme,Puebla,Colombia,31,25952,2026-02-15,Activo
4529,CLI-004529,Empresarial,Medellin,Colombia,56,56340,2024-11-23,Activo
4530,CLI-004530,Digital,Guadalajara,Colombia,48,32533,2022-04-14,Activo
4531,CLI-004531,Digital,CDMX,Mexico,41,75381,2024-01-30,Activo
4532,CLI-004532,Pyme,Medellin,Mexico,61,8126,2022-01-06,Inactivo
4533,CLI-004533,Premium,Cali,Mexico,47,92426,2023-02-28,Activo
4534,CLI-004534,Nomina,Medellin,Mexico,31,48347,2021-06-15,Activo
4535,CLI-004535,Pyme,Queretaro,Mexico,24,37246,2023-12-10,Inactivo
4536,CLI-004536,Pyme,Monterrey,Mexico,24,95991,2024-06-01,Inactivo
4537,CLI-004537,Empresarial,Guadalajara,Mexico,57,38089,2024-11-26,Activo
4538,CLI-004538,Nomina,Cali,Colombia,57,38751,2025-04-20,Activo
4539,CLI-004539,Digital,Guadalajara,Mexico,45,8357,2022-02-03,Activo
4540,CLI-004540,Premium,Bogota,Mexico,37,90176,2021-08-24,Inactivo
4541,CLI-004541,Empresarial,Medellin,Mexico,50,72867,2026-05-25,Activo
4542,CLI-004542,Digital,Cali,Mexico,64,12632,2023-07-05,Inactivo
4543,CLI-004543,Nomina,Guadalajara,Mexico,31,76629,2026-03-17,Activo
4544,CLI-004544,Empresarial,Guadalajara,Mexico,41,43942,2024-07-30,Activo
4545,CLI-004545,Digital,Puebla,Mexico,23,73874,2021-09-15,Activo
4546,CLI-004546,Nomina,Bogota,Mexico,36,80326,2025-11-27,Activo
4547,CLI-004547,Empresarial,Medellin,Mexico,60,70698,2021-11-10,Activo
4548,CLI-004548,Premium,Queretaro,Mexico,52,57392,2023-07-30,Activo
4549,CLI-004549,Nomina,Medellin,Mexico,27,81300,2021-12-13,Activo
4550,CLI-004550,Nomina,Monterrey,Mexico,60,32330,2026-01-21,Activo
4551,CLI-004551,Nomina,CDMX,Colombia,63,70403,2024-07-02,Activo
4552,CLI-004552,Nomina,CDMX,Colombia,38,21845,2021-09-18,Inactivo
4553,CLI-004553,Empresarial,CDMX,Mexico,60,21693,2023-04-14,Activo
4554,CLI-004554,Pyme,Monterrey,Mexico,42,94432,2024-07-13,Activo
4555,CLI-004555,Pyme,CDMX,Mexico,40,92555,2023-05-23,Activo
4556,CLI-004556,Pyme,Cali,Mexico,47,17160,2024-05-24,Inactivo
4557,CLI-004557,Digital,Queretaro,Colombia,63,25225,2025-11-08,Activo
4558,CLI-004558,Digital,Cali,Mexico,22,36318,2025-12-03,Activo
4559,CLI-004559,Premium,Cali,Colombia,59,29224,2025-09-02,Activo
4560,CLI-004560,Digital,CDMX,Mexico,59,86907,2021-08-18,Activo
4561,CLI-004561,Empresarial,Puebla,Mexico,30,78232,2026-08-14,Activo
4562,CLI-004562,Pyme,Medellin,Colombia,31,29757,2024-05-09,Inactivo
4563,CLI-004563,Empresarial,Puebla,Mexico,54,63717,2022-09-01,Activo
4564,CLI-004564,Digital,Bogota,Mexico,44,65581,2021-09-10,Activo
4565,CLI-004565,Pyme,Puebla,Mexico,44,86886,2021-12-08,Activo
4566,CLI-004566,Nomina,CDMX,Mexico,28,34290,2022-11-27,Activo
4567,CLI-004567,Empresarial,Bogota,Colombia,36,14574,2022-11-28,Inactivo
4568,CLI-004568,Digital,Bogota,Mexico,61,33529,2024-02-23,Inactivo
4569,CLI-004569,Pyme,Guadalajara,Mexico,59,47318,2022-03-27,Inactivo
4570,CLI-004570,Premium,Guadalajara,Mexico,64,47096,2022-09-17,Inactivo
4571,CLI-004571,Digital,Queretaro,Mexico,28,58000,2026-02-09,Activo
4572,CLI-004572,Digital,Queretaro,Mexico,37,25253,2023-01-01,Activo
4573,CLI-004573,Empresarial,Queretaro,Mexico,20,87618,2022-08-20,Activo
4574,CLI-004574,Nomina,Cali,Mexico,61,77595,2025-05-30,Activo
4575,CLI-004575,Digital,Queretaro,Mexico,23,46374,2023-07-04,Activo
4576,CLI-004576,Nomina,Guadalajara,Mexico,51,72792,2024-10-11,Inactivo
4577,CLI-004577,Empresarial,Cali,Mexico,41,8552,2023-08-13,Inactivo
4578,CLI-004578,Empresarial,Queretaro,Mexico,47,79313,2024-06-27,Inactivo
4579,CLI-004579,Premium,Queretaro,Colombia,38,77183,2025-05-16,Inactivo
4580,CLI-004580,Empresarial,Cali,Mexico,47,82089,2023-08-26,Activo
4581,CLI-004581,Pyme,Guadalajara,Colombia,46,38298,2025-08-07,Inactivo
4582,CLI-004582,Nomina,CDMX,Mexico,23,34473,2023-06-28,Activo
4583,CLI-004583,Digital,CDMX,Colombia,61,16955,2023-05-29,Activo
4584,CLI-004584,Pyme,Bogota,Colombia,56,46600,2024-06-22,Activo
4585,CLI-004585,Digital,Cali,Mexico,21,13840,2025-05-17,Inactivo
4586,CLI-004586,Empresarial,Guadalajara,Mexico,38,71186,2022-01-21,Inactivo
4587,CLI-004587,Premium,Cali,Mexico,51,87517,2022-02-24,Activo
4588,CLI-004588,Digital,Queretaro,Mexico,23,13682,2022-05-03,Activo
4589,CLI-004589,Digital,Bogota,Colombia,35,85465,2022-12-24,Activo
4590,CLI-004590,Empresarial,Monterrey,Mexico,56,14355,2025-10-16,Activo
4591,CLI-004591,Empresarial,Puebla,Colombia,42,81507,2026-04-16,Activo
4592,CLI-004592,Empresarial,Guadalajara,Colombia,24,9453,2023-09-29,Activo
4593,CLI-004593,Empresarial,CDMX,Mexico,54,78332,2023-06-29,Activo
4594,CLI-004594,Empresarial,CDMX,Colombia,43,53849,2026-07-28,Activo
4595,CLI-004595,Pyme,Cali,Colombia,50,90593,2025-12-20,Activo
4596,CLI-004596,Pyme,Bogota,Mexico,23,12099,2023-11-03,Inactivo
4597,CLI-004597,Nomina,Bogota,Mexico,40,79329,2025-08-16,Inactivo
4598,CLI-004598,Pyme,Queretaro,Mexico,61,8967,2023-01-13,Inactivo
4599,CLI-004599,Pyme,Bogota,Mexico,31,73181,2024-12-29,Activo
4600,CLI-004600,Nomina,Monterrey,Colombia,56,34481,2024-07-05,Activo
4601,CLI-004601,Digital,CDMX,Mexico,35,38056,2022-08-05,Activo
4602,CLI-004602,Nomina,Bogota,Colombia,64,69617,2025-12-22,Activo
4603,CLI-004603,Empresarial,Puebla,Colombia,51,19743,2026-03-17,Activo
4604,CLI-004604,Digital,Bogota,Colombia,46,76265,2021-07-10,Activo
4605,CLI-004605,Digital,Cali,Colombia,42,50851,2024-04-11,Activo
4606,CLI-004606,Nomina,Queretaro,Mexico,23,79085,2023-05-10,Activo
4607,CLI-004607,Empresarial,Guadalajara,Mexico,48,22466,2025-02-25,Activo
4608,CLI-004608,Nomina,Monterrey,Mexico,34,74534,2024-06-06,Activo
4609,CLI-004609,Empresarial,Bogota,Colombia,57,28101,2026-01-20,Activo
4610,CLI-004610,Digital,Puebla,Colombia,49,78097,2022-09-09,Activo
4611,CLI-004611,Digital,Medellin,Mexico,41,36710,2024-11-10,Activo
4612,CLI-004612,Premium,Medellin,Mexico,34,67551,2022-09-24,Activo
4613,CLI-004613,Empresarial,Medellin,Mexico,54,60518,2024-03-21,Activo
4614,CLI-004614,Pyme,CDMX,Mexico,43,84270,2021-10-07,Activo
4615,CLI-004615,Empresarial,Bogota,Colombia,23,39960,2024-02-29,Activo
4616,CLI-004616,Nomina,Bogota,Mexico,50,39342,2024-10-30,Activo
4617,CLI-004617,Pyme,Monterrey,Colombia,21,76296,2021-08-24,Activo
4618,CLI-004618,Digital,Puebla,Mexico,42,55307,2021-05-08,Activo
4619,CLI-004619,Empresarial,Bogota,Colombia,26,95609,2026-02-04,Inactivo
4620,CLI-004620,Digital,Puebla,Mexico,49,91301,2026-07-22,Inactivo
4621,CLI-004621,Pyme,Medellin,Mexico,25,23641,2024-06-20,Activo
4622,CLI-004622,Pyme,Puebla,Mexico,60,33154,2021-07-06,Activo
4623,CLI-004623,Digital,Monterrey,Mexico,41,54963,2025-04-07,Activo
4624,CLI-004624,Empresarial,Guadalajara,Mexico,57,94507,2026-05-08,Activo
4625,CLI-004625,Premium,Puebla,Mexico,20,18572,2024-02-20,Inactivo
4626,CLI-004626,Pyme,Guadalajara,Mexico,22,33674,2025-01-24,Inactivo
4627,CLI-004627,Nomina,Guadalajara,Mexico,36,46083,2023-10-09,Inactivo
4628,CLI-004628,Empresarial,Bogota,Mexico,56,69138,2022-07-17,Activo
4629,CLI-004629,Nomina,Medellin,Mexico,64,80252,2024-04-02,Activo
4630,CLI-004630,Digital,Cali,Mexico,31,83733,2025-10-17,Activo
4631,CLI-004631,Pyme,Queretaro,Mexico,62,25248,2026-03-01,Activo
4632,CLI-004632,Empresarial,Guadalajara,Mexico,56,91009,2022-11-25,Inactivo
4633,CLI-004633,Nomina,Medellin,Mexico,36,15261,2022-03-15,Activo
4634,CLI-004634,Pyme,Guadalajara,Colombia,32,73595,2025-10-29,Inactivo
4635,CLI-004635,Empresarial,Puebla,Mexico,56,95075,2022-11-26,Activo
4636,CLI-004636,Nomina,CDMX,Mexico,26,19112,2022-03-05,Activo
4637,CLI-004637,Digital,CDMX,Colombia,60,65607,2026-07-10,Activo
4638,CLI-004638,Nomina,Bogota,Mexico,29,78565,2024-09-13,Activo
4639,CLI-004639,Nomina,Bogota,Mexico,49,46145,2021-08-06,Activo
4640,CLI-004640,Empresarial,Bogota,Mexico,29,31896,2025-12-05,Inactivo
4641,CLI-004641,Nomina,Medellin,Mexico,50,68127,2023-04-10,Activo
4642,CLI-004642,Pyme,Bogota,Mexico,51,56054,2022-01-05,Activo
4643,CLI-004643,Pyme,Medellin,Colombia,34,95410,2024-06-23,Activo
4644,CLI-004644,Digital,Monterrey,Mexico,32,63084,2022-03-14,Activo
4645,CLI-004645,Empresarial,Guadalajara,Mexico,28,57964,2023-06-05,Inactivo
4646,CLI-004646,Premium,Bogota,Colombia,53,64572,2021-11-17,Activo
4647,CLI-004647,Premium,Monterrey,Colombia,42,12101,2023-12-14,Activo
4648,CLI-004648,Nomina,Bogota,Colombia,56,80747,2024-09-12,Inactivo
4649,CLI-004649,Empresarial,Cali,Mexico,32,71111,2023-12-24,Activo
4650,CLI-004650,Pyme,Cali,Mexico,31,60857,2026-06-28,Activo
4651,CLI-004651,Empresarial,CDMX,Mexico,45,86641,2021-08-13,Activo
4652,CLI-004652,Premium,Guadalajara,Colombia,40,80560,2022-04-13,Activo
4653,CLI-004653,Premium,Medellin,Colombia,45,89289,2021-12-08,Activo
4654,CLI-004654,Pyme,Queretaro,Mexico,20,84180,2026-07-17,Activo
4655,CLI-004655,Pyme,Medellin,Mexico,28,47156,2026-03-02,Activo
4656,CLI-004656,Premium,Cali,Colombia,56,20720,2023-03-19,Activo
4657,CLI-004657,Nomina,Queretaro,Mexico,26,68159,2021-10-14,Activo
4658,CLI-004658,Premium,Guadalajara,Mexico,54,27585,2024-08-21,Activo
4659,CLI-004659,Pyme,Bogota,Mexico,46,30187,2023-03-14,Activo
4660,CLI-004660,Premium,Cali,Colombia,40,59589,2025-10-28,Inactivo
4661,CLI-004661,Premium,Medellin,Mexico,60,59292,2022-09-13,Activo
4662,CLI-004662,Digital,Queretaro,Colombia,35,64086,2022-01-22,Activo
4663,CLI-004663,Empresarial,Guadalajara,Colombia,52,52371,2021-11-20,Activo
4664,CLI-004664,Empresarial,Medellin,Mexico,24,28572,2022-01-07,Inactivo
4665,CLI-004665,Pyme,CDMX,Mexico,63,43472,2023-01-11,Activo
4666,CLI-004666,Pyme,Puebla,Colombia,32,10736,2023-01-10,Inactivo
4667,CLI-004667,Pyme,Cali,Mexico,36,15269,2023-08-26,Activo
4668,CLI-004668,Nomina,CDMX,Mexico,20,20227,2021-11-30,Activo
4669,CLI-004669,Digital,Guadalajara,Mexico,49,69125,2024-10-26,Activo
4670,CLI-004670,Digital,Cali,Colombia,62,47812,2021-07-29,Activo
4671,CLI-004671,Premium,Monterrey,Mexico,29,70929,2025-06-26,Inactivo
4672,CLI-004672,Empresarial,Cali,Mexico,52,19987,2024-04-06,Inactivo
4673,CLI-004673,Digital,Medellin,Mexico,23,94267,2026-01-07,Activo
4674,CLI-004674,Pyme,Puebla,Colombia,23,25434,2023-03-27,Activo
4675,CLI-004675,Empresarial,Queretaro,Colombia,45,78857,2021-05-10,Inactivo
4676,CLI-004676,Pyme,Medellin,Mexico,60,50876,2026-01-24,Activo
4677,CLI-004677,Nomina,Queretaro,Mexico,22,48786,2026-07-05,Inactivo
4678,CLI-004678,Empresarial,CDMX,Mexico,57,50037,2022-01-08,Inactivo
4679,CLI-004679,Nomina,Guadalajara,Mexico,28,93185,2021-07-09,Activo
4680,CLI-004680,Premium,CDMX,Colombia,27,70130,2023-01-03,Inactivo
4681,CLI-004681,Digital,Medellin,Mexico,43,45078,2022-10-02,Activo
4682,CLI-004682,Nomina,Guadalajara,Mexico,49,50983,2021-11-26,Inactivo
4683,CLI-004683,Nomina,Queretaro,Colombia,32,24199,2023-05-30,Activo
4684,CLI-004684,Pyme,Puebla,Mexico,30,14785,2024-11-17,Activo
4685,CLI-004685,Digital,Queretaro,Colombia,62,18349,2024-09-12,Inactivo
4686,CLI-004686,Nomina,Guadalajara,Mexico,62,55320,2026-05-13,Activo
4687,CLI-004687,Nomina,Queretaro,Colombia,40,9061,2021-06-12,Activo
4688,CLI-004688,Nomina,Guadalajara,Mexico,39,64275,2024-05-10,Activo
4689,CLI-004689,Premium,Medellin,Mexico,50,38428,2021-04-01,Activo
4690,CLI-004690,Premium,CDMX,Mexico,33,82596,2024-04-11,Inactivo
4691,CLI-004691,Pyme,Queretaro,Mexico,25,24018,2024-04-28,Activo
4692,CLI-004692,Premium,CDMX,Colombia,26,35762,2021-05-17,Activo
4693,CLI-004693,Premium,Medellin,Mexico,22,93899,2025-04-03,Activo
4694,CLI-004694,Nomina,Cali,Mexico,28,34630,2021-11-29,Inactivo
4695,CLI-004695,Empresarial,CDMX,Colombia,61,72338,2021-10-26,Activo
4696,CLI-004696,Empresarial,Puebla,Colombia,45,86931,2024-05-18,Activo
4697,CLI-004697,Empresarial,Cali,Colombia,62,55961,2024-03-24,Activo
4698,CLI-004698,Empresarial,CDMX,Mexico,56,47308,2023-03-01,Inactivo
4699,CLI-004699,Pyme,CDMX,Mexico,30,60116,2023-09-24,Inactivo
4700,CLI-004700,Pyme,Puebla,Mexico,27,59749,2021-11-11,Activo
4701,CLI-004701,Digital,Monterrey,Mexico,43,21250,2021-10-12,Inactivo
4702,CLI-004702,Empresarial,Puebla,Mexico,39,34345,2024-01-13,Activo
4703,CLI-004703,Pyme,CDMX,Mexico,40,43452,2023-07-02,Inactivo
4704,CLI-004704,Empresarial,Cali,Mexico,22,95369,2022-06-02,Inactivo
4705,CLI-004705,Digital,Cali,Mexico,62,94751,2022-06-04,Activo
4706,CLI-004706,Pyme,Cali,Colombia,64,21887,2025-04-23,Activo
4707,CLI-004707,Digital,Puebla,Mexico,45,78890,2026-01-16,Activo
4708,CLI-004708,Digital,Guadalajara,Colombia,37,8622,2023-09-20,Activo
4709,CLI-004709,Nomina,Medellin,Colombia,56,27157,2023-02-05,Activo
4710,CLI-004710,Empresarial,CDMX,Colombia,32,81904,2021-05-01,Inactivo
4711,CLI-004711,Premium,Bogota,Mexico,43,47031,2021-07-19,Activo
4712,CLI-004712,Empresarial,Queretaro,Colombia,58,80243,2022-03-16,Activo
4713,CLI-004713,Premium,CDMX,Mexico,42,92478,2026-02-17,Activo
4714,CLI-004714,Pyme,Medellin,Mexico,22,33000,2023-06-09,Activo
4715,CLI-004715,Digital,Cali,Colombia,32,42877,2024-04-11,Activo
4716,CLI-004716,Digital,Medellin,Mexico,42,71228,2024-04-13,Inactivo
4717,CLI-004717,Empresarial,Cali,Colombia,55,82920,2022-08-17,Activo
4718,CLI-004718,Pyme,Queretaro,Mexico,43,34142,2023-09-21,Activo
4719,CLI-004719,Nomina,Guadalajara,Mexico,59,64499,2025-04-20,Activo
4720,CLI-004720,Digital,Queretaro,Mexico,29,31242,2023-07-18,Activo
4721,CLI-004721,Nomina,Guadalajara,Mexico,59,83105,2023-10-21,Inactivo
4722,CLI-004722,Empresarial,CDMX,Mexico,21,49492,2022-03-04,Activo
4723,CLI-004723,Empresarial,Bogota,Mexico,52,93327,2025-04-04,Inactivo
4724,CLI-004724,Premium,Cali,Mexico,36,82487,2025-03-21,Activo
4725,CLI-004725,Premium,Bogota,Mexico,33,45592,2023-06-13,Activo
4726,CLI-004726,Nomina,CDMX,Mexico,53,41352,2023-02-06,Activo
4727,CLI-004727,Digital,Bogota,Mexico,56,91899,2022-03-16,Activo
4728,CLI-004728,Pyme,Medellin,Mexico,37,58592,2025-12-26,Activo
4729,CLI-004729,Digital,Monterrey,Mexico,46,35977,2021-11-08,Inactivo
4730,CLI-004730,Nomina,Monterrey,Mexico,48,54747,2023-10-11,Activo
4731,CLI-004731,Premium,Cali,Mexico,33,32829,2025-10-05,Activo
4732,CLI-004732,Digital,Queretaro,Mexico,38,62659,2023-06-02,Activo
4733,CLI-004733,Digital,Guadalajara,Mexico,55,32807,2026-05-03,Inactivo
4734,CLI-004734,Nomina,Puebla,Colombia,29,11368,2025-10-14,Inactivo
4735,CLI-004735,Pyme,CDMX,Mexico,51,97984,2022-03-07,Activo
4736,CLI-004736,Empresarial,Cali,Mexico,25,86197,2025-03-27,Activo
4737,CLI-004737,Pyme,Queretaro,Mexico,43,36780,2025-12-11,Activo
4738,CLI-004738,Nomina,Puebla,Mexico,32,45086,2024-03-03,Activo
4739,CLI-004739,Premium,Cali,Mexico,23,48776,2023-07-18,Activo
4740,CLI-004740,Digital,Puebla,Colombia,49,37536,2021-05-15,Inactivo
4741,CLI-004741,Empresarial,Puebla,Colombia,49,26300,2022-01-26,Activo
4742,CLI-004742,Premium,Bogota,Colombia,39,30530,2024-02-19,Activo
4743,CLI-004743,Nomina,Cali,Mexico,22,19040,2023-04-23,Activo
4744,CLI-004744,Nomina,Medellin,Colombia,25,85464,2021-07-23,Activo
4745,CLI-004745,Premium,Bogota,Mexico,28,80154,2022-12-05,Activo
4746,CLI-004746,Nomina,Queretaro,Mexico,25,94949,2024-03-02,Activo
4747,CLI-004747,Premium,Medellin,Colombia,22,81139,2026-08-27,Activo
4748,CLI-004748,Empresarial,Medellin,Colombia,47,13232,2022-05-14,Activo
4749,CLI-004749,Empresarial,Bogota,Colombia,57,24909,2021-06-11,Activo
4750,CLI-004750,Nomina,Guadalajara,Colombia,56,65325,2023-07-17,Activo
4751,CLI-004751,Empresarial,Bogota,Mexico,57,81396,2022-09-18,Activo
4752,CLI-004752,Nomina,CDMX,Mexico,39,27536,2022-05-04,Activo
4753,CLI-004753,Empresarial,Monterrey,Mexico,32,73861,2024-07-29,Activo
4754,CLI-004754,Digital,CDMX,Mexico,30,65888,2024-12-15,Inactivo
4755,CLI-004755,Premium,Queretaro,Mexico,50,88457,2026-05-04,Inactivo
4756,CLI-004756,Premium,Guadalajara,Colombia,22,33202,2026-08-06,Inactivo
4757,CLI-004757,Digital,Bogota,Mexico,28,12870,2023-06-23,Inactivo
4758,CLI-004758,Premium,Medellin,Mexico,31,8352,2021-08-05,Activo
4759,CLI-004759,Nomina,Queretaro,Mexico,24,58154,2025-05-20,Activo
4760,CLI-004760,Digital,Cali,Mexico,59,50724,2023-02-25,Activo
4761,CLI-004761,Pyme,Monterrey,Mexico,39,47943,2024-01-26,Activo
4762,CLI-004762,Pyme,Queretaro,Mexico,41,16759,2021-09-11,Activo
4763,CLI-004763,Nomina,Cali,Mexico,29,77471,2022-08-06,Activo
4764,CLI-004764,Pyme,Puebla,Mexico,26,14208,2026-05-09,Activo
4765,CLI-004765,Pyme,Monterrey,Colombia,48,59245,2024-04-13,Activo
4766,CLI-004766,Empresarial,Queretaro,Mexico,59,53382,2021-10-16,Inactivo
4767,CLI-004767,Premium,Guadalajara,Colombia,45,82821,2023-05-16,Activo
4768,CLI-004768,Nomina,Puebla,Mexico,47,21323,2024-04-03,Activo
4769,CLI-004769,Premium,Medellin,Mexico,50,15878,2025-02-05,Activo
4770,CLI-004770,Digital,CDMX,Colombia,28,23955,2022-02-10,Activo
4771,CLI-004771,Empresarial,Bogota,Mexico,23,8347,2025-02-28,Activo
4772,CLI-004772,Pyme,Cali,Mexico,33,26924,2025-10-18,Inactivo
4773,CLI-004773,Empresarial,Puebla,Mexico,26,70102,2021-04-21,Activo
4774,CLI-004774,Digital,Puebla,Mexico,61,94188,2024-06-30,Activo
4775,CLI-004775,Pyme,Puebla,Mexico,48,89221,2021-08-20,Inactivo
4776,CLI-004776,Pyme,Puebla,Mexico,61,24952,2022-07-25,Activo
4777,CLI-004777,Nomina,Queretaro,Colombia,49,27054,2021-05-02,Activo
4778,CLI-004778,Digital,Puebla,Colombia,61,87624,2025-02-13,Activo
4779,CLI-004779,Premium,Puebla,Mexico,33,49627,2026-07-10,Activo
4780,CLI-004780,Empresarial,Bogota,Mexico,52,81804,2024-09-26,Inactivo
4781,CLI-004781,Digital,Puebla,Colombia,32,82008,2026-04-26,Activo
4782,CLI-004782,Premium,Guadalajara,Mexico,34,26361,2021-05-07,Inactivo
4783,CLI-004783,Empresarial,Queretaro,Mexico,52,97315,2024-07-04,Activo
4784,CLI-004784,Pyme,Medellin,Mexico,46,37449,2024-06-02,Activo
4785,CLI-004785,Empresarial,Cali,Colombia,30,27704,2022-08-08,Activo
4786,CLI-004786,Premium,Puebla,Mexico,31,20570,2026-08-17,Activo
4787,CLI-004787,Empresarial,Guadalajara,Mexico,31,39781,2021-08-25,Activo
4788,CLI-004788,Empresarial,Guadalajara,Mexico,30,43685,2026-06-05,Activo
4789,CLI-004789,Nomina,Puebla,Mexico,28,84163,2026-06-03,Activo
4790,CLI-004790,Digital,Guadalajara,Mexico,26,9453,2022-05-29,Activo
4791,CLI-004791,Digital,Monterrey,Colombia,28,21755,2023-05-08,Activo
4792,CLI-004792,Nomina,Cali,Mexico,62,59099,2021-10-04,Activo
4793,CLI-004793,Nomina,Medellin,Mexico,50,80899,2025-08-03,Activo
4794,CLI-004794,Premium,Queretaro,Mexico,64,34465,2023-12-11,Activo
4795,CLI-004795,Digital,CDMX,Colombia,42,35963,2024-06-27,Inactivo
4796,CLI-004796,Pyme,Monterrey,Mexico,39,69586,2026-08-25,Inactivo
4797,CLI-004797,Digital,Guadalajara,Mexico,27,69405,2024-09-22,Activo
4798,CLI-004798,Premium,Monterrey,Mexico,55,46446,2023-07-20,Inactivo
4799,CLI-004799,Pyme,Queretaro,Colombia,29,90179,2025-11-22,Activo
4800,CLI-004800,Empresarial,Puebla,Mexico,33,82512,2024-05-31,Activo
4801,CLI-004801,Digital,Bogota,Mexico,22,69382,2024-02-11,Activo
4802,CLI-004802,Digital,Guadalajara,Mexico,59,96033,2024-05-24,Activo
4803,CLI-004803,Pyme,Cali,Mexico,52,42770,2023-09-06,Inactivo
4804,CLI-004804,Empresarial,Puebla,Mexico,44,76198,2022-08-03,Activo
4805,CLI-004805,Empresarial,Cali,Mexico,27,95468,2023-05-14,Inactivo
4806,CLI-004806,Empresarial,Medellin,Mexico,55,66501,2021-09-11,Activo
4807,CLI-004807,Premium,Puebla,Colombia,38,15801,2023-01-08,Activo
4808,CLI-004808,Empresarial,Cali,Mexico,49,86194,2023-09-11,Activo
4809,CLI-004809,Nomina,Queretaro,Mexico,41,60706,2022-04-08,Activo
4810,CLI-004810,Digital,Guadalajara,Colombia,47,78654,2023-03-20,Activo
4811,CLI-004811,Empresarial,CDMX,Mexico,27,91734,2026-07-10,Activo
4812,CLI-004812,Nomina,Medellin,Mexico,20,21796,2023-07-02,Activo
4813,CLI-004813,Pyme,Cali,Mexico,57,65344,2022-12-02,Activo
4814,CLI-004814,Pyme,CDMX,Mexico,23,51653,2025-09-01,Activo
4815,CLI-004815,Premium,Puebla,Mexico,57,24464,2024-10-08,Activo
4816,CLI-004816,Empresarial,Guadalajara,Mexico,40,65204,2024-06-28,Activo
4817,CLI-004817,Digital,CDMX,Mexico,24,60365,2021-03-18,Activo
4818,CLI-004818,Empresarial,Puebla,Mexico,63,27131,2022-07-11,Inactivo
4819,CLI-004819,Empresarial,Queretaro,Mexico,29,85748,2021-09-10,Activo
4820,CLI-004820,Pyme,CDMX,Mexico,42,47183,2026-01-16,Activo
4821,CLI-004821,Digital,Cali,Mexico,40,20004,2025-11-26,Inactivo
4822,CLI-004822,Empresarial,Medellin,Mexico,48,67111,2022-08-30,Activo
4823,CLI-004823,Empresarial,Queretaro,Colombia,32,72206,2023-02-28,Activo
4824,CLI-004824,Pyme,CDMX,Mexico,20,41719,2023-05-22,Activo
4825,CLI-004825,Nomina,Bogota,Mexico,26,74242,2024-10-03,Activo
4826,CLI-004826,Pyme,Monterrey,Mexico,21,22762,2025-06-20,Activo
4827,CLI-004827,Premium,Monterrey,Mexico,43,89482,2025-06-30,Inactivo
4828,CLI-004828,Premium,CDMX,Colombia,23,48134,2026-01-25,Inactivo
4829,CLI-004829,Empresarial,Puebla,Colombia,44,74317,2021-06-15,Activo
4830,CLI-004830,Pyme,Monterrey,Mexico,59,75861,2024-04-22,Activo
4831,CLI-004831,Nomina,Guadalajara,Mexico,33,51499,2022-04-04,Inactivo
4832,CLI-004832,Pyme,Medellin,Mexico,50,40491,2025-08-05,Activo
4833,CLI-004833,Pyme,CDMX,Mexico,21,37012,2024-12-03,Activo
4834,CLI-004834,Premium,Guadalajara,Mexico,61,48192,2025-05-26,Activo
4835,CLI-004835,Pyme,Puebla,Mexico,53,58322,2022-09-12,Inactivo
4836,CLI-004836,Digital,Puebla,Mexico,57,38577,2023-11-19,Activo
4837,CLI-004837,Digital,CDMX,Mexico,27,23030,2023-03-01,Inactivo
4838,CLI-004838,Pyme,Bogota,Mexico,45,18602,2022-11-24,Inactivo
4839,CLI-004839,Nomina,Monterrey,Mexico,27,82378,2025-04-10,Activo
4840,CLI-004840,Nomina,Puebla,Mexico,59,61688,2024-09-06,Activo
4841,CLI-004841,Nomina,Monterrey,Mexico,41,72193,2025-03-06,Inactivo
4842,CLI-004842,Empresarial,Bogota,Mexico,50,32436,2024-09-30,Inactivo
4843,CLI-004843,Premium,Puebla,Mexico,38,25572,2023-01-28,Activo
4844,CLI-004844,Empresarial,Medellin,Colombia,40,67422,2026-07-15,Activo
4845,CLI-004845,Premium,CDMX,Mexico,64,54909,2023-07-06,Inactivo
4846,CLI-004846,Nomina,Medellin,Colombia,56,38174,2024-06-12,Inactivo
4847,CLI-004847,Premium,Puebla,Colombia,46,38450,2025-03-17,Activo
4848,CLI-004848,Nomina,Puebla,Mexico,55,48487,2024-12-30,Activo
4849,CLI-004849,Empresarial,Medellin,Mexico,55,19604,2025-11-02,Activo
4850,CLI-004850,Nomina,Bogota,Mexico,30,48690,2021-11-21,Activo
4851,CLI-004851,Digital,Monterrey,Mexico,26,63554,2024-09-27,Activo
4852,CLI-004852,Digital,Queretaro,Mexico,45,78546,2024-09-12,Activo
4853,CLI-004853,Nomina,Puebla,Mexico,47,93465,2025-07-01,Activo
4854,CLI-004854,Digital,Cali,Mexico,27,89103,2026-07-05,Inactivo
4855,CLI-004855,Pyme,Queretaro,Mexico,28,62578,2023-10-12,Inactivo
4856,CLI-004856,Pyme,Monterrey,Mexico,40,60698,2025-05-26,Activo
4857,CLI-004857,Pyme,Bogota,Mexico,30,14970,2022-08-29,Activo
4858,CLI-004858,Premium,Guadalajara,Colombia,41,38014,2021-04-21,Activo
4859,CLI-004859,Pyme,Monterrey,Mexico,37,22223,2022-01-03,Activo
4860,CLI-004860,Nomina,Monterrey,Mexico,31,86977,2026-03-04,Activo
4861,CLI-004861,Nomina,Cali,Colombia,27,86630,2025-07-07,Activo
4862,CLI-004862,Empresarial,Queretaro,Mexico,29,40799,2026-07-01,Activo
4863,CLI-004863,Pyme,Medellin,Mexico,60,66716,2024-12-30,Activo
4864,CLI-004864,Pyme,Guadalajara,Mexico,41,31862,2023-07-10,Activo
4865,CLI-004865,Premium,Puebla,Mexico,54,15295,2023-08-22,Activo
4866,CLI-004866,Nomina,Bogota,Mexico,30,17869,2024-08-30,Activo
4867,CLI-004867,Nomina,Cali,Mexico,53,65751,2025-09-21,Activo
4868,CLI-004868,Pyme,Guadalajara,Mexico,42,47794,2025-04-15,Activo
4869,CLI-004869,Pyme,Bogota,Mexico,43,52626,2022-06-27,Activo
4870,CLI-004870,Nomina,Guadalajara,Mexico,40,80857,2025-03-30,Inactivo
4871,CLI-004871,Digital,Medellin,Mexico,32,87510,2025-09-14,Activo
4872,CLI-004872,Pyme,Monterrey,Mexico,59,23436,2024-11-24,Activo
4873,CLI-004873,Nomina,Bogota,Mexico,31,96172,2021-09-21,Activo
4874,CLI-004874,Premium,Bogota,Colombia,37,23119,2025-07-19,Activo
4875,CLI-004875,Empresarial,CDMX,Mexico,38,46320,2022-08-23,Activo
4876,CLI-004876,Nomina,CDMX,Colombia,46,45190,2022-07-27,Inactivo
4877,CLI-004877,Digital,Cali,Mexico,58,13748,2021-09-04,Activo
4878,CLI-004878,Digital,CDMX,Mexico,39,84455,2025-03-20,Activo
4879,CLI-004879,Premium,CDMX,Colombia,34,20491,2021-04-01,Activo
4880,CLI-004880,Nomina,Cali,Colombia,28,96456,2025-10-08,Inactivo
4881,CLI-004881,Digital,Puebla,Colombia,58,94573,2023-03-06,Activo
4882,CLI-004882,Nomina,Queretaro,Colombia,31,71181,2023-09-04,Activo
4883,CLI-004883,Nomina,Puebla,Mexico,37,62406,2023-03-10,Inactivo
4884,CLI-004884,Premium,Monterrey,Mexico,22,14070,2026-03-18,Inactivo
4885,CLI-004885,Nomina,Puebla,Mexico,30,51950,2025-04-28,Inactivo
4886,CLI-004886,Empresarial,CDMX,Colombia,46,23269,2022-10-25,Inactivo
4887,CLI-004887,Digital,Bogota,Mexico,40,37130,2024-02-05,Activo
4888,CLI-004888,Empresarial,Cali,Colombia,47,23339,2025-06-01,Activo
4889,CLI-004889,Premium,Queretaro,Mexico,47,56118,2022-02-13,Activo
4890,CLI-004890,Premium,Puebla,Colombia,24,41207,2025-06-24,Activo
4891,CLI-004891,Digital,CDMX,Mexico,32,84228,2023-07-22,Inactivo
4892,CLI-004892,Pyme,Medellin,Colombia,59,55767,2022-06-22,Activo
4893,CLI-004893,Digital,Cali,Mexico,20,63566,2025-07-08,Activo
4894,CLI-004894,Premium,Cali,Mexico,41,84073,2022-04-23,Activo
4895,CLI-004895,Nomina,Monterrey,Mexico,49,42172,2022-01-31,Activo
4896,CLI-004896,Nomina,CDMX,Colombia,58,39071,2025-01-25,Activo
4897,CLI-004897,Empresarial,Queretaro,Mexico,38,29636,2025-10-24,Activo
4898,CLI-004898,Pyme,Medellin,Colombia,62,37777,2022-03-03,Activo
4899,CLI-004899,Premium,Bogota,Mexico,54,49287,2025-06-13,Inactivo
4900,CLI-004900,Pyme,Medellin,Colombia,35,90844,2025-10-29,Activo
4901,CLI-004901,Nomina,Monterrey,Colombia,44,34140,2024-03-02,Activo
4902,CLI-004902,Digital,CDMX,Mexico,34,23291,2025-10-23,Activo
4903,CLI-004903,Digital,Cali,Mexico,45,76471,2021-03-29,Activo
4904,CLI-004904,Nomina,Medellin,Mexico,31,86608,2021-06-21,Activo
4905,CLI-004905,Nomina,CDMX,Mexico,43,32228,2024-04-11,Activo
4906,CLI-004906,Pyme,CDMX,Mexico,23,19601,2025-11-20,Activo
4907,CLI-004907,Pyme,Cali,Mexico,51,38664,2022-10-20,Activo
4908,CLI-004908,Empresarial,Medellin,Mexico,31,22492,2025-02-12,Activo
4909,CLI-004909,Nomina,Puebla,Mexico,32,54001,2025-11-26,Activo
4910,CLI-004910,Pyme,Monterrey,Mexico,23,61894,2023-10-18,Activo
4911,CLI-004911,Nomina,Guadalajara,Mexico,35,62291,2022-02-16,Activo
4912,CLI-004912,Digital,CDMX,Mexico,62,13936,2026-03-17,Inactivo
4913,CLI-004913,Pyme,Cali,Mexico,57,80304,2025-05-29,Activo
4914,CLI-004914,Pyme,Monterrey,Mexico,33,45768,2022-04-09,Activo
4915,CLI-004915,Digital,Bogota,Mexico,61,15845,2024-02-04,Activo
4916,CLI-004916,Nomina,Guadalajara,Colombia,21,29627,2024-05-25,Activo
4917,CLI-004917,Digital,Puebla,Colombia,55,48943,2022-01-01,Activo
4918,CLI-004918,Empresarial,Puebla,Mexico,33,63573,2026-05-10,Activo
4919,CLI-004919,Empresarial,CDMX,Mexico,58,30511,2024-09-17,Activo
4920,CLI-004920,Nomina,Cali,Mexico,48,59678,2024-08-22,Activo
4921,CLI-004921,Nomina,Queretaro,Colombia,28,30454,2023-02-06,Inactivo
4922,CLI-004922,Pyme,Bogota,Colombia,34,66934,2024-12-13,Activo
4923,CLI-004923,Nomina,CDMX,Mexico,20,20475,2022-04-26,Activo
4924,CLI-004924,Premium,Bogota,Mexico,64,75172,2025-01-18,Inactivo
4925,CLI-004925,Premium,Guadalajara,Colombia,60,45806,2025-02-09,Inactivo
4926,CLI-004926,Digital,Monterrey,Mexico,51,83175,2023-07-04,Activo
4927,CLI-004927,Nomina,Monterrey,Mexico,34,51019,2025-10-01,Activo
4928,CLI-004928,Nomina,Guadalajara,Colombia,63,53652,2025-07-18,Activo
4929,CLI-004929,Nomina,Monterrey,Mexico,31,96773,2023-08-12,Inactivo
4930,CLI-004930,Premium,Cali,Colombia,62,35014,2023-05-16,Inactivo
4931,CLI-004931,Pyme,Bogota,Mexico,23,71618,2023-06-24,Activo
4932,CLI-004932,Empresarial,Bogota,Mexico,33,30628,2024-11-30,Activo
4933,CLI-004933,Premium,CDMX,Mexico,36,35284,2025-10-26,Inactivo
4934,CLI-004934,Empresarial,Queretaro,Mexico,36,31008,2021-10-18,Inactivo
4935,CLI-004935,Premium,Puebla,Mexico,50,76805,2025-12-28,Activo
4936,CLI-004936,Pyme,Cali,Colombia,47,75808,2024-05-09,Activo
4937,CLI-004937,Digital,Monterrey,Mexico,25,53316,2026-07-10,Inactivo
4938,CLI-004938,Pyme,CDMX,Mexico,51,82579,2023-12-18,Activo
4939,CLI-004939,Empresarial,CDMX,Mexico,38,27940,2025-01-15,Activo
4940,CLI-004940,Premium,Guadalajara,Mexico,23,87672,2024-10-03,Activo
4941,CLI-004941,Nomina,Monterrey,Mexico,52,72047,2023-01-09,Activo
4942,CLI-004942,Nomina,Queretaro,Mexico,50,53191,2021-08-20,Inactivo
4943,CLI-004943,Digital,Puebla,Colombia,43,53728,2024-10-08,Activo
4944,CLI-004944,Nomina,Monterrey,Colombia,50,15286,2024-05-14,Activo
4945,CLI-004945,Premium,Monterrey,Mexico,30,92080,2025-05-14,Activo
4946,CLI-004946,Digital,Monterrey,Colombia,34,70604,2026-01-13,Inactivo
4947,CLI-004947,Pyme,Queretaro,Mexico,28,19853,2021-09-17,Inactivo
4948,CLI-004948,Premium,Monterrey,Mexico,23,19579,2021-06-24,Activo
4949,CLI-004949,Premium,Queretaro,Colombia,60,58224,2022-07-07,Inactivo
4950,CLI-004950,Premium,Queretaro,Mexico,45,82455,2023-03-29,Inactivo
4951,CLI-004951,Digital,CDMX,Mexico,30,39275,2023-12-19,Activo
4952,CLI-004952,Digital,Puebla,Colombia,64,24239,2024-10-08,Activo
4953,CLI-004953,Nomina,Monterrey,Mexico,62,20073,2025-02-17,Activo
4954,CLI-004954,Digital,CDMX,Mexico,29,17713,2023-05-11,Activo
4955,CLI-004955,Premium,Puebla,Mexico,50,9528,2023-10-21,Activo
4956,CLI-004956,Pyme,Puebla,Mexico,26,25338,2024-05-30,Activo
4957,CLI-004957,Premium,Bogota,Mexico,40,43243,2022-09-02,Activo
4958,CLI-004958,Digital,Monterrey,Mexico,55,87189,2022-01-31,Activo
4959,CLI-004959,Pyme,Bogota,Mexico,20,75716,2024-12-25,Activo
4960,CLI-004960,Digital,Monterrey,Mexico,37,75333,2024-11-23,Activo
4961,CLI-004961,Pyme,Monterrey,Mexico,25,54337,2022-07-21,Activo
4962,CLI-004962,Pyme,Cali,Mexico,57,85125,2022-12-28,Activo
4963,CLI-004963,Pyme,Bogota,Mexico,26,14040,2024-11-03,Inactivo
4964,CLI-004964,Empresarial,Medellin,Colombia,24,91711,2023-12-03,Activo
4965,CLI-004965,Premium,Queretaro,Colombia,29,43218,2024-07-26,Activo
4966,CLI-004966,Digital,Cali,Mexico,27,14627,2025-04-29,Activo
4967,CLI-004967,Empresarial,Queretaro,Mexico,20,26095,2022-12-06,Activo
4968,CLI-004968,Digital,Bogota,Mexico,64,10778,2025-06-11,Activo
4969,CLI-004969,Pyme,Bogota,Mexico,24,26078,2022-10-14,Activo
4970,CLI-004970,Nomina,Bogota,Colombia,34,48647,2026-02-19,Activo
4971,CLI-004971,Nomina,Medellin,Colombia,31,41224,2023-12-06,Activo
4972,CLI-004972,Premium,CDMX,Colombia,54,37679,2025-02-12,Inactivo
4973,CLI-004973,Pyme,Queretaro,Mexico,35,79939,2023-05-24,Activo
4974,CLI-004974,Premium,Cali,Colombia,60,14645,2026-01-05,Activo
4975,CLI-004975,Premium,Puebla,Mexico,31,73329,2024-06-09,Activo
4976,CLI-004976,Premium,Monterrey,Mexico,64,94293,2022-10-28,Inactivo
4977,CLI-004977,Pyme,Medellin,Mexico,49,71759,2023-08-03,Inactivo
4978,CLI-004978,Empresarial,Cali,Mexico,45,31719,2022-05-30,Activo
4979,CLI-004979,Empresarial,Medellin,Colombia,34,51223,2022-03-31,Activo
4980,CLI-004980,Pyme,Bogota,Mexico,44,83982,2024-10-17,Activo
4981,CLI-004981,Digital,Cali,Colombia,51,60436,2026-03-07,Activo
4982,CLI-004982,Pyme,Puebla,Mexico,28,93148,2023-08-02,Activo
4983,CLI-004983,Digital,Medellin,Colombia,54,76095,2024-07-28,Activo
4984,CLI-004984,Nomina,Medellin,Mexico,48,10762,2024-07-30,Activo
4985,CLI-004985,Pyme,Guadalajara,Mexico,43,56142,2021-03-23,Activo
4986,CLI-004986,Nomina,Guadalajara,Colombia,60,91377,2022-10-11,Activo
4987,CLI-004987,Premium,Cali,Mexico,54,60006,2024-05-03,Inactivo
4988,CLI-004988,Premium,Guadalajara,Mexico,20,66218,2025-06-13,Inactivo
4989,CLI-004989,Premium,Cali,Mexico,38,8087,2023-03-02,Activo
4990,CLI-004990,Digital,Monterrey,Mexico,34,80498,2022-01-30,Inactivo
4991,CLI-004991,Premium,Puebla,Mexico,31,81683,2025-07-28,Activo
4992,CLI-004992,Pyme,Bogota,Mexico,62,97511,2025-03-11,Activo
4993,CLI-004993,Premium,Queretaro,Colombia,30,67497,2022-07-16,Activo
4994,CLI-004994,Premium,Queretaro,Mexico,27,27111,2026-02-26,Inactivo
4995,CLI-004995,Empresarial,Puebla,Colombia,25,32491,2023-12-18,Activo
4996,CLI-004996,Nomina,CDMX,Mexico,22,9272,2026-03-06,Activo
4997,CLI-004997,Nomina,Monterrey,Colombia,54,9170,2026-07-14,Inactivo
4998,CLI-004998,Digital,Cali,Colombia,40,54715,2021-07-15,Activo
4999,CLI-004999,Premium,Medellin,Mexico,33,52653,2025-05-03,Activo
5000,CLI-005000,Premium,Medellin,Mexico,21,62394,2026-02-06,Activo
5001,CLI-005001,Premium,Cali,Mexico,23,27713,2026-01-28,Inactivo
5002,CLI-005002,Pyme,Guadalajara,Mexico,48,66927,2022-10-15,Activo
5003,CLI-005003,Nomina,CDMX,Colombia,49,25669,2024-09-27,Activo
5004,CLI-005004,Digital,Queretaro,Mexico,45,13675,2025-09-06,Activo
5005,CLI-005005,Digital,Bogota,Mexico,52,28544,2022-06-13,Activo
5006,CLI-005006,Premium,Puebla,Mexico,41,84733,2026-06-23,Activo
5007,CLI-005007,Empresarial,Medellin,Mexico,62,88665,2022-02-01,Inactivo
5008,CLI-005008,Digital,Medellin,Mexico,29,63070,2021-05-05,Activo
5009,CLI-005009,Premium,Monterrey,Mexico,49,9921,2026-02-16,Activo
5010,CLI-005010,Pyme,Bogota,Mexico,29,64114,2022-12-05,Activo
5011,CLI-005011,Nomina,Puebla,Mexico,42,86971,2024-02-03,Activo
5012,CLI-005012,Pyme,CDMX,Mexico,30,82241,2026-02-05,Inactivo
5013,CLI-005013,Premium,CDMX,Mexico,40,83799,2023-12-22,Activo
5014,CLI-005014,Empresarial,Medellin,Colombia,45,62610,2022-06-30,Inactivo
5015,CLI-005015,Nomina,Guadalajara,Colombia,64,36763,2024-04-11,Activo
5016,CLI-005016,Premium,Medellin,Mexico,50,9165,2024-05-21,Activo
5017,CLI-005017,Premium,Puebla,Mexico,48,31966,2023-05-28,Activo
5018,CLI-005018,Nomina,Monterrey,Colombia,40,25041,2024-06-16,Activo
5019,CLI-005019,Premium,Cali,Mexico,24,75059,2024-12-10,Activo
5020,CLI-005020,Digital,Monterrey,Colombia,63,34745,2022-03-27,Inactivo
5021,CLI-005021,Premium,Cali,Mexico,52,66923,2021-06-25,Activo
5022,CLI-005022,Nomina,CDMX,Mexico,62,76571,2026-02-09,Activo
5023,CLI-005023,Digital,Puebla,Mexico,30,85814,2026-04-07,Activo
5024,CLI-005024,Pyme,Puebla,Colombia,49,13426,2024-05-29,Inactivo
5025,CLI-005025,Empresarial,CDMX,Mexico,29,74171,2021-03-29,Inactivo
5026,CLI-005026,Pyme,Puebla,Colombia,27,51638,2023-11-20,Activo
5027,CLI-005027,Pyme,Bogota,Colombia,60,41914,2022-11-27,Inactivo
5028,CLI-005028,Digital,Queretaro,Mexico,48,87716,2025-12-01,Inactivo
5029,CLI-005029,Premium,Monterrey,Mexico,59,38352,2024-02-05,Activo
5030,CLI-005030,Empresarial,Guadalajara,Mexico,44,82150,2025-07-25,Activo
5031,CLI-005031,Pyme,Bogota,Colombia,26,15981,2026-01-26,Activo
5032,CLI-005032,Digital,Medellin,Colombia,50,89835,2024-08-09,Inactivo
5033,CLI-005033,Empresarial,Monterrey,Mexico,56,93741,2021-03-18,Activo
5034,CLI-005034,Nomina,Bogota,Mexico,64,50263,2022-07-12,Inactivo
5035,CLI-005035,Digital,Puebla,Mexico,64,25029,2026-01-01,Activo
5036,CLI-005036,Nomina,Queretaro,Mexico,54,72145,2025-09-17,Inactivo
5037,CLI-005037,Pyme,Queretaro,Mexico,59,76786,2021-12-28,Activo
5038,CLI-005038,Pyme,Queretaro,Colombia,24,53162,2025-03-03,Activo
5039,CLI-005039,Nomina,Queretaro,Mexico,44,55685,2021-08-16,Activo
5040,CLI-005040,Pyme,CDMX,Colombia,35,28219,2025-07-24,Inactivo
5041,CLI-005041,Premium,Puebla,Mexico,50,86397,2026-08-16,Inactivo
5042,CLI-005042,Premium,Medellin,Colombia,36,17024,2022-02-20,Activo
5043,CLI-005043,Digital,Bogota,Mexico,26,74523,2024-08-31,Activo
5044,CLI-005044,Nomina,Queretaro,Colombia,34,34295,2023-04-02,Activo
5045,CLI-005045,Pyme,Bogota,Mexico,59,56444,2025-07-09,Activo
5046,CLI-005046,Empresarial,Queretaro,Mexico,46,66596,2025-02-02,Activo
5047,CLI-005047,Empresarial,Guadalajara,Mexico,37,29968,2022-01-04,Activo
5048,CLI-005048,Nomina,Puebla,Colombia,63,21702,2022-06-18,Activo
5049,CLI-005049,Pyme,Cali,Mexico,22,82283,2025-02-13,Inactivo
5050,CLI-005050,Premium,Queretaro,Mexico,39,97887,2025-04-13,Activo
5051,CLI-005051,Pyme,Cali,Mexico,62,13496,2021-06-20,Activo
5052,CLI-005052,Premium,Medellin,Mexico,64,95398,2023-10-21,Activo
5053,CLI-005053,Pyme,CDMX,Colombia,44,37816,2023-04-22,Inactivo
5054,CLI-005054,Empresarial,Guadalajara,Colombia,35,76743,2026-02-07,Activo
5055,CLI-005055,Pyme,Puebla,Mexico,52,77672,2022-08-01,Activo
5056,CLI-005056,Digital,Guadalajara,Mexico,20,45696,2026-07-30,Activo
5057,CLI-005057,Pyme,Bogota,Mexico,57,64183,2021-09-11,Activo
5058,CLI-005058,Empresarial,Guadalajara,Mexico,23,10152,2024-07-18,Activo
5059,CLI-005059,Premium,Monterrey,Mexico,61,84353,2025-11-12,Activo
5060,CLI-005060,Pyme,Medellin,Colombia,32,88722,2022-06-08,Activo
5061,CLI-005061,Pyme,Bogota,Colombia,20,14864,2026-04-21,Inactivo
5062,CLI-005062,Digital,Medellin,Mexico,36,23204,2023-01-20,Activo
5063,CLI-005063,Pyme,Cali,Mexico,39,48006,2025-04-16,Activo
5064,CLI-005064,Empresarial,Bogota,Colombia,42,15252,2024-03-07,Inactivo
5065,CLI-005065,Pyme,Bogota,Mexico,45,79968,2023-08-26,Activo
5066,CLI-005066,Digital,Queretaro,Mexico,56,24191,2021-06-05,Inactivo
5067,CLI-005067,Nomina,Medellin,Mexico,42,85357,2022-12-13,Activo
5068,CLI-005068,Empresarial,Medellin,Mexico,25,81381,2024-05-22,Activo
5069,CLI-005069,Pyme,CDMX,Mexico,22,74300,2021-04-09,Activo
5070,CLI-005070,Digital,Queretaro,Mexico,47,29475,2025-04-27,Inactivo
5071,CLI-005071,Digital,Monterrey,Colombia,27,30554,2024-07-01,Activo
5072,CLI-005072,Empresarial,Queretaro,Mexico,32,12255,2021-09-04,Inactivo
5073,CLI-005073,Empresarial,Medellin,Mexico,37,31120,2023-05-30,Activo
5074,CLI-005074,Nomina,Bogota,Colombia,53,9724,2025-06-11,Activo
5075,CLI-005075,Premium,Monterrey,Mexico,45,66982,2022-02-18,Activo
5076,CLI-005076,Nomina,Monterrey,Mexico,63,75855,2025-03-08,Activo
5077,CLI-005077,Empresarial,Bogota,Mexico,21,36346,2023-08-16,Inactivo
5078,CLI-005078,Premium,Guadalajara,Mexico,22,30782,2025-04-07,Activo
5079,CLI-005079,Pyme,CDMX,Mexico,25,92569,2021-12-30,Activo
5080,CLI-005080,Pyme,Monterrey,Mexico,50,53371,2025-02-26,Inactivo
5081,CLI-005081,Pyme,Bogota,Mexico,29,34439,2025-02-24,Activo
5082,CLI-005082,Pyme,CDMX,Mexico,37,73665,2022-06-22,Inactivo
5083,CLI-005083,Digital,Monterrey,Mexico,45,56891,2025-08-14,Activo
5084,CLI-005084,Pyme,Bogota,Mexico,58,79147,2022-12-17,Activo
5085,CLI-005085,Pyme,Monterrey,Mexico,54,18527,2026-07-29,Activo
5086,CLI-005086,Digital,Monterrey,Colombia,36,70095,2024-04-25,Activo
5087,CLI-005087,Empresarial,Cali,Mexico,53,46462,2024-06-25,Activo
5088,CLI-005088,Premium,Guadalajara,Colombia,44,30364,2025-05-03,Activo
5089,CLI-005089,Pyme,Queretaro,Colombia,43,76028,2025-06-20,Activo
5090,CLI-005090,Digital,Cali,Mexico,36,74645,2021-11-04,Activo
5091,CLI-005091,Premium,Queretaro,Mexico,28,80521,2022-02-03,Inactivo
5092,CLI-005092,Pyme,Medellin,Mexico,31,80871,2023-12-31,Activo
5093,CLI-005093,Premium,Monterrey,Colombia,29,86249,2024-03-18,Activo
5094,CLI-005094,Pyme,Queretaro,Mexico,45,45531,2023-10-01,Activo
5095,CLI-005095,Pyme,Medellin,Colombia,35,51135,2024-03-16,Activo
5096,CLI-005096,Nomina,Cali,Mexico,54,30574,2024-10-17,Activo
5097,CLI-005097,Empresarial,Queretaro,Colombia,46,91026,2023-11-01,Activo
5098,CLI-005098,Pyme,CDMX,Mexico,63,36239,2023-04-03,Activo
5099,CLI-005099,Pyme,Puebla,Colombia,27,17367,2022-12-04,Activo
5100,CLI-005100,Premium,Bogota,Colombia,50,46191,2021-08-14,Activo
5101,CLI-005101,Pyme,Queretaro,Mexico,38,35738,2026-04-16,Activo
5102,CLI-005102,Premium,Monterrey,Colombia,61,45762,2021-07-25,Activo
5103,CLI-005103,Nomina,Monterrey,Mexico,27,82872,2023-08-24,Activo
5104,CLI-005104,Digital,Medellin,Mexico,42,58599,2023-03-01,Activo
5105,CLI-005105,Pyme,Bogota,Mexico,62,60425,2023-04-03,Activo
5106,CLI-005106,Digital,Monterrey,Colombia,35,97945,2022-05-31,Inactivo
5107,CLI-005107,Nomina,Bogota,Mexico,55,27305,2021-10-01,Activo
5108,CLI-005108,Premium,Monterrey,Mexico,42,52374,2025-12-31,Inactivo
5109,CLI-005109,Empresarial,Monterrey,Colombia,58,32389,2025-01-01,Activo
5110,CLI-005110,Digital,Monterrey,Colombia,36,12062,2025-05-15,Inactivo
5111,CLI-005111,Nomina,Bogota,Mexico,54,48008,2021-03-30,Activo
5112,CLI-005112,Premium,Queretaro,Mexico,52,53297,2021-10-03,Activo
5113,CLI-005113,Pyme,Puebla,Mexico,32,97540,2022-10-12,Activo
5114,CLI-005114,Digital,Guadalajara,Colombia,25,84743,2021-08-21,Activo
5115,CLI-005115,Nomina,Puebla,Mexico,59,97261,2024-03-27,Inactivo
5116,CLI-005116,Premium,Medellin,Colombia,51,92602,2021-05-17,Activo
5117,CLI-005117,Digital,Cali,Colombia,57,37035,2021-05-05,Activo
5118,CLI-005118,Nomina,Bogota,Mexico,55,70388,2023-12-17,Activo
5119,CLI-005119,Pyme,Bogota,Mexico,48,50792,2021-08-04,Activo
5120,CLI-005120,Pyme,Cali,Mexico,36,79394,2026-06-02,Activo
5121,CLI-005121,Empresarial,Puebla,Mexico,42,39691,2024-01-17,Inactivo
5122,CLI-005122,Premium,Cali,Colombia,45,71596,2022-11-26,Activo
5123,CLI-005123,Premium,Bogota,Mexico,38,79708,2025-01-20,Inactivo
5124,CLI-005124,Premium,Queretaro,Mexico,21,34470,2023-11-15,Activo
5125,CLI-005125,Premium,Bogota,Mexico,26,85815,2022-01-11,Activo
5126,CLI-005126,Nomina,Monterrey,Mexico,23,65631,2021-03-31,Activo
5127,CLI-005127,Pyme,Monterrey,Mexico,59,19350,2024-05-19,Inactivo
5128,CLI-005128,Pyme,Puebla,Colombia,27,66803,2022-12-09,Activo
5129,CLI-005129,Nomina,Bogota,Mexico,51,71264,2026-06-30,Inactivo
5130,CLI-005130,Pyme,CDMX,Mexico,51,86376,2024-02-04,Activo
5131,CLI-005131,Nomina,Medellin,Mexico,56,72099,2024-07-28,Activo
5132,CLI-005132,Empresarial,Monterrey,Mexico,30,65143,2025-02-25,Activo
5133,CLI-005133,Digital,Bogota,Mexico,45,27913,2025-06-13,Activo
5134,CLI-005134,Empresarial,Bogota,Colombia,40,67898,2024-09-02,Inactivo
5135,CLI-005135,Pyme,Cali,Mexico,34,28192,2026-01-15,Activo
5136,CLI-005136,Empresarial,Medellin,Colombia,61,58408,2025-01-18,Activo
5137,CLI-005137,Pyme,Puebla,Mexico,21,9002,2022-08-25,Activo
5138,CLI-005138,Empresarial,CDMX,Colombia,27,93164,2026-06-23,Activo
5139,CLI-005139,Premium,Medellin,Mexico,25,25186,2021-08-04,Activo
5140,CLI-005140,Empresarial,Cali,Mexico,39,23600,2021-07-24,Activo
5141,CLI-005141,Premium,Medellin,Mexico,39,11149,2023-02-15,Activo
5142,CLI-005142,Pyme,Monterrey,Mexico,54,60864,2022-07-16,Activo
5143,CLI-005143,Pyme,Medellin,Mexico,59,30542,2024-11-03,Activo
5144,CLI-005144,Empresarial,Puebla,Mexico,54,30606,2021-12-02,Activo
5145,CLI-005145,Nomina,CDMX,Colombia,39,22355,2025-08-05,Activo
5146,CLI-005146,Digital,Puebla,Mexico,23,21383,2022-11-04,Inactivo
5147,CLI-005147,Digital,Guadalajara,Colombia,25,68763,2025-03-29,Inactivo
5148,CLI-005148,Premium,Bogota,Mexico,64,8217,2025-03-13,Activo
5149,CLI-005149,Nomina,Bogota,Mexico,45,32522,2022-06-08,Activo
5150,CLI-005150,Empresarial,Bogota,Mexico,54,93356,2023-08-23,Inactivo
5151,CLI-005151,Empresarial,Bogota,Colombia,25,20218,2024-06-22,Activo
5152,CLI-005152,Digital,Queretaro,Mexico,20,84651,2024-11-25,Activo
5153,CLI-005153,Premium,Medellin,Mexico,49,97033,2026-06-12,Activo
5154,CLI-005154,Nomina,Guadalajara,Colombia,21,97457,2023-08-25,Activo
5155,CLI-005155,Digital,Cali,Mexico,64,71918,2024-10-21,Activo
5156,CLI-005156,Digital,Bogota,Colombia,46,11423,2025-08-31,Activo
5157,CLI-005157,Pyme,CDMX,Mexico,38,35311,2026-07-21,Activo
5158,CLI-005158,Digital,Guadalajara,Colombia,33,46715,2024-03-21,Activo
5159,CLI-005159,Pyme,Queretaro,Mexico,50,73451,2023-07-30,Inactivo
5160,CLI-005160,Pyme,Guadalajara,Mexico,56,63970,2022-03-01,Inactivo
5161,CLI-005161,Pyme,Cali,Colombia,46,84251,2024-07-18,Inactivo
5162,CLI-005162,Nomina,Guadalajara,Mexico,57,75058,2024-08-26,Inactivo
5163,CLI-005163,Pyme,Bogota,Colombia,54,43167,2023-12-27,Inactivo
5164,CLI-005164,Premium,CDMX,Mexico,64,64126,2022-01-09,Activo
5165,CLI-005165,Empresarial,Queretaro,Colombia,33,17038,2025-03-11,Activo
5166,CLI-005166,Pyme,Cali,Colombia,45,37067,2022-04-29,Activo
5167,CLI-005167,Nomina,Guadalajara,Mexico,26,32409,2022-09-10,Inactivo
5168,CLI-005168,Empresarial,Puebla,Mexico,28,16886,2025-06-25,Inactivo
5169,CLI-005169,Pyme,Medellin,Colombia,42,36854,2024-07-02,Activo
5170,CLI-005170,Nomina,Monterrey,Mexico,45,36106,2021-05-24,Activo
5171,CLI-005171,Pyme,Bogota,Colombia,57,68780,2024-01-30,Activo
5172,CLI-005172,Premium,Cali,Mexico,27,47003,2024-07-29,Activo
5173,CLI-005173,Nomina,Monterrey,Colombia,38,20786,2024-03-01,Activo
5174,CLI-005174,Nomina,Puebla,Mexico,56,50301,2025-05-30,Activo
5175,CLI-005175,Premium,Queretaro,Mexico,53,38995,2024-10-25,Inactivo
5176,CLI-005176,Empresarial,Medellin,Colombia,21,89458,2022-05-21,Inactivo
5177,CLI-005177,Empresarial,Cali,Mexico,58,52742,2022-12-18,Activo
5178,CLI-005178,Nomina,Monterrey,Colombia,20,75401,2023-01-21,Activo
5179,CLI-005179,Pyme,Guadalajara,Mexico,29,16593,2021-11-08,Activo
5180,CLI-005180,Digital,Queretaro,Mexico,29,93480,2022-08-24,Activo
5181,CLI-005181,Premium,Medellin,Colombia,63,85107,2023-03-09,Inactivo
5182,CLI-005182,Premium,Puebla,Colombia,41,66131,2025-12-06,Activo
5183,CLI-005183,Empresarial,CDMX,Colombia,33,57617,2023-11-20,Activo
5184,CLI-005184,Premium,Queretaro,Mexico,55,65817,2024-03-24,Activo
5185,CLI-005185,Digital,Medellin,Mexico,28,91988,2021-07-27,Activo
5186,CLI-005186,Pyme,Queretaro,Colombia,25,31731,2024-09-13,Inactivo
5187,CLI-005187,Premium,Medellin,Mexico,31,48131,2024-10-25,Activo
5188,CLI-005188,Nomina,Medellin,Mexico,35,16391,2021-07-20,Activo
5189,CLI-005189,Pyme,Cali,Mexico,37,55812,2023-06-27,Activo
5190,CLI-005190,Digital,Puebla,Colombia,59,23871,2022-05-20,Inactivo
5191,CLI-005191,Digital,Monterrey,Mexico,50,70275,2023-06-16,Activo
5192,CLI-005192,Pyme,Queretaro,Mexico,40,50732,2021-11-08,Activo
5193,CLI-005193,Empresarial,Medellin,Mexico,27,38630,2025-12-16,Activo
5194,CLI-005194,Nomina,Cali,Mexico,38,84696,2022-10-09,Activo
5195,CLI-005195,Premium,Cali,Mexico,64,66036,2023-10-19,Inactivo
5196,CLI-005196,Premium,Medellin,Mexico,39,72582,2022-08-03,Activo
5197,CLI-005197,Pyme,Queretaro,Mexico,33,65349,2021-04-26,Activo
5198,CLI-005198,Digital,CDMX,Colombia,35,47440,2025-06-01,Activo
5199,CLI-005199,Empresarial,CDMX,Mexico,40,52490,2023-07-20,Activo
5200,CLI-005200,Digital,Queretaro,Colombia,37,82757,2025-01-27,Inactivo
5201,CLI-005201,Empresarial,Cali,Mexico,45,71720,2023-08-23,Activo
5202,CLI-005202,Empresarial,Medellin,Mexico,44,66032,2026-07-19,Activo
5203,CLI-005203,Digital,Guadalajara,Colombia,50,61654,2024-07-05,Activo
5204,CLI-005204,Pyme,Monterrey,Mexico,31,60442,2022-07-17,Activo
5205,CLI-005205,Digital,Puebla,Mexico,55,97180,2026-08-06,Activo
5206,CLI-005206,Nomina,Monterrey,Colombia,43,51537,2025-09-02,Activo
5207,CLI-005207,Nomina,Medellin,Colombia,33,95836,2022-11-19,Inactivo
5208,CLI-005208,Premium,Bogota,Mexico,33,54465,2022-01-01,Inactivo
5209,CLI-005209,Pyme,Puebla,Mexico,26,37870,2025-09-08,Activo
5210,CLI-005210,Empresarial,Guadalajara,Colombia,34,93009,2024-02-20,Activo
5211,CLI-005211,Digital,Puebla,Mexico,60,78831,2025-12-17,Inactivo
5212,CLI-005212,Digital,Queretaro,Mexico,22,67905,2026-08-16,Activo
5213,CLI-005213,Premium,Queretaro,Mexico,41,50964,2023-03-24,Activo
5214,CLI-005214,Nomina,Queretaro,Colombia,38,92633,2021-03-31,Activo
5215,CLI-005215,Premium,Monterrey,Mexico,59,96141,2023-05-14,Activo
5216,CLI-005216,Digital,Puebla,Colombia,60,75498,2024-02-28,Inactivo
5217,CLI-005217,Nomina,Medellin,Mexico,39,67079,2025-05-02,Inactivo
5218,CLI-005218,Nomina,Guadalajara,Colombia,37,97003,2021-08-26,Activo
5219,CLI-005219,Nomina,Monterrey,Mexico,52,88051,2023-12-29,Activo
5220,CLI-005220,Nomina,Cali,Colombia,53,67507,2025-09-17,Activo
5221,CLI-005221,Digital,Monterrey,Mexico,37,93256,2024-05-26,Activo
5222,CLI-005222,Empresarial,Guadalajara,Mexico,31,70790,2022-05-10,Activo
5223,CLI-005223,Premium,Cali,Mexico,45,23845,2021-05-28,Activo
5224,CLI-005224,Pyme,Monterrey,Mexico,59,11442,2024-12-06,Activo
5225,CLI-005225,Empresarial,Puebla,Colombia,29,9486,2023-02-08,Activo
5226,CLI-005226,Nomina,Cali,Colombia,22,69094,2024-07-18,Activo
5227,CLI-005227,Premium,Medellin,Colombia,56,84217,2026-05-16,Activo
5228,CLI-005228,Empresarial,CDMX,Mexico,49,76863,2021-10-16,Activo
5229,CLI-005229,Empresarial,Bogota,Colombia,64,64790,2023-05-14,Activo
5230,CLI-005230,Nomina,Cali,Colombia,54,61613,2023-06-30,Activo
5231,CLI-005231,Premium,Puebla,Mexico,36,54515,2023-06-22,Inactivo
5232,CLI-005232,Premium,Cali,Mexico,61,42576,2022-06-25,Inactivo
5233,CLI-005233,Pyme,Bogota,Mexico,56,51043,2026-05-27,Activo
5234,CLI-005234,Pyme,Medellin,Colombia,29,19582,2023-11-20,Activo
5235,CLI-005235,Empresarial,Puebla,Mexico,31,76206,2022-01-19,Activo
5236,CLI-005236,Pyme,Puebla,Mexico,53,97174,2023-10-17,Activo
5237,CLI-005237,Digital,Monterrey,Colombia,35,45231,2026-03-18,Activo
5238,CLI-005238,Empresarial,Monterrey,Mexico,27,27810,2024-08-27,Inactivo
5239,CLI-005239,Digital,Monterrey,Mexico,21,96949,2024-04-12,Activo
5240,CLI-005240,Digital,Medellin,Mexico,59,23960,2021-08-04,Inactivo
5241,CLI-005241,Pyme,Guadalajara,Colombia,43,52807,2024-08-15,Inactivo
5242,CLI-005242,Pyme,Cali,Mexico,33,92890,2024-06-04,Activo
5243,CLI-005243,Empresarial,Puebla,Mexico,50,36886,2024-03-08,Activo
5244,CLI-005244,Premium,CDMX,Mexico,63,97884,2021-06-23,Activo
5245,CLI-005245,Nomina,Queretaro,Colombia,41,44281,2024-12-22,Inactivo
5246,CLI-005246,Pyme,CDMX,Mexico,44,66546,2024-12-02,Activo
5247,CLI-005247,Nomina,Cali,Mexico,50,45842,2023-06-02,Inactivo
5248,CLI-005248,Pyme,Puebla,Mexico,29,55825,2022-06-13,Activo
5249,CLI-005249,Premium,Guadalajara,Mexico,48,42980,2024-11-12,Inactivo
5250,CLI-005250,Pyme,Medellin,Mexico,53,44758,2025-06-03,Inactivo
5251,CLI-005251,Premium,Medellin,Mexico,58,70316,2021-08-21,Activo
5252,CLI-005252,Nomina,Cali,Mexico,28,51643,2025-07-17,Inactivo
5253,CLI-005253,Premium,Monterrey,Mexico,34,22813,2023-05-22,Activo
5254,CLI-005254,Empresarial,CDMX,Mexico,53,10378,2024-01-21,Inactivo
5255,CLI-005255,Premium,Guadalajara,Mexico,35,60875,2024-03-16,Inactivo
5256,CLI-005256,Premium,CDMX,Mexico,53,36538,2026-01-17,Activo
5257,CLI-005257,Premium,Monterrey,Colombia,30,47225,2025-07-21,Activo
5258,CLI-005258,Premium,Monterrey,Mexico,33,75276,2022-12-07,Activo
5259,CLI-005259,Digital,Monterrey,Mexico,25,64857,2023-09-29,Inactivo
5260,CLI-005260,Pyme,Medellin,Mexico,37,90694,2025-05-05,Activo
5261,CLI-005261,Nomina,Puebla,Mexico,41,29330,2023-03-03,Activo
5262,CLI-005262,Pyme,Monterrey,Mexico,36,89222,2026-04-11,Inactivo
5263,CLI-005263,Digital,Cali,Colombia,57,50217,2024-08-18,Activo
5264,CLI-005264,Digital,Medellin,Mexico,52,81258,2026-06-15,Inactivo
5265,CLI-005265,Empresarial,Monterrey,Mexico,32,74549,2024-04-10,Activo
5266,CLI-005266,Premium,Monterrey,Mexico,45,59449,2025-02-26,Inactivo
5267,CLI-005267,Pyme,Guadalajara,Mexico,59,17283,2025-12-08,Activo
5268,CLI-005268,Pyme,Cali,Mexico,64,44578,2025-05-18,Activo
5269,CLI-005269,Digital,Cali,Mexico,62,36239,2021-09-16,Activo
5270,CLI-005270,Premium,Queretaro,Colombia,27,24731,2022-10-27,Activo
5271,CLI-005271,Empresarial,Queretaro,Mexico,54,37269,2024-02-05,Activo
5272,CLI-005272,Premium,Medellin,Colombia,64,49856,2021-07-13,Activo
5273,CLI-005273,Premium,Puebla,Mexico,48,54392,2025-04-27,Activo
5274,CLI-005274,Pyme,CDMX,Mexico,45,52873,2022-03-28,Inactivo
5275,CLI-005275,Empresarial,Medellin,Colombia,50,34310,2021-03-22,Activo
5276,CLI-005276,Premium,Guadalajara,Mexico,62,88524,2022-09-06,Inactivo
5277,CLI-005277,Digital,Bogota,Mexico,39,28819,2025-09-05,Inactivo
5278,CLI-005278,Premium,Guadalajara,Mexico,35,42723,2026-08-03,Activo
5279,CLI-005279,Digital,Bogota,Mexico,25,49293,2024-12-04,Activo
5280,CLI-005280,Empresarial,Cali,Colombia,39,33016,2023-03-08,Activo
5281,CLI-005281,Digital,Queretaro,Colombia,44,68354,2021-04-18,Activo
5282,CLI-005282,Pyme,Puebla,Colombia,54,70161,2022-04-05,Activo
5283,CLI-005283,Digital,Monterrey,Mexico,26,54942,2021-11-28,Inactivo
5284,CLI-005284,Nomina,Puebla,Mexico,21,15386,2025-08-20,Activo
5285,CLI-005285,Digital,Puebla,Mexico,25,17608,2024-07-19,Activo
5286,CLI-005286,Premium,CDMX,Colombia,41,92991,2021-07-18,Activo
5287,CLI-005287,Premium,Medellin,Colombia,25,96067,2022-09-14,Activo
5288,CLI-005288,Nomina,Puebla,Mexico,20,87773,2022-11-27,Activo
5289,CLI-005289,Empresarial,Queretaro,Mexico,21,58334,2022-12-07,Activo
5290,CLI-005290,Empresarial,Puebla,Colombia,43,19126,2024-03-31,Activo
5291,CLI-005291,Pyme,Monterrey,Mexico,62,50732,2024-08-22,Inactivo
5292,CLI-005292,Premium,Puebla,Mexico,61,79168,2025-01-30,Inactivo
5293,CLI-005293,Pyme,Bogota,Mexico,59,51325,2023-01-25,Activo
5294,CLI-005294,Nomina,CDMX,Mexico,57,75388,2023-02-10,Activo
5295,CLI-005295,Premium,CDMX,Mexico,34,37280,2024-03-22,Activo
5296,CLI-005296,Premium,Monterrey,Mexico,41,21408,2023-10-17,Activo
5297,CLI-005297,Empresarial,CDMX,Mexico,36,79029,2022-08-25,Inactivo
5298,CLI-005298,Pyme,Guadalajara,Mexico,20,68401,2024-04-30,Activo
5299,CLI-005299,Nomina,Monterrey,Mexico,37,47305,2025-05-30,Activo
5300,CLI-005300,Digital,Puebla,Mexico,22,11729,2022-02-18,Activo
5301,CLI-005301,Pyme,Cali,Mexico,26,64357,2026-07-19,Inactivo
5302,CLI-005302,Premium,Bogota,Colombia,37,62628,2024-12-27,Activo
5303,CLI-005303,Premium,Monterrey,Mexico,60,82195,2021-07-01,Inactivo
5304,CLI-005304,Pyme,Bogota,Mexico,29,34359,2025-11-27,Activo
5305,CLI-005305,Pyme,Medellin,Colombia,24,11454,2022-09-05,Activo
5306,CLI-005306,Nomina,Medellin,Mexico,48,24558,2025-03-08,Activo
5307,CLI-005307,Digital,Bogota,Colombia,38,30301,2023-05-08,Inactivo
5308,CLI-005308,Digital,Monterrey,Mexico,60,71905,2026-07-29,Activo
5309,CLI-005309,Empresarial,Bogota,Colombia,44,74298,2023-12-17,Activo
5310,CLI-005310,Pyme,Monterrey,Mexico,36,74487,2026-05-25,Activo
5311,CLI-005311,Empresarial,Guadalajara,Mexico,20,61099,2021-05-15,Inactivo
5312,CLI-005312,Empresarial,Cali,Colombia,24,88399,2025-06-01,Activo
5313,CLI-005313,Pyme,Queretaro,Mexico,44,40835,2026-02-13,Activo
5314,CLI-005314,Pyme,Puebla,Colombia,36,28847,2025-10-29,Activo
5315,CLI-005315,Premium,Guadalajara,Mexico,42,43520,2022-06-16,Activo
5316,CLI-005316,Digital,Cali,Mexico,42,75105,2023-06-23,Activo
5317,CLI-005317,Pyme,CDMX,Mexico,45,53505,2022-05-20,Activo
5318,CLI-005318,Empresarial,Bogota,Mexico,35,52643,2021-07-26,Activo
5319,CLI-005319,Pyme,Puebla,Colombia,23,83085,2022-06-17,Activo
5320,CLI-005320,Empresarial,Monterrey,Colombia,31,17431,2025-08-29,Activo
5321,CLI-005321,Empresarial,Bogota,Mexico,48,61964,2022-05-04,Activo
5322,CLI-005322,Pyme,Cali,Mexico,49,83535,2022-04-21,Activo
5323,CLI-005323,Pyme,Bogota,Mexico,22,61544,2024-01-07,Activo
5324,CLI-005324,Nomina,Guadalajara,Mexico,28,30188,2024-07-11,Activo
5325,CLI-005325,Nomina,Cali,Colombia,50,8219,2022-04-14,Activo
5326,CLI-005326,Digital,Monterrey,Mexico,54,32323,2022-04-24,Activo
5327,CLI-005327,Nomina,Monterrey,Mexico,34,38734,2026-03-15,Activo
5328,CLI-005328,Empresarial,Puebla,Mexico,23,56003,2021-07-14,Inactivo
5329,CLI-005329,Pyme,CDMX,Mexico,50,32585,2025-12-12,Inactivo
5330,CLI-005330,Pyme,Guadalajara,Mexico,20,44177,2023-09-17,Activo
5331,CLI-005331,Premium,Monterrey,Colombia,61,70741,2024-04-09,Activo
5332,CLI-005332,Nomina,Guadalajara,Mexico,51,24590,2023-04-16,Activo
5333,CLI-005333,Empresarial,Bogota,Mexico,38,22252,2025-04-27,Activo
5334,CLI-005334,Premium,Puebla,Colombia,39,34228,2021-11-04,Activo
5335,CLI-005335,Premium,Queretaro,Mexico,48,34361,2024-07-26,Inactivo
5336,CLI-005336,Digital,Puebla,Mexico,50,95807,2025-02-01,Activo
5337,CLI-005337,Nomina,CDMX,Mexico,35,87634,2025-10-25,Inactivo
5338,CLI-005338,Digital,Cali,Mexico,31,81349,2021-05-25,Activo
5339,CLI-005339,Digital,Guadalajara,Mexico,60,66155,2025-07-12,Activo
5340,CLI-005340,Nomina,Puebla,Colombia,52,26575,2026-02-01,Activo
5341,CLI-005341,Nomina,Guadalajara,Mexico,29,69253,2025-06-17,Activo
5342,CLI-005342,Digital,Medellin,Mexico,59,16625,2026-08-03,Activo
5343,CLI-005343,Pyme,Medellin,Mexico,39,56397,2021-12-01,Inactivo
5344,CLI-005344,Pyme,Queretaro,Mexico,61,66001,2024-09-03,Activo
5345,CLI-005345,Nomina,Monterrey,Colombia,60,58703,2023-09-11,Activo
5346,CLI-005346,Premium,Monterrey,Mexico,34,80312,2026-07-23,Activo
5347,CLI-005347,Premium,Queretaro,Colombia,30,42205,2026-05-07,Activo
5348,CLI-005348,Empresarial,Puebla,Colombia,27,20920,2021-12-13,Activo
5349,CLI-005349,Digital,Guadalajara,Colombia,63,17429,2022-05-24,Inactivo
5350,CLI-005350,Nomina,Cali,Mexico,48,92849,2022-06-04,Activo
5351,CLI-005351,Empresarial,Guadalajara,Mexico,33,14965,2021-12-06,Inactivo
5352,CLI-005352,Empresarial,Puebla,Mexico,37,71819,2021-10-31,Activo
5353,CLI-005353,Premium,Queretaro,Mexico,28,94041,2023-10-08,Activo
5354,CLI-005354,Pyme,Cali,Mexico,44,76652,2023-08-16,Inactivo
5355,CLI-005355,Empresarial,CDMX,Mexico,62,50394,2025-08-08,Activo
5356,CLI-005356,Empresarial,CDMX,Mexico,28,9610,2023-04-14,Activo
5357,CLI-005357,Empresarial,CDMX,Mexico,58,74504,2024-07-13,Activo
5358,CLI-005358,Nomina,CDMX,Mexico,49,33609,2025-02-10,Inactivo
5359,CLI-005359,Empresarial,Puebla,Mexico,44,55668,2025-09-25,Activo
5360,CLI-005360,Premium,Queretaro,Colombia,62,21741,2022-05-18,Activo
5361,CLI-005361,Nomina,Puebla,Mexico,63,37518,2026-06-21,Activo
5362,CLI-005362,Digital,Bogota,Mexico,62,88363,2023-12-30,Inactivo
5363,CLI-005363,Pyme,Bogota,Mexico,38,36016,2023-05-22,Activo
5364,CLI-005364,Nomina,Puebla,Mexico,57,23633,2021-04-18,Inactivo
5365,CLI-005365,Pyme,Puebla,Mexico,43,51024,2024-10-03,Inactivo
5366,CLI-005366,Digital,Bogota,Mexico,61,56974,2023-09-20,Activo
5367,CLI-005367,Nomina,Bogota,Colombia,63,63537,2026-05-18,Activo
5368,CLI-005368,Premium,Guadalajara,Mexico,23,28432,2024-09-08,Activo
5369,CLI-005369,Premium,Monterrey,Mexico,24,76163,2022-12-27,Activo
5370,CLI-005370,Pyme,CDMX,Mexico,38,16157,2023-04-16,Activo
5371,CLI-005371,Empresarial,Guadalajara,Mexico,58,47130,2021-04-10,Inactivo
5372,CLI-005372,Pyme,Bogota,Mexico,64,74892,2025-12-17,Activo
5373,CLI-005373,Empresarial,Guadalajara,Mexico,24,12724,2023-08-31,Activo
5374,CLI-005374,Nomina,CDMX,Mexico,40,62186,2023-06-27,Activo
5375,CLI-005375,Empresarial,Monterrey,Mexico,24,67929,2023-07-16,Activo
5376,CLI-005376,Nomina,Cali,Mexico,57,76138,2024-11-07,Inactivo
5377,CLI-005377,Digital,Guadalajara,Mexico,56,97797,2024-09-04,Activo
5378,CLI-005378,Premium,Puebla,Mexico,31,29583,2021-07-01,Activo
5379,CLI-005379,Nomina,Cali,Mexico,54,51104,2026-02-20,Activo
5380,CLI-005380,Pyme,Puebla,Mexico,46,95018,2024-09-01,Activo
5381,CLI-005381,Premium,CDMX,Mexico,21,50374,2023-12-12,Activo
5382,CLI-005382,Nomina,Puebla,Mexico,61,84234,2023-12-22,Inactivo
5383,CLI-005383,Digital,Guadalajara,Colombia,34,49813,2021-09-04,Activo
5384,CLI-005384,Empresarial,Cali,Mexico,52,44094,2022-09-07,Inactivo
5385,CLI-005385,Nomina,Cali,Mexico,63,16425,2025-04-05,Activo
5386,CLI-005386,Nomina,Monterrey,Colombia,34,40783,2025-01-01,Activo
5387,CLI-005387,Pyme,Cali,Colombia,39,91078,2024-02-07,Inactivo
5388,CLI-005388,Digital,CDMX,Colombia,20,44888,2023-05-28,Activo
5389,CLI-005389,Empresarial,Bogota,Mexico,41,81295,2025-08-15,Activo
5390,CLI-005390,Nomina,Cali,Mexico,42,87464,2026-03-09,Activo
5391,CLI-005391,Nomina,Bogota,Mexico,24,19315,2025-07-04,Activo
5392,CLI-005392,Nomina,Cali,Mexico,49,48957,2026-07-06,Activo
5393,CLI-005393,Pyme,Queretaro,Mexico,57,31358,2026-07-04,Activo
5394,CLI-005394,Digital,Medellin,Colombia,60,34169,2025-12-18,Activo
5395,CLI-005395,Nomina,Cali,Mexico,56,21370,2025-01-30,Activo
5396,CLI-005396,Empresarial,Guadalajara,Colombia,27,94435,2022-10-20,Inactivo
5397,CLI-005397,Empresarial,Monterrey,Colombia,34,34248,2024-07-04,Activo
5398,CLI-005398,Pyme,Medellin,Mexico,30,83866,2023-02-23,Inactivo
5399,CLI-005399,Empresarial,Guadalajara,Mexico,23,90851,2025-03-29,Activo
5400,CLI-005400,Premium,Cali,Mexico,35,64512,2024-10-28,Activo
5401,CLI-005401,Pyme,Bogota,Mexico,26,84095,2023-12-18,Activo
5402,CLI-005402,Pyme,Medellin,Mexico,62,75686,2025-03-12,Inactivo
5403,CLI-005403,Nomina,CDMX,Mexico,56,17306,2022-11-21,Activo
5404,CLI-005404,Empresarial,Cali,Mexico,30,68687,2023-03-02,Activo
5405,CLI-005405,Digital,Bogota,Colombia,20,52673,2023-05-25,Activo
5406,CLI-005406,Digital,Queretaro,Mexico,50,36911,2022-07-31,Activo
5407,CLI-005407,Premium,Medellin,Mexico,20,17583,2022-12-26,Activo
5408,CLI-005408,Empresarial,Bogota,Mexico,57,29640,2025-03-18,Activo
5409,CLI-005409,Empresarial,Medellin,Colombia,41,46882,2023-05-17,Activo
5410,CLI-005410,Digital,Queretaro,Mexico,57,40653,2025-05-09,Activo
5411,CLI-005411,Empresarial,Puebla,Colombia,22,96514,2022-04-27,Activo
5412,CLI-005412,Nomina,Cali,Mexico,34,43805,2023-07-17,Activo
5413,CLI-005413,Digital,Bogota,Mexico,45,37480,2022-05-12,Inactivo
5414,CLI-005414,Nomina,Monterrey,Colombia,26,14068,2025-03-19,Activo
5415,CLI-005415,Pyme,Queretaro,Mexico,29,87089,2023-05-11,Inactivo
5416,CLI-005416,Pyme,Puebla,Mexico,24,39170,2025-03-14,Inactivo
5417,CLI-005417,Digital,Cali,Mexico,61,42311,2022-08-16,Activo
5418,CLI-005418,Empresarial,Queretaro,Mexico,43,74214,2023-01-30,Activo
5419,CLI-005419,Digital,CDMX,Mexico,63,81951,2024-02-26,Activo
5420,CLI-005420,Digital,Cali,Mexico,57,22417,2025-05-09,Activo
5421,CLI-005421,Pyme,Puebla,Mexico,20,70112,2022-02-10,Activo
5422,CLI-005422,Pyme,Medellin,Mexico,39,70016,2022-11-05,Inactivo
5423,CLI-005423,Pyme,Guadalajara,Colombia,42,71755,2025-08-22,Activo
5424,CLI-005424,Digital,Guadalajara,Mexico,31,89738,2026-02-13,Inactivo
5425,CLI-005425,Digital,CDMX,Mexico,21,61453,2021-10-07,Activo
5426,CLI-005426,Pyme,Queretaro,Mexico,51,33874,2024-10-19,Inactivo
5427,CLI-005427,Digital,Cali,Mexico,63,79423,2025-06-08,Inactivo
5428,CLI-005428,Digital,Cali,Colombia,45,40300,2022-01-11,Activo
5429,CLI-005429,Premium,Queretaro,Colombia,47,43584,2022-12-31,Activo
5430,CLI-005430,Pyme,Queretaro,Mexico,30,72949,2026-02-16,Inactivo
5431,CLI-005431,Digital,CDMX,Mexico,23,36856,2026-02-12,Inactivo
5432,CLI-005432,Nomina,Bogota,Mexico,21,37536,2024-08-19,Inactivo
5433,CLI-005433,Nomina,Medellin,Mexico,45,93921,2022-02-12,Inactivo
5434,CLI-005434,Digital,Cali,Mexico,26,73636,2025-09-06,Inactivo
5435,CLI-005435,Empresarial,Queretaro,Colombia,43,36958,2022-10-27,Inactivo
5436,CLI-005436,Nomina,Medellin,Colombia,45,26648,2022-02-15,Activo
5437,CLI-005437,Premium,Cali,Colombia,45,47565,2023-10-31,Activo
5438,CLI-005438,Nomina,Guadalajara,Colombia,39,93169,2023-08-23,Activo
5439,CLI-005439,Digital,Queretaro,Mexico,56,26823,2026-04-21,Activo
5440,CLI-005440,Pyme,Cali,Colombia,33,72293,2023-09-11,Inactivo
5441,CLI-005441,Empresarial,Queretaro,Mexico,48,96615,2024-04-11,Activo
5442,CLI-005442,Pyme,CDMX,Mexico,29,13508,2025-04-21,Activo
5443,CLI-005443,Nomina,Medellin,Mexico,21,85069,2021-11-04,Activo
5444,CLI-005444,Pyme,Guadalajara,Mexico,49,53693,2025-12-17,Activo
5445,CLI-005445,Pyme,Bogota,Mexico,55,10469,2023-08-20,Activo
5446,CLI-005446,Digital,Guadalajara,Colombia,22,91743,2022-09-06,Activo
5447,CLI-005447,Premium,Queretaro,Mexico,27,38655,2024-01-05,Activo
5448,CLI-005448,Premium,Cali,Mexico,33,36901,2022-01-08,Inactivo
5449,CLI-005449,Pyme,CDMX,Colombia,37,45448,2021-10-16,Activo
5450,CLI-005450,Empresarial,Bogota,Mexico,60,16155,2023-07-15,Inactivo
5451,CLI-005451,Digital,Bogota,Colombia,64,61125,2024-10-30,Activo
5452,CLI-005452,Premium,Puebla,Colombia,57,31007,2026-05-12,Activo
5453,CLI-005453,Digital,Cali,Mexico,62,51708,2023-03-21,Activo
5454,CLI-005454,Premium,Medellin,Mexico,59,88654,2025-02-07,Inactivo
5455,CLI-005455,Premium,CDMX,Mexico,24,24426,2025-03-12,Inactivo
5456,CLI-005456,Pyme,Monterrey,Mexico,61,29945,2024-09-13,Inactivo
5457,CLI-005457,Pyme,Medellin,Colombia,57,59798,2023-05-11,Activo
5458,CLI-005458,Empresarial,Puebla,Colombia,39,65216,2025-12-19,Inactivo
5459,CLI-005459,Empresarial,Cali,Colombia,21,39103,2023-09-02,Activo
5460,CLI-005460,Digital,Medellin,Mexico,63,36874,2021-08-20,Activo
5461,CLI-005461,Premium,Medellin,Colombia,58,56565,2022-04-16,Inactivo
5462,CLI-005462,Pyme,Monterrey,Mexico,51,97901,2022-08-07,Activo
5463,CLI-005463,Digital,Medellin,Mexico,33,24690,2021-05-13,Activo
5464,CLI-005464,Empresarial,Bogota,Colombia,63,90910,2021-08-14,Activo
5465,CLI-005465,Premium,Medellin,Mexico,45,23686,2026-01-12,Activo
5466,CLI-005466,Premium,Monterrey,Colombia,50,11189,2021-04-21,Activo
5467,CLI-005467,Empresarial,Medellin,Mexico,59,39420,2023-03-25,Activo
5468,CLI-005468,Digital,CDMX,Mexico,31,78668,2021-06-15,Activo
5469,CLI-005469,Premium,CDMX,Mexico,21,34442,2026-07-21,Activo
5470,CLI-005470,Pyme,Monterrey,Mexico,37,79274,2025-01-20,Inactivo
5471,CLI-005471,Empresarial,Monterrey,Mexico,20,97417,2023-08-27,Activo
5472,CLI-005472,Empresarial,Puebla,Mexico,39,13447,2021-05-20,Activo
5473,CLI-005473,Digital,Queretaro,Colombia,24,53643,2025-09-27,Inactivo
5474,CLI-005474,Digital,Puebla,Mexico,49,13389,2022-12-23,Activo
5475,CLI-005475,Pyme,CDMX,Mexico,35,9938,2021-12-02,Inactivo
5476,CLI-005476,Nomina,Puebla,Mexico,39,32707,2021-06-23,Activo
5477,CLI-005477,Digital,Bogota,Mexico,28,77329,2022-03-19,Activo
5478,CLI-005478,Digital,Cali,Colombia,27,30275,2023-06-24,Activo
5479,CLI-005479,Nomina,Monterrey,Colombia,24,53891,2021-08-19,Activo
5480,CLI-005480,Premium,Monterrey,Colombia,48,62625,2022-07-08,Activo
5481,CLI-005481,Pyme,Cali,Mexico,28,88526,2026-04-22,Activo
5482,CLI-005482,Digital,Guadalajara,Mexico,25,92755,2022-12-08,Activo
5483,CLI-005483,Premium,Bogota,Colombia,27,60045,2022-07-30,Activo
5484,CLI-005484,Premium,Bogota,Mexico,57,95427,2021-09-11,Activo
5485,CLI-005485,Pyme,Cali,Mexico,33,38578,2022-07-05,Activo
5486,CLI-005486,Empresarial,Guadalajara,Colombia,46,65992,2025-02-02,Activo
5487,CLI-005487,Empresarial,Puebla,Mexico,63,75675,2024-01-21,Activo
5488,CLI-005488,Digital,Puebla,Colombia,58,50302,2025-07-19,Activo
5489,CLI-005489,Pyme,Monterrey,Mexico,25,16965,2023-09-23,Activo
5490,CLI-005490,Nomina,Queretaro,Mexico,39,80606,2024-04-21,Activo
5491,CLI-005491,Premium,CDMX,Mexico,46,62125,2021-10-11,Activo
5492,CLI-005492,Empresarial,Guadalajara,Mexico,49,26954,2024-03-21,Inactivo
5493,CLI-005493,Premium,Cali,Mexico,55,45841,2021-12-24,Activo
5494,CLI-005494,Nomina,Bogota,Colombia,39,78761,2022-04-24,Activo
5495,CLI-005495,Digital,Medellin,Mexico,22,35271,2025-02-26,Activo
5496,CLI-005496,Empresarial,Cali,Colombia,32,39989,2024-03-17,Inactivo
5497,CLI-005497,Empresarial,CDMX,Colombia,64,75488,2022-11-09,Activo
5498,CLI-005498,Empresarial,Monterrey,Mexico,48,78582,2022-11-20,Inactivo
5499,CLI-005499,Pyme,Medellin,Mexico,37,64694,2023-12-27,Inactivo
5500,CLI-005500,Pyme,Bogota,Mexico,35,38315,2023-01-04,Activo
5501,CLI-005501,Empresarial,Cali,Mexico,29,82527,2022-11-24,Inactivo
5502,CLI-005502,Nomina,Cali,Mexico,64,88865,2021-06-17,Inactivo
5503,CLI-005503,Digital,Guadalajara,Colombia,41,55518,2022-10-21,Inactivo
5504,CLI-005504,Premium,Queretaro,Mexico,59,52818,2021-06-28,Activo
5505,CLI-005505,Empresarial,Medellin,Colombia,53,66060,2024-05-04,Activo
5506,CLI-005506,Pyme,Cali,Colombia,44,78916,2025-08-25,Activo
5507,CLI-005507,Digital,Monterrey,Mexico,48,77325,2021-05-28,Inactivo
5508,CLI-005508,Pyme,Bogota,Mexico,63,62284,2024-06-29,Activo
5509,CLI-005509,Pyme,Puebla,Colombia,41,55295,2025-11-28,Activo
5510,CLI-005510,Premium,Monterrey,Colombia,46,43063,2021-07-02,Activo
5511,CLI-005511,Pyme,Medellin,Mexico,56,38880,2025-09-17,Activo
5512,CLI-005512,Pyme,CDMX,Mexico,41,13578,2023-04-03,Activo
5513,CLI-005513,Nomina,Bogota,Mexico,22,27418,2022-01-08,Activo
5514,CLI-005514,Digital,CDMX,Mexico,54,34969,2025-09-13,Inactivo
5515,CLI-005515,Premium,Bogota,Colombia,32,33327,2023-08-26,Activo
5516,CLI-005516,Pyme,Queretaro,Mexico,47,18604,2023-02-22,Activo
5517,CLI-005517,Empresarial,Puebla,Mexico,31,97183,2023-09-15,Activo
5518,CLI-005518,Empresarial,Cali,Mexico,61,61111,2026-02-24,Activo
5519,CLI-005519,Nomina,Medellin,Colombia,45,89534,2021-04-20,Inactivo
5520,CLI-005520,Digital,Puebla,Mexico,39,60170,2025-10-30,Activo
5521,CLI-005521,Empresarial,Medellin,Mexico,29,51350,2021-11-07,Activo
5522,CLI-005522,Empresarial,Monterrey,Mexico,42,42642,2024-01-29,Activo
5523,CLI-005523,Pyme,Queretaro,Colombia,22,29928,2022-03-16,Activo
5524,CLI-005524,Empresarial,Puebla,Mexico,55,97590,2023-07-11,Inactivo
5525,CLI-005525,Premium,Monterrey,Colombia,34,25808,2024-05-07,Activo
5526,CLI-005526,Nomina,Medellin,Mexico,33,77662,2023-11-16,Activo
5527,CLI-005527,Nomina,Cali,Colombia,54,51867,2021-10-29,Activo
5528,CLI-005528,Empresarial,Queretaro,Colombia,58,15133,2025-09-26,Activo
5529,CLI-005529,Premium,Guadalajara,Mexico,31,78961,2024-07-28,Activo
5530,CLI-005530,Nomina,CDMX,Mexico,59,78589,2023-05-29,Inactivo
5531,CLI-005531,Empresarial,Puebla,Mexico,53,17030,2024-12-09,Activo
5532,CLI-005532,Digital,CDMX,Mexico,20,14974,2021-10-08,Activo
5533,CLI-005533,Nomina,CDMX,Mexico,56,30442,2022-11-27,Activo
5534,CLI-005534,Empresarial,Guadalajara,Mexico,43,16972,2023-04-12,Activo
5535,CLI-005535,Pyme,CDMX,Mexico,36,89238,2023-01-19,Activo
5536,CLI-005536,Nomina,Monterrey,Mexico,37,83901,2021-06-13,Activo
5537,CLI-005537,Pyme,CDMX,Mexico,51,13904,2023-01-14,Activo
5538,CLI-005538,Premium,CDMX,Colombia,36,93642,2022-04-14,Inactivo
5539,CLI-005539,Nomina,Cali,Colombia,51,97791,2021-05-02,Activo
5540,CLI-005540,Pyme,Medellin,Mexico,48,11986,2022-01-25,Inactivo
5541,CLI-005541,Nomina,Cali,Mexico,27,22084,2022-02-22,Inactivo
5542,CLI-005542,Digital,Guadalajara,Colombia,62,68954,2025-03-30,Inactivo
5543,CLI-005543,Premium,Guadalajara,Mexico,32,70322,2024-05-04,Activo
5544,CLI-005544,Nomina,Bogota,Colombia,63,32376,2024-10-21,Activo
5545,CLI-005545,Empresarial,Medellin,Mexico,57,72010,2026-07-04,Inactivo
5546,CLI-005546,Empresarial,Monterrey,Mexico,34,29818,2026-04-16,Activo
5547,CLI-005547,Empresarial,Queretaro,Colombia,63,81143,2024-06-13,Inactivo
5548,CLI-005548,Nomina,Puebla,Colombia,55,71250,2025-03-04,Inactivo
5549,CLI-005549,Digital,Cali,Mexico,38,84261,2025-04-08,Activo
5550,CLI-005550,Empresarial,Puebla,Mexico,35,83365,2025-09-30,Activo
5551,CLI-005551,Empresarial,Medellin,Mexico,59,67663,2022-11-19,Activo
5552,CLI-005552,Nomina,Bogota,Mexico,58,87183,2022-08-18,Activo
5553,CLI-005553,Digital,CDMX,Mexico,45,82460,2026-02-21,Activo
5554,CLI-005554,Empresarial,CDMX,Mexico,42,78711,2024-11-12,Inactivo
5555,CLI-005555,Nomina,Guadalajara,Mexico,44,84525,2024-11-20,Activo
5556,CLI-005556,Pyme,Monterrey,Colombia,60,33109,2025-12-03,Inactivo
5557,CLI-005557,Pyme,Guadalajara,Mexico,55,9690,2023-09-22,Activo
5558,CLI-005558,Empresarial,CDMX,Colombia,30,68217,2023-01-27,Inactivo
5559,CLI-005559,Empresarial,Puebla,Mexico,47,97456,2026-06-09,Activo
5560,CLI-005560,Nomina,Bogota,Mexico,25,21488,2021-09-16,Activo
5561,CLI-005561,Empresarial,Bogota,Mexico,49,11968,2023-09-30,Inactivo
5562,CLI-005562,Pyme,Monterrey,Mexico,50,28307,2022-07-30,Inactivo
5563,CLI-005563,Pyme,Bogota,Mexico,34,18935,2024-02-29,Activo
5564,CLI-005564,Nomina,Medellin,Mexico,23,82854,2024-03-03,Inactivo
5565,CLI-005565,Nomina,Bogota,Colombia,20,48390,2024-01-31,Activo
5566,CLI-005566,Premium,Cali,Mexico,39,55653,2024-05-01,Activo
5567,CLI-005567,Digital,Puebla,Mexico,50,62370,2025-10-20,Inactivo
5568,CLI-005568,Premium,Guadalajara,Mexico,25,26477,2021-06-20,Activo
5569,CLI-005569,Nomina,Monterrey,Mexico,27,40719,2024-01-07,Activo
5570,CLI-005570,Premium,Medellin,Colombia,32,69930,2021-10-09,Activo
5571,CLI-005571,Nomina,Bogota,Mexico,46,80757,2022-04-01,Activo
5572,CLI-005572,Digital,Medellin,Mexico,58,97007,2023-09-21,Activo
5573,CLI-005573,Digital,Guadalajara,Colombia,55,13475,2025-06-28,Activo
5574,CLI-005574,Nomina,Queretaro,Mexico,36,82142,2026-06-19,Activo
5575,CLI-005575,Premium,Bogota,Colombia,53,43840,2025-05-10,Activo
5576,CLI-005576,Empresarial,Cali,Mexico,59,64047,2024-12-06,Activo
5577,CLI-005577,Empresarial,Medellin,Mexico,38,96431,2024-06-14,Inactivo
5578,CLI-005578,Pyme,Medellin,Colombia,53,42718,2021-04-09,Activo
5579,CLI-005579,Pyme,Cali,Mexico,41,91352,2022-03-30,Activo
5580,CLI-005580,Nomina,Medellin,Mexico,56,97475,2021-09-02,Activo
5581,CLI-005581,Pyme,Queretaro,Mexico,61,81744,2022-03-04,Inactivo
5582,CLI-005582,Empresarial,Puebla,Mexico,57,90329,2023-03-12,Activo
5583,CLI-005583,Nomina,CDMX,Mexico,20,43056,2023-09-20,Activo
5584,CLI-005584,Empresarial,Cali,Mexico,52,80806,2023-08-03,Inactivo
5585,CLI-005585,Digital,Monterrey,Mexico,51,36186,2023-02-11,Activo
5586,CLI-005586,Digital,Queretaro,Colombia,48,87883,2024-07-28,Activo
5587,CLI-005587,Empresarial,Guadalajara,Mexico,55,33617,2024-02-12,Activo
5588,CLI-005588,Nomina,Medellin,Mexico,44,29832,2025-03-27,Activo
5589,CLI-005589,Premium,Queretaro,Mexico,58,46291,2024-08-28,Inactivo
5590,CLI-005590,Nomina,Cali,Mexico,61,79557,2021-10-05,Activo
5591,CLI-005591,Digital,Cali,Mexico,42,34890,2025-07-11,Activo
5592,CLI-005592,Digital,Queretaro,Mexico,33,42453,2023-11-17,Activo
5593,CLI-005593,Digital,Puebla,Mexico,30,9183,2022-11-17,Inactivo
5594,CLI-005594,Pyme,Monterrey,Mexico,22,24968,2025-10-24,Activo
5595,CLI-005595,Nomina,Puebla,Mexico,50,96227,2024-10-12,Activo
5596,CLI-005596,Nomina,Cali,Mexico,51,86952,2023-03-13,Activo
5597,CLI-005597,Nomina,Bogota,Colombia,24,9986,2022-10-08,Inactivo
5598,CLI-005598,Premium,Bogota,Mexico,32,95967,2026-04-21,Activo
5599,CLI-005599,Digital,Medellin,Mexico,54,50554,2022-11-03,Activo
5600,CLI-005600,Digital,Queretaro,Colombia,46,48327,2023-11-17,Inactivo
5601,CLI-005601,Pyme,Queretaro,Mexico,36,84569,2023-05-17,Activo
5602,CLI-005602,Nomina,Puebla,Mexico,22,15286,2025-01-08,Inactivo
5603,CLI-005603,Nomina,Puebla,Mexico,33,15789,2023-02-21,Activo
5604,CLI-005604,Empresarial,Queretaro,Colombia,37,33845,2025-08-20,Activo
5605,CLI-005605,Empresarial,Monterrey,Mexico,23,35561,2022-08-17,Activo
5606,CLI-005606,Empresarial,Cali,Mexico,62,57673,2026-01-12,Activo
5607,CLI-005607,Premium,Monterrey,Mexico,33,71112,2022-05-08,Inactivo
5608,CLI-005608,Nomina,Puebla,Mexico,41,44977,2025-06-04,Inactivo
5609,CLI-005609,Digital,Guadalajara,Mexico,27,82222,2025-05-10,Activo
5610,CLI-005610,Premium,Bogota,Mexico,49,42793,2022-06-19,Activo
5611,CLI-005611,Digital,Bogota,Mexico,20,8519,2022-05-31,Activo
5612,CLI-005612,Empresarial,Cali,Colombia,39,35289,2026-06-15,Activo
5613,CLI-005613,Nomina,CDMX,Mexico,34,74032,2023-05-11,Inactivo
5614,CLI-005614,Pyme,Queretaro,Mexico,63,51698,2023-10-10,Inactivo
5615,CLI-005615,Digital,Cali,Mexico,28,84900,2023-08-02,Activo
5616,CLI-005616,Digital,Cali,Mexico,33,52999,2023-03-22,Activo
5617,CLI-005617,Nomina,Bogota,Mexico,24,58710,2023-01-22,Inactivo
5618,CLI-005618,Digital,Cali,Colombia,38,55466,2021-04-12,Activo
5619,CLI-005619,Digital,CDMX,Mexico,62,42849,2026-08-07,Inactivo
5620,CLI-005620,Empresarial,Medellin,Mexico,60,13697,2021-09-16,Activo
5621,CLI-005621,Nomina,Bogota,Mexico,27,68479,2024-08-10,Activo
5622,CLI-005622,Nomina,Queretaro,Mexico,40,20075,2023-03-21,Activo
5623,CLI-005623,Digital,Medellin,Colombia,39,27525,2026-06-13,Activo
5624,CLI-005624,Pyme,Queretaro,Mexico,44,84520,2021-10-29,Activo
5625,CLI-005625,Empresarial,Cali,Mexico,22,81793,2021-07-01,Inactivo
5626,CLI-005626,Premium,Guadalajara,Mexico,55,56527,2021-08-25,Activo
5627,CLI-005627,Digital,Guadalajara,Mexico,24,14322,2021-03-22,Activo
5628,CLI-005628,Premium,Puebla,Colombia,33,36816,2023-03-04,Inactivo
5629,CLI-005629,Premium,Bogota,Mexico,21,52883,2023-08-19,Inactivo
5630,CLI-005630,Pyme,Queretaro,Colombia,48,38099,2021-08-17,Activo
5631,CLI-005631,Nomina,Puebla,Colombia,43,52684,2025-02-06,Inactivo
5632,CLI-005632,Pyme,Cali,Mexico,62,16859,2023-03-20,Activo
5633,CLI-005633,Digital,Monterrey,Mexico,63,83666,2023-01-05,Activo
5634,CLI-005634,Nomina,Puebla,Mexico,63,30683,2025-08-07,Activo
5635,CLI-005635,Empresarial,Guadalajara,Mexico,56,39667,2021-12-10,Activo
5636,CLI-005636,Premium,CDMX,Mexico,20,89939,2023-10-28,Activo
5637,CLI-005637,Premium,Cali,Colombia,34,48412,2024-06-13,Activo
5638,CLI-005638,Nomina,Queretaro,Mexico,49,83825,2024-10-18,Activo
5639,CLI-005639,Empresarial,Bogota,Mexico,31,58599,2024-05-13,Activo
5640,CLI-005640,Digital,Queretaro,Mexico,40,20174,2022-09-27,Activo
5641,CLI-005641,Pyme,Puebla,Mexico,34,77616,2026-02-07,Activo
5642,CLI-005642,Premium,Cali,Mexico,38,56379,2025-06-23,Activo
5643,CLI-005643,Nomina,Guadalajara,Mexico,53,55226,2025-12-02,Activo
5644,CLI-005644,Empresarial,Puebla,Mexico,38,58670,2021-10-13,Inactivo
5645,CLI-005645,Nomina,Monterrey,Mexico,32,57918,2023-08-11,Activo
5646,CLI-005646,Premium,Cali,Colombia,57,60166,2024-06-05,Activo
5647,CLI-005647,Digital,CDMX,Mexico,22,14943,2022-03-05,Activo
5648,CLI-005648,Pyme,Puebla,Colombia,46,47055,2025-02-11,Inactivo
5649,CLI-005649,Premium,Medellin,Mexico,46,46672,2024-09-22,Activo
5650,CLI-005650,Empresarial,Monterrey,Colombia,62,30376,2026-05-17,Activo
5651,CLI-005651,Premium,Monterrey,Mexico,49,86227,2022-09-10,Inactivo
5652,CLI-005652,Digital,Guadalajara,Colombia,61,36331,2022-03-06,Activo
5653,CLI-005653,Digital,Queretaro,Mexico,60,69787,2022-02-27,Activo
5654,CLI-005654,Digital,Guadalajara,Mexico,64,41616,2022-06-08,Activo
5655,CLI-005655,Empresarial,CDMX,Mexico,48,69088,2024-06-17,Inactivo
5656,CLI-005656,Empresarial,Medellin,Mexico,50,30754,2023-03-05,Activo
5657,CLI-005657,Empresarial,Puebla,Mexico,64,97455,2021-09-13,Activo
5658,CLI-005658,Pyme,Queretaro,Mexico,50,38459,2021-08-25,Activo
5659,CLI-005659,Empresarial,CDMX,Mexico,28,52918,2023-12-28,Inactivo
5660,CLI-005660,Nomina,Cali,Mexico,42,71101,2021-11-14,Activo
5661,CLI-005661,Empresarial,Cali,Mexico,52,38903,2023-05-23,Inactivo
5662,CLI-005662,Premium,Monterrey,Colombia,28,31430,2026-04-17,Activo
5663,CLI-005663,Pyme,Cali,Colombia,53,83647,2025-10-09,Activo
5664,CLI-005664,Empresarial,CDMX,Colombia,32,28789,2021-09-09,Activo
5665,CLI-005665,Empresarial,Guadalajara,Colombia,40,33133,2023-02-25,Activo
5666,CLI-005666,Pyme,Bogota,Mexico,51,39055,2024-03-04,Activo
5667,CLI-005667,Empresarial,Puebla,Mexico,32,71663,2025-01-22,Inactivo
5668,CLI-005668,Premium,Puebla,Mexico,48,43401,2025-03-05,Activo
5669,CLI-005669,Nomina,Medellin,Colombia,42,67535,2025-01-20,Activo
5670,CLI-005670,Nomina,Puebla,Colombia,49,14703,2026-07-01,Activo
5671,CLI-005671,Premium,Monterrey,Mexico,42,60105,2025-04-26,Activo
5672,CLI-005672,Pyme,CDMX,Mexico,39,53533,2021-06-01,Activo
5673,CLI-005673,Digital,Cali,Colombia,28,54415,2026-04-14,Activo
5674,CLI-005674,Pyme,Queretaro,Mexico,36,84376,2023-10-12,Activo
5675,CLI-005675,Pyme,Cali,Colombia,35,18528,2025-11-13,Inactivo
5676,CLI-005676,Pyme,Cali,Mexico,52,50066,2026-07-12,Inactivo
5677,CLI-005677,Premium,Bogota,Mexico,53,61183,2023-05-02,Activo
5678,CLI-005678,Pyme,Puebla,Colombia,49,32253,2024-11-20,Activo
5679,CLI-005679,Premium,Cali,Colombia,25,55074,2026-04-10,Activo
5680,CLI-005680,Nomina,Puebla,Mexico,24,67401,2026-03-30,Activo
5681,CLI-005681,Digital,Cali,Mexico,29,49796,2021-05-09,Activo
5682,CLI-005682,Nomina,Medellin,Mexico,47,93230,2022-09-21,Activo
5683,CLI-005683,Empresarial,Puebla,Mexico,39,24137,2025-04-11,Activo
5684,CLI-005684,Digital,Cali,Mexico,35,21763,2021-06-06,Activo
5685,CLI-005685,Premium,Monterrey,Mexico,41,63936,2022-05-05,Inactivo
5686,CLI-005686,Pyme,Queretaro,Mexico,42,37593,2022-11-03,Activo
5687,CLI-005687,Digital,Queretaro,Colombia,28,58914,2026-01-29,Activo
5688,CLI-005688,Pyme,Monterrey,Colombia,56,57081,2025-06-11,Activo
5689,CLI-005689,Pyme,Cali,Colombia,26,22902,2022-03-31,Activo
5690,CLI-005690,Nomina,Puebla,Colombia,24,62295,2023-07-07,Activo
5691,CLI-005691,Empresarial,Puebla,Colombia,57,97451,2021-06-06,Activo
5692,CLI-005692,Pyme,Guadalajara,Colombia,23,66284,2023-07-13,Inactivo
5693,CLI-005693,Nomina,Bogota,Mexico,56,37652,2024-07-30,Activo
5694,CLI-005694,Empresarial,Bogota,Colombia,37,64740,2025-11-23,Inactivo
5695,CLI-005695,Empresarial,Medellin,Mexico,43,35692,2023-05-01,Activo
5696,CLI-005696,Empresarial,Medellin,Mexico,53,87010,2026-05-14,Activo
5697,CLI-005697,Nomina,Guadalajara,Mexico,43,66666,2021-11-19,Inactivo
5698,CLI-005698,Nomina,Queretaro,Mexico,60,87841,2022-02-07,Activo
5699,CLI-005699,Premium,Guadalajara,Mexico,48,89618,2022-12-06,Activo
5700,CLI-005700,Empresarial,Puebla,Mexico,55,77724,2025-09-11,Inactivo
5701,CLI-005701,Digital,Puebla,Mexico,23,87359,2025-10-11,Activo
5702,CLI-005702,Digital,Queretaro,Mexico,49,48003,2024-03-25,Activo
5703,CLI-005703,Nomina,Medellin,Mexico,49,32089,2022-05-22,Activo
5704,CLI-005704,Digital,Puebla,Mexico,63,59722,2021-05-08,Inactivo
5705,CLI-005705,Pyme,Bogota,Mexico,44,8571,2023-07-12,Inactivo
5706,CLI-005706,Empresarial,Medellin,Mexico,49,83942,2024-03-17,Inactivo
5707,CLI-005707,Digital,Puebla,Mexico,49,13291,2022-12-26,Inactivo
5708,CLI-005708,Nomina,CDMX,Colombia,55,92393,2026-03-08,Activo
5709,CLI-005709,Premium,Cali,Mexico,46,32650,2022-02-19,Activo
5710,CLI-005710,Premium,Cali,Mexico,56,73538,2022-12-01,Inactivo
5711,CLI-005711,Empresarial,Bogota,Mexico,32,32490,2026-09-01,Activo
5712,CLI-005712,Empresarial,Puebla,Mexico,40,70495,2024-02-24,Activo
5713,CLI-005713,Digital,Medellin,Colombia,36,49218,2025-08-14,Activo
5714,CLI-005714,Digital,Puebla,Mexico,54,38381,2024-04-20,Activo
5715,CLI-005715,Nomina,Medellin,Colombia,30,12906,2022-05-21,Inactivo
5716,CLI-005716,Premium,Bogota,Mexico,51,65282,2021-12-11,Inactivo
5717,CLI-005717,Empresarial,Cali,Mexico,58,88762,2025-06-21,Inactivo
5718,CLI-005718,Nomina,Guadalajara,Colombia,33,56886,2026-09-03,Activo
5719,CLI-005719,Premium,Bogota,Colombia,26,26215,2021-07-22,Inactivo
5720,CLI-005720,Pyme,Monterrey,Mexico,25,83801,2024-04-23,Activo
5721,CLI-005721,Digital,Guadalajara,Colombia,40,37849,2026-05-09,Activo
5722,CLI-005722,Premium,Medellin,Mexico,50,47876,2024-04-25,Activo
5723,CLI-005723,Premium,Cali,Mexico,21,91708,2024-07-21,Activo
5724,CLI-005724,Premium,Queretaro,Colombia,58,21462,2021-12-13,Activo
5725,CLI-005725,Nomina,Bogota,Mexico,43,72093,2024-03-13,Activo
5726,CLI-005726,Premium,Queretaro,Mexico,29,39339,2024-06-19,Activo
5727,CLI-005727,Pyme,Bogota,Colombia,40,30827,2023-12-04,Inactivo
5728,CLI-005728,Pyme,Medellin,Colombia,45,47625,2021-10-01,Activo
5729,CLI-005729,Empresarial,Queretaro,Mexico,25,97483,2022-01-03,Inactivo
5730,CLI-005730,Pyme,Puebla,Mexico,49,13907,2024-11-17,Activo
5731,CLI-005731,Digital,Cali,Mexico,44,89566,2025-09-03,Activo
5732,CLI-005732,Empresarial,Monterrey,Mexico,57,79623,2022-03-22,Activo
5733,CLI-005733,Premium,Puebla,Mexico,45,68310,2025-10-03,Inactivo
5734,CLI-005734,Pyme,CDMX,Colombia,38,29223,2021-04-16,Activo
5735,CLI-005735,Pyme,Cali,Colombia,22,17559,2022-09-10,Activo
5736,CLI-005736,Pyme,Queretaro,Mexico,32,47609,2026-05-30,Activo
5737,CLI-005737,Pyme,Queretaro,Mexico,35,80487,2026-04-27,Activo
5738,CLI-005738,Digital,Queretaro,Colombia,42,58817,2026-03-01,Inactivo
5739,CLI-005739,Digital,CDMX,Colombia,27,79065,2023-09-30,Activo
5740,CLI-005740,Digital,Medellin,Mexico,50,65644,2022-02-23,Activo
5741,CLI-005741,Empresarial,Medellin,Mexico,23,88683,2024-05-03,Activo
5742,CLI-005742,Nomina,Puebla,Mexico,26,62839,2025-10-12,Activo
5743,CLI-005743,Empresarial,Puebla,Mexico,21,74634,2022-08-07,Activo
5744,CLI-005744,Nomina,Cali,Mexico,48,51166,2022-10-11,Activo
5745,CLI-005745,Digital,Bogota,Mexico,64,11013,2026-05-09,Activo
5746,CLI-005746,Nomina,Medellin,Colombia,24,39279,2023-08-14,Activo
5747,CLI-005747,Digital,Bogota,Mexico,48,50142,2025-03-25,Inactivo
5748,CLI-005748,Digital,Queretaro,Colombia,58,91898,2025-09-06,Activo
5749,CLI-005749,Premium,CDMX,Mexico,58,80883,2025-05-27,Activo
5750,CLI-005750,Digital,Guadalajara,Mexico,61,51769,2022-07-07,Activo
5751,CLI-005751,Pyme,Monterrey,Mexico,39,23507,2023-04-18,Activo
5752,CLI-005752,Digital,Monterrey,Mexico,31,78906,2026-03-05,Activo
5753,CLI-005753,Nomina,CDMX,Mexico,35,44486,2025-02-28,Activo
5754,CLI-005754,Empresarial,Medellin,Mexico,48,76653,2024-09-08,Activo
5755,CLI-005755,Empresarial,Guadalajara,Colombia,41,9253,2022-07-10,Activo
5756,CLI-005756,Pyme,Puebla,Colombia,56,21469,2021-04-21,Activo
5757,CLI-005757,Pyme,Monterrey,Mexico,53,59204,2022-04-22,Activo
5758,CLI-005758,Premium,Puebla,Colombia,27,8584,2025-08-05,Activo
5759,CLI-005759,Nomina,Puebla,Mexico,51,77417,2022-09-24,Activo
5760,CLI-005760,Empresarial,Medellin,Mexico,60,11750,2021-12-23,Activo
5761,CLI-005761,Premium,Guadalajara,Colombia,43,75365,2023-07-08,Inactivo
5762,CLI-005762,Digital,CDMX,Mexico,53,64703,2024-09-11,Activo
5763,CLI-005763,Premium,Guadalajara,Mexico,22,39685,2025-12-12,Activo
5764,CLI-005764,Premium,Medellin,Colombia,49,95476,2021-03-26,Activo
5765,CLI-005765,Nomina,CDMX,Mexico,26,92701,2022-08-01,Inactivo
5766,CLI-005766,Pyme,Monterrey,Mexico,60,33704,2021-07-05,Activo
5767,CLI-005767,Pyme,Puebla,Mexico,42,68808,2025-07-07,Activo
5768,CLI-005768,Pyme,Puebla,Mexico,44,8711,2026-07-03,Inactivo
5769,CLI-005769,Empresarial,Monterrey,Mexico,44,60499,2022-08-18,Activo
5770,CLI-005770,Nomina,Guadalajara,Colombia,30,67307,2023-04-29,Inactivo
5771,CLI-005771,Pyme,Bogota,Mexico,28,66064,2022-05-03,Activo
5772,CLI-005772,Empresarial,Monterrey,Mexico,34,42510,2021-07-13,Activo
5773,CLI-005773,Premium,Cali,Mexico,32,44706,2025-04-09,Activo
5774,CLI-005774,Empresarial,Queretaro,Mexico,37,26873,2026-05-13,Activo
5775,CLI-005775,Digital,Cali,Mexico,52,59327,2022-04-23,Activo
5776,CLI-005776,Premium,Monterrey,Mexico,37,84402,2025-07-31,Activo
5777,CLI-005777,Digital,CDMX,Mexico,46,97994,2024-08-09,Activo
5778,CLI-005778,Nomina,Queretaro,Colombia,55,17523,2026-05-12,Activo
5779,CLI-005779,Nomina,CDMX,Mexico,34,93812,2022-07-15,Inactivo
5780,CLI-005780,Pyme,CDMX,Mexico,47,14599,2025-07-02,Activo
5781,CLI-005781,Premium,Queretaro,Mexico,57,68962,2021-07-05,Inactivo
5782,CLI-005782,Digital,Queretaro,Mexico,21,14173,2021-10-31,Activo
5783,CLI-005783,Nomina,Queretaro,Mexico,63,71359,2026-07-14,Inactivo
5784,CLI-005784,Premium,CDMX,Mexico,64,67611,2025-02-08,Inactivo
5785,CLI-005785,Pyme,Medellin,Mexico,55,83637,2025-09-21,Inactivo
5786,CLI-005786,Digital,Puebla,Mexico,38,85759,2022-05-25,Activo
5787,CLI-005787,Empresarial,Bogota,Mexico,61,12934,2025-01-03,Activo
5788,CLI-005788,Pyme,Guadalajara,Colombia,64,59300,2024-01-01,Inactivo
5789,CLI-005789,Pyme,Bogota,Mexico,25,18938,2022-07-08,Activo
5790,CLI-005790,Empresarial,Medellin,Mexico,40,61855,2022-10-08,Activo
5791,CLI-005791,Pyme,CDMX,Colombia,36,70258,2024-12-24,Activo
5792,CLI-005792,Nomina,Bogota,Mexico,23,55504,2024-03-22,Inactivo
5793,CLI-005793,Pyme,Bogota,Colombia,42,36324,2023-09-11,Activo
5794,CLI-005794,Nomina,Monterrey,Colombia,21,27678,2021-12-24,Activo
5795,CLI-005795,Pyme,Medellin,Mexico,37,57791,2023-07-29,Activo
5796,CLI-005796,Pyme,CDMX,Mexico,63,82303,2024-02-27,Activo
5797,CLI-005797,Nomina,Monterrey,Mexico,59,23291,2025-08-10,Activo
5798,CLI-005798,Nomina,Bogota,Colombia,27,84551,2023-02-06,Activo
5799,CLI-005799,Empresarial,Medellin,Mexico,23,90429,2025-02-26,Activo
5800,CLI-005800,Nomina,Bogota,Colombia,21,49888,2025-11-22,Activo
5801,CLI-005801,Nomina,Bogota,Mexico,51,59427,2023-08-28,Activo
5802,CLI-005802,Empresarial,Guadalajara,Mexico,59,28582,2021-05-31,Activo
5803,CLI-005803,Nomina,Puebla,Mexico,25,95672,2026-06-24,Inactivo
5804,CLI-005804,Premium,Puebla,Mexico,30,87064,2024-09-07,Activo
5805,CLI-005805,Digital,Monterrey,Mexico,49,10639,2024-07-04,Activo
5806,CLI-005806,Empresarial,Cali,Colombia,57,21485,2021-05-02,Activo
5807,CLI-005807,Nomina,Medellin,Mexico,48,45765,2024-10-29,Activo
5808,CLI-005808,Nomina,Medellin,Mexico,64,94034,2024-09-10,Activo
5809,CLI-005809,Pyme,CDMX,Mexico,42,71231,2026-07-10,Activo
5810,CLI-005810,Nomina,Guadalajara,Mexico,36,16327,2024-12-22,Activo
5811,CLI-005811,Digital,Monterrey,Mexico,63,78342,2025-06-10,Activo
5812,CLI-005812,Digital,Cali,Colombia,36,72495,2022-09-12,Inactivo
5813,CLI-005813,Pyme,Bogota,Mexico,22,53180,2022-07-01,Inactivo
5814,CLI-005814,Nomina,Guadalajara,Mexico,36,39325,2023-05-22,Activo
5815,CLI-005815,Digital,Puebla,Mexico,46,84648,2022-06-25,Activo
5816,CLI-005816,Empresarial,CDMX,Colombia,46,22536,2022-03-19,Activo
5817,CLI-005817,Digital,Medellin,Mexico,24,43231,2025-10-20,Activo
5818,CLI-005818,Digital,Queretaro,Colombia,64,74003,2022-12-26,Activo
5819,CLI-005819,Premium,Bogota,Mexico,57,65509,2022-05-18,Activo
5820,CLI-005820,Nomina,CDMX,Colombia,62,96117,2026-03-27,Activo
5821,CLI-005821,Pyme,Medellin,Mexico,32,41894,2025-01-21,Activo
5822,CLI-005822,Digital,Bogota,Colombia,53,18350,2021-09-16,Inactivo
5823,CLI-005823,Empresarial,Monterrey,Mexico,33,60242,2024-09-23,Inactivo
5824,CLI-005824,Empresarial,CDMX,Mexico,60,96206,2022-09-27,Activo
5825,CLI-005825,Premium,Cali,Mexico,61,20171,2024-03-19,Activo
5826,CLI-005826,Pyme,Puebla,Mexico,62,62918,2023-07-31,Inactivo
5827,CLI-005827,Pyme,CDMX,Mexico,31,46755,2025-01-17,Activo
5828,CLI-005828,Empresarial,Puebla,Mexico,25,13332,2024-05-01,Activo
5829,CLI-005829,Pyme,Monterrey,Colombia,29,67258,2025-08-23,Activo
5830,CLI-005830,Premium,Guadalajara,Mexico,21,59840,2025-01-13,Activo
5831,CLI-005831,Pyme,Bogota,Mexico,31,96003,2023-04-24,Activo
5832,CLI-005832,Premium,Queretaro,Mexico,40,63221,2025-07-08,Inactivo
5833,CLI-005833,Digital,Queretaro,Colombia,21,90544,2022-06-30,Inactivo
5834,CLI-005834,Nomina,Queretaro,Mexico,63,47066,2026-01-28,Inactivo
5835,CLI-005835,Digital,Cali,Mexico,32,44791,2021-07-07,Activo
5836,CLI-005836,Pyme,Queretaro,Mexico,27,88906,2023-08-20,Inactivo
5837,CLI-005837,Nomina,Bogota,Mexico,64,92837,2025-04-26,Inactivo
5838,CLI-005838,Empresarial,Queretaro,Mexico,41,9405,2023-07-01,Inactivo
5839,CLI-005839,Premium,CDMX,Mexico,35,38145,2022-02-11,Activo
5840,CLI-005840,Premium,Medellin,Mexico,35,9009,2025-08-28,Inactivo
5841,CLI-005841,Empresarial,Queretaro,Mexico,57,18604,2022-07-01,Activo
5842,CLI-005842,Empresarial,Medellin,Mexico,55,24711,2021-12-26,Inactivo
5843,CLI-005843,Digital,Cali,Colombia,35,9360,2024-04-20,Activo
5844,CLI-005844,Nomina,Bogota,Mexico,22,58581,2023-10-15,Activo
5845,CLI-005845,Digital,Bogota,Mexico,38,20809,2022-11-26,Activo
5846,CLI-005846,Empresarial,CDMX,Mexico,20,52065,2026-02-12,Activo
5847,CLI-005847,Digital,Cali,Mexico,61,35588,2021-07-19,Activo
5848,CLI-005848,Empresarial,Queretaro,Colombia,25,35846,2023-11-19,Inactivo
5849,CLI-005849,Premium,Queretaro,Mexico,25,70264,2023-03-16,Activo
5850,CLI-005850,Pyme,Puebla,Mexico,46,49566,2025-10-12,Activo
5851,CLI-005851,Digital,Guadalajara,Colombia,29,94696,2021-06-26,Activo
5852,CLI-005852,Nomina,Bogota,Mexico,23,68010,2026-06-15,Activo
5853,CLI-005853,Digital,Bogota,Colombia,61,31900,2022-12-03,Activo
5854,CLI-005854,Nomina,Puebla,Mexico,58,21528,2023-07-07,Activo
5855,CLI-005855,Pyme,Bogota,Mexico,48,46831,2021-07-26,Inactivo
5856,CLI-005856,Digital,Queretaro,Mexico,20,69264,2025-08-27,Activo
5857,CLI-005857,Digital,Puebla,Colombia,29,30445,2026-06-05,Activo
5858,CLI-005858,Nomina,Cali,Mexico,23,39001,2022-12-26,Activo
5859,CLI-005859,Empresarial,Bogota,Mexico,25,17779,2021-03-16,Activo
5860,CLI-005860,Empresarial,Guadalajara,Mexico,31,56481,2021-10-28,Inactivo
5861,CLI-005861,Digital,Monterrey,Mexico,63,91857,2022-04-30,Activo
5862,CLI-005862,Pyme,Cali,Colombia,22,16794,2024-07-03,Activo
5863,CLI-005863,Premium,Puebla,Mexico,48,9695,2023-09-09,Activo
5864,CLI-005864,Empresarial,Monterrey,Mexico,22,34839,2023-01-07,Activo
5865,CLI-005865,Digital,Cali,Mexico,60,8880,2023-10-10,Activo
5866,CLI-005866,Digital,Cali,Colombia,42,63874,2022-07-24,Activo
5867,CLI-005867,Pyme,Cali,Colombia,28,55417,2025-09-28,Activo
5868,CLI-005868,Pyme,Bogota,Mexico,62,57060,2025-06-25,Inactivo
5869,CLI-005869,Empresarial,CDMX,Mexico,51,54465,2025-08-20,Inactivo
5870,CLI-005870,Digital,Queretaro,Mexico,53,8622,2024-10-25,Activo
5871,CLI-005871,Nomina,Cali,Mexico,53,32947,2026-01-23,Activo
5872,CLI-005872,Pyme,Puebla,Mexico,52,25783,2022-11-23,Activo
5873,CLI-005873,Empresarial,Guadalajara,Mexico,52,66408,2021-10-23,Activo
5874,CLI-005874,Premium,Bogota,Mexico,45,40740,2021-10-03,Activo
5875,CLI-005875,Nomina,Bogota,Mexico,21,23742,2025-07-30,Activo
5876,CLI-005876,Premium,Bogota,Mexico,33,90248,2024-01-30,Activo
5877,CLI-005877,Premium,Guadalajara,Mexico,46,9293,2025-10-19,Inactivo
5878,CLI-005878,Digital,Queretaro,Mexico,35,10725,2023-06-16,Activo
5879,CLI-005879,Premium,Guadalajara,Mexico,30,62862,2025-06-18,Activo
5880,CLI-005880,Pyme,Bogota,Mexico,54,13208,2023-08-18,Activo
5881,CLI-005881,Empresarial,Guadalajara,Mexico,62,16677,2024-05-05,Activo
5882,CLI-005882,Premium,Guadalajara,Colombia,46,73621,2025-05-06,Inactivo
5883,CLI-005883,Nomina,Puebla,Mexico,56,45289,2021-12-19,Activo
5884,CLI-005884,Premium,Cali,Colombia,55,22336,2021-03-27,Inactivo
5885,CLI-005885,Pyme,Queretaro,Mexico,45,42714,2026-06-21,Activo
5886,CLI-005886,Digital,CDMX,Mexico,59,8079,2025-01-22,Activo
5887,CLI-005887,Empresarial,Medellin,Mexico,45,76155,2025-12-21,Activo
5888,CLI-005888,Pyme,Monterrey,Mexico,56,57008,2021-05-02,Activo
5889,CLI-005889,Nomina,Cali,Colombia,25,48689,2021-05-15,Activo
5890,CLI-005890,Premium,Medellin,Mexico,49,37864,2026-04-24,Activo
5891,CLI-005891,Premium,Medellin,Mexico,36,50707,2026-04-08,Activo
5892,CLI-005892,Premium,Bogota,Colombia,38,91834,2025-05-04,Activo
5893,CLI-005893,Digital,Medellin,Mexico,23,85457,2025-03-08,Activo
5894,CLI-005894,Premium,Puebla,Mexico,43,58657,2022-11-28,Activo
5895,CLI-005895,Pyme,Guadalajara,Mexico,63,91594,2023-11-12,Activo
5896,CLI-005896,Premium,Monterrey,Colombia,60,25110,2023-04-14,Inactivo
5897,CLI-005897,Nomina,Guadalajara,Mexico,20,39627,2022-01-13,Activo
5898,CLI-005898,Nomina,CDMX,Mexico,43,63606,2022-05-09,Activo
5899,CLI-005899,Premium,CDMX,Mexico,24,8303,2025-05-23,Activo
5900,CLI-005900,Pyme,Guadalajara,Mexico,30,79306,2021-03-28,Activo
5901,CLI-005901,Nomina,Guadalajara,Mexico,48,47334,2021-10-16,Activo
5902,CLI-005902,Nomina,Bogota,Mexico,58,9366,2024-05-30,Inactivo
5903,CLI-005903,Digital,Queretaro,Colombia,20,52642,2022-09-14,Activo
5904,CLI-005904,Digital,Guadalajara,Mexico,25,35359,2025-10-06,Activo
5905,CLI-005905,Pyme,Monterrey,Mexico,21,87862,2024-06-18,Activo
5906,CLI-005906,Pyme,Puebla,Mexico,29,21362,2026-04-14,Activo
5907,CLI-005907,Empresarial,Puebla,Colombia,20,38679,2026-05-08,Inactivo
5908,CLI-005908,Empresarial,Puebla,Mexico,48,94094,2025-02-13,Activo
5909,CLI-005909,Premium,Medellin,Colombia,61,82524,2024-06-09,Inactivo
5910,CLI-005910,Digital,CDMX,Mexico,64,47645,2024-06-14,Inactivo
5911,CLI-005911,Nomina,Monterrey,Mexico,47,71214,2026-03-05,Activo
5912,CLI-005912,Pyme,Medellin,Colombia,56,86013,2021-05-02,Activo
5913,CLI-005913,Pyme,Medellin,Mexico,55,42605,2025-08-18,Inactivo
5914,CLI-005914,Nomina,CDMX,Mexico,59,57190,2022-03-23,Activo
5915,CLI-005915,Digital,Cali,Mexico,36,12516,2022-10-26,Inactivo
5916,CLI-005916,Digital,Bogota,Mexico,54,54578,2026-06-23,Activo
5917,CLI-005917,Digital,Guadalajara,Colombia,62,55380,2025-04-01,Activo
5918,CLI-005918,Empresarial,Puebla,Colombia,59,85992,2023-04-28,Inactivo
5919,CLI-005919,Nomina,Bogota,Mexico,59,62059,2022-11-28,Activo
5920,CLI-005920,Empresarial,CDMX,Mexico,55,32721,2022-01-08,Activo
5921,CLI-005921,Empresarial,Queretaro,Mexico,61,50792,2024-10-18,Activo
5922,CLI-005922,Empresarial,Medellin,Mexico,62,13166,2023-03-02,Inactivo
5923,CLI-005923,Pyme,Medellin,Colombia,39,14633,2022-12-11,Activo
5924,CLI-005924,Digital,Monterrey,Mexico,41,51495,2024-08-05,Activo
5925,CLI-005925,Pyme,Queretaro,Mexico,29,19576,2021-06-17,Activo
5926,CLI-005926,Digital,Puebla,Mexico,46,50449,2024-11-16,Activo
5927,CLI-005927,Empresarial,Medellin,Mexico,47,38103,2023-01-02,Inactivo
5928,CLI-005928,Premium,Queretaro,Mexico,60,26304,2021-08-09,Activo
5929,CLI-005929,Pyme,Queretaro,Mexico,32,18897,2022-12-23,Activo
5930,CLI-005930,Pyme,Queretaro,Mexico,42,97115,2024-07-14,Inactivo
5931,CLI-005931,Premium,Puebla,Mexico,45,15085,2021-06-13,Activo
5932,CLI-005932,Digital,Monterrey,Mexico,52,64090,2023-05-03,Activo
5933,CLI-005933,Digital,Monterrey,Mexico,40,48746,2024-09-09,Activo
5934,CLI-005934,Digital,Puebla,Mexico,22,38064,2024-02-26,Activo
5935,CLI-005935,Premium,Monterrey,Mexico,34,16133,2023-04-25,Activo
5936,CLI-005936,Empresarial,Puebla,Mexico,40,23151,2023-08-13,Inactivo
5937,CLI-005937,Pyme,Puebla,Colombia,47,18363,2021-09-21,Activo
5938,CLI-005938,Digital,Queretaro,Mexico,20,72762,2024-09-17,Activo
5939,CLI-005939,Premium,Bogota,Mexico,56,64513,2021-04-12,Activo
5940,CLI-005940,Empresarial,Medellin,Colombia,64,51033,2022-06-13,Inactivo
5941,CLI-005941,Empresarial,Medellin,Mexico,64,77994,2026-04-22,Activo
5942,CLI-005942,Premium,Bogota,Colombia,58,45005,2024-06-18,Activo
5943,CLI-005943,Pyme,Queretaro,Mexico,44,29761,2021-07-15,Activo
5944,CLI-005944,Digital,Guadalajara,Mexico,47,45924,2026-07-11,Activo
5945,CLI-005945,Pyme,Medellin,Mexico,41,10728,2024-12-17,Activo
5946,CLI-005946,Pyme,Cali,Mexico,31,58683,2024-10-31,Activo
5947,CLI-005947,Nomina,Puebla,Mexico,60,66693,2022-01-12,Activo
5948,CLI-005948,Empresarial,Queretaro,Colombia,61,22717,2026-08-16,Activo
5949,CLI-005949,Digital,Guadalajara,Mexico,31,42679,2026-07-14,Activo
5950,CLI-005950,Pyme,Puebla,Mexico,21,91465,2023-05-20,Inactivo
5951,CLI-005951,Nomina,Medellin,Mexico,56,9312,2025-03-08,Inactivo
5952,CLI-005952,Empresarial,Bogota,Mexico,51,70567,2025-11-17,Activo
5953,CLI-005953,Premium,Medellin,Mexico,27,48416,2021-08-26,Inactivo
5954,CLI-005954,Premium,Medellin,Colombia,30,82607,2024-04-15,Inactivo
5955,CLI-005955,Pyme,Guadalajara,Mexico,32,79687,2024-03-22,Inactivo
5956,CLI-005956,Nomina,Medellin,Colombia,62,87581,2022-01-25,Inactivo
5957,CLI-005957,Digital,CDMX,Mexico,22,27243,2023-09-30,Activo
5958,CLI-005958,Digital,Cali,Mexico,31,24254,2024-06-10,Inactivo
5959,CLI-005959,Pyme,Bogota,Mexico,51,88774,2025-02-18,Activo
5960,CLI-005960,Nomina,Bogota,Mexico,54,56748,2022-08-21,Activo
5961,CLI-005961,Digital,Puebla,Mexico,22,86542,2021-07-05,Inactivo
5962,CLI-005962,Digital,Bogota,Mexico,47,88335,2022-12-14,Inactivo
5963,CLI-005963,Empresarial,Monterrey,Colombia,31,24215,2023-03-24,Inactivo
5964,CLI-005964,Premium,Medellin,Mexico,58,80549,2023-02-18,Activo
5965,CLI-005965,Empresarial,CDMX,Colombia,55,97921,2025-02-13,Activo
5966,CLI-005966,Digital,Medellin,Mexico,54,77716,2024-02-20,Activo
5967,CLI-005967,Nomina,Medellin,Mexico,36,86924,2021-10-30,Activo
5968,CLI-005968,Pyme,Medellin,Mexico,34,32249,2022-10-10,Activo
5969,CLI-005969,Nomina,Queretaro,Mexico,49,17778,2023-04-04,Inactivo
5970,CLI-005970,Pyme,Queretaro,Mexico,39,37538,2022-05-06,Activo
5971,CLI-005971,Pyme,Monterrey,Mexico,63,61634,2025-04-21,Inactivo
5972,CLI-005972,Digital,Queretaro,Mexico,31,9518,2023-06-23,Activo
5973,CLI-005973,Empresarial,Medellin,Mexico,35,91238,2021-06-10,Activo
5974,CLI-005974,Pyme,Cali,Mexico,28,10427,2026-06-20,Inactivo
5975,CLI-005975,Digital,Medellin,Mexico,28,64048,2021-11-09,Activo
5976,CLI-005976,Empresarial,Bogota,Colombia,36,39157,2021-08-04,Inactivo
5977,CLI-005977,Empresarial,Cali,Mexico,42,42611,2024-10-13,Inactivo
5978,CLI-005978,Premium,Guadalajara,Colombia,30,29865,2023-07-01,Activo
5979,CLI-005979,Nomina,Queretaro,Mexico,63,53413,2024-09-27,Activo
5980,CLI-005980,Premium,Cali,Colombia,43,84983,2022-12-16,Activo
5981,CLI-005981,Premium,Bogota,Colombia,30,48113,2025-08-02,Activo
5982,CLI-005982,Nomina,Queretaro,Mexico,36,65910,2021-12-24,Activo
5983,CLI-005983,Pyme,Medellin,Mexico,52,82932,2022-07-19,Activo
5984,CLI-005984,Premium,Bogota,Mexico,36,50098,2021-10-08,Inactivo
5985,CLI-005985,Premium,Cali,Colombia,42,40101,2024-03-14,Activo
5986,CLI-005986,Digital,Queretaro,Mexico,25,51707,2021-10-27,Activo
5987,CLI-005987,Nomina,Monterrey,Colombia,46,12230,2024-02-21,Activo
5988,CLI-005988,Premium,Bogota,Colombia,61,30626,2021-03-22,Activo
5989,CLI-005989,Nomina,Guadalajara,Mexico,31,88650,2025-03-15,Activo
5990,CLI-005990,Pyme,CDMX,Mexico,60,66745,2022-07-29,Activo
5991,CLI-005991,Nomina,CDMX,Mexico,37,89880,2023-05-02,Inactivo
5992,CLI-005992,Nomina,Puebla,Colombia,31,19279,2024-04-19,Inactivo
5993,CLI-005993,Digital,Puebla,Mexico,32,13965,2026-07-07,Activo
5994,CLI-005994,Pyme,Guadalajara,Mexico,36,96978,2022-10-20,Activo
5995,CLI-005995,Nomina,Bogota,Colombia,53,9029,2026-08-24,Activo
5996,CLI-005996,Nomina,Medellin,Mexico,24,22250,2023-07-24,Activo
5997,CLI-005997,Empresarial,Puebla,Mexico,53,86865,2022-10-12,Activo
5998,CLI-005998,Empresarial,Queretaro,Mexico,33,58060,2023-01-16,Activo
5999,CLI-005999,Premium,Guadalajara,Colombia,33,83310,2025-04-17,Activo
6000,CLI-006000,Nomina,Puebla,Colombia,22,48880,2023-02-24,Activo
6001,CLI-006001,Premium,Queretaro,Mexico,23,19002,2026-01-11,Activo
6002,CLI-006002,Nomina,Queretaro,Mexico,31,63859,2021-07-03,Activo
6003,CLI-006003,Nomina,CDMX,Mexico,22,39036,2024-07-14,Activo
6004,CLI-006004,Empresarial,Puebla,Mexico,48,48909,2024-09-04,Activo
6005,CLI-006005,Empresarial,Medellin,Mexico,48,86362,2024-12-02,Activo
6006,CLI-006006,Digital,Monterrey,Mexico,47,15481,2021-05-07,Inactivo
6007,CLI-006007,Digital,Bogota,Mexico,48,74806,2021-07-08,Activo
6008,CLI-006008,Premium,Medellin,Mexico,29,11869,2026-08-26,Activo
6009,CLI-006009,Pyme,Monterrey,Mexico,31,81604,2025-09-20,Inactivo
6010,CLI-006010,Empresarial,CDMX,Mexico,62,50175,2024-10-28,Activo
6011,CLI-006011,Pyme,Bogota,Mexico,56,79091,2026-03-09,Activo
6012,CLI-006012,Premium,Monterrey,Mexico,58,20696,2021-04-10,Activo
6013,CLI-006013,Nomina,Medellin,Mexico,24,80136,2025-09-18,Activo
6014,CLI-006014,Pyme,Guadalajara,Mexico,54,12764,2021-06-30,Inactivo
6015,CLI-006015,Premium,Cali,Colombia,64,9171,2021-10-21,Activo
6016,CLI-006016,Premium,Bogota,Mexico,54,53191,2025-01-06,Activo
6017,CLI-006017,Pyme,Puebla,Mexico,57,49798,2024-01-10,Activo
6018,CLI-006018,Nomina,CDMX,Mexico,24,58820,2021-09-30,Inactivo
6019,CLI-006019,Empresarial,Medellin,Colombia,60,95676,2021-09-04,Activo
6020,CLI-006020,Pyme,Cali,Mexico,57,48644,2026-04-11,Activo
6021,CLI-006021,Nomina,Puebla,Mexico,49,32668,2021-03-29,Inactivo
6022,CLI-006022,Nomina,Puebla,Mexico,59,83592,2024-05-01,Activo
6023,CLI-006023,Nomina,Puebla,Colombia,35,36576,2024-03-29,Activo
6024,CLI-006024,Premium,Queretaro,Mexico,52,81012,2025-06-18,Inactivo
6025,CLI-006025,Pyme,Puebla,Colombia,21,73263,2021-05-04,Activo
6026,CLI-006026,Digital,Bogota,Mexico,31,73205,2021-11-05,Activo
6027,CLI-006027,Digital,CDMX,Mexico,49,14901,2023-02-23,Inactivo
6028,CLI-006028,Digital,Cali,Colombia,48,28025,2025-06-13,Activo
6029,CLI-006029,Premium,Puebla,Mexico,46,14777,2026-03-05,Activo
6030,CLI-006030,Digital,Cali,Mexico,50,85264,2025-05-31,Inactivo
6031,CLI-006031,Digital,CDMX,Mexico,54,69504,2023-07-02,Inactivo
6032,CLI-006032,Empresarial,CDMX,Mexico,53,53797,2024-12-01,Activo
6033,CLI-006033,Premium,CDMX,Colombia,60,10404,2021-07-31,Activo
6034,CLI-006034,Pyme,CDMX,Mexico,31,26003,2022-03-17,Activo
6035,CLI-006035,Pyme,Puebla,Mexico,64,55007,2024-04-01,Activo
6036,CLI-006036,Digital,Cali,Mexico,26,89190,2025-03-31,Activo
6037,CLI-006037,Premium,Guadalajara,Colombia,42,34121,2026-07-24,Activo
6038,CLI-006038,Premium,Guadalajara,Mexico,26,55544,2022-09-06,Activo
6039,CLI-006039,Nomina,Bogota,Mexico,46,38204,2024-05-15,Activo
6040,CLI-006040,Digital,CDMX,Mexico,31,79066,2024-08-09,Activo
6041,CLI-006041,Empresarial,Guadalajara,Colombia,28,54909,2025-12-16,Inactivo
6042,CLI-006042,Empresarial,Cali,Mexico,38,31936,2025-04-09,Activo
6043,CLI-006043,Premium,Medellin,Mexico,61,50085,2024-10-21,Activo
6044,CLI-006044,Digital,Monterrey,Colombia,38,79845,2021-07-11,Activo
6045,CLI-006045,Premium,CDMX,Mexico,40,30278,2022-11-28,Activo
6046,CLI-006046,Premium,Monterrey,Mexico,21,64356,2024-11-18,Activo
6047,CLI-006047,Pyme,Cali,Mexico,34,55389,2026-06-08,Activo
6048,CLI-006048,Pyme,Puebla,Mexico,30,67984,2026-01-09,Activo
6049,CLI-006049,Nomina,Queretaro,Mexico,35,33754,2025-09-16,Inactivo
6050,CLI-006050,Digital,Cali,Mexico,32,93813,2022-07-13,Activo
6051,CLI-006051,Pyme,CDMX,Mexico,36,30349,2026-01-31,Activo
6052,CLI-006052,Empresarial,Monterrey,Mexico,31,17288,2022-06-25,Activo
6053,CLI-006053,Nomina,CDMX,Mexico,40,28015,2023-03-02,Activo
6054,CLI-006054,Nomina,Guadalajara,Mexico,56,29177,2022-04-07,Activo
6055,CLI-006055,Pyme,Cali,Colombia,50,20120,2024-01-28,Activo
6056,CLI-006056,Premium,Puebla,Mexico,34,66246,2021-03-22,Activo
6057,CLI-006057,Empresarial,CDMX,Mexico,50,33361,2024-01-03,Inactivo
6058,CLI-006058,Pyme,Cali,Mexico,28,79400,2021-05-11,Inactivo
6059,CLI-006059,Premium,Guadalajara,Mexico,22,44212,2022-02-20,Activo
6060,CLI-006060,Digital,Monterrey,Colombia,21,70508,2025-05-01,Activo
6061,CLI-006061,Pyme,Medellin,Mexico,44,94955,2023-10-20,Inactivo
6062,CLI-006062,Pyme,Cali,Mexico,28,45265,2021-04-07,Activo
6063,CLI-006063,Pyme,Queretaro,Mexico,25,55311,2023-08-27,Activo
6064,CLI-006064,Digital,CDMX,Mexico,28,56427,2023-09-07,Activo
6065,CLI-006065,Premium,Puebla,Mexico,52,84231,2025-10-29,Inactivo
6066,CLI-006066,Empresarial,CDMX,Mexico,64,56815,2021-09-30,Activo
6067,CLI-006067,Digital,Cali,Mexico,51,50064,2021-07-02,Activo
6068,CLI-006068,Nomina,Monterrey,Mexico,64,14099,2023-07-05,Activo
6069,CLI-006069,Premium,Medellin,Mexico,25,74047,2023-04-13,Activo
6070,CLI-006070,Empresarial,Queretaro,Colombia,61,67598,2024-06-08,Activo
6071,CLI-006071,Digital,Guadalajara,Mexico,51,43140,2023-08-12,Inactivo
6072,CLI-006072,Digital,Queretaro,Mexico,32,37142,2023-05-04,Activo
6073,CLI-006073,Nomina,Medellin,Mexico,30,40692,2023-10-21,Activo
6074,CLI-006074,Empresarial,Guadalajara,Mexico,29,44000,2025-06-29,Activo
6075,CLI-006075,Digital,Cali,Mexico,46,39513,2021-06-01,Activo
6076,CLI-006076,Pyme,CDMX,Mexico,46,15766,2022-09-25,Activo
6077,CLI-006077,Digital,Cali,Colombia,58,92149,2025-01-16,Activo
6078,CLI-006078,Premium,Bogota,Mexico,21,49778,2022-05-26,Activo
6079,CLI-006079,Digital,Bogota,Mexico,58,90992,2026-03-26,Activo
6080,CLI-006080,Empresarial,Cali,Mexico,27,33161,2022-05-21,Activo
6081,CLI-006081,Digital,Monterrey,Mexico,57,59869,2025-09-20,Activo
6082,CLI-006082,Empresarial,Queretaro,Mexico,53,83626,2021-04-22,Activo
6083,CLI-006083,Nomina,CDMX,Mexico,48,10025,2024-03-04,Activo
6084,CLI-006084,Premium,Puebla,Colombia,63,67184,2021-03-25,Activo
6085,CLI-006085,Digital,Bogota,Mexico,34,97501,2021-09-20,Inactivo
6086,CLI-006086,Empresarial,Puebla,Mexico,50,32168,2022-03-13,Activo
6087,CLI-006087,Nomina,Monterrey,Mexico,25,78236,2024-08-04,Activo
6088,CLI-006088,Digital,Monterrey,Mexico,50,78625,2022-12-17,Activo
6089,CLI-006089,Empresarial,Monterrey,Mexico,21,88665,2024-03-21,Activo
6090,CLI-006090,Digital,Medellin,Mexico,62,80794,2024-01-31,Activo
6091,CLI-006091,Nomina,Monterrey,Mexico,32,42770,2021-06-16,Inactivo
6092,CLI-006092,Empresarial,Queretaro,Mexico,25,56294,2026-07-06,Activo
6093,CLI-006093,Empresarial,Bogota,Mexico,51,45581,2025-03-18,Activo
6094,CLI-006094,Digital,Bogota,Mexico,56,88044,2025-12-08,Activo
6095,CLI-006095,Nomina,CDMX,Colombia,45,86807,2024-03-04,Activo
6096,CLI-006096,Digital,Puebla,Mexico,49,24851,2023-12-06,Activo
6097,CLI-006097,Pyme,Puebla,Colombia,35,37868,2024-05-29,Activo
6098,CLI-006098,Pyme,Queretaro,Mexico,63,76598,2025-03-18,Inactivo
6099,CLI-006099,Premium,Guadalajara,Mexico,59,53914,2026-01-23,Activo
6100,CLI-006100,Nomina,Monterrey,Mexico,48,38651,2025-04-23,Activo
6101,CLI-006101,Digital,Monterrey,Mexico,48,95820,2025-02-08,Activo
6102,CLI-006102,Pyme,CDMX,Mexico,36,37605,2022-08-05,Activo
6103,CLI-006103,Nomina,CDMX,Mexico,35,17531,2026-04-25,Activo
6104,CLI-006104,Pyme,CDMX,Mexico,39,86722,2023-02-02,Activo
6105,CLI-006105,Premium,Guadalajara,Mexico,62,67865,2025-04-29,Inactivo
6106,CLI-006106,Nomina,CDMX,Mexico,40,94561,2024-02-22,Activo
6107,CLI-006107,Premium,Medellin,Colombia,36,70742,2024-02-25,Inactivo
6108,CLI-006108,Nomina,CDMX,Mexico,48,8227,2023-06-05,Activo
6109,CLI-006109,Nomina,CDMX,Mexico,50,59610,2025-03-10,Activo
6110,CLI-006110,Digital,Cali,Mexico,41,70752,2023-11-05,Activo
6111,CLI-006111,Digital,Puebla,Mexico,53,71055,2023-10-17,Activo
6112,CLI-006112,Premium,Monterrey,Colombia,43,13019,2025-01-26,Activo
6113,CLI-006113,Digital,Bogota,Mexico,23,70483,2022-02-02,Activo
6114,CLI-006114,Digital,CDMX,Mexico,49,20075,2024-05-17,Activo
6115,CLI-006115,Digital,Puebla,Mexico,60,97548,2023-10-06,Inactivo
6116,CLI-006116,Empresarial,Queretaro,Mexico,63,47764,2023-07-15,Activo
6117,CLI-006117,Empresarial,CDMX,Mexico,43,28443,2023-12-17,Activo
6118,CLI-006118,Empresarial,CDMX,Mexico,51,39370,2021-08-23,Activo
6119,CLI-006119,Digital,Medellin,Colombia,34,72512,2025-07-27,Inactivo
6120,CLI-006120,Digital,CDMX,Colombia,33,36733,2023-12-09,Inactivo
6121,CLI-006121,Digital,Cali,Colombia,40,77432,2024-11-07,Inactivo
6122,CLI-006122,Pyme,Guadalajara,Colombia,29,52623,2026-05-17,Activo
6123,CLI-006123,Premium,Bogota,Colombia,25,74925,2026-06-07,Activo
6124,CLI-006124,Digital,Medellin,Mexico,57,32641,2025-07-15,Activo
6125,CLI-006125,Nomina,Bogota,Colombia,53,95345,2025-07-14,Activo
6126,CLI-006126,Pyme,CDMX,Mexico,28,80422,2023-01-15,Activo
6127,CLI-006127,Empresarial,Monterrey,Mexico,52,86827,2025-03-15,Activo
6128,CLI-006128,Digital,Cali,Colombia,24,19764,2025-08-04,Activo
6129,CLI-006129,Premium,CDMX,Colombia,55,36079,2024-09-06,Activo
6130,CLI-006130,Digital,Medellin,Colombia,64,38042,2023-02-01,Activo
6131,CLI-006131,Nomina,CDMX,Mexico,52,40417,2022-03-22,Activo
6132,CLI-006132,Digital,Cali,Colombia,64,63153,2026-08-26,Activo
6133,CLI-006133,Premium,Queretaro,Mexico,58,22862,2025-03-17,Activo
6134,CLI-006134,Nomina,Monterrey,Mexico,60,97338,2025-06-10,Activo
6135,CLI-006135,Empresarial,Puebla,Mexico,46,13698,2022-06-16,Activo
6136,CLI-006136,Empresarial,Queretaro,Colombia,33,79119,2023-07-02,Activo
6137,CLI-006137,Empresarial,Bogota,Mexico,63,82305,2022-01-26,Inactivo
6138,CLI-006138,Nomina,Queretaro,Colombia,25,64670,2026-09-02,Activo
6139,CLI-006139,Nomina,Monterrey,Colombia,36,17233,2022-04-03,Activo
6140,CLI-006140,Premium,Medellin,Mexico,34,61573,2023-04-29,Inactivo
6141,CLI-006141,Nomina,Puebla,Mexico,37,61167,2021-12-08,Activo
6142,CLI-006142,Digital,Guadalajara,Mexico,28,30685,2026-07-29,Activo
6143,CLI-006143,Digital,Queretaro,Colombia,57,84732,2024-02-08,Inactivo
6144,CLI-006144,Digital,Guadalajara,Colombia,35,15068,2022-12-30,Inactivo
6145,CLI-006145,Empresarial,Cali,Mexico,22,83270,2023-09-04,Activo
6146,CLI-006146,Empresarial,Guadalajara,Mexico,50,90456,2022-07-06,Activo
6147,CLI-006147,Digital,Guadalajara,Mexico,34,20273,2025-03-30,Activo
6148,CLI-006148,Nomina,Guadalajara,Mexico,51,77660,2026-05-15,Activo
6149,CLI-006149,Nomina,Puebla,Colombia,27,67336,2025-10-16,Activo
6150,CLI-006150,Pyme,Bogota,Colombia,45,72273,2025-05-25,Activo
6151,CLI-006151,Nomina,Monterrey,Mexico,48,51622,2024-06-04,Activo
6152,CLI-006152,Empresarial,Bogota,Mexico,53,79986,2025-02-09,Inactivo
6153,CLI-006153,Premium,Cali,Colombia,59,49253,2021-07-24,Activo
6154,CLI-006154,Nomina,Monterrey,Mexico,20,49844,2023-05-28,Activo
6155,CLI-006155,Empresarial,Guadalajara,Mexico,41,24892,2026-01-03,Inactivo
6156,CLI-006156,Premium,Medellin,Mexico,23,75130,2021-09-01,Activo
6157,CLI-006157,Nomina,Guadalajara,Mexico,46,57069,2024-02-05,Activo
6158,CLI-006158,Premium,Queretaro,Colombia,51,25482,2023-12-04,Activo
6159,CLI-006159,Premium,Queretaro,Mexico,64,93153,2021-12-30,Activo
6160,CLI-006160,Digital,CDMX,Mexico,61,23894,2025-10-12,Activo
6161,CLI-006161,Empresarial,Puebla,Mexico,21,60281,2022-10-24,Inactivo
6162,CLI-006162,Empresarial,CDMX,Colombia,24,33011,2026-04-08,Activo
6163,CLI-006163,Empresarial,Guadalajara,Colombia,31,41271,2024-04-01,Activo
6164,CLI-006164,Digital,Bogota,Mexico,51,89455,2022-11-09,Activo
6165,CLI-006165,Pyme,Cali,Mexico,47,25025,2023-02-26,Activo
6166,CLI-006166,Nomina,Cali,Colombia,44,81121,2021-10-30,Inactivo
6167,CLI-006167,Pyme,Queretaro,Mexico,62,40869,2023-04-04,Activo
6168,CLI-006168,Empresarial,Queretaro,Mexico,54,60138,2022-08-06,Activo
6169,CLI-006169,Premium,Queretaro,Mexico,51,24665,2022-03-31,Activo
6170,CLI-006170,Pyme,Bogota,Mexico,20,51385,2023-08-11,Inactivo
6171,CLI-006171,Nomina,Puebla,Colombia,42,34818,2022-12-11,Activo
6172,CLI-006172,Digital,Medellin,Mexico,47,32199,2025-04-22,Activo
6173,CLI-006173,Digital,Medellin,Mexico,48,42289,2025-12-05,Inactivo
6174,CLI-006174,Premium,Cali,Colombia,20,23544,2022-03-11,Activo
6175,CLI-006175,Pyme,Medellin,Mexico,31,64331,2022-04-26,Activo
6176,CLI-006176,Nomina,Medellin,Mexico,53,24015,2025-01-05,Activo
6177,CLI-006177,Premium,Puebla,Mexico,49,10355,2023-02-17,Activo
6178,CLI-006178,Pyme,CDMX,Mexico,38,51549,2025-04-25,Activo
6179,CLI-006179,Pyme,Medellin,Colombia,34,25874,2022-10-04,Activo
6180,CLI-006180,Pyme,Medellin,Colombia,26,44718,2026-04-22,Inactivo
6181,CLI-006181,Pyme,CDMX,Mexico,60,76980,2022-02-12,Activo
6182,CLI-006182,Pyme,Cali,Colombia,28,18779,2023-05-05,Activo
6183,CLI-006183,Empresarial,Puebla,Mexico,60,63719,2021-10-13,Activo
6184,CLI-006184,Digital,Cali,Colombia,28,97226,2025-10-12,Inactivo
6185,CLI-006185,Premium,Queretaro,Mexico,44,13556,2024-04-10,Activo
6186,CLI-006186,Pyme,Monterrey,Mexico,48,86219,2026-06-21,Inactivo
6187,CLI-006187,Digital,Puebla,Mexico,21,14227,2026-06-22,Activo
6188,CLI-006188,Empresarial,Cali,Mexico,20,43256,2023-03-03,Inactivo
6189,CLI-006189,Nomina,Bogota,Mexico,52,66762,2026-07-14,Activo
6190,CLI-006190,Nomina,CDMX,Colombia,52,47539,2022-11-06,Activo
6191,CLI-006191,Digital,Medellin,Colombia,27,10769,2023-07-25,Activo
6192,CLI-006192,Digital,Puebla,Mexico,31,19708,2026-05-09,Activo
6193,CLI-006193,Empresarial,Bogota,Mexico,21,39321,2022-05-16,Activo
6194,CLI-006194,Pyme,Queretaro,Mexico,34,42833,2026-08-04,Activo
6195,CLI-006195,Empresarial,Monterrey,Mexico,25,55015,2024-10-12,Activo
6196,CLI-006196,Premium,Queretaro,Mexico,52,91820,2024-01-29,Activo
6197,CLI-006197,Nomina,Medellin,Mexico,25,94815,2026-01-02,Activo
6198,CLI-006198,Digital,Guadalajara,Colombia,58,31045,2022-07-24,Activo
6199,CLI-006199,Pyme,CDMX,Mexico,58,94714,2026-08-14,Activo
6200,CLI-006200,Digital,Puebla,Colombia,35,18934,2022-11-06,Activo
6201,CLI-006201,Premium,CDMX,Mexico,39,36972,2026-07-02,Activo
6202,CLI-006202,Pyme,Medellin,Colombia,33,9800,2023-11-03,Activo
6203,CLI-006203,Nomina,Queretaro,Mexico,25,76918,2025-05-31,Activo
6204,CLI-006204,Nomina,Bogota,Colombia,46,66940,2023-07-11,Inactivo
6205,CLI-006205,Empresarial,Queretaro,Mexico,54,83360,2022-06-11,Activo
6206,CLI-006206,Premium,Bogota,Mexico,57,85529,2024-03-14,Activo
6207,CLI-006207,Empresarial,Queretaro,Mexico,58,65860,2023-11-06,Activo
6208,CLI-006208,Empresarial,Bogota,Mexico,46,89347,2023-04-07,Inactivo
6209,CLI-006209,Pyme,Guadalajara,Colombia,56,21378,2024-05-04,Activo
6210,CLI-006210,Premium,Queretaro,Colombia,48,84881,2022-01-28,Inactivo
6211,CLI-006211,Premium,Cali,Mexico,23,76934,2023-07-30,Activo
6212,CLI-006212,Digital,Puebla,Colombia,28,74233,2023-12-23,Activo
6213,CLI-006213,Premium,Bogota,Mexico,42,9042,2026-08-28,Activo
6214,CLI-006214,Nomina,Cali,Mexico,55,64975,2026-03-21,Activo
6215,CLI-006215,Empresarial,Guadalajara,Colombia,64,48896,2025-09-12,Activo
6216,CLI-006216,Digital,Medellin,Mexico,57,42864,2025-10-11,Activo
6217,CLI-006217,Empresarial,Cali,Mexico,63,74015,2022-12-15,Activo
6218,CLI-006218,Empresarial,Puebla,Colombia,45,85712,2021-06-19,Activo
6219,CLI-006219,Nomina,CDMX,Colombia,44,8148,2025-05-13,Activo
6220,CLI-006220,Premium,Bogota,Mexico,64,43197,2024-01-11,Inactivo
6221,CLI-006221,Nomina,Queretaro,Mexico,56,27669,2023-06-25,Activo
6222,CLI-006222,Pyme,Puebla,Colombia,48,52390,2026-08-17,Activo
6223,CLI-006223,Pyme,Queretaro,Mexico,21,82833,2026-05-29,Activo
6224,CLI-006224,Premium,CDMX,Mexico,28,12316,2022-10-15,Inactivo
6225,CLI-006225,Empresarial,Monterrey,Colombia,36,46797,2025-01-22,Inactivo
6226,CLI-006226,Premium,Bogota,Colombia,57,31512,2024-05-21,Activo
6227,CLI-006227,Pyme,Bogota,Mexico,53,60593,2021-05-15,Activo
6228,CLI-006228,Nomina,CDMX,Mexico,24,88843,2024-12-22,Inactivo
6229,CLI-006229,Pyme,Puebla,Mexico,20,20054,2021-07-01,Activo
6230,CLI-006230,Pyme,Medellin,Mexico,63,77014,2024-04-16,Activo
6231,CLI-006231,Nomina,Bogota,Mexico,21,24945,2023-12-21,Activo
6232,CLI-006232,Nomina,Medellin,Mexico,40,66016,2023-01-13,Activo
6233,CLI-006233,Nomina,Monterrey,Colombia,31,58305,2026-06-24,Activo
6234,CLI-006234,Premium,Guadalajara,Mexico,44,47789,2024-09-13,Activo
6235,CLI-006235,Empresarial,Medellin,Colombia,34,14751,2024-12-12,Activo
6236,CLI-006236,Digital,Cali,Mexico,46,20297,2026-09-01,Activo
6237,CLI-006237,Nomina,Queretaro,Colombia,52,26674,2023-09-20,Inactivo
6238,CLI-006238,Nomina,Guadalajara,Mexico,58,53250,2022-01-13,Activo
6239,CLI-006239,Nomina,Medellin,Mexico,50,10213,2024-02-18,Activo
6240,CLI-006240,Premium,Medellin,Mexico,59,43873,2023-08-05,Activo
6241,CLI-006241,Pyme,Monterrey,Colombia,22,28105,2023-06-12,Activo
6242,CLI-006242,Digital,Cali,Colombia,39,66217,2025-12-27,Activo
6243,CLI-006243,Premium,Medellin,Mexico,39,9679,2025-03-15,Activo
6244,CLI-006244,Empresarial,CDMX,Colombia,20,84439,2023-10-23,Activo
6245,CLI-006245,Digital,Monterrey,Mexico,26,16192,2023-10-09,Activo
6246,CLI-006246,Premium,Medellin,Colombia,59,64229,2021-10-04,Inactivo
6247,CLI-006247,Digital,Puebla,Mexico,28,62584,2026-04-30,Activo
6248,CLI-006248,Pyme,Monterrey,Mexico,23,65510,2025-01-04,Activo
6249,CLI-006249,Digital,Guadalajara,Mexico,39,28866,2022-06-14,Activo
6250,CLI-006250,Digital,Medellin,Mexico,39,28045,2022-08-19,Activo
6251,CLI-006251,Premium,Medellin,Mexico,52,66853,2025-09-09,Activo
6252,CLI-006252,Nomina,Monterrey,Mexico,48,56350,2022-04-25,Activo
6253,CLI-006253,Pyme,Puebla,Colombia,23,14245,2021-04-29,Inactivo
6254,CLI-006254,Nomina,Medellin,Mexico,53,81855,2021-07-29,Activo
6255,CLI-006255,Nomina,Puebla,Colombia,59,53511,2023-04-09,Activo
6256,CLI-006256,Nomina,Monterrey,Colombia,58,40448,2025-12-16,Activo
6257,CLI-006257,Premium,Monterrey,Colombia,61,64516,2025-01-10,Activo
6258,CLI-006258,Pyme,Bogota,Colombia,44,25427,2021-11-01,Activo
6259,CLI-006259,Pyme,Cali,Colombia,47,10040,2026-01-07,Activo
6260,CLI-006260,Digital,Puebla,Mexico,47,44398,2024-11-11,Activo
6261,CLI-006261,Digital,Bogota,Mexico,23,67652,2025-07-28,Activo
6262,CLI-006262,Premium,Queretaro,Colombia,47,79634,2022-10-24,Activo
6263,CLI-006263,Premium,Cali,Mexico,22,71971,2023-03-09,Activo
6264,CLI-006264,Empresarial,Cali,Mexico,34,24141,2023-10-14,Activo
6265,CLI-006265,Digital,Monterrey,Mexico,23,26786,2022-05-30,Activo
6266,CLI-006266,Nomina,Bogota,Colombia,51,21023,2024-10-03,Activo
6267,CLI-006267,Empresarial,Guadalajara,Colombia,22,26000,2024-09-22,Activo
6268,CLI-006268,Digital,Medellin,Mexico,39,48181,2024-11-07,Activo
6269,CLI-006269,Digital,Guadalajara,Colombia,41,89702,2023-03-09,Inactivo
6270,CLI-006270,Pyme,CDMX,Mexico,58,26808,2021-03-19,Activo
6271,CLI-006271,Nomina,Monterrey,Mexico,64,76803,2026-03-01,Activo
6272,CLI-006272,Pyme,Queretaro,Mexico,51,65714,2023-11-22,Inactivo
6273,CLI-006273,Digital,Guadalajara,Mexico,49,45492,2023-09-08,Activo
6274,CLI-006274,Premium,Bogota,Mexico,53,50667,2026-05-06,Activo
6275,CLI-006275,Pyme,Cali,Mexico,42,30942,2026-03-16,Activo
6276,CLI-006276,Nomina,Bogota,Mexico,52,21958,2024-06-01,Activo
6277,CLI-006277,Pyme,Medellin,Mexico,47,90874,2022-02-19,Activo
6278,CLI-006278,Pyme,Medellin,Mexico,41,42418,2025-03-31,Activo
6279,CLI-006279,Pyme,Cali,Colombia,32,18303,2025-08-13,Activo
6280,CLI-006280,Empresarial,Medellin,Mexico,55,45634,2024-09-21,Inactivo
6281,CLI-006281,Digital,Cali,Mexico,30,68086,2024-01-20,Activo
6282,CLI-006282,Premium,Medellin,Mexico,57,9249,2022-05-29,Activo
6283,CLI-006283,Empresarial,Medellin,Colombia,31,48405,2023-04-12,Activo
6284,CLI-006284,Pyme,Monterrey,Colombia,28,12419,2023-07-05,Activo
6285,CLI-006285,Pyme,Cali,Mexico,37,53389,2022-10-17,Activo
6286,CLI-006286,Digital,Medellin,Colombia,20,93038,2022-09-07,Activo
6287,CLI-006287,Digital,Medellin,Mexico,40,32530,2025-05-12,Activo
6288,CLI-006288,Empresarial,Guadalajara,Colombia,40,84616,2024-09-27,Activo
6289,CLI-006289,Pyme,Bogota,Mexico,31,10219,2022-03-03,Activo
6290,CLI-006290,Digital,Cali,Mexico,34,32329,2022-01-13,Inactivo
6291,CLI-006291,Nomina,Queretaro,Colombia,31,87886,2022-06-27,Activo
6292,CLI-006292,Premium,Queretaro,Colombia,60,63809,2021-06-06,Activo
6293,CLI-006293,Nomina,Bogota,Mexico,59,83663,2021-07-15,Activo
6294,CLI-006294,Nomina,Puebla,Mexico,25,48089,2024-03-05,Activo
6295,CLI-006295,Empresarial,CDMX,Colombia,25,87491,2025-10-25,Activo
6296,CLI-006296,Pyme,Cali,Colombia,30,55479,2023-12-18,Activo
6297,CLI-006297,Nomina,Bogota,Mexico,23,70176,2026-01-12,Activo
6298,CLI-006298,Empresarial,Bogota,Mexico,33,68690,2024-07-01,Activo
6299,CLI-006299,Premium,Queretaro,Colombia,41,91028,2025-09-24,Activo
6300,CLI-006300,Premium,Guadalajara,Mexico,63,64700,2025-12-26,Activo
6301,CLI-006301,Digital,Cali,Mexico,39,96821,2024-03-06,Activo
6302,CLI-006302,Premium,Bogota,Mexico,45,49423,2025-11-26,Activo
6303,CLI-006303,Pyme,Guadalajara,Colombia,64,61789,2026-05-16,Inactivo
6304,CLI-006304,Digital,Guadalajara,Colombia,30,47733,2025-04-19,Activo
6305,CLI-006305,Empresarial,Puebla,Colombia,54,94766,2024-10-12,Activo
6306,CLI-006306,Empresarial,Medellin,Colombia,45,82399,2024-11-06,Activo
6307,CLI-006307,Digital,Cali,Mexico,21,49059,2023-02-05,Inactivo
6308,CLI-006308,Digital,Medellin,Mexico,24,84301,2021-09-26,Activo
6309,CLI-006309,Pyme,Guadalajara,Mexico,33,39390,2021-04-07,Inactivo
6310,CLI-006310,Empresarial,Guadalajara,Mexico,53,73199,2025-09-19,Activo
6311,CLI-006311,Nomina,Guadalajara,Colombia,51,48604,2022-06-18,Activo
6312,CLI-006312,Pyme,Queretaro,Mexico,58,76667,2022-07-13,Activo
6313,CLI-006313,Pyme,Bogota,Mexico,36,55957,2022-09-13,Activo
6314,CLI-006314,Nomina,CDMX,Colombia,56,27476,2024-12-29,Activo
6315,CLI-006315,Empresarial,Guadalajara,Mexico,41,53926,2022-12-01,Inactivo
6316,CLI-006316,Pyme,Queretaro,Mexico,48,82916,2021-04-17,Activo
6317,CLI-006317,Pyme,Queretaro,Colombia,21,44342,2021-06-12,Inactivo
6318,CLI-006318,Digital,Medellin,Colombia,45,65038,2024-08-10,Activo
6319,CLI-006319,Nomina,Guadalajara,Colombia,33,63439,2021-12-11,Inactivo
6320,CLI-006320,Nomina,Medellin,Mexico,31,27123,2022-07-04,Activo
6321,CLI-006321,Nomina,Queretaro,Mexico,60,13378,2023-07-03,Activo
6322,CLI-006322,Premium,Medellin,Mexico,61,27398,2025-11-05,Activo
6323,CLI-006323,Premium,Queretaro,Colombia,46,83070,2026-06-14,Activo
6324,CLI-006324,Nomina,Bogota,Colombia,63,63951,2021-07-11,Activo
6325,CLI-006325,Premium,Puebla,Colombia,22,64526,2024-07-19,Activo
6326,CLI-006326,Pyme,Monterrey,Colombia,21,85799,2024-11-19,Inactivo
6327,CLI-006327,Pyme,Puebla,Mexico,56,77191,2026-01-09,Inactivo
6328,CLI-006328,Pyme,Cali,Mexico,61,52424,2025-08-07,Activo
6329,CLI-006329,Empresarial,CDMX,Colombia,31,37914,2023-03-21,Activo
6330,CLI-006330,Digital,Queretaro,Colombia,41,74187,2026-01-31,Activo
6331,CLI-006331,Empresarial,Cali,Colombia,22,85786,2025-05-22,Activo
6332,CLI-006332,Premium,Puebla,Colombia,45,9626,2022-01-26,Activo
6333,CLI-006333,Premium,Queretaro,Mexico,37,89094,2021-04-02,Inactivo
6334,CLI-006334,Empresarial,Puebla,Mexico,24,15392,2021-10-12,Inactivo
6335,CLI-006335,Pyme,Bogota,Mexico,37,26919,2025-01-13,Activo
6336,CLI-006336,Empresarial,Bogota,Colombia,42,19349,2026-08-29,Activo
6337,CLI-006337,Nomina,CDMX,Mexico,29,64764,2021-05-03,Activo
6338,CLI-006338,Pyme,Medellin,Mexico,39,23551,2024-12-26,Inactivo
6339,CLI-006339,Premium,Bogota,Mexico,63,81814,2023-09-20,Inactivo
6340,CLI-006340,Pyme,Queretaro,Mexico,38,57623,2022-11-02,Activo
6341,CLI-006341,Empresarial,CDMX,Mexico,52,22669,2025-02-15,Inactivo
6342,CLI-006342,Empresarial,Bogota,Mexico,55,93807,2025-02-02,Activo
6343,CLI-006343,Digital,Guadalajara,Mexico,24,8132,2023-11-12,Inactivo
6344,CLI-006344,Nomina,Puebla,Colombia,42,69850,2023-04-04,Activo
6345,CLI-006345,Pyme,CDMX,Mexico,57,68881,2022-01-07,Activo
6346,CLI-006346,Empresarial,CDMX,Mexico,28,31439,2023-06-12,Activo
6347,CLI-006347,Digital,Bogota,Mexico,64,37391,2021-09-06,Activo
6348,CLI-006348,Digital,Puebla,Colombia,47,81700,2023-09-11,Activo
6349,CLI-006349,Nomina,Puebla,Mexico,23,12657,2021-05-18,Inactivo
6350,CLI-006350,Premium,Bogota,Mexico,35,70271,2024-03-04,Activo
6351,CLI-006351,Empresarial,CDMX,Mexico,63,73053,2024-10-05,Activo
6352,CLI-006352,Empresarial,CDMX,Mexico,23,17088,2022-10-14,Activo
6353,CLI-006353,Nomina,Cali,Mexico,63,54323,2024-09-18,Activo
6354,CLI-006354,Nomina,Medellin,Colombia,26,25307,2025-04-20,Inactivo
6355,CLI-006355,Nomina,Bogota,Mexico,34,36649,2021-10-31,Activo
6356,CLI-006356,Pyme,Monterrey,Mexico,23,32204,2021-07-18,Activo
6357,CLI-006357,Digital,Bogota,Colombia,45,48090,2026-05-01,Inactivo
6358,CLI-006358,Digital,Bogota,Mexico,26,31017,2023-12-16,Activo
6359,CLI-006359,Nomina,Cali,Mexico,63,22180,2022-07-26,Activo
6360,CLI-006360,Premium,Monterrey,Colombia,61,45019,2026-04-04,Activo
6361,CLI-006361,Empresarial,Puebla,Colombia,33,15924,2022-10-29,Activo
6362,CLI-006362,Nomina,CDMX,Colombia,29,70640,2026-01-01,Activo
6363,CLI-006363,Empresarial,Monterrey,Mexico,64,66548,2021-09-18,Activo
6364,CLI-006364,Premium,Bogota,Colombia,28,53445,2026-02-17,Activo
6365,CLI-006365,Pyme,Cali,Mexico,42,75497,2025-03-25,Activo
6366,CLI-006366,Nomina,Cali,Mexico,64,73735,2022-05-30,Activo
6367,CLI-006367,Digital,Monterrey,Mexico,60,73647,2025-03-12,Activo
6368,CLI-006368,Nomina,Queretaro,Mexico,34,48105,2025-09-10,Activo
6369,CLI-006369,Premium,Guadalajara,Mexico,61,93808,2022-02-11,Activo
6370,CLI-006370,Nomina,Cali,Mexico,40,86231,2023-11-21,Inactivo
6371,CLI-006371,Empresarial,Monterrey,Mexico,44,61366,2022-09-28,Inactivo
6372,CLI-006372,Nomina,Puebla,Mexico,34,20396,2024-01-10,Activo
6373,CLI-006373,Pyme,Monterrey,Mexico,61,68300,2023-07-28,Activo
6374,CLI-006374,Nomina,Cali,Mexico,48,49306,2025-09-24,Activo
6375,CLI-006375,Nomina,Bogota,Colombia,26,36113,2024-11-01,Activo
6376,CLI-006376,Digital,Cali,Mexico,33,94292,2021-12-12,Activo
6377,CLI-006377,Pyme,CDMX,Mexico,26,84487,2025-06-21,Activo
6378,CLI-006378,Nomina,CDMX,Mexico,57,24642,2025-02-17,Activo
6379,CLI-006379,Premium,Bogota,Mexico,63,41418,2023-01-15,Activo
6380,CLI-006380,Digital,Cali,Colombia,21,67453,2024-05-02,Activo
6381,CLI-006381,Premium,Puebla,Colombia,41,60534,2021-05-20,Inactivo
6382,CLI-006382,Digital,Monterrey,Mexico,39,78180,2026-04-01,Activo
6383,CLI-006383,Nomina,Puebla,Mexico,33,64031,2024-03-14,Activo
6384,CLI-006384,Digital,Guadalajara,Mexico,42,93101,2024-04-01,Inactivo
6385,CLI-006385,Digital,Monterrey,Mexico,49,78284,2023-03-14,Activo
6386,CLI-006386,Nomina,Guadalajara,Colombia,57,81310,2021-05-06,Activo
6387,CLI-006387,Nomina,Cali,Mexico,45,28106,2023-02-14,Inactivo
6388,CLI-006388,Pyme,Queretaro,Colombia,30,18054,2021-10-10,Inactivo
6389,CLI-006389,Premium,Puebla,Colombia,59,50450,2022-12-17,Inactivo
6390,CLI-006390,Premium,Puebla,Mexico,25,97641,2022-04-03,Activo
6391,CLI-006391,Empresarial,Medellin,Mexico,42,89236,2025-12-21,Activo
6392,CLI-006392,Empresarial,Puebla,Mexico,36,91011,2024-06-24,Activo
6393,CLI-006393,Pyme,Guadalajara,Colombia,52,35210,2022-04-24,Activo
6394,CLI-006394,Empresarial,Bogota,Colombia,58,48138,2022-03-24,Activo
6395,CLI-006395,Premium,Monterrey,Mexico,50,40128,2022-11-16,Activo
6396,CLI-006396,Nomina,Cali,Colombia,43,64892,2025-02-22,Activo
6397,CLI-006397,Digital,Medellin,Colombia,47,23299,2024-12-29,Activo
6398,CLI-006398,Digital,Guadalajara,Mexico,63,33793,2023-09-22,Activo
6399,CLI-006399,Empresarial,Puebla,Mexico,43,44641,2023-10-17,Activo
6400,CLI-006400,Digital,Bogota,Mexico,40,33940,2024-05-21,Inactivo
6401,CLI-006401,Digital,Monterrey,Mexico,60,70245,2025-05-07,Activo
6402,CLI-006402,Nomina,Queretaro,Colombia,43,36588,2023-12-17,Inactivo
6403,CLI-006403,Nomina,Guadalajara,Mexico,48,86703,2024-09-30,Activo
6404,CLI-006404,Premium,Bogota,Mexico,40,78532,2026-05-04,Inactivo
6405,CLI-006405,Digital,Medellin,Mexico,36,95184,2026-07-12,Activo
6406,CLI-006406,Premium,CDMX,Colombia,24,50368,2021-05-29,Activo
6407,CLI-006407,Nomina,Guadalajara,Mexico,36,48302,2025-12-23,Activo
6408,CLI-006408,Pyme,Medellin,Colombia,27,84614,2026-02-06,Activo
6409,CLI-006409,Digital,Monterrey,Mexico,61,44320,2021-09-04,Inactivo
6410,CLI-006410,Digital,Guadalajara,Mexico,42,20172,2025-10-31,Activo
6411,CLI-006411,Nomina,CDMX,Mexico,60,44524,2024-03-02,Activo
6412,CLI-006412,Nomina,CDMX,Colombia,50,73176,2023-11-11,Activo
6413,CLI-006413,Digital,Puebla,Mexico,27,11019,2023-07-14,Inactivo
6414,CLI-006414,Empresarial,Bogota,Mexico,52,97098,2025-08-09,Activo
6415,CLI-006415,Pyme,CDMX,Colombia,21,88423,2024-07-19,Activo
6416,CLI-006416,Digital,Medellin,Mexico,44,30808,2023-01-04,Activo
6417,CLI-006417,Pyme,Queretaro,Mexico,24,74843,2022-04-17,Inactivo
6418,CLI-006418,Digital,CDMX,Mexico,42,75206,2025-01-17,Inactivo
6419,CLI-006419,Premium,Guadalajara,Mexico,57,18784,2021-05-26,Activo
6420,CLI-006420,Nomina,Puebla,Mexico,28,59892,2026-07-11,Activo
6421,CLI-006421,Pyme,CDMX,Mexico,55,32343,2025-09-12,Activo
6422,CLI-006422,Empresarial,Cali,Mexico,55,12073,2024-03-07,Activo
6423,CLI-006423,Nomina,Puebla,Mexico,62,86334,2021-09-04,Activo
6424,CLI-006424,Digital,Puebla,Mexico,44,43776,2026-03-23,Inactivo
6425,CLI-006425,Empresarial,Bogota,Mexico,58,48520,2025-07-04,Activo
6426,CLI-006426,Empresarial,CDMX,Mexico,56,10978,2024-10-03,Activo
6427,CLI-006427,Premium,Cali,Mexico,36,94855,2025-11-12,Activo
6428,CLI-006428,Pyme,Monterrey,Colombia,56,43778,2025-05-07,Activo
6429,CLI-006429,Pyme,Bogota,Mexico,31,11118,2022-01-19,Inactivo
6430,CLI-006430,Digital,Puebla,Mexico,53,37239,2024-12-21,Activo
6431,CLI-006431,Pyme,Bogota,Mexico,22,18869,2021-11-01,Activo
6432,CLI-006432,Nomina,Puebla,Colombia,54,36068,2023-01-04,Activo
6433,CLI-006433,Nomina,Queretaro,Mexico,54,66428,2024-08-31,Activo
6434,CLI-006434,Premium,CDMX,Colombia,28,49843,2026-06-29,Activo
6435,CLI-006435,Premium,Cali,Mexico,20,36925,2022-05-30,Inactivo
6436,CLI-006436,Pyme,Puebla,Mexico,53,43729,2025-03-15,Activo
6437,CLI-006437,Empresarial,Puebla,Mexico,54,88107,2021-11-24,Activo
6438,CLI-006438,Premium,Cali,Mexico,37,29179,2021-12-16,Activo
6439,CLI-006439,Premium,CDMX,Mexico,56,53781,2026-01-18,Activo
6440,CLI-006440,Digital,Bogota,Mexico,63,14946,2023-05-29,Inactivo
6441,CLI-006441,Digital,Guadalajara,Colombia,26,39334,2023-09-07,Activo
6442,CLI-006442,Premium,Medellin,Mexico,61,15797,2024-06-15,Activo
6443,CLI-006443,Nomina,Bogota,Colombia,61,83659,2021-10-03,Activo
6444,CLI-006444,Empresarial,Guadalajara,Mexico,42,58366,2025-05-22,Activo
6445,CLI-006445,Nomina,Guadalajara,Colombia,28,54012,2024-07-11,Activo
6446,CLI-006446,Pyme,Bogota,Mexico,37,55020,2024-07-30,Activo
6447,CLI-006447,Premium,CDMX,Mexico,38,29472,2026-07-15,Activo
6448,CLI-006448,Nomina,Cali,Mexico,29,44825,2022-03-20,Activo
6449,CLI-006449,Empresarial,Queretaro,Mexico,30,27990,2022-04-14,Activo
6450,CLI-006450,Digital,Guadalajara,Mexico,40,23889,2022-02-21,Activo
6451,CLI-006451,Nomina,Guadalajara,Mexico,52,53297,2025-02-24,Activo
6452,CLI-006452,Pyme,Puebla,Mexico,59,62967,2022-09-07,Inactivo
6453,CLI-006453,Empresarial,Bogota,Colombia,42,20718,2024-12-24,Activo
6454,CLI-006454,Nomina,Cali,Mexico,64,82611,2023-04-29,Activo
6455,CLI-006455,Empresarial,Puebla,Mexico,42,61057,2023-11-26,Inactivo
6456,CLI-006456,Premium,Queretaro,Mexico,20,26707,2024-07-07,Activo
6457,CLI-006457,Nomina,Monterrey,Mexico,57,24711,2024-09-15,Activo
6458,CLI-006458,Pyme,Guadalajara,Mexico,51,71546,2025-09-10,Inactivo
6459,CLI-006459,Nomina,Monterrey,Mexico,26,12517,2026-02-23,Activo
6460,CLI-006460,Premium,Medellin,Mexico,61,47833,2024-09-11,Activo
6461,CLI-006461,Digital,Monterrey,Colombia,55,14165,2026-08-26,Activo
6462,CLI-006462,Digital,Monterrey,Mexico,34,17562,2025-08-01,Activo
6463,CLI-006463,Empresarial,CDMX,Colombia,35,49786,2022-01-20,Activo
6464,CLI-006464,Premium,Bogota,Colombia,41,95855,2026-02-28,Activo
6465,CLI-006465,Empresarial,Guadalajara,Mexico,26,74314,2026-01-09,Activo
6466,CLI-006466,Premium,Cali,Mexico,36,12880,2024-06-04,Activo
6467,CLI-006467,Premium,Bogota,Mexico,64,78899,2021-05-13,Activo
6468,CLI-006468,Digital,Puebla,Colombia,35,63680,2022-07-22,Activo
6469,CLI-006469,Empresarial,Puebla,Colombia,46,44538,2022-08-14,Activo
6470,CLI-006470,Pyme,Cali,Mexico,45,79883,2022-12-01,Inactivo
6471,CLI-006471,Pyme,Bogota,Colombia,28,69188,2021-05-05,Activo
6472,CLI-006472,Nomina,Puebla,Mexico,25,50113,2022-06-29,Activo
6473,CLI-006473,Pyme,Guadalajara,Mexico,28,35137,2021-05-18,Activo
6474,CLI-006474,Digital,Queretaro,Mexico,63,16338,2022-08-30,Inactivo
6475,CLI-006475,Premium,Cali,Mexico,29,48833,2026-02-14,Activo
6476,CLI-006476,Premium,Monterrey,Mexico,45,9327,2022-08-24,Activo
6477,CLI-006477,Premium,CDMX,Mexico,53,37036,2021-05-22,Activo
6478,CLI-006478,Premium,Guadalajara,Mexico,33,28266,2022-11-10,Inactivo
6479,CLI-006479,Digital,Cali,Colombia,60,42265,2021-08-01,Activo
6480,CLI-006480,Pyme,Puebla,Mexico,36,31442,2021-03-31,Activo
6481,CLI-006481,Digital,Queretaro,Colombia,34,17698,2022-04-16,Activo
6482,CLI-006482,Empresarial,Bogota,Mexico,37,56546,2023-07-22,Activo
6483,CLI-006483,Empresarial,Monterrey,Colombia,50,23635,2023-11-14,Activo
6484,CLI-006484,Premium,Bogota,Mexico,62,96209,2022-07-13,Activo
6485,CLI-006485,Premium,CDMX,Colombia,36,34400,2023-05-12,Activo
6486,CLI-006486,Pyme,Guadalajara,Mexico,24,27529,2023-11-04,Activo
6487,CLI-006487,Digital,Puebla,Mexico,58,15356,2026-02-15,Inactivo
6488,CLI-006488,Pyme,Guadalajara,Mexico,20,75711,2022-05-01,Inactivo
6489,CLI-006489,Pyme,CDMX,Mexico,31,8366,2023-05-12,Inactivo
6490,CLI-006490,Pyme,Guadalajara,Mexico,24,79049,2022-03-18,Activo
6491,CLI-006491,Empresarial,Bogota,Mexico,54,20638,2023-06-03,Activo
6492,CLI-006492,Nomina,CDMX,Mexico,39,63157,2026-04-26,Inactivo
6493,CLI-006493,Nomina,Puebla,Mexico,61,64953,2024-12-15,Activo
6494,CLI-006494,Premium,Bogota,Mexico,31,87979,2021-11-01,Activo
6495,CLI-006495,Nomina,Monterrey,Mexico,25,95705,2024-11-20,Activo
6496,CLI-006496,Pyme,CDMX,Mexico,51,56735,2022-08-29,Inactivo
6497,CLI-006497,Nomina,Queretaro,Mexico,58,50909,2025-02-18,Activo
6498,CLI-006498,Empresarial,Bogota,Mexico,24,19658,2021-07-24,Inactivo
6499,CLI-006499,Digital,Puebla,Mexico,52,27626,2024-11-12,Activo
6500,CLI-006500,Premium,Queretaro,Mexico,62,21371,2023-04-13,Activo
6501,CLI-006501,Premium,Cali,Colombia,29,40304,2022-11-05,Activo
6502,CLI-006502,Digital,CDMX,Mexico,59,49952,2025-04-27,Activo
6503,CLI-006503,Empresarial,Bogota,Mexico,26,38069,2023-02-17,Inactivo
6504,CLI-006504,Pyme,Bogota,Mexico,38,53233,2026-02-22,Activo
6505,CLI-006505,Nomina,Medellin,Mexico,29,65323,2023-05-29,Activo
6506,CLI-006506,Empresarial,Queretaro,Colombia,56,46249,2023-07-25,Activo
6507,CLI-006507,Premium,Bogota,Mexico,44,29192,2022-04-13,Activo
6508,CLI-006508,Digital,Bogota,Mexico,34,64509,2026-01-04,Activo
6509,CLI-006509,Digital,Medellin,Mexico,29,36101,2023-07-30,Activo
6510,CLI-006510,Nomina,CDMX,Mexico,52,96091,2026-06-29,Activo
6511,CLI-006511,Empresarial,Guadalajara,Colombia,44,93687,2023-12-19,Activo
6512,CLI-006512,Nomina,Medellin,Mexico,50,51640,2022-11-22,Inactivo
6513,CLI-006513,Digital,Guadalajara,Mexico,40,42232,2022-03-21,Inactivo
6514,CLI-006514,Nomina,Puebla,Colombia,59,59330,2023-05-07,Activo
6515,CLI-006515,Digital,CDMX,Mexico,51,39827,2022-03-15,Inactivo
6516,CLI-006516,Digital,Monterrey,Mexico,57,94965,2025-02-20,Inactivo
6517,CLI-006517,Nomina,Bogota,Mexico,52,13629,2026-05-27,Activo
6518,CLI-006518,Nomina,CDMX,Mexico,34,76136,2025-07-09,Activo
6519,CLI-006519,Nomina,Bogota,Mexico,55,16430,2024-04-04,Inactivo
6520,CLI-006520,Empresarial,Puebla,Mexico,22,39269,2024-08-24,Activo
6521,CLI-006521,Premium,Guadalajara,Mexico,31,94416,2023-12-19,Activo
6522,CLI-006522,Digital,Monterrey,Colombia,32,20276,2024-07-31,Activo
6523,CLI-006523,Empresarial,Guadalajara,Colombia,48,56963,2024-12-27,Activo
6524,CLI-006524,Premium,CDMX,Colombia,29,34186,2025-07-31,Activo
6525,CLI-006525,Nomina,CDMX,Mexico,39,12413,2023-01-19,Inactivo
6526,CLI-006526,Digital,Bogota,Colombia,21,40953,2022-08-07,Activo
6527,CLI-006527,Empresarial,Cali,Mexico,41,51563,2021-10-31,Inactivo
6528,CLI-006528,Pyme,Bogota,Mexico,62,71781,2026-06-11,Inactivo
6529,CLI-006529,Empresarial,Cali,Mexico,52,21667,2021-04-30,Activo
6530,CLI-006530,Premium,CDMX,Mexico,20,47045,2025-08-23,Activo
6531,CLI-006531,Pyme,Queretaro,Mexico,64,67922,2026-01-20,Activo
6532,CLI-006532,Empresarial,CDMX,Colombia,61,21883,2021-11-28,Inactivo
6533,CLI-006533,Premium,Cali,Colombia,50,89885,2022-06-16,Activo
6534,CLI-006534,Empresarial,Medellin,Mexico,59,29579,2024-09-18,Activo
6535,CLI-006535,Digital,Cali,Mexico,50,39381,2021-09-10,Activo
6536,CLI-006536,Nomina,Puebla,Mexico,45,43293,2024-12-30,Activo
6537,CLI-006537,Nomina,Queretaro,Mexico,48,13182,2026-04-16,Activo
6538,CLI-006538,Digital,Monterrey,Mexico,21,65843,2023-02-02,Activo
6539,CLI-006539,Pyme,Puebla,Mexico,36,29738,2024-10-24,Activo
6540,CLI-006540,Digital,Cali,Colombia,21,84514,2024-01-16,Activo
6541,CLI-006541,Empresarial,Guadalajara,Mexico,64,81803,2021-06-25,Activo
6542,CLI-006542,Digital,Medellin,Mexico,45,43209,2023-04-21,Activo
6543,CLI-006543,Pyme,Queretaro,Mexico,52,74517,2026-07-11,Activo
6544,CLI-006544,Empresarial,Cali,Mexico,60,91222,2022-12-14,Activo
6545,CLI-006545,Pyme,Monterrey,Colombia,42,20708,2024-03-24,Activo
6546,CLI-006546,Nomina,Bogota,Mexico,58,49961,2021-05-05,Activo
6547,CLI-006547,Nomina,Bogota,Mexico,34,63107,2025-12-10,Inactivo
6548,CLI-006548,Digital,Bogota,Colombia,43,59675,2026-07-13,Inactivo
6549,CLI-006549,Nomina,Bogota,Mexico,22,65591,2025-12-15,Inactivo
6550,CLI-006550,Nomina,Guadalajara,Colombia,46,23509,2024-10-20,Inactivo
6551,CLI-006551,Pyme,Monterrey,Colombia,27,27314,2026-05-15,Activo
6552,CLI-006552,Digital,Puebla,Colombia,49,27040,2022-10-31,Inactivo
6553,CLI-006553,Nomina,CDMX,Mexico,39,55928,2023-04-30,Activo
6554,CLI-006554,Nomina,Monterrey,Mexico,58,27268,2024-09-05,Inactivo
6555,CLI-006555,Pyme,Guadalajara,Mexico,36,43808,2024-10-03,Activo
6556,CLI-006556,Premium,Guadalajara,Colombia,34,61844,2023-06-25,Activo
6557,CLI-006557,Pyme,Monterrey,Colombia,42,90670,2022-07-04,Activo
6558,CLI-006558,Nomina,Puebla,Mexico,51,82063,2024-10-06,Activo
6559,CLI-006559,Pyme,Queretaro,Mexico,60,97563,2024-04-13,Activo
6560,CLI-006560,Empresarial,Monterrey,Mexico,52,36940,2023-08-09,Inactivo
6561,CLI-006561,Empresarial,CDMX,Mexico,52,60296,2021-08-14,Inactivo
6562,CLI-006562,Nomina,Monterrey,Mexico,34,20361,2021-03-18,Activo
6563,CLI-006563,Premium,CDMX,Colombia,39,42011,2023-05-02,Activo
6564,CLI-006564,Nomina,Bogota,Mexico,54,69978,2024-06-11,Activo
6565,CLI-006565,Empresarial,Puebla,Mexico,55,82584,2023-11-29,Activo
6566,CLI-006566,Pyme,Puebla,Colombia,34,85303,2023-03-24,Activo
6567,CLI-006567,Digital,Guadalajara,Mexico,24,76936,2022-03-22,Activo
6568,CLI-006568,Nomina,Medellin,Colombia,31,81810,2021-04-24,Inactivo
6569,CLI-006569,Nomina,Puebla,Mexico,63,16633,2021-11-26,Activo
6570,CLI-006570,Pyme,Medellin,Mexico,34,16779,2022-12-28,Inactivo
6571,CLI-006571,Pyme,Medellin,Mexico,30,96635,2024-12-16,Inactivo
6572,CLI-006572,Empresarial,Guadalajara,Mexico,49,59343,2023-03-29,Activo
6573,CLI-006573,Digital,Medellin,Mexico,35,92959,2021-08-16,Activo
6574,CLI-006574,Digital,Monterrey,Mexico,52,66705,2024-11-29,Activo
6575,CLI-006575,Nomina,Bogota,Mexico,24,68063,2022-07-18,Activo
6576,CLI-006576,Digital,CDMX,Mexico,47,29493,2024-05-09,Activo
6577,CLI-006577,Premium,Bogota,Colombia,22,68251,2025-02-17,Inactivo
6578,CLI-006578,Pyme,Medellin,Mexico,24,66897,2021-09-30,Inactivo
6579,CLI-006579,Nomina,Medellin,Mexico,42,77889,2025-07-15,Inactivo
6580,CLI-006580,Empresarial,Monterrey,Colombia,27,9483,2025-01-12,Activo
6581,CLI-006581,Premium,Monterrey,Mexico,43,57081,2021-08-08,Activo
6582,CLI-006582,Pyme,CDMX,Mexico,39,37199,2026-06-26,Activo
6583,CLI-006583,Nomina,Cali,Mexico,22,26456,2024-08-25,Activo
6584,CLI-006584,Premium,CDMX,Colombia,39,78559,2021-03-23,Activo
6585,CLI-006585,Nomina,Medellin,Mexico,60,46139,2025-03-01,Activo
6586,CLI-006586,Pyme,CDMX,Colombia,31,85602,2025-07-21,Inactivo
6587,CLI-006587,Pyme,Medellin,Mexico,57,56429,2025-10-18,Activo
6588,CLI-006588,Nomina,Puebla,Mexico,25,20282,2023-05-24,Activo
6589,CLI-006589,Empresarial,Puebla,Mexico,60,61823,2024-04-17,Activo
6590,CLI-006590,Premium,Guadalajara,Mexico,20,23274,2025-06-10,Inactivo
6591,CLI-006591,Digital,CDMX,Mexico,59,40890,2023-06-19,Inactivo
6592,CLI-006592,Premium,Monterrey,Colombia,29,31483,2025-03-30,Activo
6593,CLI-006593,Pyme,Bogota,Mexico,29,40267,2021-12-05,Activo
6594,CLI-006594,Pyme,Bogota,Mexico,44,50620,2022-10-21,Activo
6595,CLI-006595,Nomina,Queretaro,Mexico,55,69966,2022-10-24,Activo
6596,CLI-006596,Digital,Guadalajara,Mexico,34,68165,2025-10-19,Activo
6597,CLI-006597,Pyme,Guadalajara,Mexico,60,9121,2024-02-16,Inactivo
6598,CLI-006598,Nomina,Puebla,Mexico,47,29599,2022-08-04,Activo
6599,CLI-006599,Empresarial,Bogota,Colombia,52,25278,2021-06-26,Activo
6600,CLI-006600,Nomina,Queretaro,Mexico,59,35471,2023-10-31,Activo
6601,CLI-006601,Digital,Medellin,Mexico,42,77868,2022-05-31,Activo
6602,CLI-006602,Empresarial,Queretaro,Mexico,56,11095,2025-01-30,Activo
6603,CLI-006603,Empresarial,Cali,Mexico,20,78357,2023-03-20,Activo
6604,CLI-006604,Nomina,Monterrey,Mexico,21,19196,2022-04-16,Activo
6605,CLI-006605,Empresarial,Guadalajara,Mexico,24,52498,2022-12-22,Activo
6606,CLI-006606,Nomina,Cali,Colombia,57,74497,2024-02-01,Activo
6607,CLI-006607,Digital,Bogota,Mexico,30,90956,2023-10-28,Activo
6608,CLI-006608,Premium,Medellin,Mexico,48,38121,2025-10-27,Inactivo
6609,CLI-006609,Digital,Queretaro,Mexico,64,44364,2026-03-25,Activo
6610,CLI-006610,Premium,Bogota,Mexico,21,20321,2026-02-04,Activo
6611,CLI-006611,Nomina,Medellin,Mexico,39,72713,2023-03-11,Activo
6612,CLI-006612,Pyme,Guadalajara,Mexico,25,70650,2021-10-22,Activo
6613,CLI-006613,Digital,CDMX,Mexico,31,62517,2023-09-16,Activo
6614,CLI-006614,Empresarial,Medellin,Mexico,46,81787,2026-03-22,Inactivo
6615,CLI-006615,Pyme,Cali,Colombia,31,32442,2021-09-07,Activo
6616,CLI-006616,Digital,Puebla,Mexico,40,21205,2021-10-01,Activo
6617,CLI-006617,Premium,Medellin,Mexico,25,17698,2022-02-03,Activo
6618,CLI-006618,Premium,Queretaro,Colombia,56,37301,2021-11-23,Activo
6619,CLI-006619,Pyme,Bogota,Mexico,33,14140,2025-01-27,Activo
6620,CLI-006620,Pyme,Bogota,Mexico,42,67971,2024-07-08,Activo
6621,CLI-006621,Empresarial,Cali,Mexico,60,30500,2021-04-20,Activo
6622,CLI-006622,Premium,Guadalajara,Mexico,46,28143,2024-04-13,Activo
6623,CLI-006623,Empresarial,Monterrey,Mexico,47,51891,2024-01-10,Inactivo
6624,CLI-006624,Digital,Cali,Colombia,64,30622,2025-11-04,Activo
6625,CLI-006625,Nomina,Monterrey,Colombia,55,72492,2022-01-04,Activo
6626,CLI-006626,Pyme,CDMX,Mexico,26,28662,2021-12-09,Activo
6627,CLI-006627,Nomina,Puebla,Colombia,46,39098,2022-03-02,Activo
6628,CLI-006628,Digital,Medellin,Mexico,30,90533,2023-05-14,Activo
6629,CLI-006629,Premium,Puebla,Mexico,30,41554,2026-02-22,Activo
6630,CLI-006630,Pyme,Queretaro,Colombia,40,40074,2021-08-03,Inactivo
6631,CLI-006631,Digital,Cali,Colombia,27,15885,2023-05-15,Inactivo
6632,CLI-006632,Digital,Monterrey,Mexico,22,55099,2022-06-26,Activo
6633,CLI-006633,Digital,Queretaro,Colombia,24,19022,2026-02-16,Inactivo
6634,CLI-006634,Digital,Guadalajara,Mexico,56,71970,2025-05-21,Activo
6635,CLI-006635,Digital,Puebla,Mexico,49,60941,2023-01-31,Inactivo
6636,CLI-006636,Pyme,Medellin,Mexico,32,68947,2022-10-10,Inactivo
6637,CLI-006637,Premium,Bogota,Mexico,57,86452,2022-12-24,Activo
6638,CLI-006638,Pyme,Monterrey,Mexico,48,77494,2022-01-09,Inactivo
6639,CLI-006639,Digital,CDMX,Colombia,54,28247,2024-08-12,Activo
6640,CLI-006640,Pyme,Guadalajara,Mexico,49,67845,2022-06-27,Activo
6641,CLI-006641,Pyme,Queretaro,Colombia,53,91051,2026-01-09,Activo
6642,CLI-006642,Empresarial,Guadalajara,Mexico,56,92819,2024-04-23,Activo
6643,CLI-006643,Nomina,Guadalajara,Colombia,45,53281,2022-03-18,Activo
6644,CLI-006644,Digital,Cali,Mexico,48,23883,2026-06-21,Activo
6645,CLI-006645,Premium,Medellin,Mexico,56,56639,2026-03-17,Inactivo
6646,CLI-006646,Premium,Puebla,Mexico,24,44512,2021-12-30,Activo
6647,CLI-006647,Nomina,Queretaro,Mexico,32,95613,2022-07-24,Activo
6648,CLI-006648,Pyme,CDMX,Colombia,30,43007,2024-10-24,Activo
6649,CLI-006649,Nomina,Cali,Mexico,37,44990,2023-09-25,Activo
6650,CLI-006650,Pyme,Queretaro,Colombia,41,65861,2023-09-02,Inactivo
6651,CLI-006651,Premium,Bogota,Colombia,53,57211,2022-04-14,Activo
6652,CLI-006652,Nomina,Puebla,Colombia,61,17644,2023-06-07,Activo
6653,CLI-006653,Nomina,Puebla,Colombia,41,20069,2022-02-26,Activo
6654,CLI-006654,Premium,Queretaro,Mexico,59,93953,2022-09-24,Activo
6655,CLI-006655,Pyme,Guadalajara,Mexico,21,78410,2022-12-27,Activo
6656,CLI-006656,Empresarial,Bogota,Mexico,64,59818,2024-11-20,Inactivo
6657,CLI-006657,Empresarial,Monterrey,Colombia,51,33071,2024-08-12,Inactivo
6658,CLI-006658,Premium,CDMX,Mexico,60,93695,2026-05-19,Activo
6659,CLI-006659,Pyme,Cali,Colombia,60,22270,2021-07-29,Activo
6660,CLI-006660,Empresarial,Monterrey,Mexico,59,75082,2025-12-26,Activo
6661,CLI-006661,Digital,Puebla,Mexico,48,60924,2025-02-26,Activo
6662,CLI-006662,Digital,Cali,Colombia,33,76113,2022-11-19,Activo
6663,CLI-006663,Digital,Monterrey,Colombia,36,62386,2023-10-05,Activo
6664,CLI-006664,Pyme,CDMX,Colombia,63,91425,2026-06-15,Activo
6665,CLI-006665,Pyme,Medellin,Mexico,41,93095,2026-04-18,Activo
6666,CLI-006666,Nomina,Puebla,Mexico,59,58954,2024-08-23,Inactivo
6667,CLI-006667,Nomina,Bogota,Colombia,50,33196,2025-09-01,Activo
6668,CLI-006668,Pyme,Bogota,Mexico,57,49878,2021-05-01,Activo
6669,CLI-006669,Premium,Medellin,Mexico,56,29687,2023-10-15,Activo
6670,CLI-006670,Empresarial,Cali,Mexico,62,46444,2024-12-01,Activo
6671,CLI-006671,Premium,Medellin,Mexico,45,76510,2024-01-11,Activo
6672,CLI-006672,Digital,Cali,Mexico,49,13204,2022-06-19,Activo
6673,CLI-006673,Pyme,Guadalajara,Mexico,38,31024,2021-04-23,Inactivo
6674,CLI-006674,Premium,CDMX,Mexico,61,55025,2023-03-02,Activo
6675,CLI-006675,Empresarial,Cali,Colombia,30,76343,2026-02-02,Activo
6676,CLI-006676,Premium,Puebla,Mexico,50,91231,2023-06-01,Activo
6677,CLI-006677,Nomina,Cali,Mexico,30,89504,2025-10-21,Activo
6678,CLI-006678,Premium,Bogota,Mexico,47,21887,2024-10-31,Activo
6679,CLI-006679,Empresarial,CDMX,Mexico,26,79712,2021-05-30,Activo
6680,CLI-006680,Digital,Puebla,Mexico,56,58354,2024-01-06,Activo
6681,CLI-006681,Pyme,Medellin,Mexico,52,41864,2025-06-18,Activo
6682,CLI-006682,Nomina,Monterrey,Mexico,55,17751,2021-06-06,Activo
6683,CLI-006683,Premium,Cali,Mexico,49,27019,2023-12-22,Activo
6684,CLI-006684,Nomina,Queretaro,Colombia,26,73700,2022-06-10,Activo
6685,CLI-006685,Premium,CDMX,Colombia,40,82923,2021-10-30,Inactivo
6686,CLI-006686,Empresarial,Puebla,Mexico,24,31803,2022-02-09,Activo
6687,CLI-006687,Premium,Puebla,Mexico,41,95399,2026-02-04,Activo
6688,CLI-006688,Premium,Guadalajara,Mexico,27,35858,2021-08-08,Activo
6689,CLI-006689,Nomina,Puebla,Mexico,49,47827,2025-01-27,Activo
6690,CLI-006690,Digital,CDMX,Mexico,25,64675,2022-11-25,Activo
6691,CLI-006691,Digital,CDMX,Mexico,24,55398,2024-10-26,Activo
6692,CLI-006692,Premium,CDMX,Mexico,20,8555,2025-11-08,Activo
6693,CLI-006693,Digital,Guadalajara,Mexico,57,86657,2021-07-04,Activo
6694,CLI-006694,Nomina,Bogota,Mexico,63,14899,2021-09-01,Activo
6695,CLI-006695,Nomina,Puebla,Mexico,32,60922,2026-08-24,Activo
6696,CLI-006696,Premium,Queretaro,Colombia,57,11570,2021-04-21,Activo
6697,CLI-006697,Pyme,CDMX,Colombia,54,46299,2022-02-05,Activo
6698,CLI-006698,Digital,Monterrey,Mexico,31,20161,2021-05-13,Activo
6699,CLI-006699,Pyme,Bogota,Mexico,40,17769,2021-10-03,Activo
6700,CLI-006700,Empresarial,Guadalajara,Mexico,58,78802,2023-06-01,Activo
6701,CLI-006701,Nomina,Guadalajara,Mexico,53,89094,2026-03-20,Activo
6702,CLI-006702,Empresarial,Guadalajara,Mexico,55,65286,2026-05-26,Activo
6703,CLI-006703,Empresarial,Queretaro,Colombia,20,87212,2025-01-23,Inactivo
6704,CLI-006704,Digital,Guadalajara,Mexico,63,24149,2026-01-16,Activo
6705,CLI-006705,Pyme,Queretaro,Mexico,25,69767,2025-08-11,Activo
6706,CLI-006706,Nomina,CDMX,Mexico,56,19723,2025-05-21,Inactivo
6707,CLI-006707,Premium,Puebla,Colombia,56,33207,2023-11-02,Activo
6708,CLI-006708,Premium,Puebla,Mexico,61,63345,2026-06-08,Inactivo
6709,CLI-006709,Pyme,Puebla,Mexico,46,42802,2024-07-13,Activo
6710,CLI-006710,Empresarial,Guadalajara,Mexico,48,93259,2022-10-16,Inactivo
6711,CLI-006711,Empresarial,Monterrey,Mexico,23,96267,2026-06-12,Inactivo
6712,CLI-006712,Premium,Cali,Mexico,64,37488,2025-04-07,Inactivo
6713,CLI-006713,Pyme,Queretaro,Mexico,33,44633,2024-02-11,Activo
6714,CLI-006714,Nomina,Bogota,Colombia,40,39012,2025-04-12,Activo
6715,CLI-006715,Digital,Guadalajara,Colombia,43,84402,2022-06-17,Activo
6716,CLI-006716,Digital,Guadalajara,Mexico,36,94478,2025-04-07,Activo
6717,CLI-006717,Digital,Guadalajara,Colombia,54,77340,2025-02-01,Activo
6718,CLI-006718,Pyme,Bogota,Mexico,28,73659,2022-09-24,Activo
6719,CLI-006719,Nomina,Monterrey,Mexico,34,84603,2021-05-23,Activo
6720,CLI-006720,Empresarial,Guadalajara,Colombia,27,96065,2025-12-05,Activo
6721,CLI-006721,Digital,Monterrey,Mexico,35,45551,2022-03-30,Inactivo
6722,CLI-006722,Digital,Queretaro,Colombia,54,81437,2022-06-16,Activo
6723,CLI-006723,Pyme,Cali,Mexico,20,78850,2025-06-18,Activo
6724,CLI-006724,Premium,CDMX,Mexico,48,65495,2026-04-10,Activo
6725,CLI-006725,Empresarial,Bogota,Mexico,20,90280,2021-11-15,Activo
6726,CLI-006726,Nomina,Bogota,Mexico,48,83396,2025-07-07,Activo
6727,CLI-006727,Digital,Guadalajara,Mexico,36,49638,2022-09-20,Activo
6728,CLI-006728,Nomina,Medellin,Mexico,60,48364,2023-03-08,Activo
6729,CLI-006729,Empresarial,Medellin,Mexico,55,20340,2021-11-25,Activo
6730,CLI-006730,Nomina,Cali,Mexico,24,10738,2023-07-05,Activo
6731,CLI-006731,Pyme,CDMX,Mexico,30,75501,2022-12-19,Activo
6732,CLI-006732,Premium,Guadalajara,Mexico,48,57825,2022-02-08,Activo
6733,CLI-006733,Pyme,Guadalajara,Mexico,37,48073,2022-08-22,Activo
6734,CLI-006734,Nomina,Monterrey,Mexico,22,38573,2021-12-19,Activo
6735,CLI-006735,Empresarial,Medellin,Colombia,32,31952,2021-04-29,Activo
6736,CLI-006736,Digital,Monterrey,Mexico,21,41876,2021-03-24,Activo
6737,CLI-006737,Pyme,CDMX,Colombia,42,26160,2021-09-19,Activo
6738,CLI-006738,Digital,Puebla,Mexico,52,70147,2022-09-12,Inactivo
6739,CLI-006739,Empresarial,Medellin,Mexico,32,50712,2025-04-29,Inactivo
6740,CLI-006740,Pyme,Cali,Mexico,42,61049,2022-04-15,Activo
6741,CLI-006741,Pyme,Medellin,Mexico,45,92835,2023-09-13,Activo
6742,CLI-006742,Digital,Monterrey,Mexico,21,66611,2025-02-21,Activo
6743,CLI-006743,Nomina,Monterrey,Mexico,37,17856,2022-02-17,Activo
6744,CLI-006744,Premium,Medellin,Mexico,45,83260,2026-07-03,Activo
6745,CLI-006745,Digital,Queretaro,Mexico,25,74966,2023-06-02,Inactivo
6746,CLI-006746,Pyme,Queretaro,Colombia,61,73788,2026-08-18,Activo
6747,CLI-006747,Digital,Guadalajara,Mexico,35,25580,2024-11-03,Activo
6748,CLI-006748,Empresarial,Monterrey,Mexico,40,82006,2023-01-06,Activo
6749,CLI-006749,Nomina,Monterrey,Mexico,43,83624,2022-04-04,Activo
6750,CLI-006750,Empresarial,Bogota,Mexico,40,18973,2025-05-16,Activo
6751,CLI-006751,Premium,Puebla,Colombia,57,64878,2025-12-29,Activo
6752,CLI-006752,Premium,Monterrey,Mexico,42,57287,2026-04-17,Inactivo
6753,CLI-006753,Pyme,Cali,Colombia,29,88644,2023-01-04,Activo
6754,CLI-006754,Nomina,CDMX,Mexico,56,56467,2022-06-14,Inactivo
6755,CLI-006755,Pyme,Guadalajara,Colombia,29,46208,2025-02-19,Activo
6756,CLI-006756,Pyme,CDMX,Mexico,26,65971,2023-04-20,Inactivo
6757,CLI-006757,Premium,Queretaro,Colombia,41,34393,2023-01-09,Activo
6758,CLI-006758,Pyme,Monterrey,Mexico,39,20309,2022-11-17,Activo
6759,CLI-006759,Empresarial,Cali,Mexico,37,63436,2026-02-08,Inactivo
6760,CLI-006760,Nomina,Bogota,Mexico,58,43621,2024-11-13,Inactivo
6761,CLI-006761,Pyme,Puebla,Colombia,30,16941,2021-09-19,Activo
6762,CLI-006762,Pyme,Bogota,Mexico,34,10564,2024-07-22,Inactivo
6763,CLI-006763,Nomina,CDMX,Colombia,49,8880,2025-04-30,Inactivo
6764,CLI-006764,Pyme,Guadalajara,Mexico,25,37280,2025-09-25,Activo
6765,CLI-006765,Nomina,Medellin,Mexico,28,88552,2022-02-03,Activo
6766,CLI-006766,Pyme,Queretaro,Colombia,23,68314,2023-11-16,Activo
6767,CLI-006767,Empresarial,Monterrey,Colombia,21,49779,2025-01-27,Activo
6768,CLI-006768,Digital,Cali,Mexico,41,90825,2026-01-04,Inactivo
6769,CLI-006769,Empresarial,Medellin,Colombia,55,86104,2023-12-06,Activo
6770,CLI-006770,Pyme,Medellin,Colombia,29,78674,2021-10-22,Activo
6771,CLI-006771,Nomina,Monterrey,Colombia,40,53508,2024-08-05,Inactivo
6772,CLI-006772,Premium,CDMX,Colombia,58,10091,2022-09-26,Activo
6773,CLI-006773,Premium,Cali,Mexico,50,9735,2021-07-19,Activo
6774,CLI-006774,Premium,Cali,Mexico,47,41521,2021-12-19,Activo
6775,CLI-006775,Nomina,Medellin,Mexico,32,17657,2022-10-16,Activo
6776,CLI-006776,Digital,CDMX,Colombia,31,59192,2023-10-29,Activo
6777,CLI-006777,Pyme,Queretaro,Colombia,22,8481,2026-04-22,Activo
6778,CLI-006778,Nomina,Cali,Mexico,37,27506,2021-10-25,Activo
6779,CLI-006779,Pyme,Bogota,Mexico,26,15310,2026-02-25,Activo
6780,CLI-006780,Empresarial,Queretaro,Colombia,62,56086,2021-11-18,Activo
6781,CLI-006781,Premium,CDMX,Colombia,62,49882,2024-09-09,Activo
6782,CLI-006782,Nomina,Queretaro,Colombia,39,47558,2022-01-23,Activo
6783,CLI-006783,Nomina,Guadalajara,Mexico,23,19583,2023-11-02,Activo
6784,CLI-006784,Premium,Cali,Colombia,38,47284,2022-04-30,Activo
6785,CLI-006785,Empresarial,Guadalajara,Mexico,58,77098,2024-02-25,Activo
6786,CLI-006786,Pyme,Guadalajara,Mexico,63,74945,2022-12-21,Activo
6787,CLI-006787,Nomina,Medellin,Mexico,31,52267,2023-01-24,Activo
6788,CLI-006788,Empresarial,Cali,Mexico,53,46147,2022-06-09,Activo
6789,CLI-006789,Pyme,CDMX,Mexico,24,37674,2023-09-30,Activo
6790,CLI-006790,Nomina,CDMX,Colombia,62,33859,2025-05-23,Activo
6791,CLI-006791,Nomina,Monterrey,Mexico,41,97255,2024-05-25,Activo
6792,CLI-006792,Premium,Monterrey,Mexico,53,46510,2024-12-12,Activo
6793,CLI-006793,Premium,CDMX,Colombia,58,51958,2023-04-23,Activo
6794,CLI-006794,Nomina,Medellin,Colombia,60,53909,2021-07-13,Inactivo
6795,CLI-006795,Pyme,CDMX,Colombia,22,77257,2024-10-23,Activo
6796,CLI-006796,Digital,Puebla,Mexico,51,45421,2022-11-17,Activo
6797,CLI-006797,Empresarial,Bogota,Mexico,42,31984,2024-01-19,Activo
6798,CLI-006798,Pyme,CDMX,Mexico,30,80148,2022-02-05,Inactivo
6799,CLI-006799,Digital,Guadalajara,Colombia,23,46154,2022-06-03,Inactivo
6800,CLI-006800,Nomina,Bogota,Colombia,47,48098,2022-01-30,Activo
6801,CLI-006801,Digital,Cali,Colombia,59,81619,2023-03-20,Inactivo
6802,CLI-006802,Empresarial,Guadalajara,Colombia,39,69209,2024-03-09,Activo
6803,CLI-006803,Nomina,Medellin,Colombia,50,30673,2023-06-21,Inactivo
6804,CLI-006804,Digital,Medellin,Mexico,64,12947,2026-08-10,Activo
6805,CLI-006805,Empresarial,CDMX,Colombia,35,75977,2025-09-02,Activo
6806,CLI-006806,Nomina,Cali,Mexico,52,20169,2021-06-02,Activo
6807,CLI-006807,Nomina,CDMX,Mexico,32,47203,2024-09-14,Inactivo
6808,CLI-006808,Premium,Monterrey,Mexico,42,72453,2023-02-27,Activo
6809,CLI-006809,Premium,Cali,Mexico,42,71409,2023-12-25,Activo
6810,CLI-006810,Pyme,Bogota,Mexico,24,86642,2026-03-14,Inactivo
6811,CLI-006811,Digital,Monterrey,Mexico,59,12874,2024-08-13,Activo
6812,CLI-006812,Empresarial,Medellin,Mexico,45,39892,2026-07-24,Inactivo
6813,CLI-006813,Empresarial,Bogota,Colombia,29,19961,2023-12-22,Activo
6814,CLI-006814,Pyme,Queretaro,Mexico,63,96426,2023-07-19,Activo
6815,CLI-006815,Nomina,Guadalajara,Colombia,62,37786,2023-03-01,Inactivo
6816,CLI-006816,Empresarial,Cali,Mexico,24,75942,2026-06-17,Activo
6817,CLI-006817,Premium,Medellin,Colombia,30,38358,2022-01-29,Activo
6818,CLI-006818,Pyme,Puebla,Mexico,64,75782,2024-05-21,Activo
6819,CLI-006819,Empresarial,Queretaro,Colombia,62,69174,2025-10-09,Activo
6820,CLI-006820,Premium,Monterrey,Mexico,43,46174,2024-03-29,Activo
6821,CLI-006821,Digital,Queretaro,Mexico,36,18218,2023-03-10,Inactivo
6822,CLI-006822,Pyme,Bogota,Mexico,23,33267,2025-06-07,Inactivo
6823,CLI-006823,Pyme,Guadalajara,Mexico,43,25205,2021-11-10,Activo
6824,CLI-006824,Empresarial,Queretaro,Mexico,58,30052,2021-08-01,Activo
6825,CLI-006825,Empresarial,CDMX,Mexico,34,91036,2024-12-19,Inactivo
6826,CLI-006826,Nomina,Guadalajara,Mexico,50,10881,2024-06-17,Activo
6827,CLI-006827,Empresarial,Medellin,Colombia,29,26410,2022-03-14,Activo
6828,CLI-006828,Nomina,Cali,Mexico,56,59511,2024-01-13,Inactivo
6829,CLI-006829,Nomina,CDMX,Mexico,59,62499,2021-08-06,Inactivo
6830,CLI-006830,Digital,Monterrey,Mexico,62,62873,2026-02-18,Inactivo
6831,CLI-006831,Premium,Puebla,Mexico,54,15282,2024-10-22,Activo
6832,CLI-006832,Premium,Monterrey,Mexico,61,69547,2024-05-13,Activo
6833,CLI-006833,Nomina,Bogota,Mexico,52,32700,2024-07-17,Activo
6834,CLI-006834,Empresarial,Bogota,Colombia,34,62930,2024-07-11,Activo
6835,CLI-006835,Pyme,Puebla,Colombia,34,70111,2021-09-26,Activo
6836,CLI-006836,Premium,Guadalajara,Colombia,58,47753,2024-08-20,Inactivo
6837,CLI-006837,Premium,Bogota,Colombia,25,13925,2023-06-10,Inactivo
6838,CLI-006838,Empresarial,Bogota,Mexico,23,42172,2022-08-10,Activo
6839,CLI-006839,Empresarial,Cali,Mexico,20,23414,2024-04-09,Inactivo
6840,CLI-006840,Digital,Bogota,Mexico,28,53519,2022-01-12,Inactivo
6841,CLI-006841,Nomina,Cali,Mexico,44,53064,2022-07-17,Activo
6842,CLI-006842,Digital,Monterrey,Colombia,35,58763,2022-08-20,Activo
6843,CLI-006843,Digital,Queretaro,Mexico,52,82891,2023-05-20,Activo
6844,CLI-006844,Digital,Queretaro,Mexico,28,26857,2023-06-29,Activo
6845,CLI-006845,Premium,Cali,Mexico,21,69654,2024-02-06,Activo
6846,CLI-006846,Empresarial,Medellin,Mexico,55,33825,2024-01-09,Activo
6847,CLI-006847,Pyme,Monterrey,Mexico,26,75252,2024-05-19,Activo
6848,CLI-006848,Empresarial,CDMX,Mexico,27,96062,2024-08-23,Activo
6849,CLI-006849,Nomina,Puebla,Mexico,30,79798,2022-09-03,Activo
6850,CLI-006850,Pyme,Cali,Mexico,53,65987,2025-05-27,Activo
6851,CLI-006851,Premium,Bogota,Mexico,27,80715,2025-04-15,Activo
6852,CLI-006852,Nomina,Cali,Mexico,50,53208,2024-01-15,Activo
6853,CLI-006853,Nomina,Monterrey,Mexico,58,55536,2022-07-11,Activo
6854,CLI-006854,Digital,Bogota,Mexico,47,43023,2024-01-21,Activo
6855,CLI-006855,Empresarial,Medellin,Mexico,54,63153,2025-07-24,Activo
6856,CLI-006856,Digital,Queretaro,Colombia,44,26923,2022-09-25,Activo
6857,CLI-006857,Premium,Queretaro,Mexico,25,48267,2023-08-16,Activo
6858,CLI-006858,Empresarial,CDMX,Colombia,35,74850,2025-04-23,Activo
6859,CLI-006859,Empresarial,Bogota,Colombia,48,29206,2023-09-13,Activo
6860,CLI-006860,Digital,Monterrey,Mexico,47,10256,2021-07-08,Activo
6861,CLI-006861,Empresarial,Puebla,Mexico,61,91625,2025-09-15,Inactivo
6862,CLI-006862,Digital,Bogota,Mexico,37,21857,2022-09-25,Activo
6863,CLI-006863,Digital,Guadalajara,Mexico,22,44374,2024-03-04,Inactivo
6864,CLI-006864,Empresarial,Queretaro,Mexico,39,72080,2022-11-01,Activo
6865,CLI-006865,Premium,CDMX,Mexico,36,59860,2025-03-23,Activo
6866,CLI-006866,Empresarial,Queretaro,Mexico,29,40540,2022-11-19,Activo
6867,CLI-006867,Digital,Guadalajara,Mexico,37,12980,2025-05-21,Activo
6868,CLI-006868,Empresarial,Bogota,Mexico,37,17781,2023-09-26,Inactivo
6869,CLI-006869,Nomina,Queretaro,Mexico,37,27033,2023-07-01,Activo
6870,CLI-006870,Pyme,Monterrey,Mexico,31,44266,2025-07-23,Activo
6871,CLI-006871,Premium,Guadalajara,Mexico,51,37052,2026-08-12,Activo
6872,CLI-006872,Empresarial,Bogota,Colombia,42,72084,2024-09-24,Inactivo
6873,CLI-006873,Digital,CDMX,Mexico,46,53986,2024-04-19,Activo
6874,CLI-006874,Digital,Guadalajara,Mexico,32,79767,2021-04-05,Activo
6875,CLI-006875,Empresarial,CDMX,Mexico,21,53290,2024-02-12,Activo
6876,CLI-006876,Digital,Puebla,Mexico,57,93618,2024-11-29,Inactivo
6877,CLI-006877,Empresarial,Queretaro,Mexico,52,51859,2022-09-21,Activo
6878,CLI-006878,Digital,Puebla,Mexico,26,46635,2021-11-28,Activo
6879,CLI-006879,Digital,Medellin,Mexico,30,93482,2026-08-14,Activo
6880,CLI-006880,Nomina,Medellin,Colombia,58,50863,2024-05-18,Inactivo
6881,CLI-006881,Empresarial,Puebla,Colombia,39,58670,2021-12-26,Activo
6882,CLI-006882,Empresarial,CDMX,Mexico,59,41961,2023-06-03,Activo
6883,CLI-006883,Empresarial,Queretaro,Colombia,26,94092,2026-06-21,Activo
6884,CLI-006884,Nomina,CDMX,Mexico,54,63600,2026-03-26,Activo
6885,CLI-006885,Premium,Cali,Colombia,29,60688,2023-01-19,Inactivo
6886,CLI-006886,Empresarial,Monterrey,Mexico,39,24446,2025-09-06,Activo
6887,CLI-006887,Digital,Queretaro,Mexico,32,15553,2023-04-09,Inactivo
6888,CLI-006888,Premium,Bogota,Colombia,38,61973,2025-07-13,Activo
6889,CLI-006889,Premium,Monterrey,Mexico,46,11743,2026-08-08,Activo
6890,CLI-006890,Digital,Puebla,Mexico,22,83553,2022-03-04,Activo
6891,CLI-006891,Empresarial,Bogota,Mexico,26,84644,2025-01-29,Activo
6892,CLI-006892,Premium,CDMX,Mexico,28,10238,2024-08-13,Inactivo
6893,CLI-006893,Pyme,Queretaro,Mexico,34,57070,2021-10-21,Inactivo
6894,CLI-006894,Premium,Medellin,Colombia,37,53478,2021-05-29,Activo
6895,CLI-006895,Digital,Guadalajara,Mexico,36,14725,2024-09-15,Activo
6896,CLI-006896,Empresarial,Queretaro,Mexico,24,16635,2023-02-06,Activo
6897,CLI-006897,Digital,Queretaro,Colombia,43,45893,2025-03-26,Inactivo
6898,CLI-006898,Nomina,Cali,Mexico,20,86650,2023-09-12,Inactivo
6899,CLI-006899,Premium,Cali,Mexico,47,24807,2023-12-09,Inactivo
6900,CLI-006900,Nomina,Cali,Mexico,40,55654,2026-06-22,Activo
6901,CLI-006901,Nomina,CDMX,Colombia,52,83032,2024-07-11,Activo
6902,CLI-006902,Digital,Monterrey,Mexico,59,40464,2021-12-20,Activo
6903,CLI-006903,Empresarial,Medellin,Colombia,29,38108,2024-05-22,Activo
6904,CLI-006904,Empresarial,Puebla,Mexico,64,40407,2021-04-13,Activo
6905,CLI-006905,Empresarial,Medellin,Mexico,51,46538,2024-01-08,Inactivo
6906,CLI-006906,Pyme,Medellin,Mexico,63,60527,2021-08-07,Activo
6907,CLI-006907,Pyme,Puebla,Colombia,57,11750,2025-08-18,Inactivo
6908,CLI-006908,Nomina,Medellin,Colombia,52,91851,2022-04-01,Activo
6909,CLI-006909,Nomina,Guadalajara,Mexico,55,52738,2021-09-11,Inactivo
6910,CLI-006910,Pyme,Monterrey,Mexico,27,17064,2022-03-22,Activo
6911,CLI-006911,Nomina,Bogota,Colombia,26,51647,2025-08-15,Activo
6912,CLI-006912,Premium,Medellin,Colombia,55,8669,2021-09-17,Activo
6913,CLI-006913,Nomina,Monterrey,Colombia,31,56061,2022-06-20,Activo
6914,CLI-006914,Pyme,Guadalajara,Mexico,59,54348,2025-03-24,Activo
6915,CLI-006915,Pyme,Monterrey,Colombia,60,43342,2022-07-06,Activo
6916,CLI-006916,Digital,Monterrey,Mexico,21,72398,2021-09-15,Activo
6917,CLI-006917,Pyme,Cali,Colombia,44,37486,2022-02-12,Inactivo
6918,CLI-006918,Nomina,CDMX,Mexico,29,56915,2022-11-27,Inactivo
6919,CLI-006919,Pyme,Queretaro,Mexico,22,51280,2023-04-11,Inactivo
6920,CLI-006920,Empresarial,Queretaro,Colombia,24,33384,2023-10-08,Activo
6921,CLI-006921,Empresarial,Monterrey,Colombia,48,78840,2026-01-18,Activo
6922,CLI-006922,Premium,CDMX,Mexico,46,30728,2024-03-09,Activo
6923,CLI-006923,Empresarial,Puebla,Mexico,57,89963,2024-07-14,Activo
6924,CLI-006924,Pyme,Medellin,Mexico,34,77955,2023-03-16,Activo
6925,CLI-006925,Premium,Medellin,Mexico,36,63865,2024-09-29,Activo
6926,CLI-006926,Nomina,Guadalajara,Mexico,54,19950,2021-10-11,Activo
6927,CLI-006927,Empresarial,Guadalajara,Mexico,63,53933,2024-12-23,Activo
6928,CLI-006928,Premium,Puebla,Mexico,59,57380,2025-05-24,Activo
6929,CLI-006929,Pyme,Cali,Mexico,53,26069,2023-01-26,Activo
6930,CLI-006930,Nomina,Bogota,Mexico,39,81371,2021-06-29,Inactivo
6931,CLI-006931,Nomina,Queretaro,Mexico,33,49062,2022-02-16,Inactivo
6932,CLI-006932,Premium,Bogota,Mexico,47,80570,2026-01-26,Inactivo
6933,CLI-006933,Nomina,Bogota,Colombia,45,87301,2024-10-11,Activo
6934,CLI-006934,Digital,Queretaro,Colombia,56,67537,2026-01-06,Activo
6935,CLI-006935,Digital,Bogota,Mexico,33,55495,2024-12-28,Activo
6936,CLI-006936,Empresarial,Guadalajara,Mexico,45,45788,2022-08-04,Activo
6937,CLI-006937,Pyme,Puebla,Mexico,58,42638,2023-11-25,Activo
6938,CLI-006938,Pyme,Guadalajara,Mexico,42,61759,2025-03-31,Activo
6939,CLI-006939,Premium,Cali,Mexico,24,90970,2023-11-11,Activo
6940,CLI-006940,Pyme,Monterrey,Mexico,39,77597,2023-01-01,Activo
6941,CLI-006941,Empresarial,Bogota,Mexico,60,35386,2024-11-22,Inactivo
6942,CLI-006942,Premium,Cali,Colombia,20,81710,2024-08-02,Activo
6943,CLI-006943,Premium,Bogota,Mexico,62,97436,2024-10-02,Activo
6944,CLI-006944,Nomina,Puebla,Colombia,32,73145,2026-03-10,Activo
6945,CLI-006945,Digital,Queretaro,Mexico,20,18015,2024-08-16,Activo
6946,CLI-006946,Digital,Monterrey,Mexico,34,40259,2025-02-21,Inactivo
6947,CLI-006947,Digital,Monterrey,Colombia,44,85173,2024-07-28,Activo
6948,CLI-006948,Empresarial,Guadalajara,Mexico,52,84041,2023-11-04,Activo
6949,CLI-006949,Pyme,Queretaro,Colombia,37,56679,2023-10-11,Inactivo
6950,CLI-006950,Digital,Cali,Mexico,21,61506,2026-07-03,Inactivo
6951,CLI-006951,Digital,Bogota,Mexico,31,8289,2026-07-22,Activo
6952,CLI-006952,Digital,Monterrey,Colombia,25,62919,2026-05-31,Activo
6953,CLI-006953,Premium,Guadalajara,Mexico,27,65433,2024-08-09,Activo
6954,CLI-006954,Nomina,Cali,Mexico,29,52662,2022-02-11,Activo
6955,CLI-006955,Pyme,Monterrey,Mexico,61,42725,2026-06-06,Activo
6956,CLI-006956,Pyme,Guadalajara,Mexico,57,22787,2022-07-11,Activo
6957,CLI-006957,Pyme,Queretaro,Mexico,55,76531,2021-12-16,Inactivo
6958,CLI-006958,Premium,Cali,Colombia,57,16689,2022-12-19,Activo
6959,CLI-006959,Digital,Puebla,Mexico,22,42186,2026-05-03,Activo
6960,CLI-006960,Premium,Bogota,Mexico,31,8996,2024-12-14,Activo
6961,CLI-006961,Digital,CDMX,Colombia,33,79201,2023-05-06,Inactivo
6962,CLI-006962,Digital,Puebla,Mexico,52,95612,2021-04-26,Activo
6963,CLI-006963,Pyme,Monterrey,Colombia,39,11793,2025-12-23,Inactivo
6964,CLI-006964,Premium,Guadalajara,Mexico,31,40400,2024-02-22,Inactivo
6965,CLI-006965,Nomina,Bogota,Mexico,45,41055,2021-09-20,Activo
6966,CLI-006966,Nomina,CDMX,Mexico,59,36987,2023-05-30,Activo
6967,CLI-006967,Premium,Puebla,Mexico,27,84140,2022-03-28,Activo
6968,CLI-006968,Digital,Monterrey,Mexico,44,46534,2024-06-10,Activo
6969,CLI-006969,Premium,Guadalajara,Colombia,23,19486,2026-04-14,Activo
6970,CLI-006970,Digital,Bogota,Mexico,36,26920,2022-06-02,Inactivo
6971,CLI-006971,Nomina,Monterrey,Colombia,29,79348,2025-02-03,Inactivo
6972,CLI-006972,Pyme,Medellin,Mexico,42,72095,2025-05-29,Activo
6973,CLI-006973,Premium,Guadalajara,Mexico,36,41448,2025-02-08,Activo
6974,CLI-006974,Empresarial,Cali,Mexico,61,38566,2021-05-24,Activo
6975,CLI-006975,Premium,Bogota,Mexico,37,93100,2026-07-23,Inactivo
6976,CLI-006976,Empresarial,Bogota,Mexico,56,74138,2025-11-04,Activo
6977,CLI-006977,Premium,Cali,Mexico,34,88232,2026-07-31,Activo
6978,CLI-006978,Empresarial,CDMX,Mexico,20,24156,2026-02-10,Activo
6979,CLI-006979,Premium,Cali,Mexico,24,81182,2023-05-30,Activo
6980,CLI-006980,Nomina,Queretaro,Colombia,24,95856,2021-07-21,Activo
6981,CLI-006981,Pyme,Guadalajara,Colombia,53,18241,2025-03-24,Activo
6982,CLI-006982,Premium,Monterrey,Mexico,34,83126,2024-07-10,Activo
6983,CLI-006983,Premium,Queretaro,Colombia,54,94401,2022-12-16,Activo
6984,CLI-006984,Digital,CDMX,Mexico,44,24758,2021-09-17,Activo
6985,CLI-006985,Pyme,Monterrey,Colombia,38,69243,2025-07-15,Activo
6986,CLI-006986,Empresarial,Queretaro,Mexico,21,87086,2024-10-21,Activo
6987,CLI-006987,Premium,Guadalajara,Colombia,24,34395,2024-10-26,Activo
6988,CLI-006988,Empresarial,Queretaro,Mexico,48,22548,2024-08-03,Inactivo
6989,CLI-006989,Empresarial,Monterrey,Mexico,64,60495,2026-08-05,Activo
6990,CLI-006990,Digital,Puebla,Mexico,23,73183,2026-08-10,Activo
6991,CLI-006991,Premium,Cali,Colombia,45,62603,2025-06-26,Activo
6992,CLI-006992,Nomina,Queretaro,Mexico,59,64490,2025-01-31,Inactivo
6993,CLI-006993,Empresarial,Puebla,Mexico,27,94690,2026-03-21,Activo
6994,CLI-006994,Nomina,Guadalajara,Mexico,35,52500,2021-09-04,Activo
6995,CLI-006995,Pyme,Guadalajara,Colombia,40,37991,2025-07-25,Inactivo
6996,CLI-006996,Nomina,Queretaro,Colombia,47,44756,2024-04-18,Activo
6997,CLI-006997,Empresarial,Queretaro,Colombia,57,32172,2026-04-17,Activo
6998,CLI-006998,Empresarial,CDMX,Mexico,38,85691,2022-07-17,Activo
6999,CLI-006999,Digital,Medellin,Mexico,47,44232,2024-09-06,Inactivo
7000,CLI-007000,Digital,CDMX,Mexico,39,13976,2026-06-05,Activo
7001,CLI-007001,Nomina,Bogota,Mexico,34,45292,2023-08-16,Activo
7002,CLI-007002,Empresarial,Medellin,Mexico,47,62711,2021-04-05,Inactivo
7003,CLI-007003,Pyme,Monterrey,Mexico,24,59063,2022-06-18,Activo
7004,CLI-007004,Nomina,Monterrey,Colombia,61,46992,2024-05-08,Activo
7005,CLI-007005,Digital,Medellin,Colombia,24,12006,2025-03-07,Activo
7006,CLI-007006,Empresarial,Bogota,Colombia,47,18389,2025-12-29,Inactivo
7007,CLI-007007,Digital,Monterrey,Mexico,22,39379,2023-01-12,Activo
7008,CLI-007008,Digital,Puebla,Mexico,27,62127,2024-06-22,Activo
7009,CLI-007009,Premium,CDMX,Mexico,56,35289,2025-12-06,Activo
7010,CLI-007010,Digital,Bogota,Colombia,28,38651,2023-05-23,Activo
7011,CLI-007011,Nomina,Monterrey,Mexico,44,15529,2025-02-14,Activo
7012,CLI-007012,Nomina,Bogota,Colombia,51,82027,2022-04-07,Activo
7013,CLI-007013,Digital,Medellin,Mexico,55,93237,2024-04-21,Inactivo
7014,CLI-007014,Nomina,CDMX,Mexico,24,21717,2022-05-21,Inactivo
7015,CLI-007015,Pyme,Cali,Colombia,55,56321,2023-05-12,Activo
7016,CLI-007016,Nomina,Queretaro,Colombia,46,9378,2024-04-16,Activo
7017,CLI-007017,Empresarial,CDMX,Colombia,34,14967,2024-02-08,Activo
7018,CLI-007018,Pyme,Puebla,Mexico,58,88578,2025-05-13,Activo
7019,CLI-007019,Nomina,Puebla,Mexico,49,50094,2024-01-20,Activo
7020,CLI-007020,Premium,Medellin,Mexico,23,20452,2022-12-04,Activo
7021,CLI-007021,Pyme,CDMX,Mexico,59,38300,2024-07-30,Inactivo
7022,CLI-007022,Premium,Puebla,Mexico,60,25176,2021-09-17,Activo
7023,CLI-007023,Nomina,CDMX,Mexico,30,34161,2023-09-21,Inactivo
7024,CLI-007024,Pyme,Guadalajara,Mexico,28,41116,2021-11-02,Activo
7025,CLI-007025,Empresarial,Queretaro,Colombia,48,66783,2024-12-20,Activo
7026,CLI-007026,Pyme,Monterrey,Mexico,35,85298,2022-10-16,Activo
7027,CLI-007027,Nomina,Puebla,Mexico,60,25618,2026-03-21,Inactivo
7028,CLI-007028,Pyme,Guadalajara,Colombia,26,20529,2024-11-22,Activo
7029,CLI-007029,Pyme,Bogota,Colombia,57,61603,2022-07-02,Activo
7030,CLI-007030,Digital,Queretaro,Mexico,63,49047,2023-08-31,Inactivo
7031,CLI-007031,Pyme,Guadalajara,Mexico,42,96136,2024-07-20,Activo
7032,CLI-007032,Premium,CDMX,Mexico,51,78796,2023-03-02,Activo
7033,CLI-007033,Nomina,Monterrey,Colombia,42,8751,2021-06-28,Inactivo
7034,CLI-007034,Nomina,Puebla,Mexico,48,94277,2023-02-10,Activo
7035,CLI-007035,Pyme,Medellin,Mexico,25,93369,2023-03-26,Activo
7036,CLI-007036,Empresarial,Cali,Mexico,61,73732,2025-08-25,Inactivo
7037,CLI-007037,Empresarial,Monterrey,Mexico,32,42877,2024-05-20,Activo
7038,CLI-007038,Digital,Queretaro,Mexico,49,43088,2023-03-24,Inactivo
7039,CLI-007039,Pyme,Queretaro,Colombia,20,78915,2022-11-22,Activo
7040,CLI-007040,Nomina,Queretaro,Mexico,56,72690,2021-06-23,Inactivo
7041,CLI-007041,Empresarial,CDMX,Mexico,38,85486,2026-01-05,Activo
7042,CLI-007042,Nomina,Medellin,Mexico,24,56606,2026-01-07,Activo
7043,CLI-007043,Pyme,Cali,Colombia,53,79660,2023-09-10,Activo
7044,CLI-007044,Pyme,Bogota,Mexico,56,54389,2025-09-01,Activo
7045,CLI-007045,Premium,Queretaro,Colombia,23,78081,2022-07-20,Activo
7046,CLI-007046,Pyme,CDMX,Colombia,47,63858,2025-08-20,Activo
7047,CLI-007047,Empresarial,Puebla,Mexico,60,53421,2022-04-24,Activo
7048,CLI-007048,Premium,Guadalajara,Colombia,59,28032,2022-08-24,Inactivo
7049,CLI-007049,Digital,Medellin,Colombia,53,15052,2026-05-28,Activo
7050,CLI-007050,Nomina,Medellin,Mexico,30,55535,2022-03-18,Activo
7051,CLI-007051,Premium,Monterrey,Colombia,24,69836,2023-06-06,Activo
7052,CLI-007052,Empresarial,Puebla,Mexico,22,26419,2024-08-21,Activo
7053,CLI-007053,Pyme,Queretaro,Mexico,36,17501,2026-01-07,Activo
7054,CLI-007054,Digital,Queretaro,Mexico,53,90741,2025-05-04,Inactivo
7055,CLI-007055,Premium,Guadalajara,Mexico,41,96225,2021-07-07,Inactivo
7056,CLI-007056,Pyme,CDMX,Mexico,33,19721,2022-06-16,Inactivo
7057,CLI-007057,Digital,Medellin,Mexico,33,69767,2022-04-25,Activo
7058,CLI-007058,Premium,Guadalajara,Colombia,26,10090,2023-10-14,Activo
7059,CLI-007059,Digital,Medellin,Mexico,56,63296,2025-12-31,Activo
7060,CLI-007060,Premium,CDMX,Colombia,43,13666,2026-08-14,Activo
7061,CLI-007061,Pyme,Cali,Mexico,25,34062,2026-03-19,Activo
7062,CLI-007062,Nomina,Cali,Colombia,48,61179,2025-04-23,Activo
7063,CLI-007063,Digital,Cali,Colombia,53,33161,2021-06-03,Activo
7064,CLI-007064,Pyme,Guadalajara,Colombia,39,82320,2023-06-10,Activo
7065,CLI-007065,Empresarial,Cali,Mexico,43,95882,2023-02-12,Inactivo
7066,CLI-007066,Nomina,Medellin,Mexico,36,27179,2022-12-06,Activo
7067,CLI-007067,Nomina,Medellin,Mexico,43,37740,2021-12-10,Inactivo
7068,CLI-007068,Digital,Puebla,Mexico,42,25623,2026-08-07,Inactivo
7069,CLI-007069,Pyme,Bogota,Mexico,21,50825,2021-08-06,Activo
7070,CLI-007070,Empresarial,Monterrey,Mexico,52,19577,2021-07-29,Inactivo
7071,CLI-007071,Pyme,Monterrey,Colombia,30,52376,2026-04-10,Inactivo
7072,CLI-007072,Premium,Medellin,Mexico,39,82026,2025-03-03,Activo
7073,CLI-007073,Empresarial,Guadalajara,Colombia,22,89154,2022-06-04,Inactivo
7074,CLI-007074,Empresarial,Bogota,Colombia,43,85320,2021-12-24,Inactivo
7075,CLI-007075,Digital,Medellin,Mexico,43,90413,2022-02-23,Activo
7076,CLI-007076,Pyme,CDMX,Mexico,53,30498,2024-10-28,Inactivo
7077,CLI-007077,Empresarial,Queretaro,Mexico,20,78613,2021-05-29,Activo
7078,CLI-007078,Empresarial,Bogota,Mexico,30,15342,2023-12-18,Activo
7079,CLI-007079,Nomina,Puebla,Mexico,46,49685,2021-10-07,Activo
7080,CLI-007080,Pyme,Puebla,Colombia,55,94250,2023-09-09,Inactivo
7081,CLI-007081,Nomina,Cali,Mexico,42,88834,2022-08-01,Activo
7082,CLI-007082,Nomina,Bogota,Colombia,52,50689,2021-03-31,Inactivo
7083,CLI-007083,Premium,Guadalajara,Mexico,62,27401,2022-10-26,Activo
7084,CLI-007084,Empresarial,Guadalajara,Mexico,58,82791,2025-01-10,Activo
7085,CLI-007085,Pyme,Monterrey,Mexico,40,64411,2025-01-18,Inactivo
7086,CLI-007086,Premium,Guadalajara,Mexico,57,9413,2026-07-23,Activo
7087,CLI-007087,Premium,Queretaro,Colombia,30,32908,2026-08-20,Activo
7088,CLI-007088,Digital,CDMX,Mexico,48,27303,2024-03-31,Activo
7089,CLI-007089,Pyme,Puebla,Mexico,61,42897,2022-09-18,Activo
7090,CLI-007090,Pyme,Puebla,Colombia,44,90050,2022-04-26,Inactivo
7091,CLI-007091,Empresarial,Queretaro,Mexico,33,55094,2022-02-10,Activo
7092,CLI-007092,Nomina,Puebla,Mexico,26,78267,2025-04-13,Activo
7093,CLI-007093,Pyme,Puebla,Colombia,33,76043,2025-09-26,Inactivo
7094,CLI-007094,Digital,Puebla,Mexico,63,21745,2022-10-20,Activo
7095,CLI-007095,Premium,Cali,Colombia,46,90927,2021-06-17,Activo
7096,CLI-007096,Digital,Medellin,Mexico,48,13628,2026-05-15,Inactivo
7097,CLI-007097,Premium,Medellin,Colombia,30,47409,2026-02-16,Activo
7098,CLI-007098,Pyme,Queretaro,Mexico,35,92655,2022-09-11,Inactivo
7099,CLI-007099,Digital,Medellin,Mexico,21,85799,2024-09-01,Activo
7100,CLI-007100,Empresarial,Medellin,Colombia,34,94527,2024-07-27,Inactivo
7101,CLI-007101,Pyme,Bogota,Mexico,37,49180,2024-11-02,Inactivo
7102,CLI-007102,Empresarial,Cali,Colombia,26,92348,2026-07-30,Activo
7103,CLI-007103,Digital,Bogota,Mexico,54,25259,2024-08-30,Activo
7104,CLI-007104,Digital,Medellin,Colombia,59,24418,2022-09-22,Activo
7105,CLI-007105,Pyme,Puebla,Mexico,52,90410,2021-04-07,Activo
7106,CLI-007106,Pyme,Medellin,Colombia,43,31234,2026-06-01,Activo
7107,CLI-007107,Nomina,Puebla,Colombia,51,54488,2021-06-09,Inactivo
7108,CLI-007108,Empresarial,Guadalajara,Colombia,27,62262,2023-01-12,Activo
7109,CLI-007109,Pyme,Guadalajara,Colombia,51,8301,2022-10-11,Activo
7110,CLI-007110,Premium,Queretaro,Mexico,45,33251,2026-06-01,Activo
7111,CLI-007111,Empresarial,Puebla,Mexico,57,90789,2023-01-30,Activo
7112,CLI-007112,Nomina,Cali,Mexico,35,37955,2026-09-03,Inactivo
7113,CLI-007113,Premium,Puebla,Mexico,56,61801,2023-05-01,Activo
7114,CLI-007114,Nomina,Cali,Colombia,45,32411,2025-08-14,Activo
7115,CLI-007115,Nomina,Queretaro,Mexico,25,76854,2022-06-20,Activo
7116,CLI-007116,Pyme,Medellin,Mexico,25,60808,2021-06-24,Activo
7117,CLI-007117,Digital,Puebla,Mexico,63,87692,2024-03-07,Activo
7118,CLI-007118,Pyme,Queretaro,Colombia,50,71594,2021-07-25,Inactivo
7119,CLI-007119,Digital,Queretaro,Mexico,32,56623,2023-04-24,Inactivo
7120,CLI-007120,Premium,CDMX,Mexico,24,20443,2024-11-17,Activo
7121,CLI-007121,Premium,Medellin,Mexico,21,55990,2021-05-04,Activo
7122,CLI-007122,Pyme,Monterrey,Mexico,33,82076,2026-03-27,Activo
7123,CLI-007123,Digital,Bogota,Colombia,44,67334,2021-08-31,Activo
7124,CLI-007124,Empresarial,Bogota,Colombia,24,87843,2026-01-21,Activo
7125,CLI-007125,Premium,CDMX,Colombia,57,15262,2021-11-17,Activo
7126,CLI-007126,Pyme,Medellin,Colombia,55,85262,2025-07-07,Inactivo
7127,CLI-007127,Digital,Queretaro,Colombia,23,88756,2026-08-01,Activo
7128,CLI-007128,Pyme,Queretaro,Mexico,28,40194,2024-04-06,Inactivo
7129,CLI-007129,Pyme,Bogota,Mexico,30,12268,2023-01-21,Activo
7130,CLI-007130,Pyme,Medellin,Mexico,49,33498,2021-09-24,Inactivo
7131,CLI-007131,Nomina,CDMX,Colombia,64,85875,2023-06-04,Activo
7132,CLI-007132,Digital,Queretaro,Mexico,40,72616,2025-08-23,Inactivo
7133,CLI-007133,Premium,Cali,Mexico,23,86333,2023-07-19,Activo
7134,CLI-007134,Empresarial,Bogota,Colombia,42,79879,2021-08-07,Activo
7135,CLI-007135,Premium,CDMX,Mexico,45,18629,2022-07-22,Activo
7136,CLI-007136,Empresarial,Puebla,Colombia,34,70381,2025-12-12,Activo
7137,CLI-007137,Empresarial,Bogota,Mexico,43,39180,2022-07-10,Inactivo
7138,CLI-007138,Empresarial,Monterrey,Mexico,56,76864,2025-01-16,Activo
7139,CLI-007139,Premium,Medellin,Colombia,50,11714,2021-09-14,Activo
7140,CLI-007140,Empresarial,Puebla,Mexico,56,89461,2025-08-25,Activo
7141,CLI-007141,Premium,Queretaro,Mexico,61,27090,2022-11-02,Activo
7142,CLI-007142,Premium,CDMX,Mexico,41,43318,2022-08-14,Inactivo
7143,CLI-007143,Digital,Guadalajara,Mexico,29,88194,2025-02-22,Inactivo
7144,CLI-007144,Nomina,Medellin,Mexico,40,91112,2021-08-27,Activo
7145,CLI-007145,Premium,Cali,Colombia,37,57076,2025-07-21,Activo
7146,CLI-007146,Nomina,Medellin,Mexico,27,66458,2023-08-07,Activo
7147,CLI-007147,Premium,CDMX,Mexico,36,86140,2021-07-21,Activo
7148,CLI-007148,Pyme,Monterrey,Colombia,44,43503,2025-01-13,Activo
7149,CLI-007149,Digital,Guadalajara,Mexico,45,31883,2023-09-23,Activo
7150,CLI-007150,Digital,Bogota,Colombia,24,39128,2025-09-01,Activo
7151,CLI-007151,Empresarial,Guadalajara,Mexico,44,51249,2024-07-09,Activo
7152,CLI-007152,Digital,Monterrey,Mexico,41,51670,2025-01-10,Inactivo
7153,CLI-007153,Digital,Queretaro,Mexico,23,95204,2026-07-29,Activo
7154,CLI-007154,Premium,Medellin,Colombia,62,24115,2024-01-05,Activo
7155,CLI-007155,Premium,CDMX,Mexico,44,79512,2023-01-03,Activo
7156,CLI-007156,Digital,Monterrey,Colombia,62,37746,2022-10-29,Activo
7157,CLI-007157,Empresarial,Puebla,Colombia,38,20982,2026-04-17,Activo
7158,CLI-007158,Digital,Monterrey,Mexico,38,36619,2026-01-20,Activo
7159,CLI-007159,Nomina,Monterrey,Mexico,58,72106,2025-12-27,Activo
7160,CLI-007160,Digital,Puebla,Mexico,53,73870,2023-01-21,Activo
7161,CLI-007161,Digital,Cali,Mexico,57,80699,2022-05-21,Activo
7162,CLI-007162,Nomina,Medellin,Mexico,30,45330,2026-06-22,Inactivo
7163,CLI-007163,Empresarial,Monterrey,Mexico,27,42889,2026-04-01,Activo
7164,CLI-007164,Empresarial,Cali,Mexico,26,67228,2022-08-24,Activo
7165,CLI-007165,Premium,Puebla,Colombia,61,90763,2026-01-17,Activo
7166,CLI-007166,Nomina,Cali,Mexico,55,49681,2025-12-29,Activo
7167,CLI-007167,Nomina,CDMX,Mexico,53,62068,2026-05-24,Activo
7168,CLI-007168,Empresarial,Monterrey,Colombia,34,84829,2024-09-14,Activo
7169,CLI-007169,Pyme,Bogota,Mexico,45,28600,2023-05-10,Activo
7170,CLI-007170,Empresarial,Bogota,Mexico,55,65112,2024-05-25,Activo
7171,CLI-007171,Digital,Monterrey,Mexico,36,54167,2026-08-15,Activo
7172,CLI-007172,Digital,Medellin,Mexico,26,96245,2024-03-11,Activo
7173,CLI-007173,Pyme,Monterrey,Mexico,24,66303,2024-02-14,Activo
7174,CLI-007174,Pyme,Monterrey,Colombia,43,39292,2023-09-16,Activo
7175,CLI-007175,Nomina,CDMX,Mexico,56,59630,2024-02-12,Activo
7176,CLI-007176,Nomina,Puebla,Colombia,39,44493,2021-04-13,Activo
7177,CLI-007177,Premium,Queretaro,Mexico,27,32083,2022-07-08,Activo
7178,CLI-007178,Empresarial,Guadalajara,Mexico,43,33213,2025-11-28,Inactivo
7179,CLI-007179,Premium,Guadalajara,Mexico,31,59041,2026-06-07,Activo
7180,CLI-007180,Digital,Guadalajara,Mexico,63,14659,2023-01-31,Inactivo
7181,CLI-007181,Digital,Queretaro,Mexico,37,33100,2024-11-23,Inactivo
7182,CLI-007182,Digital,Bogota,Mexico,30,8707,2022-06-24,Inactivo
7183,CLI-007183,Premium,Puebla,Mexico,22,12162,2025-09-17,Inactivo
7184,CLI-007184,Premium,Puebla,Mexico,59,53853,2025-02-07,Activo
7185,CLI-007185,Premium,Monterrey,Mexico,38,97689,2025-06-22,Inactivo
7186,CLI-007186,Empresarial,Cali,Mexico,64,57028,2023-01-14,Activo
7187,CLI-007187,Pyme,Puebla,Mexico,60,29251,2022-08-02,Activo
7188,CLI-007188,Premium,CDMX,Mexico,53,76585,2023-05-17,Activo
7189,CLI-007189,Premium,Guadalajara,Mexico,61,69232,2021-11-10,Activo
7190,CLI-007190,Empresarial,Monterrey,Mexico,47,25590,2023-04-19,Activo
7191,CLI-007191,Nomina,Queretaro,Mexico,25,77800,2024-11-13,Activo
7192,CLI-007192,Premium,Cali,Mexico,57,71312,2022-09-04,Activo
7193,CLI-007193,Empresarial,Guadalajara,Colombia,31,72159,2024-10-16,Activo
7194,CLI-007194,Empresarial,Monterrey,Mexico,39,17279,2022-01-28,Activo
7195,CLI-007195,Digital,Cali,Colombia,57,26980,2022-12-26,Activo
7196,CLI-007196,Nomina,Medellin,Mexico,52,46633,2025-05-30,Inactivo
7197,CLI-007197,Empresarial,Queretaro,Mexico,29,16959,2026-08-09,Activo
7198,CLI-007198,Nomina,Monterrey,Mexico,42,50861,2024-08-08,Activo
7199,CLI-007199,Digital,Puebla,Mexico,28,65046,2023-05-11,Activo
7200,CLI-007200,Nomina,Bogota,Mexico,44,47498,2025-10-14,Inactivo
7201,CLI-007201,Empresarial,Queretaro,Mexico,39,45276,2022-08-21,Inactivo
7202,CLI-007202,Digital,Queretaro,Mexico,37,64249,2024-12-17,Activo
7203,CLI-007203,Nomina,Bogota,Mexico,45,44422,2023-03-22,Activo
7204,CLI-007204,Digital,Cali,Mexico,38,25002,2024-11-06,Activo
7205,CLI-007205,Nomina,CDMX,Mexico,62,53790,2026-08-24,Activo
7206,CLI-007206,Nomina,Queretaro,Mexico,25,12955,2025-05-20,Activo
7207,CLI-007207,Nomina,Queretaro,Mexico,36,96730,2026-05-28,Activo
7208,CLI-007208,Nomina,Puebla,Mexico,40,83222,2026-08-03,Activo
7209,CLI-007209,Premium,Queretaro,Mexico,40,39720,2023-07-31,Activo
7210,CLI-007210,Digital,Cali,Mexico,21,43295,2024-11-24,Activo
7211,CLI-007211,Premium,Bogota,Mexico,40,46665,2026-06-18,Activo
7212,CLI-007212,Empresarial,CDMX,Mexico,57,39355,2025-10-31,Activo
7213,CLI-007213,Empresarial,CDMX,Colombia,62,19398,2024-02-20,Inactivo
7214,CLI-007214,Nomina,Bogota,Mexico,26,89685,2021-08-31,Activo
7215,CLI-007215,Empresarial,Queretaro,Mexico,54,74886,2024-04-24,Activo
7216,CLI-007216,Premium,Puebla,Mexico,48,67412,2022-10-11,Activo
7217,CLI-007217,Empresarial,CDMX,Mexico,42,8752,2026-08-24,Inactivo
7218,CLI-007218,Nomina,Bogota,Mexico,62,47924,2025-08-17,Activo
7219,CLI-007219,Premium,CDMX,Colombia,30,81056,2025-08-19,Activo
7220,CLI-007220,Pyme,Bogota,Mexico,44,28072,2024-01-16,Inactivo
7221,CLI-007221,Empresarial,Bogota,Mexico,64,72861,2025-03-15,Activo
7222,CLI-007222,Pyme,CDMX,Mexico,36,56510,2024-05-13,Inactivo
7223,CLI-007223,Nomina,Bogota,Mexico,20,39635,2026-03-15,Inactivo
7224,CLI-007224,Premium,Puebla,Mexico,32,62755,2025-05-14,Activo
7225,CLI-007225,Empresarial,Cali,Mexico,46,33665,2025-12-21,Inactivo
7226,CLI-007226,Digital,Puebla,Colombia,30,94319,2021-05-12,Activo
7227,CLI-007227,Pyme,Queretaro,Mexico,42,41348,2022-06-12,Activo
7228,CLI-007228,Nomina,Bogota,Mexico,61,28104,2022-09-15,Activo
7229,CLI-007229,Nomina,CDMX,Colombia,32,31051,2023-09-28,Activo
7230,CLI-007230,Nomina,Bogota,Mexico,23,53590,2022-10-05,Inactivo
7231,CLI-007231,Pyme,CDMX,Colombia,27,28319,2021-06-19,Activo
7232,CLI-007232,Empresarial,Puebla,Mexico,58,94333,2021-05-30,Activo
7233,CLI-007233,Empresarial,Puebla,Mexico,22,40522,2024-06-22,Activo
7234,CLI-007234,Digital,Medellin,Mexico,28,59984,2026-03-29,Activo
7235,CLI-007235,Nomina,Puebla,Mexico,41,36220,2022-01-09,Inactivo
7236,CLI-007236,Premium,Bogota,Colombia,39,9983,2026-01-15,Activo
7237,CLI-007237,Empresarial,CDMX,Colombia,37,85747,2026-02-15,Inactivo
7238,CLI-007238,Empresarial,Guadalajara,Mexico,58,71553,2021-04-08,Activo
7239,CLI-007239,Premium,Guadalajara,Mexico,30,60664,2024-11-29,Inactivo
7240,CLI-007240,Digital,Guadalajara,Colombia,46,96374,2025-12-08,Activo
7241,CLI-007241,Premium,Queretaro,Mexico,38,67334,2024-12-03,Activo
7242,CLI-007242,Premium,Monterrey,Mexico,32,61232,2024-07-31,Activo
7243,CLI-007243,Digital,Guadalajara,Mexico,57,59101,2022-07-06,Activo
7244,CLI-007244,Pyme,Monterrey,Colombia,22,25834,2022-02-10,Activo
7245,CLI-007245,Digital,Bogota,Colombia,36,64375,2021-06-14,Activo
7246,CLI-007246,Pyme,CDMX,Colombia,21,54596,2022-01-22,Activo
7247,CLI-007247,Premium,Queretaro,Colombia,60,83041,2021-09-23,Activo
7248,CLI-007248,Empresarial,Cali,Colombia,56,47824,2022-05-21,Activo
7249,CLI-007249,Premium,Medellin,Mexico,28,92577,2023-12-05,Inactivo
7250,CLI-007250,Nomina,Bogota,Mexico,63,48673,2026-02-28,Activo
7251,CLI-007251,Pyme,Guadalajara,Colombia,42,27690,2026-04-24,Activo
7252,CLI-007252,Premium,Cali,Mexico,48,13972,2025-03-09,Activo
7253,CLI-007253,Nomina,CDMX,Colombia,59,16120,2025-05-14,Inactivo
7254,CLI-007254,Digital,Guadalajara,Mexico,57,60989,2025-04-11,Activo
7255,CLI-007255,Nomina,Medellin,Mexico,55,65829,2025-10-15,Activo
7256,CLI-007256,Digital,Medellin,Colombia,46,49946,2023-12-24,Activo
7257,CLI-007257,Pyme,Bogota,Colombia,62,37007,2026-04-06,Activo
7258,CLI-007258,Digital,Cali,Mexico,45,16879,2021-09-22,Activo
7259,CLI-007259,Digital,Guadalajara,Colombia,62,63893,2024-03-31,Activo
7260,CLI-007260,Nomina,Cali,Colombia,24,54381,2022-08-11,Activo
7261,CLI-007261,Digital,Bogota,Mexico,20,53981,2025-06-12,Inactivo
7262,CLI-007262,Empresarial,Medellin,Mexico,38,58991,2023-09-30,Inactivo
7263,CLI-007263,Premium,Queretaro,Mexico,36,45029,2023-04-19,Activo
7264,CLI-007264,Digital,Queretaro,Mexico,27,72540,2024-03-02,Activo
7265,CLI-007265,Nomina,Medellin,Colombia,39,78627,2024-09-23,Inactivo
7266,CLI-007266,Digital,Cali,Colombia,36,61743,2024-04-02,Inactivo
7267,CLI-007267,Digital,Cali,Mexico,41,70268,2022-05-03,Activo
7268,CLI-007268,Nomina,Cali,Mexico,52,45033,2025-12-11,Activo
7269,CLI-007269,Pyme,Puebla,Colombia,30,29492,2024-02-11,Activo
7270,CLI-007270,Nomina,Bogota,Mexico,42,53010,2022-03-17,Activo
7271,CLI-007271,Premium,Bogota,Mexico,62,31537,2024-06-20,Activo
7272,CLI-007272,Digital,Guadalajara,Colombia,64,92497,2025-12-07,Activo
7273,CLI-007273,Nomina,Monterrey,Colombia,50,60541,2022-04-20,Activo
7274,CLI-007274,Empresarial,Cali,Colombia,54,92819,2023-06-15,Inactivo
7275,CLI-007275,Pyme,Medellin,Colombia,37,76094,2026-05-16,Activo
7276,CLI-007276,Pyme,Medellin,Mexico,46,60390,2026-04-20,Activo
7277,CLI-007277,Digital,Bogota,Mexico,28,67601,2026-03-21,Activo
7278,CLI-007278,Pyme,Monterrey,Mexico,45,52286,2021-10-14,Activo
7279,CLI-007279,Digital,Cali,Mexico,53,51919,2026-01-23,Activo
7280,CLI-007280,Digital,Monterrey,Mexico,34,60717,2025-05-12,Activo
7281,CLI-007281,Pyme,Medellin,Colombia,22,63529,2026-02-07,Inactivo
7282,CLI-007282,Digital,Medellin,Colombia,63,24065,2026-08-13,Activo
7283,CLI-007283,Nomina,Bogota,Mexico,60,30193,2022-01-13,Activo
7284,CLI-007284,Empresarial,Puebla,Mexico,50,63773,2023-11-17,Activo
7285,CLI-007285,Nomina,Monterrey,Mexico,47,80189,2025-10-21,Inactivo
7286,CLI-007286,Premium,CDMX,Mexico,47,92036,2021-04-28,Activo
7287,CLI-007287,Nomina,CDMX,Mexico,49,10912,2026-06-26,Inactivo
7288,CLI-007288,Pyme,Medellin,Mexico,41,34583,2021-07-15,Activo
7289,CLI-007289,Digital,Cali,Mexico,57,39091,2025-01-11,Activo
7290,CLI-007290,Empresarial,Cali,Colombia,62,38624,2023-06-17,Activo
7291,CLI-007291,Empresarial,Monterrey,Mexico,35,44960,2025-08-13,Activo
7292,CLI-007292,Pyme,Guadalajara,Mexico,33,43965,2026-07-27,Activo
7293,CLI-007293,Pyme,Guadalajara,Mexico,56,84249,2026-09-01,Inactivo
7294,CLI-007294,Nomina,Monterrey,Mexico,40,80636,2023-02-09,Activo
7295,CLI-007295,Empresarial,Bogota,Mexico,41,64256,2022-03-04,Activo
7296,CLI-007296,Nomina,Medellin,Mexico,62,32792,2021-07-18,Activo
7297,CLI-007297,Premium,Bogota,Mexico,35,10206,2026-07-31,Activo
7298,CLI-007298,Empresarial,Bogota,Mexico,43,11535,2021-10-25,Inactivo
7299,CLI-007299,Premium,Queretaro,Mexico,52,40759,2022-05-28,Activo
7300,CLI-007300,Empresarial,CDMX,Mexico,47,60456,2021-12-07,Activo
7301,CLI-007301,Empresarial,Cali,Mexico,53,94938,2025-03-22,Activo
7302,CLI-007302,Nomina,Queretaro,Mexico,56,66240,2024-09-09,Inactivo
7303,CLI-007303,Nomina,Puebla,Mexico,45,74107,2025-11-05,Activo
7304,CLI-007304,Empresarial,Puebla,Mexico,64,20069,2023-08-26,Activo
7305,CLI-007305,Digital,CDMX,Colombia,58,62678,2022-10-18,Inactivo
7306,CLI-007306,Digital,Guadalajara,Colombia,60,27072,2021-11-01,Activo
7307,CLI-007307,Empresarial,Medellin,Mexico,29,91128,2023-01-31,Activo
7308,CLI-007308,Pyme,Puebla,Mexico,42,43998,2022-12-10,Activo
7309,CLI-007309,Nomina,Queretaro,Mexico,41,63165,2021-08-29,Activo
7310,CLI-007310,Pyme,Cali,Mexico,25,73849,2024-09-11,Activo
7311,CLI-007311,Pyme,Monterrey,Mexico,53,85243,2022-09-25,Activo
7312,CLI-007312,Empresarial,Bogota,Mexico,54,72687,2021-03-19,Activo
7313,CLI-007313,Premium,CDMX,Colombia,49,16105,2022-02-11,Activo
7314,CLI-007314,Premium,Queretaro,Mexico,44,19573,2025-02-10,Activo
7315,CLI-007315,Empresarial,CDMX,Mexico,25,51939,2025-07-07,Activo
7316,CLI-007316,Digital,Bogota,Mexico,64,67377,2023-02-28,Inactivo
7317,CLI-007317,Nomina,Bogota,Mexico,26,20435,2025-10-21,Activo
7318,CLI-007318,Premium,Medellin,Colombia,37,75151,2025-10-21,Activo
7319,CLI-007319,Pyme,Cali,Colombia,55,92726,2023-09-17,Activo
7320,CLI-007320,Digital,Monterrey,Mexico,51,47850,2024-12-18,Activo
7321,CLI-007321,Nomina,Monterrey,Mexico,50,11027,2022-11-21,Activo
7322,CLI-007322,Pyme,Guadalajara,Mexico,25,34902,2025-03-15,Activo
7323,CLI-007323,Pyme,Bogota,Mexico,62,41214,2021-08-22,Inactivo
7324,CLI-007324,Digital,Queretaro,Mexico,61,31745,2025-12-05,Activo
7325,CLI-007325,Nomina,Monterrey,Mexico,61,46117,2024-10-11,Activo
7326,CLI-007326,Nomina,Puebla,Mexico,21,25567,2022-02-11,Activo
7327,CLI-007327,Nomina,Queretaro,Mexico,61,22851,2023-11-03,Activo
7328,CLI-007328,Nomina,CDMX,Mexico,43,76078,2021-04-26,Activo
7329,CLI-007329,Pyme,Puebla,Mexico,22,96326,2021-12-28,Activo
7330,CLI-007330,Nomina,Puebla,Mexico,20,53138,2021-10-04,Activo
7331,CLI-007331,Nomina,Medellin,Mexico,48,8352,2022-10-28,Activo
7332,CLI-007332,Digital,Guadalajara,Mexico,31,58841,2025-07-07,Activo
7333,CLI-007333,Premium,Medellin,Mexico,58,60218,2025-10-03,Activo
7334,CLI-007334,Nomina,Bogota,Mexico,41,58529,2022-04-22,Inactivo
7335,CLI-007335,Empresarial,Queretaro,Colombia,57,89023,2025-04-26,Inactivo
7336,CLI-007336,Digital,Bogota,Mexico,29,46809,2026-06-28,Activo
7337,CLI-007337,Nomina,CDMX,Mexico,49,50625,2026-07-01,Activo
7338,CLI-007338,Digital,CDMX,Mexico,35,88661,2023-09-15,Activo
7339,CLI-007339,Pyme,Queretaro,Colombia,45,60698,2022-03-05,Activo
7340,CLI-007340,Digital,Queretaro,Mexico,36,78266,2025-11-27,Inactivo
7341,CLI-007341,Premium,Puebla,Mexico,63,60504,2022-09-27,Inactivo
7342,CLI-007342,Pyme,Monterrey,Mexico,55,17898,2021-03-29,Inactivo
7343,CLI-007343,Pyme,Monterrey,Colombia,52,30329,2025-12-26,Activo
7344,CLI-007344,Digital,Bogota,Mexico,24,36448,2023-07-10,Activo
7345,CLI-007345,Premium,Guadalajara,Colombia,51,96724,2021-07-29,Activo
7346,CLI-007346,Premium,Bogota,Mexico,23,36102,2021-07-12,Activo
7347,CLI-007347,Nomina,Medellin,Colombia,51,88760,2022-12-27,Inactivo
7348,CLI-007348,Premium,Cali,Colombia,23,60337,2024-04-08,Inactivo
7349,CLI-007349,Premium,CDMX,Colombia,47,15512,2023-02-23,Activo
7350,CLI-007350,Nomina,Monterrey,Mexico,56,89246,2023-04-04,Activo
7351,CLI-007351,Empresarial,Guadalajara,Mexico,63,75797,2026-03-14,Activo
7352,CLI-007352,Empresarial,Cali,Mexico,39,30284,2021-08-02,Inactivo
7353,CLI-007353,Digital,Bogota,Mexico,22,17892,2024-10-18,Activo
7354,CLI-007354,Empresarial,CDMX,Colombia,51,76386,2023-04-11,Activo
7355,CLI-007355,Pyme,Bogota,Mexico,26,71897,2024-11-22,Activo
7356,CLI-007356,Nomina,Guadalajara,Mexico,37,35492,2026-01-07,Activo
7357,CLI-007357,Pyme,Puebla,Mexico,64,75002,2022-11-04,Activo
7358,CLI-007358,Nomina,CDMX,Mexico,60,30321,2025-10-09,Activo
7359,CLI-007359,Pyme,Guadalajara,Mexico,31,90772,2022-03-02,Activo
7360,CLI-007360,Digital,Queretaro,Mexico,25,60135,2023-12-07,Activo
7361,CLI-007361,Empresarial,CDMX,Mexico,25,33650,2025-05-15,Activo
7362,CLI-007362,Empresarial,CDMX,Mexico,29,41047,2022-10-07,Activo
7363,CLI-007363,Premium,CDMX,Colombia,47,12447,2026-06-02,Inactivo
7364,CLI-007364,Nomina,CDMX,Mexico,38,56684,2023-05-17,Activo
7365,CLI-007365,Nomina,Cali,Colombia,23,50357,2021-06-03,Activo
7366,CLI-007366,Digital,Monterrey,Colombia,57,29389,2026-05-30,Activo
7367,CLI-007367,Pyme,Medellin,Mexico,49,46757,2026-07-24,Activo
7368,CLI-007368,Pyme,CDMX,Mexico,39,41826,2026-02-20,Inactivo
7369,CLI-007369,Empresarial,Queretaro,Colombia,21,42424,2025-06-30,Activo
7370,CLI-007370,Premium,Monterrey,Mexico,43,61455,2026-03-17,Activo
7371,CLI-007371,Empresarial,Puebla,Colombia,34,87595,2021-05-23,Activo
7372,CLI-007372,Premium,Queretaro,Colombia,54,44929,2023-09-03,Activo
7373,CLI-007373,Nomina,Bogota,Colombia,53,86587,2021-03-27,Activo
7374,CLI-007374,Digital,Guadalajara,Mexico,40,64536,2025-06-25,Activo
7375,CLI-007375,Digital,CDMX,Colombia,25,94834,2025-09-23,Activo
7376,CLI-007376,Premium,CDMX,Mexico,52,63980,2026-01-14,Activo
7377,CLI-007377,Premium,CDMX,Mexico,24,10653,2021-03-19,Inactivo
7378,CLI-007378,Pyme,Monterrey,Mexico,55,79682,2026-07-27,Activo
7379,CLI-007379,Digital,Guadalajara,Colombia,47,87353,2024-12-11,Activo
7380,CLI-007380,Pyme,Monterrey,Mexico,33,96625,2023-07-25,Inactivo
7381,CLI-007381,Pyme,Queretaro,Mexico,45,89178,2026-07-30,Inactivo
7382,CLI-007382,Empresarial,Bogota,Mexico,51,60872,2026-07-23,Activo
7383,CLI-007383,Digital,Monterrey,Mexico,27,74919,2024-08-16,Inactivo
7384,CLI-007384,Premium,Guadalajara,Colombia,47,81502,2021-06-20,Activo
7385,CLI-007385,Digital,Cali,Colombia,50,49174,2024-06-18,Activo
7386,CLI-007386,Premium,Bogota,Colombia,48,24356,2021-05-18,Activo
7387,CLI-007387,Empresarial,Medellin,Mexico,46,8815,2021-08-18,Activo
7388,CLI-007388,Premium,CDMX,Mexico,36,13255,2024-02-01,Activo
7389,CLI-007389,Premium,Monterrey,Mexico,48,74144,2026-05-29,Activo
7390,CLI-007390,Nomina,Guadalajara,Mexico,54,45361,2025-07-18,Inactivo
7391,CLI-007391,Digital,Monterrey,Colombia,20,49500,2023-03-25,Activo
7392,CLI-007392,Empresarial,Monterrey,Mexico,57,26361,2022-05-02,Activo
7393,CLI-007393,Nomina,Bogota,Mexico,26,48716,2022-01-17,Activo
7394,CLI-007394,Digital,Cali,Colombia,25,26203,2022-06-07,Activo
7395,CLI-007395,Digital,CDMX,Mexico,58,69566,2026-06-09,Inactivo
7396,CLI-007396,Empresarial,Puebla,Colombia,20,48785,2023-09-10,Inactivo
7397,CLI-007397,Digital,Monterrey,Mexico,54,38611,2025-01-21,Activo
7398,CLI-007398,Pyme,Puebla,Colombia,62,57999,2024-02-25,Activo
7399,CLI-007399,Nomina,Queretaro,Mexico,61,29312,2024-08-07,Activo
7400,CLI-007400,Nomina,Guadalajara,Colombia,62,45346,2024-09-06,Activo
7401,CLI-007401,Digital,Puebla,Mexico,47,72679,2025-07-16,Activo
7402,CLI-007402,Nomina,Medellin,Mexico,55,12171,2026-08-28,Activo
7403,CLI-007403,Empresarial,CDMX,Colombia,60,82588,2024-10-31,Activo
7404,CLI-007404,Empresarial,Bogota,Colombia,62,75808,2026-02-15,Activo
7405,CLI-007405,Premium,Cali,Mexico,33,84939,2026-04-01,Activo
7406,CLI-007406,Nomina,Cali,Mexico,51,38768,2024-09-02,Activo
7407,CLI-007407,Premium,Puebla,Mexico,52,21549,2025-07-27,Activo
7408,CLI-007408,Nomina,Puebla,Colombia,21,35456,2024-08-31,Inactivo
7409,CLI-007409,Digital,CDMX,Colombia,39,42256,2021-04-24,Inactivo
7410,CLI-007410,Digital,Guadalajara,Colombia,22,19742,2025-01-26,Activo
7411,CLI-007411,Pyme,Cali,Mexico,64,36000,2021-04-06,Activo
7412,CLI-007412,Nomina,Medellin,Colombia,36,15603,2023-05-24,Activo
7413,CLI-007413,Digital,Guadalajara,Mexico,23,20014,2021-04-05,Activo
7414,CLI-007414,Digital,CDMX,Colombia,47,69346,2025-07-06,Activo
7415,CLI-007415,Empresarial,Puebla,Mexico,22,93608,2022-11-07,Activo
7416,CLI-007416,Digital,Puebla,Colombia,51,97896,2026-04-06,Activo
7417,CLI-007417,Digital,CDMX,Colombia,54,43312,2026-05-30,Activo
7418,CLI-007418,Digital,CDMX,Mexico,57,88863,2023-09-30,Activo
7419,CLI-007419,Pyme,CDMX,Mexico,46,26950,2022-12-02,Activo
7420,CLI-007420,Premium,Bogota,Mexico,57,89526,2022-08-20,Activo
7421,CLI-007421,Pyme,Guadalajara,Mexico,43,56995,2021-08-03,Activo
7422,CLI-007422,Empresarial,Queretaro,Colombia,39,49639,2022-04-29,Activo
7423,CLI-007423,Pyme,Monterrey,Mexico,27,59014,2025-04-09,Activo
7424,CLI-007424,Nomina,Medellin,Colombia,35,29281,2024-03-10,Activo
7425,CLI-007425,Digital,Medellin,Mexico,23,11066,2023-11-20,Activo
7426,CLI-007426,Premium,Bogota,Mexico,27,22702,2023-02-26,Activo
7427,CLI-007427,Pyme,Queretaro,Mexico,40,80390,2022-04-24,Activo
7428,CLI-007428,Premium,Medellin,Mexico,47,86484,2024-12-22,Inactivo
7429,CLI-007429,Nomina,Monterrey,Mexico,36,20640,2022-08-10,Activo
7430,CLI-007430,Nomina,Bogota,Mexico,29,79037,2026-03-17,Activo
7431,CLI-007431,Premium,Puebla,Colombia,49,18374,2022-06-24,Activo
7432,CLI-007432,Digital,Monterrey,Mexico,61,65373,2025-11-13,Activo
7433,CLI-007433,Premium,CDMX,Mexico,27,94745,2022-02-28,Inactivo
7434,CLI-007434,Premium,Medellin,Mexico,62,94629,2024-02-25,Activo
7435,CLI-007435,Empresarial,Queretaro,Mexico,38,43562,2026-05-25,Activo
7436,CLI-007436,Empresarial,Cali,Mexico,56,15849,2023-01-24,Activo
7437,CLI-007437,Empresarial,Queretaro,Mexico,62,58799,2026-03-20,Inactivo
7438,CLI-007438,Pyme,Cali,Mexico,39,64017,2025-01-05,Activo
7439,CLI-007439,Pyme,CDMX,Mexico,42,39115,2022-12-04,Activo
7440,CLI-007440,Nomina,Cali,Mexico,54,65114,2025-10-16,Activo
7441,CLI-007441,Empresarial,Medellin,Colombia,50,86799,2025-09-14,Activo
7442,CLI-007442,Premium,CDMX,Colombia,32,40634,2021-12-02,Inactivo
7443,CLI-007443,Nomina,Medellin,Mexico,47,38866,2023-02-11,Activo
7444,CLI-007444,Pyme,Bogota,Mexico,31,37189,2024-11-05,Activo
7445,CLI-007445,Nomina,Guadalajara,Mexico,47,69806,2023-10-27,Inactivo
7446,CLI-007446,Pyme,CDMX,Mexico,63,94368,2021-11-17,Activo
7447,CLI-007447,Premium,Queretaro,Colombia,21,58929,2025-11-03,Inactivo
7448,CLI-007448,Nomina,CDMX,Colombia,61,86927,2022-03-30,Activo
7449,CLI-007449,Empresarial,Queretaro,Mexico,55,81567,2024-06-18,Activo
7450,CLI-007450,Digital,Guadalajara,Mexico,51,48353,2026-05-06,Inactivo
7451,CLI-007451,Digital,Queretaro,Colombia,41,27924,2022-11-22,Activo
7452,CLI-007452,Digital,Guadalajara,Mexico,46,61210,2022-09-03,Activo
7453,CLI-007453,Pyme,Monterrey,Mexico,25,38429,2025-04-17,Inactivo
7454,CLI-007454,Premium,Monterrey,Mexico,30,13538,2024-01-26,Activo
7455,CLI-007455,Premium,Monterrey,Mexico,23,54352,2025-09-02,Activo
7456,CLI-007456,Digital,Cali,Mexico,62,70807,2025-09-07,Inactivo
7457,CLI-007457,Pyme,Monterrey,Mexico,24,80942,2021-07-17,Activo
7458,CLI-007458,Empresarial,Medellin,Mexico,34,82364,2024-12-08,Activo
7459,CLI-007459,Empresarial,Queretaro,Colombia,20,95030,2022-03-16,Activo
7460,CLI-007460,Nomina,Guadalajara,Colombia,42,78354,2023-07-08,Inactivo
7461,CLI-007461,Premium,Medellin,Colombia,48,58314,2022-10-12,Activo
7462,CLI-007462,Pyme,Queretaro,Mexico,21,64919,2024-10-22,Inactivo
7463,CLI-007463,Empresarial,Guadalajara,Mexico,62,74083,2026-07-02,Activo
7464,CLI-007464,Pyme,Cali,Mexico,31,93185,2026-02-24,Inactivo
7465,CLI-007465,Empresarial,Guadalajara,Mexico,40,22568,2021-09-05,Activo
7466,CLI-007466,Empresarial,CDMX,Colombia,59,65356,2024-10-04,Activo
7467,CLI-007467,Digital,Medellin,Mexico,62,59311,2021-03-22,Activo
7468,CLI-007468,Premium,Bogota,Mexico,23,91794,2023-11-23,Activo
7469,CLI-007469,Empresarial,Medellin,Mexico,36,31871,2021-11-04,Activo
7470,CLI-007470,Digital,Queretaro,Mexico,33,77094,2023-12-10,Activo
7471,CLI-007471,Nomina,Queretaro,Colombia,55,49665,2022-03-19,Inactivo
7472,CLI-007472,Empresarial,CDMX,Mexico,38,60991,2025-10-17,Activo
7473,CLI-007473,Empresarial,Guadalajara,Mexico,46,64570,2024-06-30,Activo
7474,CLI-007474,Digital,Monterrey,Mexico,38,29207,2026-08-12,Activo
7475,CLI-007475,Empresarial,Queretaro,Mexico,48,17005,2026-02-11,Activo
7476,CLI-007476,Empresarial,Queretaro,Colombia,60,35178,2024-02-12,Inactivo
7477,CLI-007477,Pyme,Medellin,Mexico,24,38251,2022-05-30,Activo
7478,CLI-007478,Premium,Puebla,Colombia,45,82458,2025-07-19,Activo
7479,CLI-007479,Pyme,Guadalajara,Mexico,64,18218,2021-06-07,Inactivo
7480,CLI-007480,Pyme,Medellin,Colombia,26,14378,2023-12-20,Activo
7481,CLI-007481,Premium,Puebla,Mexico,38,30322,2022-08-31,Activo
7482,CLI-007482,Pyme,CDMX,Colombia,21,67222,2022-04-10,Activo
7483,CLI-007483,Pyme,CDMX,Mexico,50,14086,2026-04-03,Activo
7484,CLI-007484,Digital,CDMX,Mexico,40,35495,2025-04-05,Activo
7485,CLI-007485,Empresarial,Bogota,Mexico,24,60924,2022-03-26,Inactivo
7486,CLI-007486,Nomina,Queretaro,Mexico,23,31180,2022-04-10,Activo
7487,CLI-007487,Pyme,Medellin,Colombia,42,10257,2023-12-12,Activo
7488,CLI-007488,Premium,Bogota,Mexico,32,25377,2022-11-16,Activo
7489,CLI-007489,Pyme,Bogota,Mexico,22,23501,2023-04-03,Activo
7490,CLI-007490,Pyme,Medellin,Mexico,38,62590,2025-12-14,Inactivo
7491,CLI-007491,Premium,Bogota,Mexico,26,78533,2022-06-09,Activo
7492,CLI-007492,Digital,Queretaro,Mexico,21,87146,2021-07-07,Activo
7493,CLI-007493,Empresarial,Monterrey,Colombia,35,60395,2021-06-30,Inactivo
7494,CLI-007494,Nomina,Guadalajara,Colombia,20,26102,2023-11-11,Inactivo
7495,CLI-007495,Pyme,Medellin,Mexico,63,58141,2025-02-23,Inactivo
7496,CLI-007496,Nomina,Queretaro,Mexico,25,42068,2021-05-13,Activo
7497,CLI-007497,Pyme,Cali,Mexico,59,87350,2022-04-02,Activo
7498,CLI-007498,Nomina,Monterrey,Mexico,35,88611,2023-03-18,Activo
7499,CLI-007499,Empresarial,CDMX,Colombia,20,56588,2022-04-19,Activo
7500,CLI-007500,Digital,Guadalajara,Colombia,20,69374,2025-09-24,Activo
7501,CLI-007501,Nomina,Bogota,Colombia,44,64328,2024-05-13,Activo
7502,CLI-007502,Pyme,Queretaro,Mexico,62,18885,2023-11-10,Activo
7503,CLI-007503,Digital,Guadalajara,Colombia,56,81735,2022-06-09,Inactivo
7504,CLI-007504,Digital,Guadalajara,Mexico,26,35447,2025-12-01,Activo
7505,CLI-007505,Digital,Puebla,Mexico,29,55254,2023-02-23,Activo
7506,CLI-007506,Digital,Queretaro,Mexico,44,68243,2021-04-01,Activo
7507,CLI-007507,Digital,Guadalajara,Mexico,62,35099,2022-07-18,Inactivo
7508,CLI-007508,Nomina,Queretaro,Mexico,22,71649,2022-06-24,Activo
7509,CLI-007509,Nomina,Cali,Mexico,48,48148,2022-07-21,Activo
7510,CLI-007510,Empresarial,Medellin,Mexico,31,67581,2022-02-26,Activo
7511,CLI-007511,Nomina,Puebla,Colombia,59,97148,2021-09-13,Inactivo
7512,CLI-007512,Digital,Cali,Colombia,54,22877,2025-09-18,Activo
7513,CLI-007513,Digital,Puebla,Mexico,42,54360,2022-04-06,Activo
7514,CLI-007514,Premium,Medellin,Mexico,32,28009,2022-08-27,Inactivo
7515,CLI-007515,Empresarial,Cali,Mexico,20,66330,2023-08-29,Activo
7516,CLI-007516,Empresarial,Puebla,Colombia,53,42365,2022-07-06,Inactivo
7517,CLI-007517,Pyme,Queretaro,Colombia,62,73447,2021-09-06,Activo
7518,CLI-007518,Empresarial,Guadalajara,Mexico,30,27068,2022-06-25,Activo
7519,CLI-007519,Nomina,Guadalajara,Colombia,64,61291,2021-05-31,Inactivo
7520,CLI-007520,Nomina,Puebla,Colombia,50,49265,2022-07-02,Inactivo
7521,CLI-007521,Nomina,Cali,Colombia,25,74882,2021-09-27,Activo
7522,CLI-007522,Digital,Guadalajara,Mexico,59,79781,2024-09-27,Activo
7523,CLI-007523,Digital,Medellin,Mexico,25,48489,2025-05-01,Inactivo
7524,CLI-007524,Nomina,CDMX,Colombia,51,92830,2026-04-29,Activo
7525,CLI-007525,Digital,Monterrey,Mexico,40,34486,2025-04-26,Activo
7526,CLI-007526,Empresarial,Puebla,Mexico,33,70249,2022-05-08,Inactivo
7527,CLI-007527,Premium,CDMX,Colombia,62,71089,2024-01-01,Activo
7528,CLI-007528,Empresarial,Bogota,Mexico,30,80908,2021-04-28,Inactivo
7529,CLI-007529,Premium,Guadalajara,Mexico,52,96046,2026-08-15,Activo
7530,CLI-007530,Pyme,Cali,Mexico,63,78146,2022-10-21,Inactivo
7531,CLI-007531,Nomina,Medellin,Mexico,28,77957,2025-06-01,Inactivo
7532,CLI-007532,Empresarial,Guadalajara,Mexico,29,82420,2025-04-23,Activo
7533,CLI-007533,Nomina,Cali,Mexico,55,10595,2022-06-07,Activo
7534,CLI-007534,Premium,Medellin,Colombia,44,77404,2023-09-17,Activo
7535,CLI-007535,Premium,Cali,Mexico,26,23967,2023-06-25,Inactivo
7536,CLI-007536,Premium,CDMX,Mexico,60,29176,2022-04-15,Activo
7537,CLI-007537,Empresarial,Puebla,Colombia,24,11509,2025-09-11,Activo
7538,CLI-007538,Premium,Puebla,Mexico,28,11628,2025-06-15,Activo
7539,CLI-007539,Pyme,CDMX,Mexico,31,43364,2026-06-17,Activo
7540,CLI-007540,Digital,Cali,Colombia,58,81734,2025-03-07,Activo
7541,CLI-007541,Nomina,Queretaro,Mexico,24,31645,2025-10-06,Inactivo
7542,CLI-007542,Nomina,Monterrey,Mexico,20,17223,2023-11-30,Activo
7543,CLI-007543,Premium,Monterrey,Mexico,58,9485,2025-10-16,Activo
7544,CLI-007544,Empresarial,Cali,Mexico,51,82826,2025-10-22,Activo
7545,CLI-007545,Empresarial,Guadalajara,Colombia,52,91977,2023-01-09,Activo
7546,CLI-007546,Empresarial,Bogota,Mexico,23,42749,2021-06-05,Activo
7547,CLI-007547,Nomina,Puebla,Colombia,55,47525,2024-02-16,Activo
7548,CLI-007548,Digital,Queretaro,Mexico,21,24982,2021-08-11,Inactivo
7549,CLI-007549,Empresarial,Monterrey,Colombia,32,76360,2026-05-05,Activo
7550,CLI-007550,Premium,Monterrey,Mexico,62,78316,2023-06-01,Activo
7551,CLI-007551,Premium,Monterrey,Colombia,55,63282,2023-08-01,Inactivo
7552,CLI-007552,Premium,Guadalajara,Colombia,34,76052,2023-05-28,Inactivo
7553,CLI-007553,Empresarial,Cali,Mexico,20,10876,2022-01-08,Activo
7554,CLI-007554,Pyme,Cali,Colombia,43,96237,2022-08-31,Activo
7555,CLI-007555,Digital,CDMX,Mexico,50,12290,2021-09-06,Activo
7556,CLI-007556,Nomina,Queretaro,Mexico,30,68665,2025-10-17,Inactivo
7557,CLI-007557,Pyme,Monterrey,Mexico,49,39501,2021-05-16,Inactivo
7558,CLI-007558,Empresarial,Cali,Mexico,61,71811,2022-02-04,Activo
7559,CLI-007559,Digital,Medellin,Colombia,40,81405,2024-03-06,Activo
7560,CLI-007560,Empresarial,Queretaro,Mexico,54,75113,2025-12-26,Activo
7561,CLI-007561,Digital,CDMX,Mexico,47,55869,2025-10-08,Activo
7562,CLI-007562,Nomina,Queretaro,Mexico,52,85111,2022-01-28,Activo
7563,CLI-007563,Nomina,Puebla,Colombia,42,10617,2026-04-17,Activo
7564,CLI-007564,Nomina,Cali,Colombia,60,27553,2022-04-21,Inactivo
7565,CLI-007565,Digital,CDMX,Mexico,23,23569,2021-09-23,Activo
7566,CLI-007566,Digital,Medellin,Colombia,47,25280,2024-05-18,Inactivo
7567,CLI-007567,Digital,Medellin,Mexico,41,24496,2023-09-17,Inactivo
7568,CLI-007568,Premium,CDMX,Colombia,59,39935,2022-11-09,Activo
7569,CLI-007569,Pyme,Guadalajara,Mexico,23,22098,2022-07-03,Activo
7570,CLI-007570,Pyme,Cali,Mexico,38,90053,2023-01-21,Activo
7571,CLI-007571,Nomina,Cali,Mexico,46,31984,2023-04-22,Activo
7572,CLI-007572,Empresarial,Monterrey,Mexico,38,88147,2023-09-29,Inactivo
7573,CLI-007573,Premium,Monterrey,Mexico,52,74265,2023-12-19,Activo
7574,CLI-007574,Empresarial,CDMX,Mexico,34,64128,2026-08-29,Activo
7575,CLI-007575,Pyme,Queretaro,Mexico,31,54156,2026-03-05,Activo
7576,CLI-007576,Nomina,Cali,Mexico,53,39229,2022-04-05,Activo
7577,CLI-007577,Pyme,Monterrey,Colombia,24,83209,2024-09-06,Activo
7578,CLI-007578,Premium,Medellin,Mexico,41,20527,2021-05-22,Activo
7579,CLI-007579,Digital,Bogota,Mexico,25,23723,2023-04-19,Inactivo
7580,CLI-007580,Empresarial,Bogota,Colombia,28,50742,2024-08-19,Inactivo
7581,CLI-007581,Digital,Queretaro,Mexico,34,9070,2022-12-12,Activo
7582,CLI-007582,Pyme,Guadalajara,Mexico,39,95010,2025-11-10,Activo
7583,CLI-007583,Premium,Puebla,Mexico,20,47943,2021-10-12,Activo
7584,CLI-007584,Premium,Puebla,Mexico,53,63937,2025-01-14,Activo
7585,CLI-007585,Premium,Medellin,Mexico,29,72823,2025-09-29,Inactivo
7586,CLI-007586,Nomina,Puebla,Mexico,29,14203,2023-03-15,Inactivo
7587,CLI-007587,Pyme,CDMX,Colombia,46,90158,2023-04-30,Activo
7588,CLI-007588,Nomina,Medellin,Colombia,32,35068,2021-04-21,Activo
7589,CLI-007589,Nomina,Guadalajara,Mexico,34,44139,2022-10-16,Activo
7590,CLI-007590,Premium,Cali,Colombia,23,51884,2025-01-11,Inactivo
7591,CLI-007591,Premium,Puebla,Mexico,30,56629,2026-06-03,Activo
7592,CLI-007592,Pyme,CDMX,Mexico,62,84194,2025-06-03,Activo
7593,CLI-007593,Nomina,Monterrey,Mexico,39,45988,2021-11-29,Inactivo
7594,CLI-007594,Nomina,Bogota,Mexico,37,91186,2026-04-04,Inactivo
7595,CLI-007595,Premium,Queretaro,Mexico,54,45965,2026-05-26,Activo
7596,CLI-007596,Digital,Puebla,Colombia,42,36803,2021-10-24,Activo
7597,CLI-007597,Digital,Cali,Colombia,57,46327,2024-05-18,Activo
7598,CLI-007598,Digital,Monterrey,Mexico,44,75572,2023-11-24,Activo
7599,CLI-007599,Digital,Bogota,Mexico,28,50724,2024-03-12,Activo
7600,CLI-007600,Pyme,Monterrey,Mexico,41,69356,2026-07-19,Activo
7601,CLI-007601,Digital,Medellin,Colombia,44,53677,2025-08-18,Activo
7602,CLI-007602,Pyme,Puebla,Colombia,52,91595,2021-12-31,Activo
7603,CLI-007603,Pyme,Cali,Mexico,57,46321,2025-11-07,Activo
7604,CLI-007604,Empresarial,Cali,Mexico,62,42453,2024-07-16,Inactivo
7605,CLI-007605,Digital,Queretaro,Mexico,56,19321,2021-04-08,Activo
7606,CLI-007606,Nomina,Queretaro,Mexico,30,17174,2022-09-26,Inactivo
7607,CLI-007607,Empresarial,Cali,Mexico,63,44165,2024-12-24,Inactivo
7608,CLI-007608,Empresarial,Guadalajara,Mexico,51,56485,2023-11-08,Activo
7609,CLI-007609,Empresarial,Guadalajara,Mexico,46,66577,2024-09-18,Activo
7610,CLI-007610,Pyme,Queretaro,Mexico,56,94536,2025-09-21,Activo
7611,CLI-007611,Empresarial,Puebla,Mexico,29,53000,2024-03-21,Activo
7612,CLI-007612,Nomina,Queretaro,Mexico,57,91950,2026-09-03,Activo
7613,CLI-007613,Empresarial,Bogota,Mexico,58,49984,2026-08-08,Activo
7614,CLI-007614,Empresarial,Medellin,Mexico,48,71374,2021-10-14,Activo
7615,CLI-007615,Empresarial,Cali,Mexico,55,39112,2025-11-12,Activo
7616,CLI-007616,Digital,Cali,Mexico,22,15657,2025-12-11,Inactivo
7617,CLI-007617,Nomina,Cali,Mexico,40,96807,2021-04-22,Activo
7618,CLI-007618,Premium,Cali,Mexico,37,43494,2026-01-14,Activo
7619,CLI-007619,Nomina,Medellin,Mexico,43,17846,2023-01-04,Inactivo
7620,CLI-007620,Premium,Bogota,Mexico,40,90609,2025-01-24,Activo
7621,CLI-007621,Premium,Monterrey,Mexico,36,59706,2024-01-03,Activo
7622,CLI-007622,Premium,Medellin,Colombia,24,19883,2025-07-21,Activo
7623,CLI-007623,Pyme,Bogota,Mexico,42,23576,2022-02-02,Activo
7624,CLI-007624,Digital,Medellin,Colombia,29,39359,2025-01-15,Activo
7625,CLI-007625,Premium,Bogota,Mexico,43,59993,2025-08-25,Inactivo
7626,CLI-007626,Digital,Puebla,Colombia,28,66300,2024-03-27,Activo
7627,CLI-007627,Nomina,Queretaro,Mexico,62,78035,2024-05-30,Inactivo
7628,CLI-007628,Pyme,Monterrey,Mexico,20,20705,2023-01-27,Activo
7629,CLI-007629,Premium,CDMX,Colombia,46,61074,2025-12-19,Activo
7630,CLI-007630,Empresarial,Queretaro,Mexico,20,77636,2024-07-20,Activo
7631,CLI-007631,Digital,CDMX,Colombia,48,34097,2025-04-09,Activo
7632,CLI-007632,Premium,CDMX,Mexico,54,14329,2025-12-04,Activo
7633,CLI-007633,Pyme,Queretaro,Mexico,48,14555,2022-02-02,Activo
7634,CLI-007634,Nomina,Monterrey,Mexico,26,90598,2022-04-09,Activo
7635,CLI-007635,Pyme,Queretaro,Mexico,35,15277,2021-10-04,Activo
7636,CLI-007636,Premium,Monterrey,Mexico,50,37803,2024-04-20,Activo
7637,CLI-007637,Pyme,Guadalajara,Mexico,22,75173,2024-11-28,Activo
7638,CLI-007638,Empresarial,Puebla,Mexico,63,42448,2025-07-01,Activo
7639,CLI-007639,Digital,Bogota,Colombia,38,59604,2026-06-30,Inactivo
7640,CLI-007640,Empresarial,Monterrey,Mexico,42,72344,2024-11-04,Activo
7641,CLI-007641,Digital,Medellin,Colombia,62,64944,2023-07-10,Inactivo
7642,CLI-007642,Empresarial,CDMX,Colombia,48,12894,2024-02-17,Activo
7643,CLI-007643,Pyme,Guadalajara,Mexico,62,43166,2024-02-22,Activo
7644,CLI-007644,Nomina,Monterrey,Mexico,40,73681,2025-06-29,Activo
7645,CLI-007645,Digital,Puebla,Colombia,58,38357,2024-05-05,Inactivo
7646,CLI-007646,Pyme,Guadalajara,Mexico,53,74611,2021-10-09,Activo
7647,CLI-007647,Nomina,Monterrey,Colombia,31,51447,2021-08-06,Inactivo
7648,CLI-007648,Pyme,CDMX,Mexico,34,34563,2021-10-08,Activo
7649,CLI-007649,Digital,CDMX,Mexico,24,11925,2021-09-26,Activo
7650,CLI-007650,Nomina,Medellin,Mexico,21,76715,2023-06-24,Activo
7651,CLI-007651,Premium,Cali,Mexico,31,67725,2022-01-30,Activo
7652,CLI-007652,Nomina,Queretaro,Mexico,63,53344,2023-01-09,Activo
7653,CLI-007653,Pyme,Bogota,Mexico,35,84457,2024-04-07,Activo
7654,CLI-007654,Premium,Monterrey,Mexico,54,34393,2021-05-15,Activo
7655,CLI-007655,Premium,Monterrey,Mexico,29,80335,2025-12-17,Activo
7656,CLI-007656,Premium,Queretaro,Mexico,28,84284,2026-03-07,Activo
7657,CLI-007657,Digital,Cali,Mexico,42,17208,2025-03-03,Activo
7658,CLI-007658,Nomina,Monterrey,Colombia,52,71039,2023-01-13,Activo
7659,CLI-007659,Premium,Queretaro,Mexico,31,34091,2025-05-01,Activo
7660,CLI-007660,Empresarial,Puebla,Colombia,64,90789,2024-10-28,Activo
7661,CLI-007661,Pyme,Puebla,Mexico,61,96450,2023-02-11,Activo
7662,CLI-007662,Empresarial,Bogota,Mexico,63,40043,2025-11-22,Inactivo
7663,CLI-007663,Premium,Monterrey,Colombia,48,42954,2021-05-17,Activo
7664,CLI-007664,Empresarial,Monterrey,Mexico,44,52040,2023-03-13,Activo
7665,CLI-007665,Digital,Medellin,Colombia,64,91784,2021-08-21,Activo
7666,CLI-007666,Digital,Cali,Mexico,58,92998,2023-10-21,Activo
7667,CLI-007667,Premium,Puebla,Mexico,20,36192,2024-12-09,Activo
7668,CLI-007668,Empresarial,Monterrey,Colombia,36,16719,2023-12-21,Activo
7669,CLI-007669,Premium,Queretaro,Mexico,38,75970,2021-11-23,Inactivo
7670,CLI-007670,Nomina,Queretaro,Mexico,22,14472,2023-12-03,Inactivo
7671,CLI-007671,Premium,Cali,Colombia,52,87399,2023-11-24,Activo
7672,CLI-007672,Pyme,Puebla,Mexico,31,13424,2026-05-29,Activo
7673,CLI-007673,Empresarial,Medellin,Mexico,54,51331,2023-05-02,Activo
7674,CLI-007674,Pyme,Medellin,Colombia,59,78851,2022-08-27,Inactivo
7675,CLI-007675,Digital,Cali,Colombia,23,74084,2022-11-19,Activo
7676,CLI-007676,Nomina,Bogota,Mexico,56,50646,2025-04-29,Activo
7677,CLI-007677,Premium,Queretaro,Mexico,62,29608,2026-06-24,Inactivo
7678,CLI-007678,Empresarial,Queretaro,Mexico,57,13529,2024-06-06,Activo
7679,CLI-007679,Digital,Cali,Colombia,39,77762,2026-03-30,Activo
7680,CLI-007680,Digital,Medellin,Mexico,54,14001,2026-04-14,Activo
7681,CLI-007681,Digital,Bogota,Colombia,49,58972,2023-12-19,Inactivo
7682,CLI-007682,Pyme,CDMX,Mexico,61,40546,2025-08-20,Activo
7683,CLI-007683,Pyme,CDMX,Mexico,60,8321,2021-07-30,Activo
7684,CLI-007684,Nomina,Medellin,Mexico,49,80118,2021-07-27,Activo
7685,CLI-007685,Nomina,Cali,Mexico,53,51451,2023-02-12,Inactivo
7686,CLI-007686,Pyme,Guadalajara,Mexico,28,57349,2026-01-25,Activo
7687,CLI-007687,Empresarial,Cali,Colombia,53,33331,2023-02-11,Inactivo
7688,CLI-007688,Empresarial,Medellin,Colombia,39,55878,2025-04-21,Inactivo
7689,CLI-007689,Digital,Queretaro,Mexico,33,23911,2025-10-15,Activo
7690,CLI-007690,Empresarial,Bogota,Mexico,44,12894,2022-07-11,Inactivo
7691,CLI-007691,Nomina,Guadalajara,Mexico,53,73708,2025-02-13,Inactivo
7692,CLI-007692,Pyme,Cali,Colombia,46,44503,2023-12-31,Activo
7693,CLI-007693,Nomina,Medellin,Colombia,63,25304,2024-05-25,Activo
7694,CLI-007694,Pyme,Medellin,Mexico,20,68322,2025-04-09,Activo
7695,CLI-007695,Empresarial,Cali,Colombia,28,28616,2021-04-16,Activo
7696,CLI-007696,Digital,Queretaro,Mexico,63,96715,2024-05-18,Activo
7697,CLI-007697,Premium,Cali,Mexico,62,25445,2025-10-16,Activo
7698,CLI-007698,Empresarial,Medellin,Mexico,28,95609,2024-03-23,Activo
7699,CLI-007699,Digital,Bogota,Mexico,30,30932,2021-11-20,Activo
7700,CLI-007700,Premium,CDMX,Mexico,42,69806,2023-12-26,Activo
7701,CLI-007701,Nomina,Medellin,Colombia,59,68099,2021-04-25,Inactivo
7702,CLI-007702,Nomina,Monterrey,Mexico,29,95360,2025-12-12,Inactivo
7703,CLI-007703,Nomina,Guadalajara,Colombia,41,26973,2025-01-08,Inactivo
7704,CLI-007704,Empresarial,Monterrey,Mexico,22,16728,2023-01-16,Activo
7705,CLI-007705,Premium,Puebla,Mexico,32,75992,2024-06-11,Activo
7706,CLI-007706,Pyme,Queretaro,Mexico,23,59930,2023-09-15,Inactivo
7707,CLI-007707,Empresarial,CDMX,Mexico,48,35862,2022-04-15,Activo
7708,CLI-007708,Pyme,Guadalajara,Mexico,42,52244,2024-12-12,Activo
7709,CLI-007709,Empresarial,Queretaro,Mexico,49,55281,2024-07-08,Activo
7710,CLI-007710,Premium,Guadalajara,Colombia,28,54093,2026-06-26,Activo
7711,CLI-007711,Pyme,Bogota,Mexico,27,62503,2024-02-18,Activo
7712,CLI-007712,Pyme,Cali,Mexico,25,91189,2021-07-27,Activo
7713,CLI-007713,Nomina,Medellin,Mexico,32,52464,2024-09-27,Inactivo
7714,CLI-007714,Empresarial,Puebla,Mexico,56,72705,2021-04-30,Inactivo
7715,CLI-007715,Premium,Medellin,Mexico,29,30344,2021-07-19,Activo
7716,CLI-007716,Empresarial,Guadalajara,Mexico,47,45976,2024-11-11,Activo
7717,CLI-007717,Premium,Guadalajara,Colombia,29,12744,2022-03-04,Activo
7718,CLI-007718,Premium,Monterrey,Mexico,38,74561,2024-09-05,Inactivo
7719,CLI-007719,Nomina,Monterrey,Colombia,50,28713,2021-08-18,Activo
7720,CLI-007720,Pyme,Puebla,Mexico,37,73878,2022-06-05,Activo
7721,CLI-007721,Nomina,Bogota,Colombia,24,33764,2023-06-01,Inactivo
7722,CLI-007722,Empresarial,Medellin,Mexico,49,63181,2023-10-31,Activo
7723,CLI-007723,Digital,CDMX,Mexico,49,45963,2022-11-24,Inactivo
7724,CLI-007724,Pyme,Medellin,Mexico,39,55318,2024-03-17,Activo
7725,CLI-007725,Premium,Queretaro,Colombia,38,30793,2022-02-02,Activo
7726,CLI-007726,Empresarial,Puebla,Mexico,62,68234,2023-11-30,Inactivo
7727,CLI-007727,Digital,Bogota,Mexico,52,58049,2024-02-22,Inactivo
7728,CLI-007728,Nomina,Medellin,Mexico,22,80542,2022-07-03,Activo
7729,CLI-007729,Digital,Bogota,Mexico,34,78967,2022-01-14,Inactivo
7730,CLI-007730,Pyme,Puebla,Mexico,26,47950,2026-07-09,Activo
7731,CLI-007731,Empresarial,Medellin,Mexico,34,83827,2022-04-14,Activo
7732,CLI-007732,Digital,Guadalajara,Mexico,45,12451,2025-05-20,Activo
7733,CLI-007733,Pyme,Cali,Mexico,64,11333,2024-12-20,Inactivo
7734,CLI-007734,Empresarial,Monterrey,Mexico,54,88006,2021-05-26,Activo
7735,CLI-007735,Pyme,Bogota,Mexico,52,94002,2024-03-02,Activo
7736,CLI-007736,Digital,Guadalajara,Mexico,22,14417,2023-08-23,Activo
7737,CLI-007737,Empresarial,Monterrey,Mexico,25,60033,2022-02-26,Activo
7738,CLI-007738,Nomina,Guadalajara,Mexico,22,83105,2025-03-11,Activo
7739,CLI-007739,Premium,Guadalajara,Mexico,58,33191,2023-10-04,Inactivo
7740,CLI-007740,Pyme,Queretaro,Mexico,52,45681,2021-05-20,Inactivo
7741,CLI-007741,Digital,Monterrey,Colombia,23,29407,2023-07-23,Activo
7742,CLI-007742,Digital,Bogota,Colombia,21,43269,2024-02-19,Activo
7743,CLI-007743,Nomina,Monterrey,Colombia,29,16025,2025-04-30,Inactivo
7744,CLI-007744,Premium,Cali,Mexico,51,50236,2021-10-09,Activo
7745,CLI-007745,Empresarial,Queretaro,Mexico,36,35212,2023-12-23,Activo
7746,CLI-007746,Empresarial,Queretaro,Mexico,25,41781,2023-05-03,Activo
7747,CLI-007747,Empresarial,Medellin,Colombia,48,44443,2026-06-07,Activo
7748,CLI-007748,Premium,Monterrey,Colombia,38,96162,2024-04-08,Activo
7749,CLI-007749,Pyme,Guadalajara,Mexico,54,79899,2023-04-26,Activo
7750,CLI-007750,Digital,Cali,Colombia,45,26769,2024-08-08,Activo
7751,CLI-007751,Digital,Cali,Mexico,37,18047,2024-08-22,Activo
7752,CLI-007752,Digital,Cali,Colombia,59,83570,2022-08-15,Inactivo
7753,CLI-007753,Premium,Puebla,Mexico,50,48690,2024-02-12,Activo
7754,CLI-007754,Pyme,Cali,Mexico,32,44292,2026-01-14,Activo
7755,CLI-007755,Pyme,Puebla,Mexico,37,47069,2025-06-18,Activo
7756,CLI-007756,Digital,Puebla,Colombia,44,75981,2025-07-13,Activo
7757,CLI-007757,Digital,Medellin,Colombia,29,13231,2025-02-12,Inactivo
7758,CLI-007758,Nomina,Guadalajara,Mexico,63,59366,2022-03-18,Inactivo
7759,CLI-007759,Pyme,Queretaro,Mexico,52,27342,2022-09-18,Inactivo
7760,CLI-007760,Nomina,Guadalajara,Mexico,40,71144,2022-03-25,Activo
7761,CLI-007761,Digital,Bogota,Colombia,35,8616,2025-09-11,Activo
7762,CLI-007762,Empresarial,Queretaro,Mexico,59,14114,2025-07-12,Activo
7763,CLI-007763,Pyme,Cali,Colombia,52,67586,2021-10-22,Activo
7764,CLI-007764,Digital,Puebla,Mexico,48,91268,2026-03-26,Activo
7765,CLI-007765,Nomina,Guadalajara,Colombia,38,46028,2024-12-18,Activo
7766,CLI-007766,Empresarial,Medellin,Mexico,23,57393,2022-11-28,Activo
7767,CLI-007767,Pyme,Guadalajara,Mexico,30,47034,2024-03-06,Inactivo
7768,CLI-007768,Empresarial,Cali,Mexico,33,92790,2025-02-13,Activo
7769,CLI-007769,Nomina,Monterrey,Mexico,60,15851,2023-01-03,Activo
7770,CLI-007770,Nomina,CDMX,Mexico,37,94011,2023-05-18,Activo
7771,CLI-007771,Nomina,Cali,Colombia,28,91768,2026-04-30,Activo
7772,CLI-007772,Digital,Queretaro,Colombia,35,68890,2021-04-03,Activo
7773,CLI-007773,Digital,CDMX,Colombia,21,69190,2023-05-24,Activo
7774,CLI-007774,Nomina,CDMX,Mexico,26,79772,2023-02-04,Inactivo
7775,CLI-007775,Digital,Medellin,Mexico,53,54695,2022-04-16,Activo
7776,CLI-007776,Empresarial,Monterrey,Mexico,42,56239,2024-12-28,Inactivo
7777,CLI-007777,Pyme,Monterrey,Mexico,26,61832,2025-01-11,Inactivo
7778,CLI-007778,Premium,Queretaro,Mexico,42,21977,2023-06-24,Activo
7779,CLI-007779,Digital,CDMX,Mexico,36,90149,2023-05-28,Activo
7780,CLI-007780,Pyme,Guadalajara,Mexico,54,71360,2025-09-19,Inactivo
7781,CLI-007781,Empresarial,Cali,Mexico,53,21728,2022-01-07,Activo
7782,CLI-007782,Nomina,Queretaro,Mexico,24,90528,2022-07-01,Activo
7783,CLI-007783,Premium,Monterrey,Mexico,44,79395,2024-02-10,Activo
7784,CLI-007784,Digital,Queretaro,Mexico,51,91364,2023-03-16,Activo
7785,CLI-007785,Nomina,Cali,Mexico,59,35125,2022-06-20,Activo
7786,CLI-007786,Digital,Queretaro,Mexico,62,69966,2021-10-18,Activo
7787,CLI-007787,Digital,Queretaro,Colombia,35,61308,2025-09-11,Activo
7788,CLI-007788,Pyme,CDMX,Mexico,27,83514,2021-10-07,Activo
7789,CLI-007789,Nomina,Medellin,Mexico,21,11785,2023-05-05,Activo
7790,CLI-007790,Nomina,Monterrey,Mexico,21,83876,2023-11-27,Activo
7791,CLI-007791,Premium,Monterrey,Colombia,41,90485,2021-09-01,Activo
7792,CLI-007792,Nomina,Monterrey,Mexico,20,55135,2024-04-06,Activo
7793,CLI-007793,Premium,Cali,Mexico,27,86459,2023-10-25,Activo
7794,CLI-007794,Nomina,Guadalajara,Mexico,44,12905,2025-09-18,Inactivo
7795,CLI-007795,Nomina,Puebla,Mexico,21,29484,2025-07-01,Activo
7796,CLI-007796,Nomina,Medellin,Colombia,39,50160,2023-01-04,Activo
7797,CLI-007797,Empresarial,Monterrey,Colombia,60,92489,2021-11-19,Activo
7798,CLI-007798,Nomina,Cali,Colombia,31,42249,2024-12-19,Activo
7799,CLI-007799,Pyme,Medellin,Mexico,60,72366,2023-02-16,Activo
7800,CLI-007800,Nomina,Monterrey,Mexico,34,73627,2023-02-10,Activo
7801,CLI-007801,Digital,Guadalajara,Mexico,32,9446,2021-09-29,Activo
7802,CLI-007802,Digital,Cali,Mexico,54,53079,2024-09-13,Activo
7803,CLI-007803,Pyme,Monterrey,Colombia,39,62209,2024-09-12,Inactivo
7804,CLI-007804,Digital,Bogota,Mexico,46,63103,2021-05-22,Activo
7805,CLI-007805,Digital,Medellin,Mexico,28,27237,2025-09-16,Inactivo
7806,CLI-007806,Digital,Guadalajara,Mexico,53,85050,2024-10-31,Inactivo
7807,CLI-007807,Pyme,Bogota,Colombia,60,8878,2023-10-07,Activo
7808,CLI-007808,Premium,Monterrey,Mexico,56,68777,2021-11-17,Activo
7809,CLI-007809,Premium,CDMX,Colombia,63,74873,2024-07-03,Activo
7810,CLI-007810,Nomina,Monterrey,Colombia,24,47129,2023-03-25,Activo
7811,CLI-007811,Digital,CDMX,Mexico,60,91612,2025-03-03,Activo
7812,CLI-007812,Empresarial,Medellin,Colombia,49,64811,2026-02-16,Activo
7813,CLI-007813,Digital,Bogota,Colombia,58,47716,2025-05-08,Inactivo
7814,CLI-007814,Digital,Puebla,Mexico,36,27940,2022-07-04,Inactivo
7815,CLI-007815,Digital,Medellin,Mexico,24,96385,2025-12-15,Inactivo
7816,CLI-007816,Empresarial,Puebla,Colombia,62,22271,2021-03-15,Inactivo
7817,CLI-007817,Digital,CDMX,Mexico,45,52461,2022-10-17,Inactivo
7818,CLI-007818,Nomina,Guadalajara,Mexico,22,21084,2024-02-01,Activo
7819,CLI-007819,Nomina,Bogota,Mexico,36,66056,2021-04-17,Activo
7820,CLI-007820,Pyme,Guadalajara,Mexico,23,58510,2022-12-26,Activo
7821,CLI-007821,Nomina,Puebla,Mexico,48,60687,2021-11-25,Activo
7822,CLI-007822,Pyme,Puebla,Mexico,60,33059,2025-02-10,Activo
7823,CLI-007823,Premium,Guadalajara,Mexico,38,78799,2022-03-22,Inactivo
7824,CLI-007824,Digital,Medellin,Mexico,35,82582,2022-02-05,Inactivo
7825,CLI-007825,Digital,Puebla,Colombia,56,86072,2025-08-22,Activo
7826,CLI-007826,Nomina,Guadalajara,Mexico,44,40550,2023-07-27,Inactivo
7827,CLI-007827,Empresarial,Bogota,Mexico,33,27844,2022-12-27,Inactivo
7828,CLI-007828,Pyme,Cali,Mexico,20,62840,2025-06-06,Activo
7829,CLI-007829,Premium,Medellin,Colombia,29,16173,2026-01-14,Activo
7830,CLI-007830,Premium,Monterrey,Mexico,44,47325,2026-04-13,Activo
7831,CLI-007831,Pyme,Queretaro,Colombia,62,29085,2026-05-08,Activo
7832,CLI-007832,Empresarial,Cali,Mexico,41,38299,2024-09-24,Inactivo
7833,CLI-007833,Nomina,Guadalajara,Mexico,48,58249,2021-08-12,Activo
7834,CLI-007834,Empresarial,Bogota,Mexico,34,54386,2021-12-25,Activo
7835,CLI-007835,Pyme,Medellin,Mexico,41,35682,2025-06-14,Activo
7836,CLI-007836,Nomina,Monterrey,Colombia,56,27324,2021-09-06,Activo
7837,CLI-007837,Digital,Queretaro,Mexico,29,85967,2025-08-01,Activo
7838,CLI-007838,Nomina,Guadalajara,Mexico,47,29516,2021-11-06,Activo
7839,CLI-007839,Digital,CDMX,Mexico,35,37135,2025-09-07,Activo
7840,CLI-007840,Empresarial,Guadalajara,Colombia,31,10622,2026-02-17,Activo
7841,CLI-007841,Pyme,Queretaro,Mexico,34,69353,2026-03-02,Activo
7842,CLI-007842,Premium,Bogota,Mexico,41,77675,2025-03-19,Activo
7843,CLI-007843,Premium,Monterrey,Mexico,64,56073,2021-07-02,Activo
7844,CLI-007844,Empresarial,Medellin,Colombia,57,20982,2022-07-07,Activo
7845,CLI-007845,Empresarial,Bogota,Colombia,24,27495,2025-03-31,Activo
7846,CLI-007846,Digital,Puebla,Mexico,54,36987,2022-07-17,Inactivo
7847,CLI-007847,Pyme,Monterrey,Mexico,60,18312,2021-11-11,Activo
7848,CLI-007848,Empresarial,Bogota,Colombia,22,48508,2025-04-18,Activo
7849,CLI-007849,Digital,Bogota,Colombia,28,83728,2024-05-28,Activo
7850,CLI-007850,Digital,Bogota,Mexico,24,8010,2022-07-12,Inactivo
7851,CLI-007851,Digital,Puebla,Mexico,40,41582,2024-10-06,Inactivo
7852,CLI-007852,Digital,Queretaro,Colombia,20,46649,2025-08-19,Activo
7853,CLI-007853,Empresarial,Medellin,Mexico,58,26108,2022-07-15,Activo
7854,CLI-007854,Nomina,CDMX,Mexico,22,13404,2021-12-11,Activo
7855,CLI-007855,Pyme,Guadalajara,Mexico,27,75593,2023-09-21,Inactivo
7856,CLI-007856,Pyme,Guadalajara,Mexico,38,69919,2021-07-06,Activo
7857,CLI-007857,Premium,Bogota,Mexico,37,52145,2024-11-21,Activo
7858,CLI-007858,Premium,Queretaro,Mexico,27,82981,2023-06-07,Inactivo
7859,CLI-007859,Digital,Queretaro,Colombia,50,26318,2021-09-10,Activo
7860,CLI-007860,Empresarial,Puebla,Mexico,55,92331,2024-09-06,Activo
7861,CLI-007861,Empresarial,Monterrey,Mexico,56,74768,2025-01-29,Activo
7862,CLI-007862,Premium,Medellin,Mexico,23,55303,2023-05-16,Activo
7863,CLI-007863,Nomina,Puebla,Mexico,24,46802,2023-06-25,Activo
7864,CLI-007864,Premium,Guadalajara,Mexico,51,65860,2023-02-13,Inactivo
7865,CLI-007865,Empresarial,Queretaro,Colombia,33,51789,2022-08-21,Activo
7866,CLI-007866,Pyme,Guadalajara,Mexico,63,73821,2024-07-21,Inactivo
7867,CLI-007867,Premium,CDMX,Mexico,40,21533,2022-03-22,Activo
7868,CLI-007868,Premium,Cali,Colombia,29,11475,2024-02-15,Activo
7869,CLI-007869,Empresarial,Guadalajara,Mexico,54,73464,2023-06-28,Activo
7870,CLI-007870,Premium,Medellin,Mexico,36,45686,2023-04-08,Activo
7871,CLI-007871,Premium,Puebla,Colombia,24,42563,2024-07-29,Inactivo
7872,CLI-007872,Premium,Puebla,Mexico,53,18543,2026-05-31,Inactivo
7873,CLI-007873,Digital,Bogota,Mexico,33,78269,2024-06-02,Activo
7874,CLI-007874,Empresarial,CDMX,Mexico,47,31494,2022-07-11,Inactivo
7875,CLI-007875,Premium,Queretaro,Colombia,37,97499,2022-01-10,Activo
7876,CLI-007876,Empresarial,Medellin,Colombia,51,62859,2026-06-14,Activo
7877,CLI-007877,Empresarial,Guadalajara,Mexico,64,42495,2023-02-17,Inactivo
7878,CLI-007878,Digital,Puebla,Colombia,30,41765,2025-05-31,Activo
7879,CLI-007879,Premium,Puebla,Mexico,56,40512,2026-08-12,Activo
7880,CLI-007880,Premium,CDMX,Mexico,42,78275,2023-07-14,Activo
7881,CLI-007881,Premium,Cali,Colombia,49,8402,2021-04-11,Activo
7882,CLI-007882,Premium,Cali,Mexico,48,60265,2023-12-03,Activo
7883,CLI-007883,Digital,CDMX,Mexico,36,71559,2024-05-28,Activo
7884,CLI-007884,Empresarial,Queretaro,Mexico,60,58489,2025-11-18,Inactivo
7885,CLI-007885,Nomina,Monterrey,Colombia,39,95518,2024-05-30,Activo
7886,CLI-007886,Digital,Monterrey,Mexico,38,24485,2024-06-19,Inactivo
7887,CLI-007887,Empresarial,Monterrey,Mexico,56,26099,2022-07-18,Activo
7888,CLI-007888,Empresarial,Bogota,Mexico,21,60012,2026-01-10,Inactivo
7889,CLI-007889,Empresarial,CDMX,Mexico,31,58203,2024-03-22,Inactivo
7890,CLI-007890,Pyme,Puebla,Colombia,45,93954,2021-06-19,Activo
7891,CLI-007891,Digital,Cali,Mexico,56,36974,2024-02-10,Activo
7892,CLI-007892,Digital,Puebla,Colombia,37,37464,2025-11-24,Inactivo
7893,CLI-007893,Premium,Queretaro,Mexico,41,53092,2022-01-26,Activo
7894,CLI-007894,Premium,Queretaro,Mexico,59,18305,2021-07-03,Activo
7895,CLI-007895,Nomina,Puebla,Mexico,38,92730,2026-06-03,Activo
7896,CLI-007896,Nomina,Bogota,Mexico,51,35716,2025-12-16,Activo
7897,CLI-007897,Nomina,Monterrey,Mexico,21,35972,2025-10-08,Activo
7898,CLI-007898,Pyme,Bogota,Mexico,48,21308,2021-11-04,Activo
7899,CLI-007899,Pyme,Cali,Mexico,21,30731,2026-03-28,Activo
7900,CLI-007900,Digital,Monterrey,Mexico,34,36183,2024-03-28,Activo
7901,CLI-007901,Premium,Queretaro,Mexico,33,62177,2024-11-25,Inactivo
7902,CLI-007902,Digital,Guadalajara,Mexico,61,80803,2024-08-23,Inactivo
7903,CLI-007903,Nomina,Cali,Mexico,28,88938,2025-02-07,Activo
7904,CLI-007904,Nomina,CDMX,Mexico,27,53036,2024-09-01,Activo
7905,CLI-007905,Digital,Puebla,Mexico,46,97828,2024-05-27,Activo
7906,CLI-007906,Digital,CDMX,Mexico,30,83896,2026-04-14,Activo
7907,CLI-007907,Premium,Puebla,Mexico,30,45999,2024-05-09,Inactivo
7908,CLI-007908,Nomina,Cali,Colombia,60,50033,2024-12-14,Inactivo
7909,CLI-007909,Nomina,CDMX,Mexico,40,84257,2023-04-17,Activo
7910,CLI-007910,Nomina,Bogota,Colombia,34,72703,2023-11-24,Inactivo
7911,CLI-007911,Pyme,Bogota,Mexico,28,83334,2024-03-14,Inactivo
7912,CLI-007912,Pyme,Bogota,Mexico,54,52426,2025-05-27,Activo
7913,CLI-007913,Empresarial,Monterrey,Mexico,50,81153,2025-10-09,Inactivo
7914,CLI-007914,Digital,Puebla,Mexico,62,87814,2023-03-12,Activo
7915,CLI-007915,Nomina,Monterrey,Mexico,29,20695,2026-08-06,Inactivo
7916,CLI-007916,Digital,Bogota,Colombia,36,41763,2022-11-11,Activo
7917,CLI-007917,Empresarial,Monterrey,Mexico,23,28613,2021-12-21,Inactivo
7918,CLI-007918,Nomina,Monterrey,Mexico,37,36336,2021-10-04,Activo
7919,CLI-007919,Digital,CDMX,Mexico,24,87433,2026-04-17,Inactivo
7920,CLI-007920,Empresarial,Guadalajara,Mexico,25,60308,2023-07-17,Activo
7921,CLI-007921,Empresarial,Medellin,Colombia,64,49621,2026-05-29,Activo
7922,CLI-007922,Digital,Bogota,Mexico,34,42521,2021-04-11,Activo
7923,CLI-007923,Premium,Puebla,Mexico,37,83283,2023-12-28,Activo
7924,CLI-007924,Nomina,Cali,Mexico,28,71891,2021-09-04,Inactivo
7925,CLI-007925,Empresarial,Medellin,Colombia,61,89977,2023-08-28,Activo
7926,CLI-007926,Premium,Guadalajara,Mexico,22,21649,2026-04-05,Activo
7927,CLI-007927,Empresarial,CDMX,Mexico,55,11737,2023-02-15,Activo
7928,CLI-007928,Empresarial,Puebla,Mexico,28,44915,2023-12-01,Activo
7929,CLI-007929,Pyme,CDMX,Mexico,57,63331,2022-12-26,Inactivo
7930,CLI-007930,Premium,Monterrey,Mexico,42,72861,2026-01-08,Inactivo
7931,CLI-007931,Nomina,Cali,Mexico,39,95264,2022-10-01,Activo
7932,CLI-007932,Premium,Puebla,Colombia,52,95910,2022-08-04,Activo
7933,CLI-007933,Empresarial,Cali,Colombia,47,88422,2021-08-01,Inactivo
7934,CLI-007934,Nomina,CDMX,Mexico,57,76370,2025-07-06,Activo
7935,CLI-007935,Nomina,Puebla,Mexico,52,69640,2023-04-26,Inactivo
7936,CLI-007936,Pyme,CDMX,Colombia,57,62682,2023-03-20,Activo
7937,CLI-007937,Premium,CDMX,Mexico,29,64685,2024-11-23,Activo
7938,CLI-007938,Premium,Puebla,Mexico,36,94849,2026-06-09,Activo
7939,CLI-007939,Pyme,Queretaro,Colombia,47,85022,2021-06-21,Inactivo
7940,CLI-007940,Digital,Medellin,Mexico,22,29628,2022-05-19,Activo
7941,CLI-007941,Premium,Cali,Mexico,32,65644,2023-09-10,Inactivo
7942,CLI-007942,Digital,Medellin,Mexico,26,42935,2022-07-15,Activo
7943,CLI-007943,Digital,Queretaro,Mexico,50,19948,2021-05-01,Activo
7944,CLI-007944,Digital,Guadalajara,Mexico,54,49845,2025-08-12,Activo
7945,CLI-007945,Empresarial,Cali,Mexico,20,95275,2025-06-20,Activo
7946,CLI-007946,Pyme,Cali,Mexico,35,58792,2023-07-05,Activo
7947,CLI-007947,Premium,CDMX,Colombia,62,70655,2023-06-16,Activo
7948,CLI-007948,Pyme,Monterrey,Colombia,26,40174,2022-07-12,Activo
7949,CLI-007949,Pyme,Bogota,Colombia,20,76212,2024-05-12,Activo
7950,CLI-007950,Nomina,CDMX,Mexico,25,74997,2022-07-01,Inactivo
7951,CLI-007951,Pyme,Monterrey,Mexico,43,39547,2025-11-16,Activo
7952,CLI-007952,Premium,CDMX,Mexico,23,82877,2026-02-28,Activo
7953,CLI-007953,Nomina,Cali,Mexico,46,74939,2025-05-29,Inactivo
7954,CLI-007954,Digital,Monterrey,Mexico,33,93489,2024-07-08,Activo
7955,CLI-007955,Empresarial,Guadalajara,Mexico,30,24022,2022-12-24,Activo
7956,CLI-007956,Pyme,Cali,Mexico,23,58018,2021-06-12,Inactivo
7957,CLI-007957,Empresarial,Cali,Mexico,49,35934,2024-06-26,Activo
7958,CLI-007958,Pyme,CDMX,Mexico,20,29494,2021-09-05,Activo
7959,CLI-007959,Premium,Medellin,Mexico,39,42507,2024-06-27,Activo
7960,CLI-007960,Empresarial,Queretaro,Mexico,37,26566,2021-03-16,Activo
7961,CLI-007961,Pyme,Bogota,Mexico,57,25154,2021-11-01,Inactivo
7962,CLI-007962,Digital,CDMX,Mexico,62,81155,2026-04-22,Activo
7963,CLI-007963,Nomina,Queretaro,Colombia,22,64546,2025-10-11,Activo
7964,CLI-007964,Pyme,Queretaro,Mexico,37,56435,2025-05-29,Activo
7965,CLI-007965,Digital,Puebla,Mexico,54,53735,2023-11-04,Activo
7966,CLI-007966,Nomina,Monterrey,Mexico,38,59414,2022-01-04,Activo
7967,CLI-007967,Empresarial,Bogota,Mexico,42,93424,2025-04-23,Activo
7968,CLI-007968,Empresarial,Queretaro,Colombia,47,66433,2025-04-28,Activo
7969,CLI-007969,Empresarial,Cali,Mexico,38,63291,2025-02-03,Activo
7970,CLI-007970,Pyme,Medellin,Mexico,40,91057,2026-07-12,Activo
7971,CLI-007971,Digital,Queretaro,Mexico,27,15512,2021-12-26,Activo
7972,CLI-007972,Premium,Guadalajara,Colombia,48,55010,2022-07-23,Activo
7973,CLI-007973,Pyme,Cali,Mexico,58,23230,2023-05-23,Activo
7974,CLI-007974,Premium,Monterrey,Mexico,33,31971,2025-02-03,Activo
7975,CLI-007975,Premium,Puebla,Mexico,59,12932,2024-06-18,Activo
7976,CLI-007976,Empresarial,CDMX,Mexico,40,43406,2024-07-22,Activo
7977,CLI-007977,Empresarial,Monterrey,Colombia,23,27600,2022-10-28,Inactivo
7978,CLI-007978,Pyme,Monterrey,Mexico,55,62294,2025-06-12,Activo
7979,CLI-007979,Premium,Medellin,Mexico,53,88511,2025-10-01,Activo
7980,CLI-007980,Digital,CDMX,Colombia,50,65639,2022-06-16,Inactivo
7981,CLI-007981,Nomina,Medellin,Mexico,39,17505,2025-02-21,Activo
7982,CLI-007982,Digital,Medellin,Mexico,47,62028,2025-02-07,Inactivo
7983,CLI-007983,Empresarial,CDMX,Mexico,58,44635,2023-08-28,Activo
7984,CLI-007984,Premium,Puebla,Mexico,20,90166,2023-08-12,Activo
7985,CLI-007985,Empresarial,Guadalajara,Colombia,62,53298,2025-03-20,Activo
7986,CLI-007986,Pyme,Guadalajara,Mexico,62,42846,2021-08-28,Activo
7987,CLI-007987,Digital,Medellin,Colombia,44,45742,2024-12-09,Inactivo
7988,CLI-007988,Nomina,Monterrey,Mexico,25,10370,2024-01-10,Activo
7989,CLI-007989,Digital,Puebla,Mexico,25,93122,2024-08-14,Activo
7990,CLI-007990,Nomina,Bogota,Mexico,28,19295,2021-03-29,Activo
7991,CLI-007991,Digital,Bogota,Mexico,56,56605,2024-11-10,Activo
7992,CLI-007992,Nomina,Guadalajara,Mexico,30,66479,2026-04-21,Activo
7993,CLI-007993,Nomina,Monterrey,Colombia,56,27715,2023-08-28,Inactivo
7994,CLI-007994,Empresarial,Guadalajara,Colombia,22,84477,2026-05-12,Inactivo
7995,CLI-007995,Digital,Bogota,Colombia,52,65837,2022-06-28,Activo
7996,CLI-007996,Premium,CDMX,Mexico,27,31493,2023-07-03,Inactivo
7997,CLI-007997,Premium,Monterrey,Mexico,43,22677,2021-06-28,Inactivo
7998,CLI-007998,Nomina,CDMX,Mexico,53,44214,2023-01-14,Activo
7999,CLI-007999,Empresarial,Queretaro,Colombia,28,87078,2026-02-28,Activo
