cliente_id,dias_mora,monto_vencido,tramo_mora,prob_pago,ultima_gestion
5180,59,1239.71,31-60 dias,0.56,Visita
5918,10,1019.6,1-30 dias,0.88,Sin gestion
3217,99,4070.99,90+ dias,0.29,Email
4768,33,15190.52,31-60 dias,0.73,SMS
204,176,16646.32,90+ dias,0.05,Email
4228,66,39744.26,61-90 dias,0.51,Llamada
7528,75,31488.94,61-90 dias,0.45,Llamada
2820,121,5985.69,90+ dias,0.14,Visita
2855,121,5105.84,90+ dias,0.14,Sin gestion
2638,33,3339.06,31-60 dias,0.73,Visita
2544,27,24051.32,1-30 dias,0.77,SMS
3133,80,3195.12,61-90 dias,0.42,Email
6082,32,20878.7,31-60 dias,0.74,Sin gestion
5800,114,27837.86,90+ dias,0.19,Email
4737,75,30162.74,61-90 dias,0.45,Acuerdo
2110,54,841.61,31-60 dias,0.59,Llamada
7241,171,4722.07,90+ dias,0.05,Sin gestion
5900,115,24021.71,90+ dias,0.18,Acuerdo
4122,34,58929.39,31-60 dias,0.72,Email
7527,53,42630.61,31-60 dias,0.6,Sin gestion
3117,164,14430.36,90+ dias,0.05,Visita
6635,37,13111.24,31-60 dias,0.7,Sin gestion
902,179,55006.23,90+ dias,0.05,Llamada
633,50,4486.24,31-60 dias,0.62,Llamada
1060,18,3342.67,1-30 dias,0.83,SMS
2348,57,16218.02,31-60 dias,0.57,Visita
1327,167,10792.25,90+ dias,0.05,SMS
704,51,2894.14,31-60 dias,0.61,Llamada
6500,23,8406.82,1-30 dias,0.8,Email
7714,118,8049.57,90+ dias,0.16,Visita
7447,174,8796.27,90+ dias,0.05,Acuerdo
7393,66,1603.63,61-90 dias,0.51,SMS
6570,70,4311.78,61-90 dias,0.48,SMS
1860,178,8342.43,90+ dias,0.05,SMS
407,151,10461.43,90+ dias,0.05,Acuerdo
5428,135,31376.68,90+ dias,0.05,Visita
3728,146,19981.43,90+ dias,0.05,SMS
5569,113,981.38,90+ dias,0.2,Email
3859,2,502.85,1-30 dias,0.94,Llamada
5693,79,8281.48,61-90 dias,0.42,Llamada
257,92,6430.27,90+ dias,0.34,Llamada
3189,76,9321.59,61-90 dias,0.44,Acuerdo
3217,105,6878.15,90+ dias,0.25,Sin gestion
2305,87,6355.01,61-90 dias,0.37,Acuerdo
4975,96,3887.67,90+ dias,0.31,Sin gestion
4876,58,6044.06,31-60 dias,0.56,Email
996,40,9010.62,31-60 dias,0.68,Email
7630,59,19744.75,31-60 dias,0.56,Acuerdo
7642,138,26700.6,90+ dias,0.05,Acuerdo
49,177,2974.47,90+ dias,0.05,Acuerdo
2025,36,10718.32,31-60 dias,0.71,Email
2581,143,2627.75,90+ dias,0.05,Acuerdo
2651,174,7048.36,90+ dias,0.05,Email
1862,120,3948.32,90+ dias,0.15,Sin gestion
3902,146,741.32,90+ dias,0.05,Email
4065,129,2359.78,90+ dias,0.09,Llamada
4584,86,6090.95,61-90 dias,0.38,Sin gestion
1014,14,861.51,1-30 dias,0.86,Email
3824,78,5762.55,61-90 dias,0.43,Visita
4919,154,33124.31,90+ dias,0.05,Email
5292,8,6418.97,1-30 dias,0.9,Visita
5745,25,26265.88,1-30 dias,0.78,SMS
2066,35,36179.82,31-60 dias,0.72,Acuerdo
6958,57,42844.49,31-60 dias,0.57,Acuerdo
7013,39,7770.63,31-60 dias,0.69,Sin gestion
4056,11,20336.92,1-30 dias,0.88,Sin gestion
7994,85,30774.56,61-90 dias,0.38,Visita
5211,37,34860.21,31-60 dias,0.7,Visita
3647,171,25193.08,90+ dias,0.05,Acuerdo
89,157,3252.22,90+ dias,0.05,SMS
5550,65,22782.63,61-90 dias,0.52,Acuerdo
4081,24,2234.77,1-30 dias,0.79,Acuerdo
7548,31,10564.77,31-60 dias,0.74,Llamada
6396,180,15653.44,90+ dias,0.05,SMS
7304,72,1539.79,61-90 dias,0.47,Visita
3670,140,2193.97,90+ dias,0.05,Visita
6024,178,4249.84,90+ dias,0.05,Sin gestion
5055,38,5052.61,31-60 dias,0.7,Visita
7608,75,13385.43,61-90 dias,0.45,Sin gestion
3527,176,52372.31,90+ dias,0.05,Email
572,145,4982.66,90+ dias,0.05,Visita
2627,120,49390.77,90+ dias,0.15,Sin gestion
3772,109,22733.69,90+ dias,0.22,Sin gestion
823,131,19544.55,90+ dias,0.08,Sin gestion
3133,82,3439.46,61-90 dias,0.4,Acuerdo
5934,70,2591.39,61-90 dias,0.48,SMS
1534,58,21215.9,31-60 dias,0.56,Visita
3414,163,2228.74,90+ dias,0.05,SMS
2645,80,10606.53,61-90 dias,0.42,SMS
537,105,28150.74,90+ dias,0.25,Llamada
2633,147,22024.83,90+ dias,0.05,Email
1341,56,5377.03,31-60 dias,0.58,Acuerdo
456,82,20366.63,61-90 dias,0.4,SMS
3950,21,26907.48,1-30 dias,0.81,Visita
6359,22,8195.76,1-30 dias,0.8,Acuerdo
3377,125,1780.95,90+ dias,0.12,SMS
4591,168,4844.63,90+ dias,0.05,Acuerdo
6899,70,31724.33,61-90 dias,0.48,SMS
909,70,2875.64,61-90 dias,0.48,Visita
7096,3,8334.74,1-30 dias,0.93,SMS
6261,133,3088.82,90+ dias,0.06,Visita
6651,151,17596.43,90+ dias,0.05,Acuerdo
3130,5,18796.29,1-30 dias,0.92,Llamada
795,23,6178.36,1-30 dias,0.8,Visita
1822,41,5336.62,31-60 dias,0.68,Visita
6879,26,9296.78,1-30 dias,0.78,Llamada
596,103,7235.91,90+ dias,0.26,SMS
2306,164,29611.35,90+ dias,0.05,Llamada
5082,55,48835.94,31-60 dias,0.58,Llamada
1870,11,27016.69,1-30 dias,0.88,Visita
4660,152,3360.56,90+ dias,0.05,Llamada
4581,3,1650.09,1-30 dias,0.93,Llamada
5480,89,19032.76,61-90 dias,0.36,SMS
43,39,3121.55,31-60 dias,0.69,Email
4996,34,5097.38,31-60 dias,0.72,Sin gestion
4813,87,14995.16,61-90 dias,0.37,Visita
5752,120,3513.73,90+ dias,0.15,Sin gestion
4359,121,49031.9,90+ dias,0.14,Visita
6790,119,12076.39,90+ dias,0.16,Acuerdo
2496,71,31381.34,61-90 dias,0.48,Sin gestion
7577,98,23951.67,90+ dias,0.3,Llamada
1199,145,23045.91,90+ dias,0.05,Llamada
2737,82,19523.11,61-90 dias,0.4,SMS
7591,28,7270.71,1-30 dias,0.76,Email
1973,115,26049.07,90+ dias,0.18,Llamada
1196,44,43272.13,31-60 dias,0.66,SMS
4812,41,888.6,31-60 dias,0.68,Acuerdo
714,25,1578.1,1-30 dias,0.78,Acuerdo
1260,27,39946.29,1-30 dias,0.77,Email
3066,113,2695.68,90+ dias,0.2,Visita
3506,126,2085.08,90+ dias,0.11,Acuerdo
5043,62,31459.26,61-90 dias,0.54,Sin gestion
4764,144,45080.57,90+ dias,0.05,Sin gestion
5328,103,25612.28,90+ dias,0.26,Sin gestion
7576,94,901.78,90+ dias,0.32,Sin gestion
1035,147,5420.61,90+ dias,0.05,Sin gestion
6013,22,25796.6,1-30 dias,0.8,Email
3632,92,978.65,90+ dias,0.34,Visita
4441,83,3060.44,61-90 dias,0.4,Acuerdo
7021,160,24066.23,90+ dias,0.05,Visita
1600,91,2422.65,90+ dias,0.34,Acuerdo
6233,115,24498.23,90+ dias,0.18,Acuerdo
5212,57,2890.26,31-60 dias,0.57,Visita
2365,106,28607.51,90+ dias,0.24,Sin gestion
2152,110,14317.09,90+ dias,0.22,Visita
6747,169,16648.07,90+ dias,0.05,Sin gestion
2332,48,8813.19,31-60 dias,0.63,Sin gestion
6612,180,46867.12,90+ dias,0.05,Visita
4521,157,9263.39,90+ dias,0.05,SMS
937,51,32919.23,31-60 dias,0.61,SMS
7189,7,4154.82,1-30 dias,0.9,Acuerdo
4577,52,6159.87,31-60 dias,0.6,Sin gestion
544,14,17590.78,1-30 dias,0.86,Visita
7104,106,10086.98,90+ dias,0.24,Sin gestion
5001,176,16762.75,90+ dias,0.05,Sin gestion
345,151,25578.0,90+ dias,0.05,Email
3121,23,9314.89,1-30 dias,0.8,Acuerdo
7316,21,27090.03,1-30 dias,0.81,Llamada
1276,132,44581.09,90+ dias,0.07,Visita
3013,17,43514.11,1-30 dias,0.84,Email
6070,21,41823.38,1-30 dias,0.81,Email
1988,83,21510.31,61-90 dias,0.4,SMS
6734,112,21406.33,90+ dias,0.2,Llamada
7809,48,18468.71,31-60 dias,0.63,Visita
4371,17,10779.52,1-30 dias,0.84,Sin gestion
3723,52,48108.87,31-60 dias,0.6,Acuerdo
7772,96,12070.02,90+ dias,0.31,Sin gestion
4450,150,33094.32,90+ dias,0.05,SMS
5368,167,6173.66,90+ dias,0.05,Llamada
5249,21,5033.62,1-30 dias,0.81,Llamada
6507,71,3339.99,61-90 dias,0.48,Visita
622,108,25000.18,90+ dias,0.23,Acuerdo
3127,79,6449.04,61-90 dias,0.42,Llamada
4640,80,2197.3,61-90 dias,0.42,SMS
1807,103,15287.23,90+ dias,0.26,Llamada
6455,169,45652.3,90+ dias,0.05,Visita
4350,64,1626.18,61-90 dias,0.52,Visita
549,51,29375.67,31-60 dias,0.61,Email
35,127,32975.13,90+ dias,0.1,SMS
1399,53,33250.82,31-60 dias,0.6,SMS
4742,115,26224.51,90+ dias,0.18,Email
5493,110,15843.46,90+ dias,0.22,Llamada
3819,24,2249.54,1-30 dias,0.79,Email
360,161,21533.06,90+ dias,0.05,Email
7310,77,30017.47,61-90 dias,0.44,Email
5461,114,3952.19,90+ dias,0.19,Email
3366,120,2566.46,90+ dias,0.15,Email
1790,117,16378.22,90+ dias,0.17,SMS
3670,10,18805.5,1-30 dias,0.88,Sin gestion
4985,133,1315.72,90+ dias,0.06,Sin gestion
4307,6,35043.33,1-30 dias,0.91,Email
7974,72,13384.54,61-90 dias,0.47,Acuerdo
7128,170,6724.97,90+ dias,0.05,Llamada
1117,89,8861.07,61-90 dias,0.36,Acuerdo
2018,101,14317.02,90+ dias,0.28,Acuerdo
2789,118,30007.39,90+ dias,0.16,Email
7483,56,13681.93,31-60 dias,0.58,Sin gestion
1355,105,34126.49,90+ dias,0.25,Llamada
7059,102,7113.73,90+ dias,0.27,Acuerdo
1290,160,2030.68,90+ dias,0.05,Llamada
4481,2,15576.93,1-30 dias,0.94,Visita
7534,119,20869.36,90+ dias,0.16,Email
962,13,3455.6,1-30 dias,0.86,Acuerdo
7758,147,3062.07,90+ dias,0.05,Email
4721,127,23519.01,90+ dias,0.1,Llamada
1517,125,18671.27,90+ dias,0.12,Visita
3354,91,35011.41,90+ dias,0.34,Sin gestion
7310,175,3525.23,90+ dias,0.05,Acuerdo
942,120,3127.91,90+ dias,0.15,Visita
693,121,25426.59,90+ dias,0.14,SMS
15,160,14208.88,90+ dias,0.05,Sin gestion
217,54,11233.65,31-60 dias,0.59,Email
4452,107,20505.26,90+ dias,0.24,SMS
6711,89,37448.27,61-90 dias,0.36,Visita
3841,90,49496.72,61-90 dias,0.35,Email
4589,27,3510.08,1-30 dias,0.77,SMS
2564,8,48611.67,1-30 dias,0.9,Sin gestion
2779,149,4839.43,90+ dias,0.05,Visita
4888,146,12690.68,90+ dias,0.05,SMS
3415,107,10821.8,90+ dias,0.24,SMS
2023,100,6631.52,90+ dias,0.28,SMS
7470,12,1056.97,1-30 dias,0.87,Sin gestion
2799,73,30464.5,61-90 dias,0.46,Visita
2367,15,57031.23,1-30 dias,0.85,Visita
3567,131,14861.4,90+ dias,0.08,Sin gestion
3436,131,17866.79,90+ dias,0.08,Visita
5619,58,5735.87,31-60 dias,0.56,Visita
5310,93,593.04,90+ dias,0.33,SMS
5459,59,2385.76,31-60 dias,0.56,SMS
1658,136,6809.7,90+ dias,0.05,Visita
6460,157,17739.16,90+ dias,0.05,Visita
7044,163,6164.18,90+ dias,0.05,Sin gestion
5012,133,21443.17,90+ dias,0.06,Acuerdo
5463,18,5910.31,1-30 dias,0.83,SMS
2110,93,4153.53,90+ dias,0.33,Visita
1405,137,2982.24,90+ dias,0.05,Llamada
2067,9,10680.31,1-30 dias,0.89,Visita
12,168,1891.56,90+ dias,0.05,Visita
3344,92,9693.69,90+ dias,0.34,Llamada
7343,177,29491.85,90+ dias,0.05,Acuerdo
1643,67,1326.63,61-90 dias,0.5,Visita
4779,178,29886.57,90+ dias,0.05,Sin gestion
49,93,2951.2,90+ dias,0.33,Acuerdo
4732,19,29325.75,1-30 dias,0.82,Llamada
1053,140,10485.94,90+ dias,0.05,Acuerdo
7005,121,4259.46,90+ dias,0.14,Sin gestion
5092,148,6098.5,90+ dias,0.05,Llamada
179,95,9628.01,90+ dias,0.32,Email
5330,124,40939.9,90+ dias,0.12,Acuerdo
3394,60,1561.2,31-60 dias,0.55,Sin gestion
2496,38,3591.84,31-60 dias,0.7,Llamada
5277,96,708.76,90+ dias,0.31,Visita
5117,27,10308.26,1-30 dias,0.77,SMS
7518,176,12721.22,90+ dias,0.05,Acuerdo
4805,88,26110.5,61-90 dias,0.36,Visita
285,2,564.41,1-30 dias,0.94,Sin gestion
1770,66,7283.57,61-90 dias,0.51,Visita
5512,96,27715.34,90+ dias,0.31,Email
790,121,7937.86,90+ dias,0.14,Visita
918,138,17672.12,90+ dias,0.05,SMS
5956,72,37795.76,61-90 dias,0.47,Email
7531,56,1288.9,31-60 dias,0.58,Acuerdo
241,150,33721.22,90+ dias,0.05,Llamada
2026,142,23864.68,90+ dias,0.05,Llamada
7973,63,52094.59,61-90 dias,0.53,Acuerdo
3477,157,15821.58,90+ dias,0.05,Visita
45,129,3883.36,90+ dias,0.09,Llamada
1712,43,965.65,31-60 dias,0.66,SMS
1171,156,10391.49,90+ dias,0.05,Visita
1354,144,10104.73,90+ dias,0.05,Acuerdo
6203,169,4842.78,90+ dias,0.05,Visita
478,78,18600.69,61-90 dias,0.43,Visita
1595,126,5897.14,90+ dias,0.11,Acuerdo
6959,168,1246.73,90+ dias,0.05,Sin gestion
7743,151,1380.27,90+ dias,0.05,Acuerdo
6452,41,5069.18,31-60 dias,0.68,Sin gestion
54,83,1109.56,61-90 dias,0.4,Acuerdo
2798,26,16440.46,1-30 dias,0.78,Email
873,16,9415.77,1-30 dias,0.84,Llamada
5123,109,10581.69,90+ dias,0.22,SMS
1057,128,7551.11,90+ dias,0.1,Sin gestion
2328,85,7864.71,61-90 dias,0.38,SMS
3502,124,25653.23,90+ dias,0.12,Email
6821,125,11589.58,90+ dias,0.12,Llamada
19,155,10316.92,90+ dias,0.05,Sin gestion
3458,86,1207.39,61-90 dias,0.38,Sin gestion
5490,125,4514.17,90+ dias,0.12,Acuerdo
3429,59,6757.75,31-60 dias,0.56,Sin gestion
1492,30,39074.12,1-30 dias,0.75,Email
756,152,14197.02,90+ dias,0.05,Llamada
7337,144,34130.01,90+ dias,0.05,SMS
724,110,22441.58,90+ dias,0.22,SMS
3063,63,2238.1,61-90 dias,0.53,SMS
527,179,22678.42,90+ dias,0.05,Acuerdo
3065,134,4833.41,90+ dias,0.06,Email
5540,4,35939.43,1-30 dias,0.92,Llamada
6226,101,16514.77,90+ dias,0.28,Email
7831,171,4259.28,90+ dias,0.05,Acuerdo
5076,154,10636.38,90+ dias,0.05,Acuerdo
2666,82,2956.43,61-90 dias,0.4,Acuerdo
2999,95,1417.18,90+ dias,0.32,SMS
899,142,3522.46,90+ dias,0.05,Visita
6725,9,1381.7,1-30 dias,0.89,Email
1755,118,9737.97,90+ dias,0.16,Sin gestion
2547,145,2771.49,90+ dias,0.05,Visita
187,157,42646.24,90+ dias,0.05,Llamada
7738,7,1410.87,1-30 dias,0.9,Llamada
629,28,4529.79,1-30 dias,0.76,Acuerdo
388,139,47051.9,90+ dias,0.05,Sin gestion
3279,44,1161.43,31-60 dias,0.66,SMS
296,88,4564.39,61-90 dias,0.36,Email
2642,174,5145.26,90+ dias,0.05,Acuerdo
7473,6,10415.65,1-30 dias,0.91,Acuerdo
7927,36,20331.12,31-60 dias,0.71,Visita
4032,14,3912.46,1-30 dias,0.86,Email
4699,62,29528.81,61-90 dias,0.54,Llamada
2436,86,17223.43,61-90 dias,0.38,Llamada
2031,17,6728.1,1-30 dias,0.84,Visita
4143,36,9791.85,31-60 dias,0.71,Visita
7425,151,1301.88,90+ dias,0.05,Sin gestion
4157,25,4673.18,1-30 dias,0.78,Sin gestion
99,81,25239.52,61-90 dias,0.41,Llamada
7227,63,58770.47,61-90 dias,0.53,SMS
2447,151,16749.0,90+ dias,0.05,Llamada
4980,91,2051.62,90+ dias,0.34,Llamada
7231,166,28587.2,90+ dias,0.05,Visita
2265,98,2834.28,90+ dias,0.3,Llamada
4383,16,12551.8,1-30 dias,0.84,Llamada
7267,148,16329.55,90+ dias,0.05,Llamada
4588,139,11556.65,90+ dias,0.05,Email
6052,119,6550.68,90+ dias,0.16,Visita
4064,60,21615.76,31-60 dias,0.55,Visita
6779,85,56326.69,61-90 dias,0.38,SMS
6029,85,43599.02,61-90 dias,0.38,Llamada
1691,179,19621.31,90+ dias,0.05,Llamada
1737,30,48431.14,1-30 dias,0.75,Acuerdo
7245,72,17387.87,61-90 dias,0.47,Acuerdo
2371,89,53562.04,61-90 dias,0.36,Llamada
5168,68,7027.15,61-90 dias,0.5,Llamada
3155,18,44276.49,1-30 dias,0.83,SMS
90,151,1390.83,90+ dias,0.05,Visita
5631,111,17988.23,90+ dias,0.21,Visita
1292,69,22196.76,61-90 dias,0.49,Sin gestion
988,110,10438.4,90+ dias,0.22,Sin gestion
5374,138,1774.35,90+ dias,0.05,Email
2722,40,1623.73,31-60 dias,0.68,Sin gestion
4559,68,25893.51,61-90 dias,0.5,Acuerdo
2234,82,3095.99,61-90 dias,0.4,Email
2710,13,35032.95,1-30 dias,0.86,SMS
6270,21,45943.35,1-30 dias,0.81,Email
4379,58,16627.74,31-60 dias,0.56,Llamada
6097,165,39435.31,90+ dias,0.05,Visita
6451,17,13608.64,1-30 dias,0.84,Acuerdo
6186,71,22391.94,61-90 dias,0.48,Email
1651,70,4061.49,61-90 dias,0.48,Sin gestion
2196,2,5931.24,1-30 dias,0.94,SMS
5294,171,7749.74,90+ dias,0.05,Visita
5049,20,24808.68,1-30 dias,0.82,Acuerdo
1944,25,34182.18,1-30 dias,0.78,Acuerdo
4362,7,19212.83,1-30 dias,0.9,SMS
6507,94,11796.93,90+ dias,0.32,Llamada
4415,53,2291.83,31-60 dias,0.6,SMS
450,8,22679.22,1-30 dias,0.9,Acuerdo
1701,23,51425.52,1-30 dias,0.8,Visita
2407,50,23889.92,31-60 dias,0.62,Visita
6832,152,2315.95,90+ dias,0.05,Email
5673,128,2306.24,90+ dias,0.1,Visita
5471,83,7682.97,61-90 dias,0.4,SMS
6895,118,14362.96,90+ dias,0.16,Email
6240,114,37424.73,90+ dias,0.19,Llamada
1923,69,16393.63,61-90 dias,0.49,SMS
7774,157,31082.38,90+ dias,0.05,Visita
5204,112,22699.95,90+ dias,0.2,Llamada
4513,75,14621.8,61-90 dias,0.45,Acuerdo
7963,105,20416.94,90+ dias,0.25,Sin gestion
7005,2,20398.3,1-30 dias,0.94,Visita
4998,137,7188.2,90+ dias,0.05,Sin gestion
3319,62,4059.23,61-90 dias,0.54,Llamada
4653,48,2162.43,31-60 dias,0.63,Llamada
2223,21,19641.7,1-30 dias,0.81,Email
223,123,886.84,90+ dias,0.13,Acuerdo
3457,67,13137.84,61-90 dias,0.5,Acuerdo
5111,78,549.92,61-90 dias,0.43,Llamada
2024,117,35449.01,90+ dias,0.17,Email
4089,160,12800.54,90+ dias,0.05,Acuerdo
7446,115,31896.76,90+ dias,0.18,Acuerdo
7246,92,4970.79,90+ dias,0.34,Email
5754,16,1797.86,1-30 dias,0.84,Sin gestion
4641,116,27389.97,90+ dias,0.18,Sin gestion
5226,117,52899.24,90+ dias,0.17,Llamada
6072,55,23900.59,31-60 dias,0.58,Acuerdo
5007,112,19736.16,90+ dias,0.2,Sin gestion
2399,41,6211.76,31-60 dias,0.68,Sin gestion
2136,8,5202.78,1-30 dias,0.9,Acuerdo
173,118,19826.62,90+ dias,0.16,Sin gestion
651,162,36501.94,90+ dias,0.05,Email
2803,158,34921.48,90+ dias,0.05,Email
4200,97,31621.72,90+ dias,0.3,Llamada
2726,82,17309.79,61-90 dias,0.4,Llamada
367,110,22380.01,90+ dias,0.22,Visita
681,72,6049.89,61-90 dias,0.47,Llamada
1570,84,20750.11,61-90 dias,0.39,Acuerdo
4929,177,3644.27,90+ dias,0.05,Llamada
1179,69,39454.4,61-90 dias,0.49,Acuerdo
106,106,3733.08,90+ dias,0.24,SMS
7434,132,22396.74,90+ dias,0.07,SMS
1141,156,22817.95,90+ dias,0.05,SMS
4750,145,43060.75,90+ dias,0.05,Llamada
4279,97,18300.01,90+ dias,0.3,Llamada
3879,180,3885.18,90+ dias,0.05,Email
4917,96,1909.92,90+ dias,0.31,Visita
1292,20,2200.45,1-30 dias,0.82,Sin gestion
5559,87,3440.46,61-90 dias,0.37,Acuerdo
67,60,34427.95,31-60 dias,0.55,Email
6334,8,1327.56,1-30 dias,0.9,Sin gestion
4809,69,20781.92,61-90 dias,0.49,SMS
5925,30,10062.63,1-30 dias,0.75,Sin gestion
7419,32,660.65,31-60 dias,0.74,Visita
1161,170,12219.64,90+ dias,0.05,SMS
4160,156,14784.25,90+ dias,0.05,Sin gestion
7249,168,19702.17,90+ dias,0.05,SMS
7271,102,6047.4,90+ dias,0.27,Email
5710,72,25592.53,61-90 dias,0.47,Visita
3628,71,2582.14,61-90 dias,0.48,Acuerdo
4133,72,41625.05,61-90 dias,0.47,SMS
7058,63,2962.11,61-90 dias,0.53,Acuerdo
800,115,11258.33,90+ dias,0.18,Visita
7472,108,18645.87,90+ dias,0.23,Visita
4895,58,7736.67,31-60 dias,0.56,Visita
262,101,9968.44,90+ dias,0.28,Llamada
4456,40,32968.02,31-60 dias,0.68,Llamada
5686,22,8831.99,1-30 dias,0.8,Acuerdo
3574,171,10780.5,90+ dias,0.05,Visita
1408,122,1369.19,90+ dias,0.14,Visita
4756,7,20938.84,1-30 dias,0.9,Visita
138,153,19296.65,90+ dias,0.05,Sin gestion
2949,32,3317.39,31-60 dias,0.74,Sin gestion
5677,112,6505.16,90+ dias,0.2,Sin gestion
4998,31,38507.86,31-60 dias,0.74,Sin gestion
4154,30,946.53,1-30 dias,0.75,Email
2876,112,13443.99,90+ dias,0.2,SMS
7269,138,20936.82,90+ dias,0.05,SMS
7011,109,6155.27,90+ dias,0.22,SMS
6141,149,6840.21,90+ dias,0.05,Email
5156,90,23244.85,61-90 dias,0.35,SMS
81,128,24677.21,90+ dias,0.1,Email
1158,4,8787.89,1-30 dias,0.92,Sin gestion
1440,151,9791.4,90+ dias,0.05,Acuerdo
4950,60,13748.44,31-60 dias,0.55,Acuerdo
3054,112,12908.13,90+ dias,0.2,Llamada
7061,74,49478.56,61-90 dias,0.46,Llamada
1883,155,4655.31,90+ dias,0.05,SMS
2941,162,599.16,90+ dias,0.05,Sin gestion
7719,6,1371.29,1-30 dias,0.91,Email
5022,167,23680.18,90+ dias,0.05,SMS
2661,81,34506.34,61-90 dias,0.41,Email
1935,78,18585.64,61-90 dias,0.43,Acuerdo
7022,107,19599.8,90+ dias,0.24,Sin gestion
2189,169,4622.15,90+ dias,0.05,Sin gestion
557,107,2489.9,90+ dias,0.24,SMS
2103,130,14030.79,90+ dias,0.08,Sin gestion
2419,138,1260.12,90+ dias,0.05,Email
4855,151,34623.48,90+ dias,0.05,Acuerdo
1453,147,11958.72,90+ dias,0.05,Llamada
7800,135,21681.56,90+ dias,0.05,Sin gestion
906,104,6067.09,90+ dias,0.26,SMS
829,101,7688.01,90+ dias,0.28,Visita
4580,179,3681.79,90+ dias,0.05,Visita
450,148,16610.78,90+ dias,0.05,Email
6368,175,44494.9,90+ dias,0.05,Sin gestion
7942,12,12318.66,1-30 dias,0.87,Email
1626,45,7717.66,31-60 dias,0.65,Visita
6522,63,20925.81,61-90 dias,0.53,SMS
5210,91,6693.97,90+ dias,0.34,Visita
1360,127,12137.17,90+ dias,0.1,SMS
3149,73,19527.33,61-90 dias,0.46,Llamada
5209,83,28342.43,61-90 dias,0.4,Acuerdo
2026,108,37167.43,90+ dias,0.23,Llamada
1224,113,10569.26,90+ dias,0.2,Sin gestion
6823,147,14170.38,90+ dias,0.05,Sin gestion
190,162,40473.04,90+ dias,0.05,Llamada
4919,107,34565.07,90+ dias,0.24,Acuerdo
1195,166,3594.54,90+ dias,0.05,Visita
7378,78,1560.23,61-90 dias,0.43,Email
787,76,12599.24,61-90 dias,0.44,Acuerdo
4152,161,3926.71,90+ dias,0.05,Sin gestion
6431,34,19514.77,31-60 dias,0.72,SMS
4330,106,8832.3,90+ dias,0.24,Email
2623,144,32674.33,90+ dias,0.05,SMS
3221,28,20581.07,1-30 dias,0.76,Visita
4654,59,38563.73,31-60 dias,0.56,Acuerdo
1488,139,759.23,90+ dias,0.05,Sin gestion
2457,29,24373.28,1-30 dias,0.76,Acuerdo
1369,154,19759.68,90+ dias,0.05,Sin gestion
4801,124,11679.58,90+ dias,0.12,Sin gestion
3443,163,3690.63,90+ dias,0.05,Sin gestion
5479,114,1402.5,90+ dias,0.19,Sin gestion
2574,88,17306.48,61-90 dias,0.36,SMS
4169,19,904.71,1-30 dias,0.82,SMS
7266,166,6778.63,90+ dias,0.05,Acuerdo
7097,19,4897.8,1-30 dias,0.82,Sin gestion
532,86,10885.53,61-90 dias,0.38,Llamada
331,83,6254.2,61-90 dias,0.4,Llamada
222,15,6813.35,1-30 dias,0.85,Email
1409,63,15178.46,61-90 dias,0.53,Visita
2505,40,1253.88,31-60 dias,0.68,Email
4017,116,48717.94,90+ dias,0.18,Sin gestion
7896,161,3717.13,90+ dias,0.05,Acuerdo
5144,63,19849.08,61-90 dias,0.53,Acuerdo
1148,41,19958.73,31-60 dias,0.68,Visita
602,141,6513.17,90+ dias,0.05,SMS
5276,151,635.43,90+ dias,0.05,Acuerdo
2173,83,39592.28,61-90 dias,0.4,Email
2947,101,8445.49,90+ dias,0.28,SMS
7522,90,1189.89,61-90 dias,0.35,Sin gestion
3288,22,5395.13,1-30 dias,0.8,Visita
7467,130,11732.98,90+ dias,0.08,Llamada
3235,128,6272.42,90+ dias,0.1,Email
2179,40,15496.8,31-60 dias,0.68,Email
5797,179,11366.69,90+ dias,0.05,Acuerdo
4525,162,846.42,90+ dias,0.05,Llamada
5425,27,15459.37,1-30 dias,0.77,Email
4576,160,2568.05,90+ dias,0.05,Visita
7397,112,2081.99,90+ dias,0.2,Email
4468,68,744.98,61-90 dias,0.5,SMS
1833,139,26634.45,90+ dias,0.05,Acuerdo
6389,61,29203.0,61-90 dias,0.54,Visita
1261,16,651.06,1-30 dias,0.84,Llamada
2017,71,14659.21,61-90 dias,0.48,Acuerdo
3081,54,45720.41,31-60 dias,0.59,Sin gestion
719,33,2943.58,31-60 dias,0.73,SMS
7803,7,13780.94,1-30 dias,0.9,Llamada
2392,158,21257.48,90+ dias,0.05,Visita
1647,44,30338.33,31-60 dias,0.66,Visita
2592,4,4455.97,1-30 dias,0.92,Sin gestion
4554,88,1327.48,61-90 dias,0.36,Sin gestion
4491,134,2600.29,90+ dias,0.06,Email
573,77,971.91,61-90 dias,0.44,Sin gestion
3480,119,30765.08,90+ dias,0.16,Visita
7605,39,8524.79,31-60 dias,0.69,Sin gestion
4376,52,8773.45,31-60 dias,0.6,Visita
3421,64,14318.37,61-90 dias,0.52,Email
2738,11,14535.39,1-30 dias,0.88,Sin gestion
4632,156,48649.68,90+ dias,0.05,Visita
378,150,3229.68,90+ dias,0.05,Sin gestion
5125,160,14412.71,90+ dias,0.05,Email
7398,161,11580.69,90+ dias,0.05,SMS
7707,160,49866.79,90+ dias,0.05,Email
6442,63,9656.02,61-90 dias,0.53,Acuerdo
5106,162,8759.06,90+ dias,0.05,Llamada
4900,113,20978.75,90+ dias,0.2,Sin gestion
1099,85,24755.4,61-90 dias,0.38,Sin gestion
4767,43,13603.7,31-60 dias,0.66,Visita
1610,176,16439.55,90+ dias,0.05,SMS
5715,91,22506.26,90+ dias,0.34,Sin gestion
7606,17,25758.18,1-30 dias,0.84,Sin gestion
5008,112,30235.63,90+ dias,0.2,Acuerdo
2288,169,11246.37,90+ dias,0.05,SMS
4927,5,7583.33,1-30 dias,0.92,SMS
833,140,618.35,90+ dias,0.05,Sin gestion
2249,56,1016.75,31-60 dias,0.58,Llamada
6317,125,2650.9,90+ dias,0.12,SMS
4013,25,18312.96,1-30 dias,0.78,SMS
1913,131,13666.15,90+ dias,0.08,Acuerdo
4200,20,18787.49,1-30 dias,0.82,Sin gestion
1368,46,9399.54,31-60 dias,0.64,Visita
1161,1,2248.52,1-30 dias,0.94,Email
7528,124,22582.72,90+ dias,0.12,Email
1171,59,23255.25,31-60 dias,0.56,Llamada
3945,119,6472.23,90+ dias,0.16,Llamada
2866,98,6466.75,90+ dias,0.3,Visita
3107,66,4821.24,61-90 dias,0.51,Email
5978,72,5051.19,61-90 dias,0.47,Email
6301,150,2038.3,90+ dias,0.05,Sin gestion
2059,108,1332.88,90+ dias,0.23,Email
293,28,14594.11,1-30 dias,0.76,Sin gestion
5596,151,2123.71,90+ dias,0.05,SMS
2753,127,9053.86,90+ dias,0.1,Acuerdo
833,170,958.44,90+ dias,0.05,Email
5778,139,38973.64,90+ dias,0.05,SMS
6181,28,30059.89,1-30 dias,0.76,Sin gestion
3540,159,4234.31,90+ dias,0.05,Acuerdo
1741,121,12049.75,90+ dias,0.14,Llamada
6601,129,28525.49,90+ dias,0.09,Email
1990,123,19791.03,90+ dias,0.13,Visita
7210,53,15101.84,31-60 dias,0.6,Acuerdo
6200,62,15711.81,61-90 dias,0.54,SMS
1336,66,37754.3,61-90 dias,0.51,SMS
7625,173,7586.03,90+ dias,0.05,Llamada
263,1,1079.77,1-30 dias,0.94,Email
3114,80,17937.31,61-90 dias,0.42,Sin gestion
5613,121,5225.46,90+ dias,0.14,Email
2234,79,2185.75,61-90 dias,0.42,Email
1384,104,25128.3,90+ dias,0.26,SMS
3138,61,5728.68,61-90 dias,0.54,Email
417,36,4521.84,31-60 dias,0.71,Llamada
279,85,10708.54,61-90 dias,0.38,Email
4450,95,30624.72,90+ dias,0.32,SMS
1879,129,14135.89,90+ dias,0.09,Llamada
6270,98,2991.88,90+ dias,0.3,Llamada
2018,157,46898.58,90+ dias,0.05,Email
6022,28,24355.17,1-30 dias,0.76,SMS
3861,17,10128.46,1-30 dias,0.84,Visita
1768,160,2662.69,90+ dias,0.05,Sin gestion
4343,62,7524.4,61-90 dias,0.54,Email
5619,88,20051.66,61-90 dias,0.36,Acuerdo
2272,151,8685.08,90+ dias,0.05,Sin gestion
2535,20,518.24,1-30 dias,0.82,Llamada
634,91,5336.89,90+ dias,0.34,Email
3007,12,44519.09,1-30 dias,0.87,Visita
3939,51,9525.03,31-60 dias,0.61,Sin gestion
7091,22,6051.33,1-30 dias,0.8,Sin gestion
398,44,20117.25,31-60 dias,0.66,Visita
3844,60,6973.04,31-60 dias,0.55,Sin gestion
3814,8,29556.14,1-30 dias,0.9,Llamada
4178,31,805.0,31-60 dias,0.74,Email
2561,123,19355.59,90+ dias,0.13,Sin gestion
3160,100,23221.24,90+ dias,0.28,Llamada
3202,83,25313.35,61-90 dias,0.4,Sin gestion
6754,14,10033.82,1-30 dias,0.86,Acuerdo
2962,75,7798.31,61-90 dias,0.45,SMS
1272,87,18216.16,61-90 dias,0.37,Sin gestion
2622,28,11879.48,1-30 dias,0.76,Sin gestion
288,85,2819.79,61-90 dias,0.38,SMS
2383,114,2023.36,90+ dias,0.19,Acuerdo
4599,180,20957.59,90+ dias,0.05,Llamada
7587,146,21295.01,90+ dias,0.05,Sin gestion
3315,39,5447.08,31-60 dias,0.69,SMS
999,84,4434.05,61-90 dias,0.39,Sin gestion
3266,92,10850.29,90+ dias,0.34,Visita
3727,41,17803.71,31-60 dias,0.68,Sin gestion
3248,179,36325.04,90+ dias,0.05,Email
3293,119,2120.66,90+ dias,0.16,Llamada
5588,52,22003.07,31-60 dias,0.6,Visita
1860,111,7622.1,90+ dias,0.21,Email
511,63,7015.07,61-90 dias,0.53,SMS
262,58,11469.5,31-60 dias,0.56,Acuerdo
7226,85,5309.7,61-90 dias,0.38,Email
4880,107,12476.31,90+ dias,0.24,Sin gestion
2681,100,7877.35,90+ dias,0.28,SMS
3575,24,3137.93,1-30 dias,0.79,Sin gestion
2624,19,40463.77,1-30 dias,0.82,SMS
4586,161,4697.1,90+ dias,0.05,Email
1106,58,41909.09,31-60 dias,0.56,Sin gestion
3068,129,2203.26,90+ dias,0.09,Llamada
4948,85,9401.0,61-90 dias,0.38,Email
7504,22,32932.18,1-30 dias,0.8,Visita
27,139,6005.82,90+ dias,0.05,Llamada
3732,149,5025.56,90+ dias,0.05,Visita
4499,144,35904.53,90+ dias,0.05,Llamada
4936,93,10437.03,90+ dias,0.33,Email
885,78,2116.0,61-90 dias,0.43,Sin gestion
4127,65,22531.14,61-90 dias,0.52,Acuerdo
5805,80,27705.46,61-90 dias,0.42,Llamada
325,33,20296.14,31-60 dias,0.73,Visita
4766,12,52750.01,1-30 dias,0.87,Acuerdo
4675,92,6709.35,90+ dias,0.34,Llamada
134,2,21174.6,1-30 dias,0.94,Llamada
5299,130,3457.19,90+ dias,0.08,Acuerdo
4162,17,1022.84,1-30 dias,0.84,Sin gestion
2644,28,11518.86,1-30 dias,0.76,Visita
6482,158,3157.66,90+ dias,0.05,Sin gestion
2020,149,15802.92,90+ dias,0.05,Email
1395,58,6429.42,31-60 dias,0.56,Acuerdo
613,56,783.12,31-60 dias,0.58,Llamada
5863,8,1203.94,1-30 dias,0.9,SMS
5612,158,15096.8,90+ dias,0.05,Acuerdo
3526,129,22459.56,90+ dias,0.09,Acuerdo
6886,107,3105.21,90+ dias,0.24,Acuerdo
5428,33,39697.58,31-60 dias,0.73,SMS
3628,132,2403.67,90+ dias,0.07,Llamada
5469,94,13108.47,90+ dias,0.32,Sin gestion
7395,83,4630.13,61-90 dias,0.4,Llamada
3382,178,664.24,90+ dias,0.05,Sin gestion
3344,43,31008.16,31-60 dias,0.66,Email
5152,89,956.17,61-90 dias,0.36,Llamada
7509,6,4301.62,1-30 dias,0.91,Llamada
262,34,51922.87,31-60 dias,0.72,Email
5991,142,33847.48,90+ dias,0.05,Email
3589,3,14642.2,1-30 dias,0.93,Acuerdo
1432,57,17102.14,31-60 dias,0.57,Sin gestion
5789,27,12334.16,1-30 dias,0.77,Llamada
2010,170,785.7,90+ dias,0.05,Llamada
3641,128,15463.97,90+ dias,0.1,Sin gestion
5432,62,2012.84,61-90 dias,0.54,Visita
3127,55,1446.54,31-60 dias,0.58,Email
5904,145,53015.64,90+ dias,0.05,Email
590,70,3406.57,61-90 dias,0.48,SMS
6812,49,608.59,31-60 dias,0.62,Email
2394,79,17590.59,61-90 dias,0.42,Llamada
7635,118,7871.94,90+ dias,0.16,Visita
2093,22,2320.24,1-30 dias,0.8,Acuerdo
3619,154,42032.74,90+ dias,0.05,SMS
1761,114,6145.1,90+ dias,0.19,Sin gestion
5420,39,41166.43,31-60 dias,0.69,SMS
3184,46,9339.16,31-60 dias,0.64,Acuerdo
1406,120,6569.05,90+ dias,0.15,Email
5211,121,16066.12,90+ dias,0.14,Sin gestion
2406,20,5917.98,1-30 dias,0.82,Sin gestion
3688,140,16180.74,90+ dias,0.05,Acuerdo
4173,90,10290.04,61-90 dias,0.35,Acuerdo
1805,62,9025.92,61-90 dias,0.54,Email
5937,116,28646.53,90+ dias,0.18,Email
1827,167,9887.07,90+ dias,0.05,Email
7386,110,9249.89,90+ dias,0.22,Email
2464,44,31527.07,31-60 dias,0.66,SMS
1687,31,11090.7,31-60 dias,0.74,Acuerdo
6705,164,24144.74,90+ dias,0.05,Visita
1993,166,17295.92,90+ dias,0.05,Acuerdo
4278,91,2072.63,90+ dias,0.34,Llamada
5878,19,9091.21,1-30 dias,0.82,SMS
2038,76,26746.0,61-90 dias,0.44,Sin gestion
6363,153,3525.5,90+ dias,0.05,Visita
4597,169,11258.1,90+ dias,0.05,Acuerdo
2892,155,21412.67,90+ dias,0.05,Llamada
5722,131,4428.09,90+ dias,0.08,SMS
525,138,6849.25,90+ dias,0.05,Sin gestion
2305,144,3227.19,90+ dias,0.05,Visita
7923,115,36598.91,90+ dias,0.18,Llamada
3826,144,8044.4,90+ dias,0.05,Acuerdo
3948,3,10211.97,1-30 dias,0.93,Acuerdo
1867,106,22332.35,90+ dias,0.24,SMS
5818,88,2208.23,61-90 dias,0.36,SMS
2953,170,24425.93,90+ dias,0.05,SMS
436,24,22759.85,1-30 dias,0.79,Visita
5335,89,5561.03,61-90 dias,0.36,Acuerdo
4845,40,12898.08,31-60 dias,0.68,Email
5215,4,1159.76,1-30 dias,0.92,Visita
1890,71,26720.57,61-90 dias,0.48,Acuerdo
5706,23,12744.74,1-30 dias,0.8,Visita
6036,25,19173.46,1-30 dias,0.78,Email
5403,22,1595.95,1-30 dias,0.8,Email
86,81,3965.38,61-90 dias,0.41,Llamada
1232,88,1883.48,61-90 dias,0.36,Llamada
1810,113,20932.33,90+ dias,0.2,Acuerdo
519,28,19291.91,1-30 dias,0.76,SMS
7616,46,13169.57,31-60 dias,0.64,Llamada
4730,171,32794.89,90+ dias,0.05,Llamada
4122,137,833.22,90+ dias,0.05,Visita
5381,110,1807.22,90+ dias,0.22,Sin gestion
3839,170,54402.69,90+ dias,0.05,Llamada
7960,77,47645.15,61-90 dias,0.44,Acuerdo
6589,114,3429.78,90+ dias,0.19,SMS
3739,58,3149.16,31-60 dias,0.56,SMS
4046,54,33053.62,31-60 dias,0.59,Acuerdo
3563,162,16031.04,90+ dias,0.05,Acuerdo
7540,58,890.51,31-60 dias,0.56,Sin gestion
2676,179,8870.24,90+ dias,0.05,Email
6339,132,3650.91,90+ dias,0.07,Sin gestion
7531,26,10741.93,1-30 dias,0.78,Visita
5707,62,2441.79,61-90 dias,0.54,Email
1616,41,46342.8,31-60 dias,0.68,Acuerdo
7836,22,2624.39,1-30 dias,0.8,Email
247,42,16588.01,31-60 dias,0.67,Email
6554,71,8780.04,61-90 dias,0.48,Llamada
4629,53,6329.23,31-60 dias,0.6,Visita
4429,29,1011.99,1-30 dias,0.76,Llamada
7241,110,3679.68,90+ dias,0.22,SMS
5761,172,16810.86,90+ dias,0.05,Email
7025,165,20826.91,90+ dias,0.05,Acuerdo
3509,94,35773.86,90+ dias,0.32,Visita
5408,85,10616.18,61-90 dias,0.38,SMS
302,162,8193.79,90+ dias,0.05,Sin gestion
3476,117,35628.21,90+ dias,0.17,Sin gestion
2725,24,1163.47,1-30 dias,0.79,SMS
3508,53,8341.0,31-60 dias,0.6,Llamada
5087,7,9628.7,1-30 dias,0.9,Llamada
7532,156,20221.28,90+ dias,0.05,Sin gestion
5593,36,34023.07,31-60 dias,0.71,Llamada
5866,9,6769.16,1-30 dias,0.89,Email
4177,147,9451.92,90+ dias,0.05,Llamada
6638,19,4871.76,1-30 dias,0.82,Acuerdo
502,143,2884.28,90+ dias,0.05,SMS
5667,77,13795.61,61-90 dias,0.44,Visita
2720,79,2676.14,61-90 dias,0.42,Visita
5235,19,5958.49,1-30 dias,0.82,Email
6349,39,2047.44,31-60 dias,0.69,Email
6215,122,20379.1,90+ dias,0.14,Sin gestion
4085,34,13615.09,31-60 dias,0.72,Acuerdo
4910,137,34331.64,90+ dias,0.05,Acuerdo
6145,76,23031.84,61-90 dias,0.44,Acuerdo
3312,31,20715.33,31-60 dias,0.74,Acuerdo
7682,122,35130.79,90+ dias,0.14,Acuerdo
1123,112,21562.42,90+ dias,0.2,Email
5168,35,16556.6,31-60 dias,0.72,Email
5228,152,6657.57,90+ dias,0.05,Llamada
923,125,17971.82,90+ dias,0.12,Email
4870,44,36264.72,31-60 dias,0.66,Email
4228,81,28087.8,61-90 dias,0.41,Acuerdo
1922,35,4951.74,31-60 dias,0.72,Visita
242,107,1466.35,90+ dias,0.24,Email
437,109,3241.38,90+ dias,0.22,Visita
7212,88,21212.56,61-90 dias,0.36,Email
3213,133,1753.59,90+ dias,0.06,Llamada
1184,136,18513.85,90+ dias,0.05,Acuerdo
6165,107,15270.84,90+ dias,0.24,Visita
182,91,12510.04,90+ dias,0.34,Visita
1116,99,22225.7,90+ dias,0.29,Acuerdo
1515,51,26681.65,31-60 dias,0.61,SMS
3659,125,5567.17,90+ dias,0.12,Visita
5765,84,31079.98,61-90 dias,0.39,Acuerdo
6788,78,23624.14,61-90 dias,0.43,SMS
3105,49,18236.37,31-60 dias,0.62,Acuerdo
5374,105,22971.43,90+ dias,0.25,Sin gestion
7670,101,42344.25,90+ dias,0.28,Llamada
7628,83,36015.96,61-90 dias,0.4,Email
645,152,21525.39,90+ dias,0.05,Acuerdo
3032,79,9218.09,61-90 dias,0.42,Llamada
3160,67,30081.44,61-90 dias,0.5,Email
5617,173,1010.48,90+ dias,0.05,SMS
1393,48,48627.27,31-60 dias,0.63,Visita
4727,42,36480.8,31-60 dias,0.67,SMS
5002,138,1156.86,90+ dias,0.05,Email
414,60,10579.9,31-60 dias,0.55,Llamada
4609,129,2078.52,90+ dias,0.09,Email
3739,109,11334.76,90+ dias,0.22,Acuerdo
4046,121,9318.3,90+ dias,0.14,Acuerdo
6164,43,51349.72,31-60 dias,0.66,Email
7067,131,19815.8,90+ dias,0.08,Visita
5213,80,3887.34,61-90 dias,0.42,Sin gestion
3233,73,4984.56,61-90 dias,0.46,Llamada
3964,3,18472.03,1-30 dias,0.93,Visita
3472,164,13837.74,90+ dias,0.05,Visita
4109,172,6707.43,90+ dias,0.05,Sin gestion
6758,107,8819.44,90+ dias,0.24,Visita
1143,29,1448.74,1-30 dias,0.76,Visita
4897,3,16098.05,1-30 dias,0.93,SMS
4595,16,26239.42,1-30 dias,0.84,Sin gestion
5788,117,4862.49,90+ dias,0.17,Sin gestion
6500,59,1049.2,31-60 dias,0.56,Llamada
2055,55,10553.75,31-60 dias,0.58,Email
3281,49,41528.25,31-60 dias,0.62,Email
293,50,47913.78,31-60 dias,0.62,Sin gestion
536,135,40429.52,90+ dias,0.05,Email
3761,161,41801.71,90+ dias,0.05,Llamada
6616,20,4530.24,1-30 dias,0.82,Acuerdo
4277,158,18175.85,90+ dias,0.05,SMS
3028,157,10606.57,90+ dias,0.05,Visita
5423,146,30921.45,90+ dias,0.05,Llamada
4094,139,565.42,90+ dias,0.05,SMS
1780,174,7698.84,90+ dias,0.05,SMS
6396,128,1744.47,90+ dias,0.1,Visita
3406,82,30248.96,61-90 dias,0.4,Email
4629,176,5548.35,90+ dias,0.05,Visita
1674,36,40475.28,31-60 dias,0.71,SMS
4774,51,1414.27,31-60 dias,0.61,Email
7241,93,17138.43,90+ dias,0.33,SMS
5169,80,4737.78,61-90 dias,0.42,Sin gestion
6350,157,8294.34,90+ dias,0.05,SMS
2451,176,15696.78,90+ dias,0.05,Acuerdo
2297,142,8987.77,90+ dias,0.05,SMS
6143,171,25493.71,90+ dias,0.05,Sin gestion
4195,77,2816.59,61-90 dias,0.44,Acuerdo
7302,73,22995.55,61-90 dias,0.46,Llamada
7661,116,50525.08,90+ dias,0.18,Llamada
6220,153,11168.45,90+ dias,0.05,Email
4237,112,1333.19,90+ dias,0.2,Sin gestion
6495,167,25478.72,90+ dias,0.05,SMS
2792,10,2422.39,1-30 dias,0.88,Sin gestion
6455,52,26219.92,31-60 dias,0.6,SMS
5368,121,28123.15,90+ dias,0.14,Sin gestion
5813,84,4722.3,61-90 dias,0.39,Acuerdo
6808,105,669.48,90+ dias,0.25,SMS
6609,39,21797.71,31-60 dias,0.69,Email
7761,70,11975.92,61-90 dias,0.48,Email
1933,154,5227.05,90+ dias,0.05,Llamada
7710,46,17905.35,31-60 dias,0.64,Sin gestion
1914,22,5136.85,1-30 dias,0.8,SMS
6982,12,4572.82,1-30 dias,0.87,Sin gestion
2602,146,2118.86,90+ dias,0.05,Llamada
646,166,32665.67,90+ dias,0.05,Email
6053,50,4054.95,31-60 dias,0.62,Email
526,173,38459.95,90+ dias,0.05,Llamada
3918,130,6839.38,90+ dias,0.08,Email
1567,179,12426.62,90+ dias,0.05,Acuerdo
4878,74,18498.22,61-90 dias,0.46,Email
5665,144,29460.37,90+ dias,0.05,Llamada
5125,68,44000.54,61-90 dias,0.5,SMS
5606,60,10146.47,31-60 dias,0.55,Llamada
7449,85,6235.94,61-90 dias,0.38,Sin gestion
2534,124,28640.21,90+ dias,0.12,Acuerdo
2739,47,9532.71,31-60 dias,0.64,Email
5102,44,10344.42,31-60 dias,0.66,Llamada
1575,144,10304.59,90+ dias,0.05,Visita
3032,165,30137.92,90+ dias,0.05,Sin gestion
6942,83,10694.23,61-90 dias,0.4,Acuerdo
2759,112,14324.46,90+ dias,0.2,Visita
1096,144,7838.59,90+ dias,0.05,Visita
3470,47,30007.39,31-60 dias,0.64,Visita
637,137,6084.37,90+ dias,0.05,Sin gestion
7422,33,28184.28,31-60 dias,0.73,Email
1088,112,51140.61,90+ dias,0.2,Sin gestion
4049,74,19794.88,61-90 dias,0.46,Llamada
76,26,45499.13,1-30 dias,0.78,Llamada
7946,144,4166.44,90+ dias,0.05,Llamada
6409,23,13565.74,1-30 dias,0.8,SMS
7150,106,7268.68,90+ dias,0.24,Llamada
4262,64,1486.73,61-90 dias,0.52,Acuerdo
6550,169,899.24,90+ dias,0.05,Acuerdo
115,111,710.1,90+ dias,0.21,Acuerdo
660,144,36670.45,90+ dias,0.05,Sin gestion
5416,129,5982.94,90+ dias,0.09,SMS
4177,115,43936.45,90+ dias,0.18,Acuerdo
363,19,7840.05,1-30 dias,0.82,Llamada
3282,100,18649.3,90+ dias,0.28,SMS
3657,22,33721.37,1-30 dias,0.8,Acuerdo
2196,131,21394.76,90+ dias,0.08,Llamada
4184,22,2741.45,1-30 dias,0.8,Email
2811,44,21253.61,31-60 dias,0.66,Visita
1790,123,12022.01,90+ dias,0.13,Sin gestion
7258,46,6770.26,31-60 dias,0.64,Llamada
3779,94,14945.37,90+ dias,0.32,Llamada
6155,38,11968.88,31-60 dias,0.7,Sin gestion
2711,93,13707.85,90+ dias,0.33,Visita
5629,87,31399.83,61-90 dias,0.37,Llamada
3664,65,42377.96,61-90 dias,0.52,Visita
5539,5,22863.6,1-30 dias,0.92,Visita
6994,173,1157.09,90+ dias,0.05,Sin gestion
2593,129,20330.65,90+ dias,0.09,Acuerdo
5577,111,10844.91,90+ dias,0.21,Llamada
1182,51,1547.36,31-60 dias,0.61,Acuerdo
3844,98,33649.25,90+ dias,0.3,Email
1937,117,929.88,90+ dias,0.17,Acuerdo
4275,171,18480.03,90+ dias,0.05,SMS
6085,14,3000.71,1-30 dias,0.86,Email
2312,176,11050.19,90+ dias,0.05,Llamada
6862,81,3084.1,61-90 dias,0.41,Llamada
6133,152,3310.1,90+ dias,0.05,SMS
6117,13,5553.04,1-30 dias,0.86,Acuerdo
7702,79,10174.75,61-90 dias,0.42,Sin gestion
7143,51,4681.82,31-60 dias,0.61,Acuerdo
1378,4,1929.31,1-30 dias,0.92,Sin gestion
2941,37,29133.59,31-60 dias,0.7,Llamada
7078,57,4541.41,31-60 dias,0.57,Acuerdo
5209,120,19926.71,90+ dias,0.15,Sin gestion
4560,36,19186.02,31-60 dias,0.71,Llamada
2698,38,965.71,31-60 dias,0.7,Email
5751,13,5844.99,1-30 dias,0.86,SMS
5747,72,1644.73,61-90 dias,0.47,Acuerdo
904,45,19683.31,31-60 dias,0.65,Llamada
3379,99,24520.04,90+ dias,0.29,Sin gestion
2793,56,18472.66,31-60 dias,0.58,Email
3528,111,2475.67,90+ dias,0.21,Email
4967,107,6083.35,90+ dias,0.24,SMS
2063,176,26231.37,90+ dias,0.05,Acuerdo
7341,126,11603.98,90+ dias,0.11,Sin gestion
5305,63,11502.1,61-90 dias,0.53,Acuerdo
912,106,6193.65,90+ dias,0.24,SMS
322,111,47160.32,90+ dias,0.21,SMS
271,12,8369.9,1-30 dias,0.87,SMS
6026,90,2143.94,61-90 dias,0.35,Visita
3078,105,4737.77,90+ dias,0.25,Acuerdo
5412,69,12184.0,61-90 dias,0.49,Sin gestion
5285,166,36246.7,90+ dias,0.05,Acuerdo
413,75,15684.32,61-90 dias,0.45,Acuerdo
889,139,4568.66,90+ dias,0.05,Sin gestion
6114,148,13708.94,90+ dias,0.05,Visita
2101,104,44364.74,90+ dias,0.26,Acuerdo
6939,160,20127.51,90+ dias,0.05,Email
2459,77,2822.91,61-90 dias,0.44,Visita
2214,141,5890.38,90+ dias,0.05,Sin gestion
5582,20,14303.75,1-30 dias,0.82,Llamada
3730,36,22195.96,31-60 dias,0.71,Llamada
2604,45,1684.99,31-60 dias,0.65,Acuerdo
2900,88,24626.0,61-90 dias,0.36,Llamada
2032,46,2704.41,31-60 dias,0.64,Sin gestion
5094,88,13255.2,61-90 dias,0.36,Email
5047,92,1750.14,90+ dias,0.34,Sin gestion
4962,111,2802.85,90+ dias,0.21,Llamada
2083,97,16602.41,90+ dias,0.3,Acuerdo
2985,145,10317.84,90+ dias,0.05,Email
1619,140,32144.15,90+ dias,0.05,Sin gestion
4880,133,39113.88,90+ dias,0.06,Llamada
6005,52,10024.2,31-60 dias,0.6,Acuerdo
4318,28,10882.58,1-30 dias,0.76,Visita
3238,83,41886.23,61-90 dias,0.4,Email
5153,152,5985.68,90+ dias,0.05,Llamada
5288,175,52813.65,90+ dias,0.05,Email
2671,98,2484.28,90+ dias,0.3,Llamada
853,60,15049.1,31-60 dias,0.55,Email
6985,113,30214.29,90+ dias,0.2,Acuerdo
6851,155,4284.57,90+ dias,0.05,Email
4080,57,18793.51,31-60 dias,0.57,Acuerdo
4375,42,39153.13,31-60 dias,0.67,Email
7381,52,19521.59,31-60 dias,0.6,Acuerdo
4470,4,13629.58,1-30 dias,0.92,Visita
465,85,5587.48,61-90 dias,0.38,Acuerdo
7012,31,15854.04,31-60 dias,0.74,Llamada
2194,41,4101.82,31-60 dias,0.68,Visita
911,166,19063.1,90+ dias,0.05,Visita
6047,92,731.5,90+ dias,0.34,Sin gestion
1026,129,859.82,90+ dias,0.09,Visita
389,100,17741.35,90+ dias,0.28,Acuerdo
7258,128,2532.81,90+ dias,0.1,Email
4947,117,8375.75,90+ dias,0.17,Sin gestion
1666,156,5119.86,90+ dias,0.05,Sin gestion
3056,144,17200.59,90+ dias,0.05,Email
3206,131,5326.78,90+ dias,0.08,Email
6105,104,6155.87,90+ dias,0.26,Sin gestion
345,179,27985.21,90+ dias,0.05,Sin gestion
5566,57,46060.36,31-60 dias,0.57,Email
7492,110,7096.13,90+ dias,0.22,Llamada
4970,123,19168.17,90+ dias,0.13,Llamada
5704,8,724.88,1-30 dias,0.9,Acuerdo
1160,108,5243.3,90+ dias,0.23,Email
5605,148,3245.24,90+ dias,0.05,Sin gestion
2339,77,12401.98,61-90 dias,0.44,Sin gestion
5739,40,25010.34,31-60 dias,0.68,Sin gestion
4966,168,19789.87,90+ dias,0.05,SMS
4679,159,509.15,90+ dias,0.05,Email
2404,159,2350.08,90+ dias,0.05,Sin gestion
4407,160,11878.32,90+ dias,0.05,Visita
7188,143,6216.08,90+ dias,0.05,Llamada
580,147,6707.11,90+ dias,0.05,Acuerdo
1019,117,41947.26,90+ dias,0.17,Llamada
7245,66,17590.1,61-90 dias,0.51,Email
7733,19,12546.78,1-30 dias,0.82,Sin gestion
663,101,17505.97,90+ dias,0.28,Visita
6976,17,3097.9,1-30 dias,0.84,Sin gestion
204,4,13453.06,1-30 dias,0.92,Email
2663,139,21686.51,90+ dias,0.05,Email
2135,79,5679.5,61-90 dias,0.42,Email
2840,76,30777.67,61-90 dias,0.44,Acuerdo
1104,8,26559.82,1-30 dias,0.9,Acuerdo
4079,81,21074.06,61-90 dias,0.41,Sin gestion
2680,129,2294.22,90+ dias,0.09,SMS
2908,36,14755.85,31-60 dias,0.71,Sin gestion
7010,155,9282.14,90+ dias,0.05,Visita
7242,5,30595.63,1-30 dias,0.92,Sin gestion
6502,47,13554.03,31-60 dias,0.64,SMS
5276,33,22941.98,31-60 dias,0.73,Email
7232,133,49097.81,90+ dias,0.06,Visita
4452,175,2925.45,90+ dias,0.05,Visita
4936,156,23892.05,90+ dias,0.05,Email
4297,175,26625.96,90+ dias,0.05,SMS
5781,171,696.25,90+ dias,0.05,Sin gestion
7214,115,2965.61,90+ dias,0.18,Visita
2957,55,34103.59,31-60 dias,0.58,SMS
785,140,35182.58,90+ dias,0.05,Llamada
3411,2,18066.61,1-30 dias,0.94,Email
6722,108,8852.34,90+ dias,0.23,SMS
902,149,24434.99,90+ dias,0.05,Email
560,14,10021.08,1-30 dias,0.86,Email
4743,41,33556.29,31-60 dias,0.68,Acuerdo
161,56,601.48,31-60 dias,0.58,SMS
7077,144,1979.11,90+ dias,0.05,Visita
7374,162,20413.01,90+ dias,0.05,Email
516,58,9469.52,31-60 dias,0.56,Acuerdo
2302,137,18586.13,90+ dias,0.05,Email
5668,110,4865.78,90+ dias,0.22,SMS
4954,104,3508.61,90+ dias,0.26,Email
4078,75,1522.83,61-90 dias,0.45,Acuerdo
844,31,2067.41,31-60 dias,0.74,Visita
6220,146,11650.92,90+ dias,0.05,SMS
1533,56,16099.36,31-60 dias,0.58,Acuerdo
1361,158,14027.68,90+ dias,0.05,SMS
3343,168,28594.34,90+ dias,0.05,Sin gestion
2079,123,11732.19,90+ dias,0.13,Llamada
1329,96,505.53,90+ dias,0.31,Visita
6362,122,2849.83,90+ dias,0.14,Acuerdo
2196,69,25577.72,61-90 dias,0.49,SMS
5867,17,16341.61,1-30 dias,0.84,SMS
1780,45,26473.52,31-60 dias,0.65,Acuerdo
7275,82,3113.29,61-90 dias,0.4,Email
2882,77,9218.34,61-90 dias,0.44,Visita
6577,94,18834.11,90+ dias,0.32,Visita
5221,24,1648.98,1-30 dias,0.79,SMS
1193,5,939.9,1-30 dias,0.92,Acuerdo
1343,133,3018.6,90+ dias,0.06,Acuerdo
357,78,44441.35,61-90 dias,0.43,Sin gestion
2400,170,26910.01,90+ dias,0.05,Email
3668,178,4526.67,90+ dias,0.05,Llamada
2019,116,2376.54,90+ dias,0.18,Email
5155,115,1358.34,90+ dias,0.18,Email
7035,88,47066.38,61-90 dias,0.36,Email
7953,39,30981.37,31-60 dias,0.69,Sin gestion
6315,161,17527.83,90+ dias,0.05,Visita
4059,170,15357.68,90+ dias,0.05,Visita
6957,48,1373.53,31-60 dias,0.63,SMS
5883,106,37442.32,90+ dias,0.24,Visita
2421,107,47576.8,90+ dias,0.24,Sin gestion
2430,62,18758.48,61-90 dias,0.54,Acuerdo
3413,46,4326.41,31-60 dias,0.64,Sin gestion
4732,32,6622.08,31-60 dias,0.74,Email
6874,54,5657.56,31-60 dias,0.59,Llamada
53,130,4064.91,90+ dias,0.08,Acuerdo
3797,35,12644.66,31-60 dias,0.72,SMS
4265,99,19259.04,90+ dias,0.29,Sin gestion
1379,153,744.33,90+ dias,0.05,SMS
2841,44,1194.13,31-60 dias,0.66,Sin gestion
5336,99,12966.67,90+ dias,0.29,Email
4146,164,2334.49,90+ dias,0.05,Email
3419,73,28792.68,61-90 dias,0.46,SMS
324,102,18060.33,90+ dias,0.27,Visita
5802,142,25688.98,90+ dias,0.05,Sin gestion
6114,84,7402.36,61-90 dias,0.39,SMS
629,28,10058.0,1-30 dias,0.76,Acuerdo
5319,157,1332.64,90+ dias,0.05,Acuerdo
6873,63,9450.49,61-90 dias,0.53,Visita
6522,101,3052.73,90+ dias,0.28,Visita
7167,94,4574.14,90+ dias,0.32,Visita
175,135,32062.55,90+ dias,0.05,Email
5613,28,3265.91,1-30 dias,0.76,SMS
2482,35,2903.92,31-60 dias,0.72,Acuerdo
7591,44,45383.6,31-60 dias,0.66,SMS
1756,129,12982.61,90+ dias,0.09,Email
2646,71,19230.47,61-90 dias,0.48,Sin gestion
3524,99,14885.52,90+ dias,0.29,Llamada
4644,36,520.65,31-60 dias,0.71,Sin gestion
6400,41,49103.21,31-60 dias,0.68,Visita
7157,34,45473.54,31-60 dias,0.72,Acuerdo
3916,55,14410.0,31-60 dias,0.58,Email
6079,103,56019.69,90+ dias,0.26,Email
6454,109,7143.52,90+ dias,0.22,SMS
5703,83,1778.54,61-90 dias,0.4,Email
957,1,13185.55,1-30 dias,0.94,Email
2814,178,6618.04,90+ dias,0.05,Acuerdo
23,155,25698.57,90+ dias,0.05,Email
3104,149,1574.53,90+ dias,0.05,SMS
6566,121,32172.49,90+ dias,0.14,Visita
1848,106,12714.09,90+ dias,0.24,Email
5860,70,34655.27,61-90 dias,0.48,Sin gestion
5779,7,2172.19,1-30 dias,0.9,Email
3195,94,516.27,90+ dias,0.32,Llamada
221,174,24342.7,90+ dias,0.05,Acuerdo
4139,42,3750.9,31-60 dias,0.67,SMS
392,162,30429.32,90+ dias,0.05,Visita
7282,105,21184.41,90+ dias,0.25,Visita
7157,59,20842.44,31-60 dias,0.56,Visita
2175,9,25182.75,1-30 dias,0.89,SMS
2578,123,12975.12,90+ dias,0.13,Sin gestion
4262,158,22342.01,90+ dias,0.05,SMS
4307,163,9787.65,90+ dias,0.05,Email
4318,30,1585.99,1-30 dias,0.75,Email
905,154,28268.22,90+ dias,0.05,SMS
1379,150,12775.61,90+ dias,0.05,Visita
2313,101,9259.94,90+ dias,0.28,SMS
1122,145,17167.61,90+ dias,0.05,Visita
307,56,23154.3,31-60 dias,0.58,Acuerdo
4400,132,4729.28,90+ dias,0.07,Sin gestion
1080,88,16157.22,61-90 dias,0.36,Llamada
2443,81,8282.0,61-90 dias,0.41,Visita
2835,167,24685.14,90+ dias,0.05,Llamada
1548,133,8796.38,90+ dias,0.06,Llamada
3405,37,36543.32,31-60 dias,0.7,Email
4979,64,7339.58,61-90 dias,0.52,SMS
7269,16,1717.4,1-30 dias,0.84,Visita
3501,89,18282.45,61-90 dias,0.36,Acuerdo
3699,8,1332.53,1-30 dias,0.9,Llamada
927,154,4343.18,90+ dias,0.05,SMS
2321,80,20979.65,61-90 dias,0.42,Llamada
3022,146,37717.6,90+ dias,0.05,Email
3953,140,37787.95,90+ dias,0.05,Sin gestion
907,149,6041.82,90+ dias,0.05,Visita
6741,138,1145.5,90+ dias,0.05,Email
4283,54,980.12,31-60 dias,0.59,SMS
2661,162,39026.84,90+ dias,0.05,SMS
2919,23,2876.88,1-30 dias,0.8,Llamada
4180,147,13106.57,90+ dias,0.05,Acuerdo
1294,165,28897.52,90+ dias,0.05,Visita
6159,142,18558.11,90+ dias,0.05,Sin gestion
3785,20,14955.47,1-30 dias,0.82,SMS
7982,91,44622.48,90+ dias,0.34,Sin gestion
3607,115,1653.48,90+ dias,0.18,Sin gestion
4304,123,1676.22,90+ dias,0.13,Llamada
3813,40,1231.17,31-60 dias,0.68,Visita
1123,125,1596.82,90+ dias,0.12,Sin gestion
4664,142,11252.93,90+ dias,0.05,Email
805,43,16156.69,31-60 dias,0.66,SMS
2172,124,16545.41,90+ dias,0.12,Email
1923,37,3969.07,31-60 dias,0.7,Sin gestion
7861,125,58235.15,90+ dias,0.12,Visita
3844,77,1070.24,61-90 dias,0.44,Email
5119,179,2458.26,90+ dias,0.05,Email
507,178,10643.99,90+ dias,0.05,Acuerdo
5988,156,659.96,90+ dias,0.05,Email
5820,18,8768.11,1-30 dias,0.83,Email
3318,6,30206.43,1-30 dias,0.91,SMS
6429,46,3783.45,31-60 dias,0.64,Acuerdo
4189,49,3050.6,31-60 dias,0.62,Sin gestion
6434,80,8281.25,61-90 dias,0.42,Llamada
6201,13,11983.62,1-30 dias,0.86,Sin gestion
6812,41,54763.13,31-60 dias,0.68,Email
5234,47,23755.42,31-60 dias,0.64,Sin gestion
5897,50,35034.16,31-60 dias,0.62,Email
7446,163,41784.03,90+ dias,0.05,Sin gestion
7541,64,23449.2,61-90 dias,0.52,Acuerdo
4344,98,2997.28,90+ dias,0.3,Acuerdo
7928,171,4030.06,90+ dias,0.05,SMS
11,88,1814.11,61-90 dias,0.36,Llamada
557,180,1104.75,90+ dias,0.05,Email
1484,54,36685.81,31-60 dias,0.59,SMS
7199,165,46459.97,90+ dias,0.05,SMS
4540,93,4962.52,90+ dias,0.33,Visita
4025,103,2129.92,90+ dias,0.26,Visita
2687,34,36921.2,31-60 dias,0.72,Acuerdo
6370,57,24439.11,31-60 dias,0.57,Acuerdo
6078,112,8138.74,90+ dias,0.2,Llamada
1488,136,2286.47,90+ dias,0.05,Email
5993,104,9479.78,90+ dias,0.26,Email
2786,29,6422.78,1-30 dias,0.76,Acuerdo
448,68,6627.63,61-90 dias,0.5,Visita
5681,150,17083.56,90+ dias,0.05,Email
81,117,10218.77,90+ dias,0.17,Sin gestion
2196,7,535.96,1-30 dias,0.9,Email
422,63,22559.11,61-90 dias,0.53,Visita
7967,5,4228.93,1-30 dias,0.92,Sin gestion
4360,119,824.81,90+ dias,0.16,Acuerdo
3370,11,12865.45,1-30 dias,0.88,Llamada
4743,70,27594.31,61-90 dias,0.48,Sin gestion
4000,131,5641.72,90+ dias,0.08,SMS
1494,134,2279.08,90+ dias,0.06,Visita
2399,27,32376.71,1-30 dias,0.77,SMS
5821,132,43598.61,90+ dias,0.07,Llamada
4803,82,4429.96,61-90 dias,0.4,Visita
6504,95,22922.28,90+ dias,0.32,Visita
1977,45,46221.22,31-60 dias,0.65,Email
3727,88,17343.77,61-90 dias,0.36,Email
3799,46,2186.19,31-60 dias,0.64,Acuerdo
5726,26,16966.71,1-30 dias,0.78,Llamada
5942,17,39028.56,1-30 dias,0.84,Acuerdo
3563,142,9352.54,90+ dias,0.05,Email
5800,143,7802.53,90+ dias,0.05,SMS
7759,155,4697.69,90+ dias,0.05,Llamada
3289,72,13419.31,61-90 dias,0.47,SMS
3842,165,9456.4,90+ dias,0.05,Email
6432,150,31489.61,90+ dias,0.05,Email
4943,67,17133.31,61-90 dias,0.5,Visita
6096,130,6864.54,90+ dias,0.08,Acuerdo
7427,78,2255.7,61-90 dias,0.43,Email
7050,45,9698.05,31-60 dias,0.65,SMS
5783,131,1174.86,90+ dias,0.08,Email
3202,102,29545.65,90+ dias,0.27,Acuerdo
6824,79,4167.04,61-90 dias,0.42,Visita
6736,94,665.41,90+ dias,0.32,SMS
2198,115,55995.82,90+ dias,0.18,SMS
7165,123,42529.47,90+ dias,0.13,Acuerdo
1236,74,25109.57,61-90 dias,0.46,Acuerdo
6331,125,23576.48,90+ dias,0.12,Visita
7386,141,3155.22,90+ dias,0.05,Email
1217,75,24829.22,61-90 dias,0.45,Acuerdo
932,144,2092.51,90+ dias,0.05,Llamada
7979,128,4998.68,90+ dias,0.1,Email
692,27,1050.89,1-30 dias,0.77,Acuerdo
5970,147,16017.72,90+ dias,0.05,Visita
2858,166,24572.21,90+ dias,0.05,Sin gestion
389,146,4123.39,90+ dias,0.05,Sin gestion
6555,102,1416.12,90+ dias,0.27,Visita
2600,101,18965.05,90+ dias,0.28,Sin gestion
3844,1,4786.82,1-30 dias,0.94,Visita
850,137,27237.51,90+ dias,0.05,Sin gestion
4298,60,28994.26,31-60 dias,0.55,Sin gestion
846,65,8818.33,61-90 dias,0.52,Email
4223,36,2781.79,31-60 dias,0.71,Sin gestion
1350,58,13035.89,31-60 dias,0.56,Visita
2104,126,2797.2,90+ dias,0.11,Acuerdo
3436,159,46249.55,90+ dias,0.05,Email
2857,152,1982.44,90+ dias,0.05,SMS
5307,43,11900.31,31-60 dias,0.66,Sin gestion
1526,108,544.13,90+ dias,0.23,SMS
5672,142,23209.1,90+ dias,0.05,Acuerdo
5638,27,3748.9,1-30 dias,0.77,Llamada
4970,34,6445.23,31-60 dias,0.72,Visita
6689,176,6728.37,90+ dias,0.05,Acuerdo
4103,140,18647.27,90+ dias,0.05,SMS
2804,74,10581.94,61-90 dias,0.46,Visita
7645,22,8255.65,1-30 dias,0.8,Email
2575,26,6980.68,1-30 dias,0.78,Acuerdo
1495,155,2082.97,90+ dias,0.05,Email
2456,12,5058.9,1-30 dias,0.87,SMS
3729,87,35856.43,61-90 dias,0.37,Llamada
7337,86,21090.61,61-90 dias,0.38,Sin gestion
7588,47,1838.18,31-60 dias,0.64,Visita
7440,99,33771.05,90+ dias,0.29,Sin gestion
1052,148,12401.31,90+ dias,0.05,Sin gestion
1867,70,992.5,61-90 dias,0.48,Visita
372,108,45024.61,90+ dias,0.23,Sin gestion
565,160,17906.52,90+ dias,0.05,Acuerdo
599,117,9168.58,90+ dias,0.17,Email
4127,91,3694.7,90+ dias,0.34,SMS
4386,163,10583.02,90+ dias,0.05,Acuerdo
7108,149,693.22,90+ dias,0.05,SMS
3633,95,15009.61,90+ dias,0.32,Visita
4611,168,17080.58,90+ dias,0.05,Email
6146,46,47398.94,31-60 dias,0.64,Acuerdo
3044,16,13726.61,1-30 dias,0.84,Llamada
2981,76,15697.34,61-90 dias,0.44,Visita
770,8,10971.75,1-30 dias,0.9,SMS
3470,156,26269.9,90+ dias,0.05,Acuerdo
7986,131,38656.8,90+ dias,0.08,Email
5539,70,534.45,61-90 dias,0.48,SMS
2511,1,4688.77,1-30 dias,0.94,Acuerdo
6194,116,28314.88,90+ dias,0.18,SMS
2204,107,3451.04,90+ dias,0.24,Acuerdo
3840,25,23326.62,1-30 dias,0.78,Visita
5823,32,50372.23,31-60 dias,0.74,Visita
6859,48,2978.25,31-60 dias,0.63,Email
7525,85,43431.81,61-90 dias,0.38,Llamada
4255,87,24454.95,61-90 dias,0.37,Llamada
5249,170,10160.47,90+ dias,0.05,Email
1877,8,4179.81,1-30 dias,0.9,Sin gestion
1269,8,12523.43,1-30 dias,0.9,Email
2362,46,9159.67,31-60 dias,0.64,Visita
6891,34,14099.51,31-60 dias,0.72,Email
1914,146,10569.21,90+ dias,0.05,Llamada
3561,142,14674.8,90+ dias,0.05,Sin gestion
3634,32,1102.71,31-60 dias,0.74,Visita
6675,91,14480.33,90+ dias,0.34,Llamada
6993,141,4255.02,90+ dias,0.05,Llamada
1689,10,13385.77,1-30 dias,0.88,Llamada
7801,164,37146.43,90+ dias,0.05,Email
4518,31,35711.74,31-60 dias,0.74,SMS
7806,125,6446.16,90+ dias,0.12,Email
7240,44,23794.27,31-60 dias,0.66,Email
4368,30,27611.68,1-30 dias,0.75,Sin gestion
652,88,19794.3,61-90 dias,0.36,Acuerdo
6215,129,12135.52,90+ dias,0.09,Llamada
1708,9,3444.94,1-30 dias,0.89,Acuerdo
1157,107,13982.38,90+ dias,0.24,Visita
2031,12,19147.95,1-30 dias,0.87,Sin gestion
2877,125,1144.85,90+ dias,0.12,Email
3285,1,28573.32,1-30 dias,0.94,Visita
5825,40,8528.91,31-60 dias,0.68,Llamada
3913,110,11753.3,90+ dias,0.22,Visita
2848,154,46317.09,90+ dias,0.05,Llamada
3123,153,31956.08,90+ dias,0.05,Email
7507,52,51131.48,31-60 dias,0.6,Visita
2622,177,2305.32,90+ dias,0.05,Sin gestion
7229,117,11342.64,90+ dias,0.17,Acuerdo
7394,7,2282.62,1-30 dias,0.9,Email
3898,42,25738.07,31-60 dias,0.67,SMS
1515,44,23990.85,31-60 dias,0.66,Llamada
975,120,37939.19,90+ dias,0.15,Llamada
6555,14,14504.64,1-30 dias,0.86,Email
6277,49,3586.75,31-60 dias,0.62,Acuerdo
7664,111,4044.69,90+ dias,0.21,Visita
3039,103,27021.97,90+ dias,0.26,Email
5712,145,30186.71,90+ dias,0.05,Acuerdo
721,87,8173.88,61-90 dias,0.37,Llamada
3351,171,36200.49,90+ dias,0.05,Acuerdo
6623,91,14615.1,90+ dias,0.34,Sin gestion
6672,8,11521.77,1-30 dias,0.9,Email
6616,121,48950.9,90+ dias,0.14,Visita
2379,149,13324.76,90+ dias,0.05,Sin gestion
5263,57,1731.4,31-60 dias,0.57,Sin gestion
1558,17,34889.75,1-30 dias,0.84,SMS
3941,119,2184.64,90+ dias,0.16,Email
5151,44,10855.12,31-60 dias,0.66,Email
4513,7,7799.92,1-30 dias,0.9,Acuerdo
3157,23,26498.42,1-30 dias,0.8,Sin gestion
1525,56,39793.18,31-60 dias,0.58,Acuerdo
1315,165,16078.91,90+ dias,0.05,Acuerdo
5284,124,3871.36,90+ dias,0.12,Email
7495,38,9048.58,31-60 dias,0.7,Acuerdo
5066,53,4261.13,31-60 dias,0.6,SMS
5084,7,2848.05,1-30 dias,0.9,Email
3022,87,6496.99,61-90 dias,0.37,Visita
734,53,27563.33,31-60 dias,0.6,Email
1437,67,7625.34,61-90 dias,0.5,Llamada
7139,48,4283.37,31-60 dias,0.63,SMS
5783,26,1196.2,1-30 dias,0.78,Acuerdo
3973,149,17611.27,90+ dias,0.05,SMS
3339,171,6151.45,90+ dias,0.05,Llamada
4038,26,3740.02,1-30 dias,0.78,SMS
6511,75,5497.69,61-90 dias,0.45,SMS
7642,42,52447.59,31-60 dias,0.67,Sin gestion
5870,148,47653.6,90+ dias,0.05,Llamada
4557,173,34317.37,90+ dias,0.05,Sin gestion
1599,72,36684.56,61-90 dias,0.47,Sin gestion
884,143,4127.31,90+ dias,0.05,SMS
6046,89,28065.72,61-90 dias,0.36,Llamada
7483,26,7225.2,1-30 dias,0.78,SMS
4805,114,11526.79,90+ dias,0.19,SMS
4202,170,1757.57,90+ dias,0.05,SMS
864,103,859.69,90+ dias,0.26,Email
7180,44,12554.86,31-60 dias,0.66,Llamada
5345,19,7273.74,1-30 dias,0.82,Llamada
7665,81,9783.37,61-90 dias,0.41,Acuerdo
7800,85,37932.38,61-90 dias,0.38,SMS
2199,116,1093.31,90+ dias,0.18,Sin gestion
476,173,39414.23,90+ dias,0.05,Llamada
2403,33,37629.98,31-60 dias,0.73,Sin gestion
4583,173,12492.47,90+ dias,0.05,Email
4200,112,44564.91,90+ dias,0.2,Email
5594,149,28439.4,90+ dias,0.05,Acuerdo
2,52,3789.63,31-60 dias,0.6,Acuerdo
600,95,9876.88,90+ dias,0.32,SMS
1887,35,19116.59,31-60 dias,0.72,Visita
5266,96,4701.83,90+ dias,0.31,Acuerdo
7102,170,38842.22,90+ dias,0.05,SMS
5874,118,23568.06,90+ dias,0.16,Llamada
5409,164,3605.05,90+ dias,0.05,Email
1644,131,10116.09,90+ dias,0.08,Visita
4464,2,34595.75,1-30 dias,0.94,Acuerdo
7637,52,6385.34,31-60 dias,0.6,Visita
1035,5,1667.89,1-30 dias,0.92,Llamada
5510,138,27235.42,90+ dias,0.05,SMS
6274,84,54656.53,61-90 dias,0.39,Email
4625,15,1465.38,1-30 dias,0.85,Llamada
3365,24,4248.5,1-30 dias,0.79,Email
3293,119,33568.96,90+ dias,0.16,Llamada
3311,161,10691.44,90+ dias,0.05,SMS
6993,110,21942.61,90+ dias,0.22,Sin gestion
5772,139,9832.21,90+ dias,0.05,Sin gestion
3300,81,5381.84,61-90 dias,0.41,Email
6284,96,10725.61,90+ dias,0.31,SMS
3013,53,2508.05,31-60 dias,0.6,Email
5279,103,6336.97,90+ dias,0.26,Visita
3940,37,13052.16,31-60 dias,0.7,Llamada
3509,7,29656.25,1-30 dias,0.9,SMS
7136,59,52739.24,31-60 dias,0.56,Llamada
3269,133,16492.28,90+ dias,0.06,Llamada
4632,53,39241.98,31-60 dias,0.6,Visita
1227,155,2134.47,90+ dias,0.05,Visita
1290,29,8808.34,1-30 dias,0.76,Acuerdo
5215,114,17539.93,90+ dias,0.19,Email
1207,26,5576.33,1-30 dias,0.78,SMS
1726,161,14763.22,90+ dias,0.05,SMS
3314,142,6858.87,90+ dias,0.05,Acuerdo
2900,62,16639.39,61-90 dias,0.54,Acuerdo
552,64,7258.61,61-90 dias,0.52,Sin gestion
3784,131,19351.99,90+ dias,0.08,Sin gestion
4660,55,5166.94,31-60 dias,0.58,SMS
7795,136,47658.5,90+ dias,0.05,Email
7397,34,16124.39,31-60 dias,0.72,Email
2094,61,2100.83,61-90 dias,0.54,Acuerdo
0,62,8368.68,61-90 dias,0.54,Acuerdo
6847,123,33121.44,90+ dias,0.13,Email
5311,13,6995.84,1-30 dias,0.86,Sin gestion
6338,84,4225.18,61-90 dias,0.39,Llamada
6881,47,10658.75,31-60 dias,0.64,Sin gestion
1896,154,8143.81,90+ dias,0.05,Llamada
2760,139,7838.15,90+ dias,0.05,Acuerdo
2285,73,36262.12,61-90 dias,0.46,Email
3303,161,3604.51,90+ dias,0.05,SMS
2389,148,47141.74,90+ dias,0.05,Acuerdo
5194,118,1356.39,90+ dias,0.16,SMS
6636,59,9813.22,31-60 dias,0.56,Email
680,104,15937.32,90+ dias,0.26,Sin gestion
5517,131,26398.97,90+ dias,0.08,SMS
4394,145,2360.01,90+ dias,0.05,Acuerdo
7984,177,25876.56,90+ dias,0.05,SMS
7897,12,36087.13,1-30 dias,0.87,SMS
294,16,34674.68,1-30 dias,0.84,Email
6513,42,3728.67,31-60 dias,0.67,Visita
5567,56,23736.79,31-60 dias,0.58,Acuerdo
1134,171,26150.22,90+ dias,0.05,Sin gestion
7970,95,12291.79,90+ dias,0.32,Acuerdo
7744,40,5849.99,31-60 dias,0.68,Email
3833,121,8540.02,90+ dias,0.14,SMS
4160,121,6735.07,90+ dias,0.14,Visita
1184,74,31731.01,61-90 dias,0.46,Acuerdo
6763,38,1156.93,31-60 dias,0.7,Email
4380,10,2658.02,1-30 dias,0.88,Email
7522,139,41601.95,90+ dias,0.05,Email
2901,149,13464.07,90+ dias,0.05,Sin gestion
2306,52,2473.16,31-60 dias,0.6,Acuerdo
3348,105,13447.69,90+ dias,0.25,SMS
6628,69,21459.29,61-90 dias,0.49,SMS
4348,136,49582.62,90+ dias,0.05,Visita
3694,83,574.69,61-90 dias,0.4,SMS
1577,9,1032.66,1-30 dias,0.89,Acuerdo
7374,128,3340.1,90+ dias,0.1,Llamada
6868,91,14378.33,90+ dias,0.34,Visita
6042,174,2139.42,90+ dias,0.05,SMS
6162,8,7264.38,1-30 dias,0.9,Email
3744,32,26475.95,31-60 dias,0.74,SMS
3794,159,5454.82,90+ dias,0.05,Acuerdo
2195,34,6603.35,31-60 dias,0.72,Acuerdo
5041,166,554.25,90+ dias,0.05,SMS
3927,47,37985.42,31-60 dias,0.64,Llamada
3673,169,4388.54,90+ dias,0.05,SMS
54,68,658.05,61-90 dias,0.5,Sin gestion
3602,18,14941.54,1-30 dias,0.83,Email
6150,7,1004.3,1-30 dias,0.9,Acuerdo
3736,150,21309.0,90+ dias,0.05,Sin gestion
1309,99,2081.7,90+ dias,0.29,Acuerdo
2249,150,3666.89,90+ dias,0.05,Email
6147,101,1701.29,90+ dias,0.28,SMS
5843,59,57656.12,31-60 dias,0.56,Visita
3615,34,45809.26,31-60 dias,0.72,SMS
3035,83,37191.78,61-90 dias,0.4,Visita
6788,140,7722.47,90+ dias,0.05,Email
5612,15,22866.21,1-30 dias,0.85,SMS
2142,164,2122.16,90+ dias,0.05,Sin gestion
2717,54,10681.2,31-60 dias,0.59,Visita
5076,90,1429.9,61-90 dias,0.35,Acuerdo
1534,14,15375.64,1-30 dias,0.86,Sin gestion
6759,63,44765.72,61-90 dias,0.53,Visita
7931,15,25310.13,1-30 dias,0.85,Visita
5525,100,1096.27,90+ dias,0.28,Acuerdo
1401,52,40936.46,31-60 dias,0.6,Visita
2754,27,5298.6,1-30 dias,0.77,Email
5894,125,5040.9,90+ dias,0.12,Email
6221,100,28732.46,90+ dias,0.28,Acuerdo
1374,103,42909.65,90+ dias,0.26,Acuerdo
6701,7,52881.2,1-30 dias,0.9,Acuerdo
7662,18,3254.97,1-30 dias,0.83,SMS
7953,176,56811.76,90+ dias,0.05,Sin gestion
911,92,5285.9,90+ dias,0.34,Sin gestion
5485,123,43702.81,90+ dias,0.13,Acuerdo
6753,169,25814.3,90+ dias,0.05,Visita
458,109,9983.58,90+ dias,0.22,Acuerdo
3525,96,27337.33,90+ dias,0.31,Llamada
1921,62,21881.1,61-90 dias,0.54,Llamada
6542,90,9798.43,61-90 dias,0.35,Acuerdo
1237,177,1253.55,90+ dias,0.05,Sin gestion
5502,24,22056.28,1-30 dias,0.79,Sin gestion
4472,9,1888.03,1-30 dias,0.89,Llamada
3448,51,12535.63,31-60 dias,0.61,Email
3080,156,4997.44,90+ dias,0.05,Acuerdo
2746,179,1387.64,90+ dias,0.05,Llamada
2511,177,29502.16,90+ dias,0.05,Sin gestion
6712,61,1327.68,61-90 dias,0.54,SMS
2326,113,541.42,90+ dias,0.2,Acuerdo
4128,135,556.6,90+ dias,0.05,Email
5471,174,34955.78,90+ dias,0.05,Email
1206,94,22008.0,90+ dias,0.32,SMS
3649,179,8563.14,90+ dias,0.05,Llamada
1159,144,8933.59,90+ dias,0.05,Email
4020,114,2998.41,90+ dias,0.19,Llamada
214,87,1547.91,61-90 dias,0.37,Llamada
7013,32,22417.64,31-60 dias,0.74,Sin gestion
188,71,637.24,61-90 dias,0.48,Acuerdo
3228,6,3505.61,1-30 dias,0.91,Llamada
4764,9,10951.91,1-30 dias,0.89,SMS
5364,25,22604.15,1-30 dias,0.78,Acuerdo
4568,42,872.69,31-60 dias,0.67,Email
4863,152,17468.19,90+ dias,0.05,Sin gestion
411,67,8508.69,61-90 dias,0.5,Sin gestion
6677,70,26616.68,61-90 dias,0.48,Llamada
2722,130,27407.49,90+ dias,0.08,Llamada
1806,160,18712.83,90+ dias,0.05,Llamada
7539,13,13967.72,1-30 dias,0.86,Visita
4729,68,2192.57,61-90 dias,0.5,Acuerdo
2780,32,11005.73,31-60 dias,0.74,Email
1900,62,4738.43,61-90 dias,0.54,SMS
4549,28,43853.46,1-30 dias,0.76,Llamada
7233,50,17213.98,31-60 dias,0.62,Email
3716,85,24252.52,61-90 dias,0.38,Llamada
3083,13,521.44,1-30 dias,0.86,Acuerdo
7,139,9329.07,90+ dias,0.05,Sin gestion
6317,134,55531.29,90+ dias,0.06,Llamada
6573,84,11167.22,61-90 dias,0.39,Email
6238,60,16893.9,31-60 dias,0.55,Llamada
4672,153,17319.47,90+ dias,0.05,Sin gestion
1354,1,3143.24,1-30 dias,0.94,Visita
1585,153,1809.27,90+ dias,0.05,SMS
334,64,7251.72,61-90 dias,0.52,Email
2132,28,28336.51,1-30 dias,0.76,Llamada
4268,113,9824.9,90+ dias,0.2,Llamada
6665,103,2889.55,90+ dias,0.26,Llamada
7150,19,15276.19,1-30 dias,0.82,Email
7423,59,4739.6,31-60 dias,0.56,Visita
4766,179,7395.6,90+ dias,0.05,Email
1152,12,29345.87,1-30 dias,0.87,SMS
3099,56,13084.03,31-60 dias,0.58,Email
1641,21,2333.16,1-30 dias,0.81,Email
7372,101,16002.46,90+ dias,0.28,Sin gestion
6389,117,1683.32,90+ dias,0.17,Email
3373,135,25934.15,90+ dias,0.05,Sin gestion
619,85,10529.19,61-90 dias,0.38,Llamada
5024,47,7334.0,31-60 dias,0.64,SMS
2965,179,4505.74,90+ dias,0.05,Llamada
6270,70,12153.42,61-90 dias,0.48,Visita
3892,94,6577.66,90+ dias,0.32,Sin gestion
4650,135,21581.06,90+ dias,0.05,Visita
5618,113,2632.45,90+ dias,0.2,Visita
154,55,31131.3,31-60 dias,0.58,Visita
7748,26,3804.19,1-30 dias,0.78,Sin gestion
981,38,8092.33,31-60 dias,0.7,Visita
3591,125,18109.46,90+ dias,0.12,Visita
7928,131,8706.69,90+ dias,0.08,Llamada
1997,8,5284.76,1-30 dias,0.9,Visita
5609,91,17106.16,90+ dias,0.34,Email
3772,81,1901.19,61-90 dias,0.41,Email
383,130,14659.01,90+ dias,0.08,Email
3667,61,3089.15,61-90 dias,0.54,Sin gestion
806,145,2626.39,90+ dias,0.05,Email
7266,153,18937.26,90+ dias,0.05,Acuerdo
1398,40,26854.87,31-60 dias,0.68,SMS
3132,179,31481.5,90+ dias,0.05,SMS
2267,79,3604.26,61-90 dias,0.42,SMS
3261,175,40618.34,90+ dias,0.05,Llamada
1404,148,6005.89,90+ dias,0.05,SMS
5876,67,675.13,61-90 dias,0.5,Acuerdo
2782,158,4311.34,90+ dias,0.05,SMS
717,160,29988.98,90+ dias,0.05,SMS
5092,93,19933.82,90+ dias,0.33,Email
2879,111,3263.02,90+ dias,0.21,Acuerdo
661,17,6184.51,1-30 dias,0.84,Sin gestion
2228,103,33075.63,90+ dias,0.26,SMS
3815,156,4582.87,90+ dias,0.05,Visita
6605,59,26822.66,31-60 dias,0.56,Acuerdo
6917,89,10318.33,61-90 dias,0.36,Sin gestion
5528,79,22473.87,61-90 dias,0.42,Acuerdo
1896,97,7057.48,90+ dias,0.3,Email
6164,74,13903.46,61-90 dias,0.46,Email
1170,119,17332.65,90+ dias,0.16,Sin gestion
7315,18,1115.45,1-30 dias,0.83,SMS
7464,16,1295.82,1-30 dias,0.84,Sin gestion
7331,36,18000.83,31-60 dias,0.71,Visita
6493,91,54281.08,90+ dias,0.34,SMS
4199,19,739.32,1-30 dias,0.82,Acuerdo
5065,70,9379.84,61-90 dias,0.48,Llamada
1941,178,8402.22,90+ dias,0.05,Visita
666,143,46283.56,90+ dias,0.05,Sin gestion
3381,85,1993.16,61-90 dias,0.38,Visita
4086,104,7703.22,90+ dias,0.26,Sin gestion
1248,2,41148.76,1-30 dias,0.94,Llamada
5138,153,4235.18,90+ dias,0.05,Acuerdo
459,117,7836.73,90+ dias,0.17,Visita
1649,8,24825.49,1-30 dias,0.9,Llamada
539,98,16748.32,90+ dias,0.3,Visita
5453,21,40876.81,1-30 dias,0.81,Llamada
1877,161,14725.16,90+ dias,0.05,Email
2991,90,10544.73,61-90 dias,0.35,SMS
3772,65,15352.04,61-90 dias,0.52,SMS
4587,101,37080.99,90+ dias,0.28,SMS
7466,173,6003.9,90+ dias,0.05,Acuerdo
2956,77,9029.25,61-90 dias,0.44,Email
245,19,12574.21,1-30 dias,0.82,Visita
2458,43,3458.38,31-60 dias,0.66,Email
6717,28,9193.28,1-30 dias,0.76,Llamada
7704,99,28297.45,90+ dias,0.29,Email
941,92,5243.71,90+ dias,0.34,Visita
4351,28,9240.86,1-30 dias,0.76,Llamada
4700,120,11788.99,90+ dias,0.15,Acuerdo
61,142,11371.27,90+ dias,0.05,Sin gestion
78,107,14019.23,90+ dias,0.24,Sin gestion
7863,138,1095.91,90+ dias,0.05,Acuerdo
243,37,4816.23,31-60 dias,0.7,Sin gestion
7378,142,6513.37,90+ dias,0.05,Visita
3620,83,19356.02,61-90 dias,0.4,Visita
7730,44,28396.24,31-60 dias,0.66,Visita
3435,7,10280.67,1-30 dias,0.9,Visita
3262,84,25665.76,61-90 dias,0.39,Sin gestion
928,45,32392.15,31-60 dias,0.65,Acuerdo
1313,13,13084.98,1-30 dias,0.86,Sin gestion
651,125,10101.98,90+ dias,0.12,Visita
4448,11,2673.25,1-30 dias,0.88,Visita
3442,29,2499.32,1-30 dias,0.76,Acuerdo
1520,6,712.98,1-30 dias,0.91,Acuerdo
6306,55,8356.28,31-60 dias,0.58,Email
6156,54,1188.07,31-60 dias,0.59,Sin gestion
7255,62,16158.44,61-90 dias,0.54,Llamada
4293,125,35117.41,90+ dias,0.12,Sin gestion
1165,56,2059.31,31-60 dias,0.58,Sin gestion
3130,108,14652.75,90+ dias,0.23,Email
7161,10,11578.72,1-30 dias,0.88,Email
7756,162,34381.42,90+ dias,0.05,SMS
4563,48,4688.02,31-60 dias,0.63,Email
3258,48,740.47,31-60 dias,0.63,Sin gestion
6719,152,14764.16,90+ dias,0.05,SMS
4494,65,923.7,61-90 dias,0.52,Sin gestion
3280,138,8127.25,90+ dias,0.05,Sin gestion
2426,15,3959.41,1-30 dias,0.85,Sin gestion
6680,133,15254.88,90+ dias,0.06,Llamada
7771,174,42638.22,90+ dias,0.05,Acuerdo
4142,46,22338.72,31-60 dias,0.64,SMS
4397,78,7094.43,61-90 dias,0.43,Email
4107,109,14031.45,90+ dias,0.22,Visita
5166,10,592.13,1-30 dias,0.88,Acuerdo
1088,23,11479.56,1-30 dias,0.8,SMS
4414,136,7527.37,90+ dias,0.05,Visita
2777,103,4324.43,90+ dias,0.26,Visita
3509,82,17984.55,61-90 dias,0.4,Llamada
157,37,3447.35,31-60 dias,0.7,Visita
3791,150,10415.05,90+ dias,0.05,Visita
7437,119,703.68,90+ dias,0.16,Acuerdo
1790,91,17303.49,90+ dias,0.34,Email
3209,152,21527.14,90+ dias,0.05,Sin gestion
6685,139,30240.71,90+ dias,0.05,SMS
2543,70,10711.16,61-90 dias,0.48,SMS
1929,159,10052.39,90+ dias,0.05,Visita
455,165,17989.12,90+ dias,0.05,Email
4466,169,672.7,90+ dias,0.05,Email
7077,45,7079.96,31-60 dias,0.65,Visita
603,65,12200.71,61-90 dias,0.52,Acuerdo
4571,35,18761.51,31-60 dias,0.72,Visita
1014,115,1576.6,90+ dias,0.18,Visita
1979,6,5169.88,1-30 dias,0.91,Email
331,86,17634.17,61-90 dias,0.38,Llamada
7684,16,39336.94,1-30 dias,0.84,Llamada
5676,87,9935.37,61-90 dias,0.37,Llamada
4338,171,27559.12,90+ dias,0.05,Acuerdo
3056,140,15217.47,90+ dias,0.05,Llamada
5095,117,21981.18,90+ dias,0.17,Llamada
6067,85,2908.11,61-90 dias,0.38,SMS
5832,35,9245.25,31-60 dias,0.72,Acuerdo
3361,4,6100.02,1-30 dias,0.92,Email
7367,179,2450.08,90+ dias,0.05,Email
4675,86,3347.57,61-90 dias,0.38,Acuerdo
28,63,39424.27,61-90 dias,0.53,Email
2864,100,11985.42,90+ dias,0.28,Email
7478,31,13065.74,31-60 dias,0.74,Sin gestion
3094,123,3083.13,90+ dias,0.13,Visita
312,115,6656.94,90+ dias,0.18,Acuerdo
6791,27,22040.27,1-30 dias,0.77,Sin gestion
2868,140,18053.86,90+ dias,0.05,Llamada
5383,115,10857.68,90+ dias,0.18,Sin gestion
7957,65,30949.73,61-90 dias,0.52,Llamada
7672,94,7026.85,90+ dias,0.32,SMS
2225,117,34809.44,90+ dias,0.17,Llamada
4430,67,20659.94,61-90 dias,0.5,Visita
1537,62,11754.9,61-90 dias,0.54,SMS
2997,31,7465.84,31-60 dias,0.74,Sin gestion
3839,127,31286.52,90+ dias,0.1,Llamada
342,111,9047.66,90+ dias,0.21,SMS
3501,167,15472.91,90+ dias,0.05,Sin gestion
6182,32,3209.85,31-60 dias,0.74,Sin gestion
6152,175,36638.32,90+ dias,0.05,Visita
592,163,38632.42,90+ dias,0.05,Visita
4817,40,19185.81,31-60 dias,0.68,Visita
5600,163,903.95,90+ dias,0.05,SMS
542,180,6621.47,90+ dias,0.05,Acuerdo
1064,148,8417.2,90+ dias,0.05,Sin gestion
1747,19,7281.43,1-30 dias,0.82,Visita
4393,4,8069.79,1-30 dias,0.92,Acuerdo
205,164,56470.23,90+ dias,0.05,Sin gestion
1854,173,17494.76,90+ dias,0.05,Email
3037,166,2054.63,90+ dias,0.05,Acuerdo
5157,153,12295.55,90+ dias,0.05,SMS
782,29,24532.7,1-30 dias,0.76,Acuerdo
6303,111,40074.38,90+ dias,0.21,Email
5816,134,2129.4,90+ dias,0.06,Acuerdo
4177,43,12859.87,31-60 dias,0.66,Llamada
7887,8,49485.48,1-30 dias,0.9,Acuerdo
3666,61,3161.97,61-90 dias,0.54,SMS
2951,71,10723.03,61-90 dias,0.48,Acuerdo
5483,66,846.49,61-90 dias,0.51,Acuerdo
237,97,4945.78,90+ dias,0.3,Acuerdo
3056,122,5550.35,90+ dias,0.14,Llamada
1567,180,6562.9,90+ dias,0.05,Sin gestion
6386,50,2479.88,31-60 dias,0.62,Visita
7633,119,6699.43,90+ dias,0.16,SMS
672,171,6534.35,90+ dias,0.05,Email
7904,8,10032.48,1-30 dias,0.9,Email
3291,30,11862.58,1-30 dias,0.75,Acuerdo
760,175,14619.36,90+ dias,0.05,Visita
46,95,577.85,90+ dias,0.32,SMS
560,13,14575.75,1-30 dias,0.86,Acuerdo
5988,131,2029.81,90+ dias,0.08,Sin gestion
1564,52,1334.86,31-60 dias,0.6,Visita
5657,123,18038.29,90+ dias,0.13,SMS
5716,137,9534.49,90+ dias,0.05,Acuerdo
6297,137,3231.08,90+ dias,0.05,Llamada
7254,67,6881.11,61-90 dias,0.5,Acuerdo
4993,130,5500.14,90+ dias,0.08,Sin gestion
1158,164,8690.78,90+ dias,0.05,SMS
4192,145,25624.84,90+ dias,0.05,SMS
1776,135,3716.07,90+ dias,0.05,Llamada
4457,150,8095.72,90+ dias,0.05,Acuerdo
5765,10,5634.85,1-30 dias,0.88,Sin gestion
3213,135,791.1,90+ dias,0.05,Acuerdo
2308,155,2735.32,90+ dias,0.05,SMS
2873,152,15297.66,90+ dias,0.05,SMS
4275,106,27105.34,90+ dias,0.24,Sin gestion
3185,104,14757.96,90+ dias,0.26,Acuerdo
1337,146,9428.34,90+ dias,0.05,Email
1530,77,11666.21,61-90 dias,0.44,Email
2934,9,8237.96,1-30 dias,0.89,Sin gestion
2295,176,5795.17,90+ dias,0.05,Email
7196,142,13877.01,90+ dias,0.05,Acuerdo
4293,123,4259.83,90+ dias,0.13,Sin gestion
5336,152,12411.02,90+ dias,0.05,Acuerdo
7994,174,36192.17,90+ dias,0.05,Acuerdo
1620,66,20117.22,61-90 dias,0.51,SMS
2562,179,18840.09,90+ dias,0.05,Llamada
5050,49,41820.12,31-60 dias,0.62,Visita
7210,98,19569.73,90+ dias,0.3,Sin gestion
5991,67,8261.89,61-90 dias,0.5,Email
4675,93,31661.46,90+ dias,0.33,SMS
7119,30,4333.72,1-30 dias,0.75,Acuerdo
5570,119,527.68,90+ dias,0.16,Llamada
2986,133,4643.71,90+ dias,0.06,Visita
2209,58,45283.86,31-60 dias,0.56,Acuerdo
4705,3,3315.63,1-30 dias,0.93,Acuerdo
338,62,7398.82,61-90 dias,0.54,SMS
1764,116,1495.71,90+ dias,0.18,Sin gestion
7158,128,4168.67,90+ dias,0.1,Llamada
4264,118,2770.7,90+ dias,0.16,Sin gestion
1228,100,33585.22,90+ dias,0.28,Email
757,141,14371.34,90+ dias,0.05,Visita
3216,68,5073.12,61-90 dias,0.5,Visita
905,9,35538.18,1-30 dias,0.89,Acuerdo
3679,179,33919.62,90+ dias,0.05,Acuerdo
1567,110,49950.55,90+ dias,0.22,SMS
2497,166,23772.87,90+ dias,0.05,SMS
4313,124,1340.86,90+ dias,0.12,Email
7183,162,7232.58,90+ dias,0.05,Sin gestion
4650,68,7945.99,61-90 dias,0.5,Llamada
3721,102,27319.41,90+ dias,0.27,Visita
5479,15,3958.58,1-30 dias,0.85,Llamada
2369,38,16654.6,31-60 dias,0.7,SMS
1044,140,2116.78,90+ dias,0.05,Acuerdo
4106,5,16788.29,1-30 dias,0.92,Acuerdo
3224,93,28320.15,90+ dias,0.33,Acuerdo
3872,42,2341.31,31-60 dias,0.67,Sin gestion
5315,45,22614.88,31-60 dias,0.65,Acuerdo
2753,178,33904.77,90+ dias,0.05,Acuerdo
2272,86,2945.79,61-90 dias,0.38,Llamada
2085,100,1298.48,90+ dias,0.28,Llamada
4446,6,21660.22,1-30 dias,0.91,SMS
2538,97,18896.78,90+ dias,0.3,SMS
7507,74,8961.8,61-90 dias,0.46,Llamada
5361,9,1484.57,1-30 dias,0.89,Llamada
1454,156,15274.33,90+ dias,0.05,SMS
7692,146,3551.07,90+ dias,0.05,Sin gestion
4536,118,10247.93,90+ dias,0.16,Email
850,81,18018.88,61-90 dias,0.41,Email
5121,128,55145.92,90+ dias,0.1,SMS
2158,44,58348.69,31-60 dias,0.66,SMS
3046,137,43706.23,90+ dias,0.05,Email
428,105,31594.07,90+ dias,0.25,Visita
3946,176,21805.61,90+ dias,0.05,Llamada
3197,86,17622.98,61-90 dias,0.38,Email
1189,106,30291.58,90+ dias,0.24,Email
3075,131,16250.55,90+ dias,0.08,SMS
7846,12,7269.24,1-30 dias,0.87,SMS
1907,147,17422.53,90+ dias,0.05,Sin gestion
7075,166,36072.08,90+ dias,0.05,Acuerdo
63,136,668.02,90+ dias,0.05,Acuerdo
4622,48,32167.84,31-60 dias,0.63,Acuerdo
5204,71,23226.65,61-90 dias,0.48,Llamada
5335,72,10620.13,61-90 dias,0.47,Visita
342,50,17914.49,31-60 dias,0.62,Visita
4993,14,31565.78,1-30 dias,0.86,SMS
4173,119,11816.84,90+ dias,0.16,Llamada
6759,79,12524.73,61-90 dias,0.42,Llamada
7365,62,695.71,61-90 dias,0.54,Acuerdo
7459,157,1059.92,90+ dias,0.05,Email
2319,169,19297.31,90+ dias,0.05,Email
7885,158,773.99,90+ dias,0.05,Visita
4919,80,30270.38,61-90 dias,0.42,Llamada
3562,145,38111.09,90+ dias,0.05,Visita
2119,37,563.24,31-60 dias,0.7,Visita
1329,15,20986.11,1-30 dias,0.85,Email
7818,161,3729.89,90+ dias,0.05,Email
6970,159,8278.6,90+ dias,0.05,Acuerdo
6906,112,19189.63,90+ dias,0.2,Visita
6245,130,19436.17,90+ dias,0.08,Visita
4183,133,2395.31,90+ dias,0.06,Llamada
4769,37,6351.11,31-60 dias,0.7,Email
1524,150,36274.0,90+ dias,0.05,Email
1017,174,4979.61,90+ dias,0.05,Llamada
7643,99,7693.34,90+ dias,0.29,SMS
2995,103,13706.81,90+ dias,0.26,Llamada
531,116,959.16,90+ dias,0.18,Llamada
5443,16,13302.52,1-30 dias,0.84,Sin gestion
3795,103,7412.44,90+ dias,0.26,Visita
1602,51,3157.85,31-60 dias,0.61,Llamada
6059,148,14799.37,90+ dias,0.05,Sin gestion
1071,10,7386.0,1-30 dias,0.88,Email
623,125,39393.84,90+ dias,0.12,Email
5253,37,1969.48,31-60 dias,0.7,Visita
7589,151,1580.46,90+ dias,0.05,Email
288,177,18843.59,90+ dias,0.05,Visita
7812,27,4304.87,1-30 dias,0.77,Llamada
6561,169,39420.09,90+ dias,0.05,SMS
2105,123,3426.23,90+ dias,0.13,Sin gestion
7175,112,45083.3,90+ dias,0.2,Acuerdo
7909,162,16174.8,90+ dias,0.05,Sin gestion
2767,3,5073.76,1-30 dias,0.93,Llamada
2237,176,760.87,90+ dias,0.05,SMS
611,79,2009.98,61-90 dias,0.42,Acuerdo
5681,106,33352.78,90+ dias,0.24,SMS
5651,99,31891.99,90+ dias,0.29,Llamada
3144,53,23175.54,31-60 dias,0.6,SMS
3921,106,6934.52,90+ dias,0.24,Acuerdo
4923,49,7143.52,31-60 dias,0.62,SMS
7700,138,42994.68,90+ dias,0.05,Email
527,109,21515.12,90+ dias,0.22,Llamada
410,160,10341.04,90+ dias,0.05,Email
5988,46,5768.16,31-60 dias,0.64,Visita
7428,145,11388.28,90+ dias,0.05,Visita
3683,31,3235.27,31-60 dias,0.74,Sin gestion
213,147,4463.12,90+ dias,0.05,SMS
4823,98,4473.95,90+ dias,0.3,Llamada
5920,63,3500.14,61-90 dias,0.53,SMS
6423,161,13921.37,90+ dias,0.05,Email
5120,23,16216.73,1-30 dias,0.8,Llamada
5249,68,17904.25,61-90 dias,0.5,Visita
1084,112,5070.45,90+ dias,0.2,Sin gestion
2915,155,45930.4,90+ dias,0.05,SMS
6063,137,7524.31,90+ dias,0.05,Visita
989,82,51907.67,61-90 dias,0.4,Email
3890,37,6527.11,31-60 dias,0.7,SMS
2744,41,31147.27,31-60 dias,0.68,Email
1846,168,5496.78,90+ dias,0.05,Visita
2234,28,7958.72,1-30 dias,0.76,SMS
2555,3,28839.95,1-30 dias,0.93,Visita
6991,118,39920.39,90+ dias,0.16,Visita
6082,175,1897.92,90+ dias,0.05,Email
6139,128,11037.38,90+ dias,0.1,Sin gestion
2309,158,25741.87,90+ dias,0.05,Llamada
7925,180,10404.51,90+ dias,0.05,Acuerdo
1287,78,8731.21,61-90 dias,0.43,Visita
1822,93,9859.94,90+ dias,0.33,Acuerdo
6729,129,2123.39,90+ dias,0.09,Visita
2048,104,14392.97,90+ dias,0.26,Sin gestion
3028,160,57920.44,90+ dias,0.05,Acuerdo
6380,57,2750.65,31-60 dias,0.57,Acuerdo
1255,107,9278.56,90+ dias,0.24,SMS
5259,68,33557.23,61-90 dias,0.5,Visita
4719,59,14015.86,31-60 dias,0.56,Acuerdo
4811,2,20163.28,1-30 dias,0.94,Email
5939,132,26316.65,90+ dias,0.07,Llamada
6517,41,7422.31,31-60 dias,0.68,Llamada
6770,166,17251.12,90+ dias,0.05,Acuerdo
7875,134,18450.49,90+ dias,0.06,SMS
7320,69,41846.77,61-90 dias,0.49,SMS
874,150,13102.87,90+ dias,0.05,SMS
2378,159,19896.78,90+ dias,0.05,SMS
870,2,22381.62,1-30 dias,0.94,Llamada
1392,102,32653.9,90+ dias,0.27,Visita
101,58,18460.17,31-60 dias,0.56,Llamada
5045,57,11636.82,31-60 dias,0.57,Llamada
3166,151,559.81,90+ dias,0.05,Sin gestion
7365,19,8073.62,1-30 dias,0.82,Llamada
468,50,19451.75,31-60 dias,0.62,SMS
7877,6,49537.77,1-30 dias,0.91,Email
2700,16,1476.55,1-30 dias,0.84,Email
7062,31,23113.39,31-60 dias,0.74,SMS
7816,88,31706.87,61-90 dias,0.36,Llamada
7714,76,8207.4,61-90 dias,0.44,Llamada
7924,128,13018.99,90+ dias,0.1,Acuerdo
5223,8,11844.33,1-30 dias,0.9,Visita
6895,108,6269.06,90+ dias,0.23,Visita
4443,117,16963.11,90+ dias,0.17,Visita
6979,44,40492.48,31-60 dias,0.66,Acuerdo
3751,45,12379.44,31-60 dias,0.65,SMS
1390,19,2408.64,1-30 dias,0.82,Visita
7322,81,23850.25,61-90 dias,0.41,SMS
7887,16,17870.78,1-30 dias,0.84,SMS
4555,18,3618.27,1-30 dias,0.83,Email
7656,7,5808.62,1-30 dias,0.9,Visita
1916,47,2163.97,31-60 dias,0.64,Acuerdo
2890,111,45308.38,90+ dias,0.21,Sin gestion
1560,68,24458.91,61-90 dias,0.5,Sin gestion
5739,62,46804.16,61-90 dias,0.54,SMS
6465,138,5434.27,90+ dias,0.05,SMS
2801,7,2066.39,1-30 dias,0.9,Acuerdo
2728,75,3913.32,61-90 dias,0.45,Sin gestion
1405,2,4014.93,1-30 dias,0.94,Visita
4146,17,16123.34,1-30 dias,0.84,Acuerdo
3465,136,8913.93,90+ dias,0.05,Visita
5970,38,33267.55,31-60 dias,0.7,Llamada
2316,88,799.76,61-90 dias,0.36,Sin gestion
7030,2,5807.32,1-30 dias,0.94,Email
1813,19,4922.26,1-30 dias,0.82,Llamada
5080,70,29036.07,61-90 dias,0.48,Visita
6165,60,3551.83,31-60 dias,0.55,Email
519,34,26922.33,31-60 dias,0.72,Sin gestion
1444,157,3788.26,90+ dias,0.05,Visita
6510,106,5554.25,90+ dias,0.24,SMS
3584,89,6486.09,61-90 dias,0.36,Email
2158,131,15433.14,90+ dias,0.08,SMS
6435,15,9485.06,1-30 dias,0.85,Llamada
7864,24,13274.6,1-30 dias,0.79,Llamada
722,122,18171.84,90+ dias,0.14,Visita
7843,50,4700.68,31-60 dias,0.62,Acuerdo
5537,97,3168.55,90+ dias,0.3,SMS
3740,37,24950.3,31-60 dias,0.7,Llamada
6374,51,7247.83,31-60 dias,0.61,Visita
95,89,10330.71,61-90 dias,0.36,Visita
4804,28,2460.01,1-30 dias,0.76,Sin gestion
634,113,16471.42,90+ dias,0.2,SMS
7349,143,6949.7,90+ dias,0.05,Sin gestion
2321,90,8304.62,61-90 dias,0.35,Sin gestion
5572,53,9267.4,31-60 dias,0.6,SMS
4545,137,8911.56,90+ dias,0.05,Sin gestion
3245,68,19520.01,61-90 dias,0.5,SMS
2451,13,12629.37,1-30 dias,0.86,Acuerdo
4192,116,49253.3,90+ dias,0.18,Sin gestion
6204,146,696.67,90+ dias,0.05,Visita
3915,32,4746.78,31-60 dias,0.74,Llamada
3743,82,24574.26,61-90 dias,0.4,SMS
100,18,10629.13,1-30 dias,0.83,SMS
6227,24,9355.0,1-30 dias,0.79,Visita
2998,27,8370.08,1-30 dias,0.77,Visita
7447,48,635.21,31-60 dias,0.63,Sin gestion
1565,47,15210.15,31-60 dias,0.64,Sin gestion
6649,114,25196.45,90+ dias,0.19,Visita
7435,150,8906.12,90+ dias,0.05,Sin gestion
1856,60,2282.51,31-60 dias,0.55,Llamada
7901,127,17087.91,90+ dias,0.1,SMS
6869,90,11557.71,61-90 dias,0.35,Llamada
4573,12,15041.06,1-30 dias,0.87,Visita
3034,88,2151.83,61-90 dias,0.36,SMS
191,62,12387.64,61-90 dias,0.54,Email
4827,106,599.03,90+ dias,0.24,Llamada
5567,60,37982.43,31-60 dias,0.55,Email
6037,22,6273.14,1-30 dias,0.8,Visita
5881,173,26161.03,90+ dias,0.05,Acuerdo
6581,160,28436.6,90+ dias,0.05,Visita
1696,76,12674.65,61-90 dias,0.44,Sin gestion
2828,68,16838.51,61-90 dias,0.5,SMS
495,121,50643.53,90+ dias,0.14,Acuerdo
815,173,5919.77,90+ dias,0.05,Llamada
133,12,6408.15,1-30 dias,0.87,Email
5770,25,23037.56,1-30 dias,0.78,Email
2107,123,48794.54,90+ dias,0.13,Sin gestion
124,88,14493.7,61-90 dias,0.36,Email
3501,148,4358.22,90+ dias,0.05,Sin gestion
304,117,12872.81,90+ dias,0.17,Llamada
35,34,29471.92,31-60 dias,0.72,Email
195,71,5515.53,61-90 dias,0.48,Sin gestion
5513,47,6064.56,31-60 dias,0.64,Llamada
4496,58,4401.58,31-60 dias,0.56,SMS
6305,14,6413.61,1-30 dias,0.86,Llamada
3136,154,15963.81,90+ dias,0.05,Email
872,108,53534.47,90+ dias,0.23,Sin gestion
1213,156,11623.97,90+ dias,0.05,Visita
6317,119,2450.74,90+ dias,0.16,Visita
3069,88,11544.12,61-90 dias,0.36,Acuerdo
7036,29,4381.51,1-30 dias,0.76,Visita
456,80,1110.8,61-90 dias,0.42,Visita
5307,32,16250.68,31-60 dias,0.74,SMS
3571,177,7665.01,90+ dias,0.05,Email
5981,132,2550.46,90+ dias,0.07,Email
7933,91,1503.51,90+ dias,0.34,Email
5339,5,22172.25,1-30 dias,0.92,Visita
6167,47,38988.96,31-60 dias,0.64,SMS
1484,18,7855.08,1-30 dias,0.83,Llamada
2994,146,8970.04,90+ dias,0.05,Sin gestion
2234,99,530.0,90+ dias,0.29,SMS
710,48,1483.17,31-60 dias,0.63,Acuerdo
2333,26,2097.11,1-30 dias,0.78,SMS
7528,104,1519.0,90+ dias,0.26,Email
6865,140,6820.89,90+ dias,0.05,Sin gestion
4186,164,4066.58,90+ dias,0.05,Llamada
508,44,38281.26,31-60 dias,0.66,Email
5980,157,24683.1,90+ dias,0.05,SMS
4886,53,3144.89,31-60 dias,0.6,Llamada
3425,150,4432.97,90+ dias,0.05,Email
3093,38,594.2,31-60 dias,0.7,Acuerdo
1856,146,4990.72,90+ dias,0.05,SMS
194,104,996.95,90+ dias,0.26,Email
4269,103,11665.44,90+ dias,0.26,SMS
2695,172,20669.6,90+ dias,0.05,Llamada
5942,60,19763.57,31-60 dias,0.55,Email
3436,79,20671.63,61-90 dias,0.42,SMS
1728,174,4318.03,90+ dias,0.05,Visita
857,145,22125.8,90+ dias,0.05,Email
614,12,3946.98,1-30 dias,0.87,Email
2741,56,4746.34,31-60 dias,0.58,Acuerdo
7119,140,11750.16,90+ dias,0.05,Email
344,50,4995.7,31-60 dias,0.62,Sin gestion
1695,19,6235.91,1-30 dias,0.82,Email
831,18,23311.39,1-30 dias,0.83,Acuerdo
5946,157,7583.81,90+ dias,0.05,Sin gestion
1534,7,26263.25,1-30 dias,0.9,Acuerdo
983,55,43849.01,31-60 dias,0.58,Acuerdo
7796,42,12993.27,31-60 dias,0.67,Llamada
7468,162,16111.59,90+ dias,0.05,Email
4995,60,1824.03,31-60 dias,0.55,Sin gestion
7754,127,37587.43,90+ dias,0.1,Llamada
7309,166,16294.81,90+ dias,0.05,Visita
1585,82,6537.12,61-90 dias,0.4,Email
7859,83,22523.31,61-90 dias,0.4,Llamada
6399,83,17950.65,61-90 dias,0.4,SMS
1645,9,2530.7,1-30 dias,0.89,Llamada
7443,54,13387.52,31-60 dias,0.59,Llamada
678,171,36185.97,90+ dias,0.05,Llamada
4326,118,5531.9,90+ dias,0.16,Acuerdo
1660,177,13162.79,90+ dias,0.05,Acuerdo
6165,56,5652.21,31-60 dias,0.58,Acuerdo
3269,139,19851.29,90+ dias,0.05,Acuerdo
5839,12,8807.49,1-30 dias,0.87,SMS
6550,64,7961.57,61-90 dias,0.52,Acuerdo
4333,149,20288.79,90+ dias,0.05,SMS
6634,45,5074.21,31-60 dias,0.65,SMS
5878,74,1197.97,61-90 dias,0.46,Acuerdo
4063,103,20525.31,90+ dias,0.26,Visita
4712,10,46425.6,1-30 dias,0.88,Acuerdo
4450,115,4326.21,90+ dias,0.18,SMS
7941,144,35754.17,90+ dias,0.05,Sin gestion
1937,67,2650.87,61-90 dias,0.5,Email
2826,67,18112.1,61-90 dias,0.5,Email
6056,72,1117.91,61-90 dias,0.47,Email
7521,28,8435.0,1-30 dias,0.76,SMS
5976,32,1948.08,31-60 dias,0.74,Acuerdo
4677,3,1904.6,1-30 dias,0.93,Sin gestion
157,153,8835.63,90+ dias,0.05,Visita
227,154,32773.14,90+ dias,0.05,Acuerdo
5125,112,11411.83,90+ dias,0.2,Visita
5648,9,28504.74,1-30 dias,0.89,Llamada
7665,24,8980.24,1-30 dias,0.79,SMS
1886,60,3973.65,31-60 dias,0.55,Visita
6541,87,19363.77,61-90 dias,0.37,Acuerdo
2324,81,52862.89,61-90 dias,0.41,Email
3350,145,10110.6,90+ dias,0.05,Email
3226,140,20280.23,90+ dias,0.05,Email
151,46,8897.45,31-60 dias,0.64,Email
2179,28,37349.4,1-30 dias,0.76,Llamada
7866,166,17415.16,90+ dias,0.05,SMS
787,1,8728.31,1-30 dias,0.94,Llamada
4262,40,12040.04,31-60 dias,0.68,SMS
4783,41,24355.46,31-60 dias,0.68,Sin gestion
3071,79,23348.32,61-90 dias,0.42,Visita
6001,137,22741.03,90+ dias,0.05,Sin gestion
2256,47,38261.55,31-60 dias,0.64,Visita
3293,66,9663.24,61-90 dias,0.51,SMS
1894,180,7948.71,90+ dias,0.05,Llamada
3457,168,36720.47,90+ dias,0.05,Email
4814,118,42869.83,90+ dias,0.16,Llamada
7673,110,500.42,90+ dias,0.22,SMS
6841,97,2161.77,90+ dias,0.3,Email
3589,27,5394.99,1-30 dias,0.77,Sin gestion
3750,99,7488.12,90+ dias,0.29,Sin gestion
357,40,44663.05,31-60 dias,0.68,Sin gestion
1164,147,10622.67,90+ dias,0.05,Visita
4237,15,35137.54,1-30 dias,0.85,Sin gestion
4507,50,3951.1,31-60 dias,0.62,SMS
2979,94,7033.15,90+ dias,0.32,Email
5882,34,5497.69,31-60 dias,0.72,Sin gestion
3222,37,47364.42,31-60 dias,0.7,Visita
4995,72,3451.37,61-90 dias,0.47,Llamada
2286,116,23696.59,90+ dias,0.18,Email
18,172,4052.88,90+ dias,0.05,Llamada
4976,35,15543.75,31-60 dias,0.72,SMS
6877,150,12144.62,90+ dias,0.05,Llamada
715,171,1695.85,90+ dias,0.05,Email
535,25,1658.7,1-30 dias,0.78,Sin gestion
7114,73,15536.83,61-90 dias,0.46,Acuerdo
5514,123,32526.45,90+ dias,0.13,Sin gestion
6593,47,5066.62,31-60 dias,0.64,Email
704,46,23265.02,31-60 dias,0.64,Email
1077,105,14031.44,90+ dias,0.25,Sin gestion
6394,51,7315.82,31-60 dias,0.61,Visita
4020,149,1242.65,90+ dias,0.05,Acuerdo
7972,28,2319.07,1-30 dias,0.76,Email
5307,97,31774.32,90+ dias,0.3,Acuerdo
4764,142,32742.43,90+ dias,0.05,SMS
7301,146,29235.83,90+ dias,0.05,Llamada
1879,40,16333.21,31-60 dias,0.68,Sin gestion
3155,85,15636.12,61-90 dias,0.38,Sin gestion
2859,54,8907.08,31-60 dias,0.59,Llamada
4311,71,1469.35,61-90 dias,0.48,Sin gestion
4583,38,5246.36,31-60 dias,0.7,Visita
6765,111,13944.56,90+ dias,0.21,Acuerdo
7939,176,38505.25,90+ dias,0.05,Acuerdo
2374,105,21224.86,90+ dias,0.25,Llamada
6589,143,6692.75,90+ dias,0.05,Sin gestion
1478,55,8219.7,31-60 dias,0.58,Email
5350,67,3684.12,61-90 dias,0.5,Sin gestion
1996,74,24878.13,61-90 dias,0.46,SMS
3039,154,4839.61,90+ dias,0.05,SMS
4720,97,5135.55,90+ dias,0.3,Email
4401,92,39850.74,90+ dias,0.34,Llamada
326,40,12442.62,31-60 dias,0.68,Email
3988,144,3719.63,90+ dias,0.05,SMS
7029,41,6687.01,31-60 dias,0.68,SMS
228,151,555.52,90+ dias,0.05,SMS
42,75,1201.0,61-90 dias,0.45,Llamada
6010,169,4300.86,90+ dias,0.05,Visita
6562,124,30919.68,90+ dias,0.12,Email
3568,5,863.17,1-30 dias,0.92,Email
2962,142,33502.32,90+ dias,0.05,Acuerdo
2651,127,1793.55,90+ dias,0.1,Visita
5733,61,5038.01,61-90 dias,0.54,SMS
5952,117,1036.98,90+ dias,0.17,Llamada
621,138,30013.7,90+ dias,0.05,Sin gestion
6513,161,20938.65,90+ dias,0.05,Llamada
3576,161,38605.82,90+ dias,0.05,Email
1507,35,12188.41,31-60 dias,0.72,Sin gestion
7185,170,16135.86,90+ dias,0.05,Email
6583,102,19248.43,90+ dias,0.27,SMS
6178,82,13556.9,61-90 dias,0.4,Sin gestion
6000,57,51056.57,31-60 dias,0.57,Visita
515,168,5390.57,90+ dias,0.05,Llamada
5898,65,5056.43,61-90 dias,0.52,Visita
4728,117,5670.43,90+ dias,0.17,SMS
7515,138,2437.79,90+ dias,0.05,Visita
755,74,15221.21,61-90 dias,0.46,Llamada
2869,107,1012.45,90+ dias,0.24,SMS
6668,157,40343.76,90+ dias,0.05,Llamada
5031,104,3603.01,90+ dias,0.26,Acuerdo
1266,142,8440.71,90+ dias,0.05,Llamada
2839,32,18483.85,31-60 dias,0.74,Llamada
7093,7,9901.37,1-30 dias,0.9,Sin gestion
7432,97,2503.98,90+ dias,0.3,Llamada
6764,74,1658.03,61-90 dias,0.46,Llamada
6095,122,51569.88,90+ dias,0.14,Visita
6875,33,10541.84,31-60 dias,0.73,Visita
3545,4,11351.14,1-30 dias,0.92,Sin gestion
833,160,4429.04,90+ dias,0.05,Acuerdo
3782,68,2102.15,61-90 dias,0.5,Email
3522,117,592.63,90+ dias,0.17,Visita
1419,101,17374.26,90+ dias,0.28,Visita
3848,26,12048.86,1-30 dias,0.78,Acuerdo
394,52,18836.42,31-60 dias,0.6,SMS
6116,7,18032.11,1-30 dias,0.9,Email
2101,45,41091.81,31-60 dias,0.65,Visita
3190,29,51336.84,1-30 dias,0.76,Email
3510,10,5827.73,1-30 dias,0.88,Visita
3742,93,12297.32,90+ dias,0.33,Email
7200,16,8504.81,1-30 dias,0.84,Acuerdo
5891,55,11979.18,31-60 dias,0.58,SMS
4207,19,753.3,1-30 dias,0.82,Email
6544,80,40620.6,61-90 dias,0.42,Llamada
4314,133,13726.58,90+ dias,0.06,Acuerdo
4614,54,46375.27,31-60 dias,0.59,Email
1671,109,24815.67,90+ dias,0.22,Llamada
2284,69,14808.74,61-90 dias,0.49,Llamada
2099,51,9238.15,31-60 dias,0.61,Acuerdo
5852,158,3378.05,90+ dias,0.05,Sin gestion
5643,158,10426.78,90+ dias,0.05,Visita
1475,62,8186.15,61-90 dias,0.54,Email
5423,116,17602.97,90+ dias,0.18,Email
232,4,13045.65,1-30 dias,0.92,Email
6904,84,2253.11,61-90 dias,0.39,Acuerdo
1678,126,2424.06,90+ dias,0.11,SMS
5233,110,30163.2,90+ dias,0.22,Sin gestion
7717,7,13701.53,1-30 dias,0.9,Sin gestion
4478,121,6603.46,90+ dias,0.14,Llamada
7196,37,35429.19,31-60 dias,0.7,Sin gestion
2683,150,45334.26,90+ dias,0.05,Visita
4175,133,8833.54,90+ dias,0.06,Acuerdo
3561,78,1541.89,61-90 dias,0.43,Acuerdo
4685,68,6643.51,61-90 dias,0.5,Visita
4935,29,13834.73,1-30 dias,0.76,Acuerdo
7040,140,12962.02,90+ dias,0.05,Email
4125,39,1472.37,31-60 dias,0.69,Sin gestion
565,14,3862.36,1-30 dias,0.86,Visita
2803,137,4812.61,90+ dias,0.05,Acuerdo
7616,51,26311.33,31-60 dias,0.61,Acuerdo
2069,157,12699.03,90+ dias,0.05,Llamada
501,132,23870.56,90+ dias,0.07,SMS
4754,85,23499.69,61-90 dias,0.38,Email
5710,140,1567.71,90+ dias,0.05,SMS
3343,133,4987.19,90+ dias,0.06,Acuerdo
2918,110,15803.27,90+ dias,0.22,Sin gestion
7227,156,1939.57,90+ dias,0.05,Sin gestion
4092,163,543.16,90+ dias,0.05,Llamada
7981,113,9097.6,90+ dias,0.2,Sin gestion
5601,69,10851.65,61-90 dias,0.49,Visita
4632,6,44694.64,1-30 dias,0.91,Email
2433,121,13512.29,90+ dias,0.14,Email
4955,65,17783.85,61-90 dias,0.52,Visita
7917,37,44972.94,31-60 dias,0.7,Email
3146,100,41385.15,90+ dias,0.28,Llamada
1581,114,17448.93,90+ dias,0.19,Acuerdo
3536,60,21033.06,31-60 dias,0.55,Llamada
5899,81,19678.2,61-90 dias,0.41,Visita
6702,22,40369.38,1-30 dias,0.8,Llamada
7049,118,13708.05,90+ dias,0.16,SMS
5326,122,1934.43,90+ dias,0.14,Acuerdo
7288,64,14521.38,61-90 dias,0.52,Visita
1611,28,750.34,1-30 dias,0.76,SMS
1531,50,6489.65,31-60 dias,0.62,Sin gestion
5030,26,24841.74,1-30 dias,0.78,Sin gestion
5967,155,41331.93,90+ dias,0.05,Acuerdo
7660,151,1162.58,90+ dias,0.05,Llamada
6671,19,16646.0,1-30 dias,0.82,Sin gestion
2368,69,12200.76,61-90 dias,0.49,Email
6672,127,12716.89,90+ dias,0.1,Llamada
2134,98,27657.63,90+ dias,0.3,Sin gestion
2555,167,5388.75,90+ dias,0.05,Email
5661,158,4108.91,90+ dias,0.05,SMS
2782,61,51828.68,61-90 dias,0.54,Visita
557,62,23965.36,61-90 dias,0.54,Email
320,180,9854.5,90+ dias,0.05,Email
3183,51,34891.84,31-60 dias,0.61,Email
991,133,1232.01,90+ dias,0.06,Email
1961,159,1123.27,90+ dias,0.05,Visita
5084,113,20234.64,90+ dias,0.2,Sin gestion
3857,113,9461.42,90+ dias,0.2,SMS
4543,77,3964.57,61-90 dias,0.44,SMS
3153,164,8219.7,90+ dias,0.05,Email
7136,123,18017.48,90+ dias,0.13,SMS
3671,69,28838.29,61-90 dias,0.49,Acuerdo
2525,62,2114.06,61-90 dias,0.54,Sin gestion
2415,42,2256.86,31-60 dias,0.67,SMS
5059,92,37548.91,90+ dias,0.34,Sin gestion
4875,121,746.6,90+ dias,0.14,Visita
4600,54,889.08,31-60 dias,0.59,Acuerdo
5157,77,1069.92,61-90 dias,0.44,Llamada
3014,22,1471.74,1-30 dias,0.8,Visita
5490,139,45315.8,90+ dias,0.05,Visita
744,106,7644.88,90+ dias,0.24,Acuerdo
7512,108,20949.33,90+ dias,0.23,Email
30,76,4110.1,61-90 dias,0.44,Sin gestion
6271,151,37078.23,90+ dias,0.05,Acuerdo
3230,105,1247.0,90+ dias,0.25,Visita
3256,113,3112.72,90+ dias,0.2,Visita
6833,15,1621.85,1-30 dias,0.85,Sin gestion
6518,93,3576.84,90+ dias,0.33,SMS
6957,23,11953.05,1-30 dias,0.8,Acuerdo
7681,98,21017.83,90+ dias,0.3,Visita
7714,43,44187.11,31-60 dias,0.66,Acuerdo
4796,59,2306.19,31-60 dias,0.56,Email
7935,100,16014.53,90+ dias,0.28,Sin gestion
4130,82,14435.11,61-90 dias,0.4,Email
3002,151,32745.01,90+ dias,0.05,Acuerdo
6398,130,8764.71,90+ dias,0.08,Visita
2396,3,7389.83,1-30 dias,0.93,Sin gestion
6869,131,5298.68,90+ dias,0.08,Email
643,79,9906.49,61-90 dias,0.42,SMS
4333,177,12902.99,90+ dias,0.05,Acuerdo
1397,59,1589.77,31-60 dias,0.56,SMS
2513,107,1032.13,90+ dias,0.24,Email
1798,23,6148.62,1-30 dias,0.8,Llamada
1463,30,1923.8,1-30 dias,0.75,Sin gestion
5791,135,580.24,90+ dias,0.05,SMS
3970,42,6099.86,31-60 dias,0.67,Llamada
4711,51,36070.34,31-60 dias,0.61,Email
5210,28,46559.74,1-30 dias,0.76,Email
1668,107,4619.07,90+ dias,0.24,Visita
6105,153,1105.73,90+ dias,0.05,Llamada
4127,116,776.58,90+ dias,0.18,Acuerdo
7368,161,3022.99,90+ dias,0.05,Llamada
2729,106,14185.48,90+ dias,0.24,Llamada
3957,164,15265.85,90+ dias,0.05,Visita
5809,37,43188.59,31-60 dias,0.7,Sin gestion
809,78,11286.68,61-90 dias,0.43,Visita
3319,13,29822.39,1-30 dias,0.86,Acuerdo
2246,88,2328.45,61-90 dias,0.36,Acuerdo
7914,161,15632.15,90+ dias,0.05,Visita
5916,75,9523.15,61-90 dias,0.45,Email
1064,61,2285.52,61-90 dias,0.54,Sin gestion
3765,41,14154.57,31-60 dias,0.68,Email
1421,103,8597.6,90+ dias,0.26,SMS
6026,18,5086.45,1-30 dias,0.83,Visita
6379,16,6004.22,1-30 dias,0.84,Visita
7136,144,8616.27,90+ dias,0.05,SMS
2586,161,17070.19,90+ dias,0.05,Llamada
6137,22,26311.65,1-30 dias,0.8,Acuerdo
4008,86,18559.52,61-90 dias,0.38,Visita
2689,166,2393.5,90+ dias,0.05,SMS
7699,119,6914.05,90+ dias,0.16,SMS
113,101,8670.55,90+ dias,0.28,SMS
1271,11,6751.07,1-30 dias,0.88,Visita
6402,45,42061.68,31-60 dias,0.65,Visita
6496,163,8015.38,90+ dias,0.05,Visita
7475,33,1818.61,31-60 dias,0.73,SMS
7155,156,9629.66,90+ dias,0.05,SMS
4986,95,2243.83,90+ dias,0.32,Llamada
2289,147,2330.65,90+ dias,0.05,Llamada
7830,74,1993.55,61-90 dias,0.46,Email
168,81,1204.7,61-90 dias,0.41,Email
1572,16,20958.77,1-30 dias,0.84,Llamada
5895,139,2847.31,90+ dias,0.05,Sin gestion
430,114,46483.73,90+ dias,0.19,Llamada
1788,144,42102.4,90+ dias,0.05,Sin gestion
4195,52,8717.08,31-60 dias,0.6,SMS
2048,61,20624.28,61-90 dias,0.54,Acuerdo
7017,65,38546.34,61-90 dias,0.52,Visita
5239,116,28541.11,90+ dias,0.18,Llamada
6087,14,9359.39,1-30 dias,0.86,SMS
383,50,14495.07,31-60 dias,0.62,Sin gestion
557,81,5680.85,61-90 dias,0.41,Llamada
1210,60,26819.83,31-60 dias,0.55,Llamada
1773,71,595.42,61-90 dias,0.48,Llamada
448,9,55283.19,1-30 dias,0.89,Visita
2208,11,33794.29,1-30 dias,0.88,Sin gestion
2449,156,12730.34,90+ dias,0.05,Acuerdo
7864,138,16490.21,90+ dias,0.05,Llamada
2142,106,909.78,90+ dias,0.24,SMS
2868,60,29783.63,31-60 dias,0.55,SMS
6356,102,2739.84,90+ dias,0.27,Llamada
3447,156,2800.83,90+ dias,0.05,Email
2723,164,10829.91,90+ dias,0.05,SMS
5391,95,10663.32,90+ dias,0.32,Email
3560,122,1184.33,90+ dias,0.14,Acuerdo
4177,63,23443.69,61-90 dias,0.53,SMS
2506,7,13833.48,1-30 dias,0.9,Acuerdo
7732,24,13975.03,1-30 dias,0.79,Acuerdo
2829,37,45270.09,31-60 dias,0.7,Email
1661,132,21624.41,90+ dias,0.07,Visita
7027,167,2424.15,90+ dias,0.05,Acuerdo
1437,118,25819.16,90+ dias,0.16,Acuerdo
5450,24,2696.15,1-30 dias,0.79,Sin gestion
3972,123,24027.36,90+ dias,0.13,Llamada
4967,110,31105.92,90+ dias,0.22,Acuerdo
2452,1,4944.9,1-30 dias,0.94,Acuerdo
7221,173,22149.07,90+ dias,0.05,Sin gestion
4043,151,14886.74,90+ dias,0.05,Email
690,174,14849.95,90+ dias,0.05,Acuerdo
6853,45,20335.36,31-60 dias,0.65,Sin gestion
7676,80,29976.02,61-90 dias,0.42,Visita
6465,48,17734.75,31-60 dias,0.63,Sin gestion
5213,32,962.59,31-60 dias,0.74,Sin gestion
2342,168,1739.65,90+ dias,0.05,Llamada
2352,143,27167.15,90+ dias,0.05,Email
5171,128,6647.19,90+ dias,0.1,Acuerdo
2792,6,19166.71,1-30 dias,0.91,Acuerdo
6827,178,12418.48,90+ dias,0.05,Sin gestion
7978,84,40957.88,61-90 dias,0.39,Llamada
7075,17,1873.07,1-30 dias,0.84,Email
1271,7,48979.92,1-30 dias,0.9,Llamada
5987,66,7624.42,61-90 dias,0.51,Acuerdo
2706,105,3247.14,90+ dias,0.25,Visita
5086,135,8296.4,90+ dias,0.05,Sin gestion
7830,24,57861.38,1-30 dias,0.79,Visita
2041,165,9417.0,90+ dias,0.05,Visita
7776,90,501.64,61-90 dias,0.35,Acuerdo
6828,56,1673.77,31-60 dias,0.58,Sin gestion
7361,44,15311.13,31-60 dias,0.66,Llamada
3291,48,4622.89,31-60 dias,0.63,SMS
811,176,1038.67,90+ dias,0.05,Visita
66,48,24126.27,31-60 dias,0.63,Visita
3573,77,566.71,61-90 dias,0.44,SMS
1107,46,30450.04,31-60 dias,0.64,Llamada
4023,87,2121.3,61-90 dias,0.37,Sin gestion
6896,156,27378.98,90+ dias,0.05,SMS
3170,149,30997.9,90+ dias,0.05,Sin gestion
2563,108,9413.88,90+ dias,0.23,Visita
7488,101,18146.2,90+ dias,0.28,Email
3550,64,17209.85,61-90 dias,0.52,SMS
4933,41,51301.28,31-60 dias,0.68,Sin gestion
1643,33,2915.28,31-60 dias,0.73,Email
3183,78,11477.05,61-90 dias,0.43,Acuerdo
4117,62,23233.29,61-90 dias,0.54,Email
1618,98,9733.93,90+ dias,0.3,Email
6945,110,18019.13,90+ dias,0.22,Email
1116,41,951.84,31-60 dias,0.68,SMS
5446,71,30087.73,61-90 dias,0.48,SMS
6573,38,1025.01,31-60 dias,0.7,Llamada
3751,161,9379.11,90+ dias,0.05,Visita
5816,166,13658.76,90+ dias,0.05,Email
2138,5,8055.72,1-30 dias,0.92,Llamada
4380,107,3766.38,90+ dias,0.24,Email
5776,149,41566.74,90+ dias,0.05,Llamada
3085,130,43412.43,90+ dias,0.08,Acuerdo
7978,94,23550.48,90+ dias,0.32,Llamada
5008,53,49102.72,31-60 dias,0.6,Acuerdo
7264,155,24226.68,90+ dias,0.05,Sin gestion
5848,149,2242.54,90+ dias,0.05,Sin gestion
4844,25,8791.28,1-30 dias,0.78,Visita
3499,156,14941.98,90+ dias,0.05,Llamada
1708,146,16419.12,90+ dias,0.05,SMS
5849,2,16787.69,1-30 dias,0.94,Visita
1293,164,3297.59,90+ dias,0.05,SMS
6859,108,31410.59,90+ dias,0.23,Acuerdo
1943,48,891.95,31-60 dias,0.63,Sin gestion
5182,121,1383.64,90+ dias,0.14,Acuerdo
5303,114,16140.73,90+ dias,0.19,Acuerdo
4079,48,30268.0,31-60 dias,0.63,Sin gestion
4721,65,17347.5,61-90 dias,0.52,SMS
227,112,10324.34,90+ dias,0.2,SMS
302,40,13403.18,31-60 dias,0.68,Visita
3432,79,9472.31,61-90 dias,0.42,Email
5516,52,29482.31,31-60 dias,0.6,Acuerdo
81,15,2770.41,1-30 dias,0.85,Sin gestion
3018,31,7700.07,31-60 dias,0.74,Visita
231,173,1876.59,90+ dias,0.05,Email
2062,43,4783.98,31-60 dias,0.66,SMS
6043,94,21701.49,90+ dias,0.32,SMS
5221,167,16141.95,90+ dias,0.05,Email
933,141,6844.94,90+ dias,0.05,Visita
5412,84,4141.57,61-90 dias,0.39,Llamada
693,37,52758.53,31-60 dias,0.7,Email
2648,59,1532.59,31-60 dias,0.56,Llamada
3097,85,1012.54,61-90 dias,0.38,Email
4220,22,4898.02,1-30 dias,0.8,SMS
754,112,3117.91,90+ dias,0.2,Llamada
3680,126,1854.47,90+ dias,0.11,Visita
7243,168,41382.35,90+ dias,0.05,Llamada
180,50,29283.14,31-60 dias,0.62,Visita
3640,32,21939.52,31-60 dias,0.74,Acuerdo
1189,44,7548.65,31-60 dias,0.66,Llamada
6901,111,3968.28,90+ dias,0.21,Acuerdo
6043,25,1474.97,1-30 dias,0.78,Sin gestion
5827,121,7568.09,90+ dias,0.14,Acuerdo
6068,75,28271.23,61-90 dias,0.45,Acuerdo
1394,148,10203.28,90+ dias,0.05,Visita
4299,143,15787.32,90+ dias,0.05,SMS
1750,95,14312.47,90+ dias,0.32,SMS
7809,117,971.98,90+ dias,0.17,Llamada
6683,169,46354.51,90+ dias,0.05,Email
1083,32,1166.51,31-60 dias,0.74,Visita
2327,124,16095.01,90+ dias,0.12,Email
2819,14,1625.88,1-30 dias,0.86,Visita
1475,120,30009.73,90+ dias,0.15,Acuerdo
5315,172,9746.4,90+ dias,0.05,Sin gestion
7402,34,6630.82,31-60 dias,0.72,Acuerdo
7788,27,17709.98,1-30 dias,0.77,SMS
5189,98,19635.5,90+ dias,0.3,Acuerdo
7668,157,8636.98,90+ dias,0.05,SMS
5302,31,4908.29,31-60 dias,0.74,Email
5670,151,2372.99,90+ dias,0.05,Llamada
5018,135,5586.04,90+ dias,0.05,Llamada
7780,26,3401.75,1-30 dias,0.78,Acuerdo
2057,28,3146.16,1-30 dias,0.76,Email
3934,103,34982.53,90+ dias,0.26,Visita
3147,55,22753.48,31-60 dias,0.58,Visita
5144,91,6065.86,90+ dias,0.34,Email
5438,118,20464.2,90+ dias,0.16,Acuerdo
5483,62,17179.79,61-90 dias,0.54,Visita
7166,12,16367.62,1-30 dias,0.87,Visita
2487,95,8144.13,90+ dias,0.32,Acuerdo
4499,149,34488.32,90+ dias,0.05,SMS
2114,146,5823.82,90+ dias,0.05,Sin gestion
5952,180,25662.02,90+ dias,0.05,Sin gestion
4280,70,50684.19,61-90 dias,0.48,SMS
7592,40,13436.03,31-60 dias,0.68,SMS
856,31,4774.93,31-60 dias,0.74,Sin gestion
836,167,2501.72,90+ dias,0.05,SMS
859,96,5753.7,90+ dias,0.31,SMS
5916,122,4538.77,90+ dias,0.14,Email
5327,137,12349.49,90+ dias,0.05,Sin gestion
266,14,4990.1,1-30 dias,0.86,SMS
4685,34,2370.9,31-60 dias,0.72,Email
6902,151,2912.76,90+ dias,0.05,Visita
7697,175,4953.35,90+ dias,0.05,Sin gestion
5522,106,31125.93,90+ dias,0.24,Sin gestion
895,180,4149.01,90+ dias,0.05,Email
7311,55,45126.58,31-60 dias,0.58,Email
887,24,14868.63,1-30 dias,0.79,Llamada
5083,78,21500.21,61-90 dias,0.43,Visita
6974,144,2102.23,90+ dias,0.05,Sin gestion
6078,15,24737.8,1-30 dias,0.85,Llamada
3924,170,34329.32,90+ dias,0.05,Email
5611,180,35670.02,90+ dias,0.05,SMS
1934,123,6357.38,90+ dias,0.13,Email
7026,55,2678.01,31-60 dias,0.58,Email
7096,102,2734.56,90+ dias,0.27,Visita
5214,157,2555.0,90+ dias,0.05,Acuerdo
5633,2,15685.38,1-30 dias,0.94,Acuerdo
4435,163,53422.99,90+ dias,0.05,Llamada
1553,8,21973.83,1-30 dias,0.9,SMS
6541,165,4222.19,90+ dias,0.05,Llamada
4663,102,1105.1,90+ dias,0.27,SMS
3031,11,6715.89,1-30 dias,0.88,Acuerdo
2621,174,9161.65,90+ dias,0.05,Llamada
160,99,11968.28,90+ dias,0.29,Acuerdo
7449,103,1486.72,90+ dias,0.26,Llamada
6155,179,16511.12,90+ dias,0.05,Sin gestion
1964,92,1022.66,90+ dias,0.34,Llamada
2471,108,32368.17,90+ dias,0.23,Visita
2466,164,38610.27,90+ dias,0.05,Llamada
89,15,2788.37,1-30 dias,0.85,Sin gestion
6555,39,7060.86,31-60 dias,0.69,Visita
7330,171,29417.57,90+ dias,0.05,SMS
1957,25,3127.51,1-30 dias,0.78,Llamada
3799,10,26844.71,1-30 dias,0.88,Sin gestion
4833,71,4122.48,61-90 dias,0.48,Email
374,127,12720.77,90+ dias,0.1,Sin gestion
4112,121,6798.09,90+ dias,0.14,Email
1825,46,2314.26,31-60 dias,0.64,SMS
1427,176,8920.9,90+ dias,0.05,Acuerdo
4761,155,38406.34,90+ dias,0.05,Llamada
5843,75,20241.63,61-90 dias,0.45,Acuerdo
4598,119,17657.37,90+ dias,0.16,Visita
270,90,26267.61,61-90 dias,0.35,Email
6347,41,5579.89,31-60 dias,0.68,SMS
6771,141,10954.19,90+ dias,0.05,Llamada
4893,140,23430.66,90+ dias,0.05,Llamada
4696,123,19991.89,90+ dias,0.13,Sin gestion
1621,45,36319.84,31-60 dias,0.65,Sin gestion
6823,22,19808.31,1-30 dias,0.8,Llamada
768,134,45664.47,90+ dias,0.06,Visita
6732,110,2064.28,90+ dias,0.22,SMS
967,25,27763.41,1-30 dias,0.78,Llamada
264,45,25590.18,31-60 dias,0.65,Sin gestion
5220,44,11045.07,31-60 dias,0.66,Acuerdo
2005,69,12794.04,61-90 dias,0.49,Acuerdo
4071,145,3368.1,90+ dias,0.05,Llamada
281,141,2268.86,90+ dias,0.05,SMS
2866,137,16577.88,90+ dias,0.05,SMS
6683,105,27213.1,90+ dias,0.25,SMS
6907,41,21759.88,31-60 dias,0.68,Email
6815,148,20614.2,90+ dias,0.05,Visita
6503,75,21585.6,61-90 dias,0.45,SMS
6373,95,20453.61,90+ dias,0.32,Llamada
4916,33,3773.73,31-60 dias,0.73,Llamada
2219,169,2637.33,90+ dias,0.05,Visita
2755,38,8918.05,31-60 dias,0.7,Visita
11,15,2551.94,1-30 dias,0.85,Email
85,14,20561.9,1-30 dias,0.86,Email
6225,117,47048.46,90+ dias,0.17,SMS
5583,1,7150.96,1-30 dias,0.94,Email
1051,178,9065.38,90+ dias,0.05,Email
6340,29,15991.67,1-30 dias,0.76,SMS
4480,76,2531.28,61-90 dias,0.44,Acuerdo
2212,105,6917.26,90+ dias,0.25,SMS
4571,104,3592.22,90+ dias,0.26,Sin gestion
4927,42,28118.23,31-60 dias,0.67,SMS
7941,152,32204.01,90+ dias,0.05,Acuerdo
2342,77,29417.52,61-90 dias,0.44,Email
2350,156,18918.8,90+ dias,0.05,Email
2574,110,36885.32,90+ dias,0.22,Email
1864,50,7002.6,31-60 dias,0.62,Email
2651,29,533.23,1-30 dias,0.76,Sin gestion
6512,30,55647.36,1-30 dias,0.75,SMS
4456,93,7919.42,90+ dias,0.33,Visita
695,143,42911.66,90+ dias,0.05,Email
7773,70,9602.46,61-90 dias,0.48,Acuerdo
1490,8,1239.43,1-30 dias,0.9,SMS
6981,83,29809.83,61-90 dias,0.4,Acuerdo
429,51,13178.82,31-60 dias,0.61,Visita
7743,112,603.29,90+ dias,0.2,Acuerdo
5039,87,15904.41,61-90 dias,0.37,Acuerdo
2395,140,21391.59,90+ dias,0.05,Llamada
3519,130,9465.79,90+ dias,0.08,Sin gestion
1619,108,5891.59,90+ dias,0.23,Email
1491,9,32246.37,1-30 dias,0.89,Visita
6224,171,38515.48,90+ dias,0.05,Visita
2292,42,25839.52,31-60 dias,0.67,Llamada
5126,98,5647.73,90+ dias,0.3,Sin gestion
6107,33,16034.98,31-60 dias,0.73,Visita
6550,179,28165.5,90+ dias,0.05,Email
1941,147,46152.36,90+ dias,0.05,Acuerdo
7141,158,16618.53,90+ dias,0.05,Visita
1539,61,42178.9,61-90 dias,0.54,Email
724,23,3412.47,1-30 dias,0.8,SMS
1086,170,732.66,90+ dias,0.05,SMS
1861,93,8067.85,90+ dias,0.33,SMS
3908,153,8110.31,90+ dias,0.05,SMS
4550,90,13528.17,61-90 dias,0.35,Llamada
94,37,834.76,31-60 dias,0.7,Acuerdo
2164,164,20424.8,90+ dias,0.05,SMS
2239,165,18720.33,90+ dias,0.05,Visita
1556,112,3103.28,90+ dias,0.2,Llamada
6855,31,1538.28,31-60 dias,0.74,SMS
1451,83,34779.71,61-90 dias,0.4,Acuerdo
5275,107,1720.61,90+ dias,0.24,Acuerdo
5842,5,2101.39,1-30 dias,0.92,SMS
7710,16,693.53,1-30 dias,0.84,Acuerdo
5139,17,7554.75,1-30 dias,0.84,Llamada
2840,88,24595.11,61-90 dias,0.36,Email
4654,86,15795.09,61-90 dias,0.38,SMS
7415,61,2629.0,61-90 dias,0.54,Acuerdo
3818,50,20596.71,31-60 dias,0.62,Visita
3813,116,3790.1,90+ dias,0.18,Sin gestion
1480,109,39464.03,90+ dias,0.22,Email
4455,23,8799.96,1-30 dias,0.8,Visita
1752,66,15974.08,61-90 dias,0.51,SMS
4048,114,24780.69,90+ dias,0.19,Sin gestion
3008,44,24328.26,31-60 dias,0.66,Llamada
7907,71,1465.56,61-90 dias,0.48,Acuerdo
802,104,10794.06,90+ dias,0.26,Llamada
5399,74,8142.73,61-90 dias,0.46,Visita
5765,122,38660.95,90+ dias,0.14,Llamada
7992,127,7918.31,90+ dias,0.1,Llamada
2869,96,12502.34,90+ dias,0.31,Acuerdo
3573,10,967.98,1-30 dias,0.88,Email
4510,173,692.33,90+ dias,0.05,Acuerdo
3147,179,4073.21,90+ dias,0.05,Visita
4754,18,18665.32,1-30 dias,0.83,Email
2953,6,24607.77,1-30 dias,0.91,Visita
3394,9,42305.03,1-30 dias,0.89,Sin gestion
4598,136,20451.32,90+ dias,0.05,Sin gestion
6563,95,2891.65,90+ dias,0.32,Email
6576,167,41723.53,90+ dias,0.05,Acuerdo
1593,165,3893.46,90+ dias,0.05,Acuerdo
6824,4,10370.52,1-30 dias,0.92,Visita
4581,153,32450.31,90+ dias,0.05,SMS
962,16,10078.06,1-30 dias,0.84,Acuerdo
3251,156,7120.51,90+ dias,0.05,Acuerdo
4508,165,3685.62,90+ dias,0.05,Email
1745,126,9124.12,90+ dias,0.11,Acuerdo
5616,74,57218.08,61-90 dias,0.46,Visita
5434,130,19932.27,90+ dias,0.08,Sin gestion
7618,147,27475.75,90+ dias,0.05,SMS
3029,120,12080.6,90+ dias,0.15,SMS
3026,110,35555.46,90+ dias,0.22,Email
666,107,16368.02,90+ dias,0.24,Sin gestion
1842,86,48713.09,61-90 dias,0.38,Acuerdo
6798,147,32072.11,90+ dias,0.05,Acuerdo
5038,73,7926.56,61-90 dias,0.46,Email
2039,68,15346.39,61-90 dias,0.5,Llamada
6090,124,7964.41,90+ dias,0.12,Visita
3807,92,17562.21,90+ dias,0.34,Llamada
1674,3,8899.84,1-30 dias,0.93,Sin gestion
6157,166,2721.99,90+ dias,0.05,Llamada
3012,156,18075.37,90+ dias,0.05,Llamada
5823,142,12394.04,90+ dias,0.05,Llamada
2059,172,2232.96,90+ dias,0.05,Llamada
23,41,1331.06,31-60 dias,0.68,Visita
7798,113,8094.53,90+ dias,0.2,Sin gestion
5509,102,2893.88,90+ dias,0.27,SMS
4725,21,30029.4,1-30 dias,0.81,Email
6335,78,9338.12,61-90 dias,0.43,Llamada
6746,161,35572.52,90+ dias,0.05,Llamada
1841,45,17783.88,31-60 dias,0.65,Acuerdo
1000,177,25130.78,90+ dias,0.05,Llamada
652,35,12529.81,31-60 dias,0.72,Email
984,44,4752.14,31-60 dias,0.66,Sin gestion
688,3,23514.76,1-30 dias,0.93,Visita
496,60,15929.97,31-60 dias,0.55,Sin gestion
6846,65,35214.14,61-90 dias,0.52,Email
5168,50,4485.16,31-60 dias,0.62,Llamada
5910,3,20065.41,1-30 dias,0.93,Sin gestion
2406,135,26228.53,90+ dias,0.05,Acuerdo
3762,172,3437.1,90+ dias,0.05,Sin gestion
6419,35,3434.15,31-60 dias,0.72,Sin gestion
998,128,16908.57,90+ dias,0.1,Sin gestion
3214,54,53510.3,31-60 dias,0.59,Email
2696,152,47513.03,90+ dias,0.05,Llamada
7828,105,3901.28,90+ dias,0.25,Sin gestion
7723,65,5979.06,61-90 dias,0.52,Visita
4649,51,10433.7,31-60 dias,0.61,SMS
487,130,728.37,90+ dias,0.08,Email
5332,64,10576.58,61-90 dias,0.52,Email
7728,50,17393.05,31-60 dias,0.62,Email
7684,147,11636.58,90+ dias,0.05,Visita
1118,8,43607.61,1-30 dias,0.9,Llamada
881,28,1798.15,1-30 dias,0.76,Visita
3102,157,17669.12,90+ dias,0.05,Llamada
4189,128,52276.86,90+ dias,0.1,SMS
6708,2,11202.3,1-30 dias,0.94,Acuerdo
1901,108,12445.37,90+ dias,0.23,Visita
5661,170,18756.14,90+ dias,0.05,SMS
3633,61,27193.59,61-90 dias,0.54,Llamada
6939,102,18868.48,90+ dias,0.27,Llamada
5526,55,48651.46,31-60 dias,0.58,Acuerdo
2930,155,19736.89,90+ dias,0.05,SMS
6331,70,14027.14,61-90 dias,0.48,SMS
829,96,18542.16,90+ dias,0.31,Sin gestion
728,28,13753.84,1-30 dias,0.76,Email
1564,9,9966.55,1-30 dias,0.89,SMS
32,78,2307.34,61-90 dias,0.43,Visita
6950,118,21834.59,90+ dias,0.16,Acuerdo
517,126,8100.64,90+ dias,0.11,Visita
2758,76,19156.29,61-90 dias,0.44,Email
5613,107,43825.04,90+ dias,0.24,Sin gestion
863,16,4143.03,1-30 dias,0.84,Llamada
2115,81,9402.31,61-90 dias,0.41,Email
1438,147,6320.37,90+ dias,0.05,Email
2623,167,25544.67,90+ dias,0.05,Sin gestion
1209,149,23499.49,90+ dias,0.05,Sin gestion
5060,9,2421.78,1-30 dias,0.89,Sin gestion
4262,22,17856.34,1-30 dias,0.8,Email
5022,39,19736.29,31-60 dias,0.69,Acuerdo
3359,92,8312.73,90+ dias,0.34,Sin gestion
4632,48,20316.39,31-60 dias,0.63,Llamada
7348,11,6550.96,1-30 dias,0.88,Email
2519,17,33258.21,1-30 dias,0.84,Sin gestion
4175,102,1474.35,90+ dias,0.27,Visita
6646,114,4161.22,90+ dias,0.19,Acuerdo
2418,53,4033.7,31-60 dias,0.6,Acuerdo
5884,148,12530.48,90+ dias,0.05,Acuerdo
1390,119,31983.82,90+ dias,0.16,Sin gestion
3165,48,2927.65,31-60 dias,0.63,SMS
2440,180,5635.05,90+ dias,0.05,Acuerdo
1969,2,14292.98,1-30 dias,0.94,Sin gestion
736,20,3785.71,1-30 dias,0.82,Llamada
1176,110,27608.29,90+ dias,0.22,Sin gestion
422,114,1892.11,90+ dias,0.19,Llamada
1518,171,10611.38,90+ dias,0.05,Acuerdo
6746,28,24383.66,1-30 dias,0.76,SMS
7283,71,24136.29,61-90 dias,0.48,Acuerdo
4146,138,2155.32,90+ dias,0.05,Llamada
2556,91,43031.05,90+ dias,0.34,Visita
48,56,50352.89,31-60 dias,0.58,Visita
7363,121,6134.79,90+ dias,0.14,Email
1391,6,6387.46,1-30 dias,0.91,Acuerdo
1143,21,12935.59,1-30 dias,0.81,Acuerdo
3061,81,550.21,61-90 dias,0.41,Llamada
2901,171,5117.58,90+ dias,0.05,Acuerdo
3229,60,25148.24,31-60 dias,0.55,Acuerdo
3365,95,7016.35,90+ dias,0.32,Email
3514,94,4072.34,90+ dias,0.32,Sin gestion
7050,161,52840.5,90+ dias,0.05,Acuerdo
7047,42,14459.12,31-60 dias,0.67,Acuerdo
5198,160,4400.3,90+ dias,0.05,SMS
5366,22,2632.88,1-30 dias,0.8,Sin gestion
6479,177,5522.07,90+ dias,0.05,SMS
6433,136,17515.74,90+ dias,0.05,Email
310,1,8083.75,1-30 dias,0.94,SMS
5067,45,1473.11,31-60 dias,0.65,Email
3509,157,9737.44,90+ dias,0.05,Visita
6306,75,13965.71,61-90 dias,0.45,Visita
1853,40,30227.16,31-60 dias,0.68,SMS
5596,7,9100.37,1-30 dias,0.9,Llamada
4534,144,34802.44,90+ dias,0.05,SMS
4655,159,1074.96,90+ dias,0.05,SMS
6956,6,14605.52,1-30 dias,0.91,Email
4082,101,26845.39,90+ dias,0.28,Visita
7789,37,948.44,31-60 dias,0.7,Visita
7563,20,7953.27,1-30 dias,0.82,Acuerdo
5975,8,24169.57,1-30 dias,0.9,Sin gestion
2287,105,2177.04,90+ dias,0.25,Llamada
288,176,8011.4,90+ dias,0.05,Email
4657,62,50571.01,61-90 dias,0.54,Visita
6773,75,22507.9,61-90 dias,0.45,Email
7396,2,33429.09,1-30 dias,0.94,Visita
2308,65,7971.2,61-90 dias,0.52,Sin gestion
6722,24,4914.01,1-30 dias,0.79,Email
1145,120,14690.67,90+ dias,0.15,Email
4848,77,3336.14,61-90 dias,0.44,Email
563,75,23414.72,61-90 dias,0.45,Visita
5163,70,5851.33,61-90 dias,0.48,SMS
4861,3,18389.65,1-30 dias,0.93,Visita
1621,1,46562.58,1-30 dias,0.94,Email
2435,72,47349.62,61-90 dias,0.47,Email
2839,157,42474.33,90+ dias,0.05,Llamada
6746,133,26413.63,90+ dias,0.06,Llamada
4599,144,3810.61,90+ dias,0.05,Email
7837,100,26282.39,90+ dias,0.28,Llamada
6573,81,4370.39,61-90 dias,0.41,Llamada
6086,18,4753.93,1-30 dias,0.83,Llamada
4896,95,41665.04,90+ dias,0.32,Sin gestion
2432,36,9777.34,31-60 dias,0.71,Llamada
5846,147,13119.94,90+ dias,0.05,Acuerdo
7977,2,4898.18,1-30 dias,0.94,Email
5730,68,12846.19,61-90 dias,0.5,Email
3362,81,11913.83,61-90 dias,0.41,SMS
1665,142,28894.8,90+ dias,0.05,Llamada
3604,63,870.72,61-90 dias,0.53,Visita
4245,30,14152.12,1-30 dias,0.75,Acuerdo
4424,104,12736.1,90+ dias,0.26,SMS
7308,53,10093.9,31-60 dias,0.6,Visita
832,111,4681.84,90+ dias,0.21,Acuerdo
2545,160,1027.22,90+ dias,0.05,Llamada
7900,41,39538.24,31-60 dias,0.68,Email
4422,68,12324.51,61-90 dias,0.5,Llamada
3197,136,30510.39,90+ dias,0.05,SMS
7526,41,4567.4,31-60 dias,0.68,Visita
4503,168,28475.25,90+ dias,0.05,SMS
2913,22,4233.0,1-30 dias,0.8,Visita
598,152,21010.23,90+ dias,0.05,Llamada
5610,172,22768.47,90+ dias,0.05,Llamada
1291,71,13442.69,61-90 dias,0.48,Email
2557,171,12297.33,90+ dias,0.05,Llamada
553,57,14141.47,31-60 dias,0.57,Llamada
2014,136,6594.58,90+ dias,0.05,Visita
6743,156,8214.99,90+ dias,0.05,Sin gestion
5813,101,32258.37,90+ dias,0.28,Visita
1481,153,4809.51,90+ dias,0.05,Email
960,59,30340.28,31-60 dias,0.56,Acuerdo
6265,170,9095.25,90+ dias,0.05,Email
6448,60,3628.58,31-60 dias,0.55,Visita
6227,166,1612.58,90+ dias,0.05,Acuerdo
7445,42,25843.34,31-60 dias,0.67,Sin gestion
1433,67,4346.44,61-90 dias,0.5,SMS
5798,62,27558.99,61-90 dias,0.54,Acuerdo
4990,122,10522.98,90+ dias,0.14,SMS
1214,103,27036.58,90+ dias,0.26,Sin gestion
1503,158,655.36,90+ dias,0.05,Llamada
4335,120,8123.83,90+ dias,0.15,Llamada
7252,169,5146.69,90+ dias,0.05,Sin gestion
5412,164,11988.4,90+ dias,0.05,Acuerdo
5963,152,1578.38,90+ dias,0.05,Visita
7431,47,2276.38,31-60 dias,0.64,SMS
7441,9,13990.01,1-30 dias,0.89,Sin gestion
2352,139,1435.72,90+ dias,0.05,SMS
3192,57,42529.82,31-60 dias,0.57,Visita
6371,173,51523.84,90+ dias,0.05,Sin gestion
7342,107,14097.46,90+ dias,0.24,Acuerdo
4935,72,9867.86,61-90 dias,0.47,Email
5049,20,21252.54,1-30 dias,0.82,SMS
1706,132,861.34,90+ dias,0.07,Llamada
7233,75,693.65,61-90 dias,0.45,Visita
7353,81,1520.38,61-90 dias,0.41,Visita
7091,53,1910.32,31-60 dias,0.6,SMS
7200,40,688.61,31-60 dias,0.68,Llamada
621,168,35851.82,90+ dias,0.05,Email
2534,39,27591.31,31-60 dias,0.69,Sin gestion
397,128,1630.94,90+ dias,0.1,Llamada
7585,32,15134.34,31-60 dias,0.74,Llamada
3841,45,1419.32,31-60 dias,0.65,Visita
2806,94,44866.51,90+ dias,0.32,SMS
4866,140,5359.39,90+ dias,0.05,SMS
4767,88,16777.92,61-90 dias,0.36,SMS
7925,87,30040.16,61-90 dias,0.37,SMS
7203,13,15024.82,1-30 dias,0.86,Visita
7218,23,11375.0,1-30 dias,0.8,Llamada
6211,84,22981.36,61-90 dias,0.39,Llamada
3207,151,1167.6,90+ dias,0.05,Email
1521,101,12811.7,90+ dias,0.28,Visita
1609,62,5691.8,61-90 dias,0.54,SMS
76,115,23949.0,90+ dias,0.18,Llamada
7822,91,720.59,90+ dias,0.34,SMS
4774,41,722.08,31-60 dias,0.68,SMS
3036,167,23165.14,90+ dias,0.05,Acuerdo
886,102,7509.24,90+ dias,0.27,Acuerdo
6964,111,798.07,90+ dias,0.21,Acuerdo
3603,43,5676.34,31-60 dias,0.66,SMS
690,35,5253.61,31-60 dias,0.72,Sin gestion
6063,48,4549.97,31-60 dias,0.63,Llamada
405,33,22703.57,31-60 dias,0.73,Sin gestion
3726,92,51080.89,90+ dias,0.34,Email
6001,124,25534.54,90+ dias,0.12,Sin gestion
5284,152,20501.25,90+ dias,0.05,Acuerdo
5027,83,22030.31,61-90 dias,0.4,SMS
2306,173,6531.51,90+ dias,0.05,Llamada
752,11,32754.4,1-30 dias,0.88,Visita
1994,59,8847.77,31-60 dias,0.56,Sin gestion
407,22,29087.56,1-30 dias,0.8,Sin gestion
1619,125,9710.93,90+ dias,0.12,Sin gestion
619,35,8255.79,31-60 dias,0.72,Email
208,145,30669.7,90+ dias,0.05,SMS
2010,153,2076.36,90+ dias,0.05,SMS
3097,71,3415.2,61-90 dias,0.48,SMS
1332,55,2830.27,31-60 dias,0.58,SMS
2628,98,5718.89,90+ dias,0.3,Llamada
5003,54,34068.48,31-60 dias,0.59,Acuerdo
241,173,25074.09,90+ dias,0.05,Acuerdo
2028,125,47373.99,90+ dias,0.12,Sin gestion
5519,87,2230.36,61-90 dias,0.37,Llamada
4076,101,4860.32,90+ dias,0.28,Visita
5473,125,935.54,90+ dias,0.12,Email
6313,104,6866.27,90+ dias,0.26,Email
1747,6,27903.55,1-30 dias,0.91,Email
5193,87,24762.49,61-90 dias,0.37,Llamada
6644,116,1059.96,90+ dias,0.18,Visita
3359,175,40527.4,90+ dias,0.05,Email
2056,121,6630.04,90+ dias,0.14,Sin gestion
2332,148,16633.39,90+ dias,0.05,Visita
5542,15,3421.96,1-30 dias,0.85,SMS
6479,39,3095.64,31-60 dias,0.69,Sin gestion
6868,101,40357.81,90+ dias,0.28,Sin gestion
480,167,8336.67,90+ dias,0.05,Acuerdo
5256,71,4491.25,61-90 dias,0.48,SMS
4531,154,5139.27,90+ dias,0.05,Visita
3696,165,30250.32,90+ dias,0.05,Visita
256,128,4361.76,90+ dias,0.1,Sin gestion
3077,25,5556.23,1-30 dias,0.78,Acuerdo
5013,71,11425.72,61-90 dias,0.48,Acuerdo
3002,72,23151.58,61-90 dias,0.47,Email
7757,157,931.91,90+ dias,0.05,SMS
5458,70,2305.4,61-90 dias,0.48,Llamada
2553,120,6371.6,90+ dias,0.15,Visita
4959,164,1020.18,90+ dias,0.05,Email
6878,126,1346.74,90+ dias,0.11,Llamada
1390,116,26377.94,90+ dias,0.18,Acuerdo
483,126,17109.47,90+ dias,0.11,Llamada
4383,3,7621.62,1-30 dias,0.93,Acuerdo
4174,86,6607.2,61-90 dias,0.38,Visita
2903,133,8921.68,90+ dias,0.06,SMS
6485,159,12036.58,90+ dias,0.05,Llamada
3421,15,9301.3,1-30 dias,0.85,Email
4966,2,24010.53,1-30 dias,0.94,Sin gestion
5324,3,4576.79,1-30 dias,0.93,Sin gestion
5802,17,3794.98,1-30 dias,0.84,Sin gestion
2299,3,8556.75,1-30 dias,0.93,Sin gestion
1910,105,30090.88,90+ dias,0.25,Acuerdo
1446,107,1972.96,90+ dias,0.24,Acuerdo
6336,174,29750.81,90+ dias,0.05,Email
5848,98,19558.13,90+ dias,0.3,Acuerdo
7023,180,1622.98,90+ dias,0.05,Sin gestion
6006,95,15356.55,90+ dias,0.32,SMS
1247,120,8944.07,90+ dias,0.15,SMS
4968,8,4482.77,1-30 dias,0.9,Acuerdo
5612,173,604.25,90+ dias,0.05,SMS
4949,180,17577.58,90+ dias,0.05,Email
3607,87,7037.7,61-90 dias,0.37,SMS
621,169,12032.57,90+ dias,0.05,Visita
3962,175,4400.84,90+ dias,0.05,Llamada
3499,62,3488.07,61-90 dias,0.54,Email
559,17,13574.73,1-30 dias,0.84,Acuerdo
3579,12,4388.24,1-30 dias,0.87,Llamada
3477,30,15075.23,1-30 dias,0.75,Sin gestion
1722,7,2039.12,1-30 dias,0.9,Acuerdo
3638,54,34589.2,31-60 dias,0.59,SMS
651,47,13021.89,31-60 dias,0.64,Email
759,136,914.34,90+ dias,0.05,SMS
2023,74,14555.21,61-90 dias,0.46,Llamada
7593,82,54516.33,61-90 dias,0.4,Email
5584,77,27646.88,61-90 dias,0.44,Email
2015,96,13201.06,90+ dias,0.31,Sin gestion
5578,2,9497.99,1-30 dias,0.94,Sin gestion
2303,179,43042.03,90+ dias,0.05,Email
1551,134,15032.99,90+ dias,0.06,Visita
2965,113,7095.28,90+ dias,0.2,Visita
2242,110,17963.19,90+ dias,0.22,Acuerdo
223,9,35312.21,1-30 dias,0.89,Sin gestion
5565,47,4069.2,31-60 dias,0.64,Email
1713,159,1646.68,90+ dias,0.05,Llamada
7837,46,1935.26,31-60 dias,0.64,SMS
1598,38,7284.29,31-60 dias,0.7,Sin gestion
5140,140,19260.14,90+ dias,0.05,SMS
684,88,4334.73,61-90 dias,0.36,SMS
7301,131,7912.29,90+ dias,0.08,Visita
6764,123,3937.68,90+ dias,0.13,SMS
4560,35,11779.16,31-60 dias,0.72,Acuerdo
5185,61,7821.75,61-90 dias,0.54,Llamada
4708,147,14498.39,90+ dias,0.05,Sin gestion
5513,106,5204.06,90+ dias,0.24,Acuerdo
6660,116,5449.21,90+ dias,0.18,Llamada
3244,62,2895.64,61-90 dias,0.54,Acuerdo
5510,169,32921.65,90+ dias,0.05,Llamada
4632,45,4473.95,31-60 dias,0.65,Sin gestion
1610,35,44838.13,31-60 dias,0.72,Email
586,87,506.25,61-90 dias,0.37,Acuerdo
1312,22,1077.24,1-30 dias,0.8,Visita
5787,179,1203.93,90+ dias,0.05,Llamada
2340,4,11013.86,1-30 dias,0.92,Acuerdo
2578,33,16249.73,31-60 dias,0.73,Llamada
5096,47,11820.82,31-60 dias,0.64,Visita
35,178,12298.03,90+ dias,0.05,Acuerdo
1697,112,4985.58,90+ dias,0.2,Visita
6803,137,26538.25,90+ dias,0.05,Email
544,142,3491.22,90+ dias,0.05,SMS
409,159,2333.83,90+ dias,0.05,Sin gestion
6940,127,10894.66,90+ dias,0.1,Llamada
6327,63,9991.67,61-90 dias,0.53,Llamada
1445,70,10568.68,61-90 dias,0.48,Llamada
7396,151,9649.27,90+ dias,0.05,Sin gestion
537,99,2607.58,90+ dias,0.29,Visita
6516,171,3835.4,90+ dias,0.05,Llamada
3358,30,2105.87,1-30 dias,0.75,Acuerdo
4866,55,15979.22,31-60 dias,0.58,Sin gestion
7128,120,20520.16,90+ dias,0.15,Llamada
3113,167,11387.3,90+ dias,0.05,Llamada
4162,117,24948.6,90+ dias,0.17,Email
