tarjeta_id,cliente_id,tipo_tarjeta,limite_credito,saldo_actual,fecha_emision,estatus
0,7108,Platino,121246,88658.94,2024-04-02,Cancelada
1,883,Signature,217867,141744.12,2022-12-17,Vigente
2,5589,Oro,50000,41064.72,2023-05-18,Bloqueada
3,1763,Clasica,14172,11426.24,2025-01-29,Bloqueada
4,1573,Signature,194189,76972.28,2025-07-08,Vigente
5,7540,Oro,35401,14012.48,2023-08-10,Vigente
6,5854,Oro,41498,30567.59,2026-03-24,Vigente
7,616,Oro,45494,15818.29,2026-08-29,Cancelada
8,3509,Oro,33381,13999.38,2024-12-01,Vigente
9,3768,Signature,276629,128120.82,2023-11-24,Bloqueada
10,2274,Signature,263909,140953.62,2025-09-27,Vigente
11,1195,Signature,246329,125327.12,2023-09-03,Bloqueada
12,1618,Signature,268301,25502.9,2024-04-05,Bloqueada
13,2438,Platino,118892,84878.68,2023-05-30,Cancelada
14,2975,Clasica,14629,4868.95,2024-05-23,Cancelada
15,6424,Platino,86386,31112.61,2025-06-17,Vigente
16,5342,Clasica,17017,12768.48,2025-07-20,Cancelada
17,2829,Oro,53380,15756.33,2023-08-26,Cancelada
18,4423,Signature,214539,11967.75,2024-01-28,Bloqueada
19,3750,Platino,104164,11602.01,2026-05-06,Cancelada
20,1000,Clasica,17840,11975.56,2025-09-28,Vigente
21,1724,Oro,55136,41948.42,2025-01-20,Bloqueada
22,3994,Platino,114044,94222.75,2023-04-19,Vigente
23,3067,Platino,108709,53901.0,2024-12-30,Cancelada
24,6729,Oro,44797,25673.41,2024-09-10,Cancelada
25,861,Oro,45943,24743.25,2022-12-16,Bloqueada
26,907,Signature,260580,177946.1,2025-05-17,Cancelada
27,2234,Signature,193978,68005.78,2026-01-18,Vigente
28,6303,Clasica,15446,2397.35,2024-02-24,Bloqueada
29,6174,Oro,43530,16832.9,2022-08-10,Bloqueada
30,1400,Signature,188668,129990.96,2025-02-12,Vigente
31,3304,Oro,33563,14738.05,2025-06-04,Vigente
32,1010,Platino,75850,2975.47,2024-11-27,Vigente
33,3669,Platino,80529,67846.14,2022-09-17,Vigente
34,3749,Platino,111116,91328.35,2026-05-17,Bloqueada
35,5404,Signature,185367,92492.93,2023-07-08,Bloqueada
36,3054,Oro,53083,17444.62,2024-09-02,Vigente
37,5561,Clasica,15884,5310.42,2022-12-03,Vigente
38,2082,Signature,166009,52843.8,2023-10-27,Vigente
39,2684,Oro,52704,8168.75,2026-01-19,Vigente
40,6154,Platino,74822,58946.51,2025-04-02,Bloqueada
41,2446,Signature,237605,23294.84,2025-07-22,Bloqueada
42,20,Clasica,17925,14014.94,2022-10-17,Vigente
43,4395,Oro,49604,35753.63,2025-12-18,Cancelada
44,3432,Clasica,19511,8705.62,2024-09-25,Bloqueada
45,7131,Signature,256435,121634.73,2023-05-23,Bloqueada
46,3470,Clasica,12725,1175.61,2025-09-16,Vigente
47,7838,Platino,99402,33563.82,2025-03-05,Bloqueada
48,5057,Clasica,18687,1525.68,2023-12-03,Vigente
49,1797,Signature,172212,116887.85,2023-10-16,Vigente
50,6879,Signature,275128,9009.77,2025-02-16,Vigente
51,6862,Clasica,12904,7777.69,2025-03-07,Cancelada
52,4818,Signature,259642,57433.25,2024-05-31,Cancelada
53,2128,Platino,75878,406.62,2023-11-30,Bloqueada
54,2415,Clasica,18266,15384.54,2024-10-01,Bloqueada
55,2493,Oro,36983,25091.56,2023-12-03,Vigente
56,3084,Oro,42302,29884.77,2024-03-17,Vigente
57,1886,Clasica,20891,16620.63,2024-02-16,Vigente
58,4698,Signature,274153,188746.09,2026-05-03,Bloqueada
59,2717,Clasica,12921,8841.74,2023-10-10,Cancelada
60,3807,Oro,41084,1183.58,2023-10-28,Bloqueada
61,6760,Platino,105480,47981.12,2022-11-09,Vigente
62,4084,Clasica,15075,5057.01,2023-01-01,Cancelada
63,7535,Platino,76452,637.58,2026-02-22,Cancelada
64,4685,Clasica,17052,11187.16,2026-01-06,Vigente
65,7018,Clasica,16949,5057.85,2024-12-26,Cancelada
66,4085,Clasica,12967,10182.78,2023-09-08,Bloqueada
67,998,Signature,221956,18099.51,2023-11-23,Vigente
68,5027,Signature,278834,44264.38,2025-12-06,Vigente
69,6332,Platino,86653,19419.74,2023-09-24,Vigente
70,6816,Signature,268625,130981.8,2025-12-12,Vigente
71,6615,Clasica,17318,10318.52,2025-07-14,Vigente
72,7503,Clasica,13693,1955.56,2023-05-17,Vigente
73,1412,Platino,87910,5557.09,2026-03-16,Vigente
74,484,Oro,41059,12008.11,2024-07-28,Vigente
75,910,Platino,101830,82690.11,2022-10-25,Vigente
76,2721,Oro,34663,28325.41,2023-09-22,Vigente
77,1239,Clasica,20844,1054.26,2023-01-06,Cancelada
78,3446,Oro,49923,24133.02,2025-02-19,Vigente
79,1494,Oro,43820,32958.99,2023-03-20,Bloqueada
80,2094,Clasica,12017,4396.94,2024-04-22,Bloqueada
81,7257,Platino,119735,91262.43,2023-01-10,Vigente
82,5195,Oro,53940,10449.25,2026-06-19,Bloqueada
83,738,Platino,92677,71783.64,2024-09-21,Cancelada
84,2339,Clasica,13305,428.15,2025-12-29,Vigente
85,4396,Clasica,13858,9828.56,2026-08-06,Bloqueada
86,5675,Signature,170399,92309.48,2023-03-28,Vigente
87,6746,Signature,267807,178022.82,2023-05-21,Vigente
88,7049,Clasica,12617,6371.35,2025-09-24,Vigente
89,3701,Clasica,14073,6792.53,2024-07-16,Cancelada
90,582,Platino,122209,94995.51,2022-09-05,Vigente
91,3752,Clasica,14092,4780.71,2022-12-29,Bloqueada
92,3873,Clasica,18671,10697.47,2024-10-15,Vigente
93,3653,Clasica,16145,472.7,2023-01-16,Vigente
94,6736,Oro,40954,26747.43,2024-02-20,Vigente
95,2466,Signature,198717,11503.17,2026-03-04,Bloqueada
96,4297,Platino,86102,47141.72,2023-05-10,Vigente
97,7563,Platino,85648,48856.49,2025-10-31,Vigente
98,5220,Clasica,18459,14966.9,2023-06-02,Cancelada
99,1217,Clasica,16725,11595.48,2024-11-07,Cancelada
100,2187,Signature,239728,66245.89,2026-05-06,Bloqueada
101,5991,Platino,114452,42158.53,2023-11-27,Vigente
102,5443,Clasica,18709,13110.01,2025-04-13,Vigente
103,1889,Oro,43962,19110.72,2022-08-14,Vigente
104,1797,Oro,42437,6849.1,2025-07-17,Vigente
105,92,Signature,245972,192462.62,2022-10-31,Bloqueada
106,4161,Clasica,20771,15365.66,2024-09-13,Bloqueada
107,7890,Oro,45935,3514.56,2024-05-17,Vigente
108,5566,Signature,266067,153306.97,2026-05-17,Vigente
109,3947,Clasica,17531,9422.4,2022-12-18,Vigente
110,6654,Platino,92343,68473.95,2025-09-10,Vigente
111,6801,Platino,94992,76270.44,2026-08-14,Vigente
112,7758,Oro,44422,37723.1,2026-01-01,Vigente
113,7329,Oro,41819,16494.8,2024-03-18,Vigente
114,6409,Platino,124420,87251.67,2024-09-02,Vigente
115,3834,Platino,113601,18600.21,2024-06-25,Vigente
116,7709,Clasica,18533,5189.39,2024-03-14,Cancelada
117,7492,Signature,203358,168063.29,2025-09-15,Vigente
118,5942,Signature,271958,86157.57,2025-07-28,Vigente
119,1755,Clasica,15738,4761.9,2024-12-15,Vigente
120,7429,Platino,82537,56989.37,2024-09-23,Bloqueada
121,7391,Signature,196962,166939.85,2023-02-27,Vigente
122,3723,Platino,86742,8194.65,2025-02-17,Bloqueada
123,2841,Oro,38765,24178.84,2023-06-07,Cancelada
124,6987,Clasica,14347,11516.48,2024-09-03,Cancelada
125,5549,Oro,49788,39367.34,2025-06-01,Vigente
126,5821,Platino,104078,13225.13,2025-10-13,Vigente
127,6946,Oro,37573,30304.09,2026-07-20,Vigente
128,1398,Platino,101209,55987.03,2024-05-05,Bloqueada
129,286,Platino,121692,3017.84,2025-03-22,Vigente
130,6608,Platino,96161,54403.79,2024-06-20,Bloqueada
131,4360,Oro,33144,12103.52,2024-04-14,Cancelada
132,5826,Clasica,19453,14001.04,2022-10-03,Cancelada
133,5522,Platino,124707,62819.18,2022-10-16,Vigente
134,602,Signature,249410,173634.77,2026-06-26,Bloqueada
135,286,Signature,188958,129692.45,2024-07-27,Vigente
136,511,Platino,116898,22228.29,2025-12-30,Vigente
137,7290,Oro,52575,36712.62,2025-09-23,Vigente
138,7633,Signature,239631,178561.55,2025-10-04,Vigente
139,3982,Signature,254513,124118.71,2026-02-15,Cancelada
140,7662,Clasica,17023,8304.48,2025-08-28,Cancelada
141,3627,Oro,32487,16856.46,2025-03-25,Bloqueada
142,6938,Clasica,16138,7886.05,2023-12-07,Bloqueada
143,7220,Oro,37837,1132.26,2025-08-16,Vigente
144,3231,Signature,275975,120866.63,2025-04-16,Vigente
145,6389,Oro,47436,33404.88,2025-05-04,Vigente
146,1646,Oro,41670,30654.35,2024-09-18,Vigente
147,5828,Signature,165020,38210.98,2026-04-08,Bloqueada
148,2275,Signature,178189,98779.53,2025-03-04,Bloqueada
149,7270,Signature,277814,149576.64,2023-05-11,Cancelada
150,31,Platino,72645,5543.19,2024-04-05,Vigente
151,816,Oro,49340,20761.56,2023-12-24,Vigente
152,3340,Oro,41986,8436.88,2026-06-29,Vigente
153,5121,Oro,48567,19602.05,2023-07-13,Vigente
154,2989,Oro,38126,7758.13,2025-05-10,Bloqueada
155,1218,Oro,35969,16369.91,2023-10-06,Vigente
156,451,Signature,206441,85449.13,2023-06-18,Cancelada
157,7313,Platino,103080,7993.28,2026-01-15,Vigente
158,2950,Clasica,16994,4297.91,2024-06-09,Cancelada
159,453,Platino,121602,32127.48,2024-07-31,Bloqueada
160,4416,Oro,42434,13945.41,2025-02-27,Bloqueada
161,3022,Platino,88950,53004.64,2024-05-07,Vigente
162,7312,Oro,40845,26491.49,2026-01-06,Vigente
163,5581,Clasica,12737,1445.37,2024-02-28,Cancelada
164,205,Clasica,12806,4685.52,2024-03-27,Cancelada
165,5963,Clasica,12884,5026.83,2023-06-26,Vigente
166,1499,Oro,38138,16785.93,2026-02-09,Cancelada
167,4380,Signature,240786,73569.08,2024-10-20,Vigente
168,5721,Clasica,12993,10604.61,2026-01-23,Vigente
169,3944,Platino,84198,45625.35,2025-01-26,Vigente
170,3978,Oro,38097,29464.67,2024-03-29,Vigente
171,7261,Signature,241928,33531.06,2024-06-25,Cancelada
172,5895,Signature,198834,96426.57,2026-03-08,Vigente
173,7436,Signature,189777,46607.64,2024-06-04,Vigente
174,4324,Oro,32055,8015.13,2023-07-26,Bloqueada
175,950,Oro,38315,30691.03,2025-06-10,Vigente
176,398,Platino,119824,88271.69,2025-02-08,Vigente
177,3886,Signature,199835,115997.91,2026-04-05,Cancelada
178,7,Signature,223502,81315.34,2024-04-27,Vigente
179,5019,Oro,40333,30752.16,2023-12-18,Vigente
180,1911,Signature,206676,8066.04,2023-02-12,Vigente
181,492,Oro,44057,20700.62,2022-10-14,Vigente
182,2843,Clasica,14816,10378.53,2025-09-13,Vigente
183,2902,Clasica,16120,8693.45,2023-11-24,Vigente
184,4715,Oro,53249,930.97,2024-02-02,Vigente
185,2393,Clasica,16895,2220.09,2026-04-03,Vigente
186,4156,Oro,50056,26722.38,2023-04-02,Bloqueada
187,2875,Oro,32631,25150.65,2024-01-25,Vigente
188,3496,Platino,94184,74034.22,2025-05-27,Vigente
189,5939,Oro,33293,13950.74,2022-09-19,Cancelada
190,2691,Platino,86091,21644.0,2024-12-18,Vigente
191,7900,Clasica,12726,10696.95,2025-10-21,Bloqueada
192,4442,Platino,110795,11069.63,2022-09-18,Vigente
193,7429,Platino,97450,80085.0,2022-11-30,Vigente
194,3995,Clasica,16015,13024.11,2024-03-15,Cancelada
195,3223,Clasica,17142,11291.29,2024-10-24,Vigente
196,7531,Signature,263465,114064.12,2024-08-04,Cancelada
197,3468,Signature,272576,7525.02,2024-06-11,Vigente
198,3923,Platino,107847,72280.85,2024-03-08,Vigente
199,2879,Signature,192333,32572.46,2024-03-24,Vigente
200,4169,Signature,222000,90284.23,2025-09-01,Cancelada
201,1717,Clasica,14849,6148.58,2022-08-26,Bloqueada
202,2690,Clasica,19372,3823.01,2022-10-30,Vigente
203,141,Platino,80251,13947.65,2023-03-24,Vigente
204,4866,Clasica,20216,6523.33,2024-06-22,Cancelada
205,3929,Oro,52284,22553.8,2025-05-07,Vigente
206,5007,Oro,40295,3150.26,2023-10-13,Cancelada
207,7485,Signature,271004,21120.02,2026-01-08,Bloqueada
208,3295,Clasica,14751,5986.77,2023-10-10,Cancelada
209,694,Platino,109750,46762.44,2026-06-15,Cancelada
210,2204,Platino,93224,8169.46,2022-11-13,Bloqueada
211,7978,Oro,52275,26333.23,2022-10-19,Vigente
212,5956,Oro,43800,3359.11,2024-09-01,Vigente
213,1847,Clasica,15265,2269.49,2025-03-15,Vigente
214,1583,Clasica,13875,3035.06,2023-03-11,Vigente
215,201,Platino,105353,74425.89,2023-08-01,Cancelada
216,7309,Clasica,13593,834.93,2026-02-17,Vigente
217,3182,Signature,206694,154659.74,2025-02-21,Vigente
218,3778,Signature,216503,54900.9,2026-04-11,Bloqueada
219,747,Oro,38889,32156.97,2025-12-14,Bloqueada
220,5050,Oro,53607,3544.5,2023-10-05,Vigente
221,7860,Platino,119873,48179.64,2023-09-14,Cancelada
222,3839,Platino,82940,30784.64,2024-02-01,Vigente
223,6793,Oro,46116,24636.72,2022-12-22,Vigente
224,6984,Clasica,13375,7843.89,2023-11-07,Vigente
225,2451,Signature,197025,108074.04,2023-06-07,Vigente
226,1688,Oro,52964,40157.76,2024-03-12,Vigente
227,4111,Clasica,19694,11790.97,2023-03-22,Cancelada
228,3969,Platino,112470,27931.14,2024-11-04,Bloqueada
229,7552,Oro,53830,17839.13,2025-10-24,Bloqueada
230,4554,Oro,43543,31509.06,2024-05-05,Vigente
231,6221,Clasica,12633,1364.9,2025-12-29,Vigente
232,2808,Signature,223737,143687.57,2025-03-19,Vigente
233,6382,Clasica,13759,8516.26,2024-07-05,Vigente
234,1384,Platino,101844,12824.44,2022-10-26,Vigente
235,5682,Clasica,17271,2534.66,2023-09-19,Vigente
236,154,Signature,203392,13825.05,2025-01-08,Bloqueada
237,693,Clasica,19498,12530.89,2025-10-17,Vigente
238,1504,Oro,52388,22759.98,2025-06-22,Vigente
239,3505,Signature,212673,49839.24,2025-04-07,Vigente
240,5201,Signature,204892,173950.87,2024-11-10,Cancelada
241,537,Signature,183254,52757.01,2022-08-19,Cancelada
242,4245,Oro,40853,33280.79,2025-02-23,Vigente
243,7746,Oro,54361,36101.78,2025-04-18,Bloqueada
244,6265,Clasica,15947,5244.29,2026-01-15,Bloqueada
245,3841,Oro,53375,4221.34,2022-10-27,Cancelada
246,6525,Clasica,20715,2210.0,2022-09-20,Bloqueada
247,7570,Signature,199676,95764.64,2023-10-10,Vigente
248,7030,Oro,51021,4271.03,2023-12-16,Bloqueada
249,4152,Oro,32252,19912.08,2024-07-19,Cancelada
250,2185,Clasica,17968,2436.07,2023-06-20,Cancelada
251,856,Signature,207745,108300.12,2026-07-10,Bloqueada
252,4732,Oro,45006,12591.35,2024-04-22,Vigente
253,3996,Clasica,17004,14113.38,2023-12-13,Vigente
254,3581,Platino,76131,16884.78,2024-04-10,Bloqueada
255,3388,Oro,43664,11897.04,2024-09-25,Bloqueada
256,3938,Platino,95229,67196.67,2024-06-23,Vigente
257,1610,Oro,36270,17161.92,2022-11-06,Vigente
258,4895,Platino,91759,63044.83,2026-05-28,Cancelada
259,5596,Signature,194614,110250.08,2022-10-24,Vigente
260,715,Signature,226907,104770.73,2024-01-16,Vigente
261,3921,Platino,113512,81438.08,2024-08-30,Vigente
262,2563,Signature,227140,134701.6,2024-02-24,Vigente
263,5270,Oro,40988,24242.47,2025-02-10,Vigente
264,7901,Clasica,13728,11360.46,2023-07-20,Vigente
265,1570,Clasica,15465,8598.14,2023-12-02,Vigente
266,1758,Oro,34282,26144.64,2024-01-26,Cancelada
267,3379,Oro,33090,27534.0,2025-03-31,Bloqueada
268,5041,Clasica,14438,761.11,2025-10-07,Bloqueada
269,5415,Signature,224325,36056.87,2025-11-03,Vigente
270,7579,Oro,43170,1883.78,2026-08-31,Vigente
271,7308,Platino,81934,10043.47,2024-05-12,Vigente
272,6270,Oro,54782,33108.27,2025-11-03,Vigente
273,4523,Clasica,12050,8772.29,2025-11-09,Bloqueada
274,6378,Clasica,19217,656.29,2025-01-16,Vigente
275,119,Oro,45966,36652.95,2024-08-18,Cancelada
276,1933,Clasica,14913,9827.53,2025-02-19,Bloqueada
277,4052,Platino,75281,45001.7,2025-11-02,Bloqueada
278,2082,Platino,79492,8312.02,2024-11-09,Cancelada
279,3357,Oro,45894,5811.1,2025-06-13,Vigente
280,4674,Platino,76553,4575.05,2022-12-12,Cancelada
281,4184,Clasica,18244,14566.91,2026-07-12,Bloqueada
282,5542,Oro,32037,14450.31,2024-06-19,Bloqueada
283,4500,Signature,229396,168687.77,2024-09-01,Bloqueada
284,312,Signature,212840,12499.71,2023-12-07,Cancelada
285,2139,Oro,36149,7642.2,2026-06-29,Cancelada
286,1141,Platino,83725,1540.39,2025-10-16,Vigente
287,281,Platino,86257,43161.05,2022-07-28,Vigente
288,1176,Signature,248027,5050.52,2024-04-03,Vigente
289,975,Platino,99760,46226.67,2025-09-13,Vigente
290,2414,Clasica,16112,7412.25,2024-05-30,Vigente
291,7925,Clasica,14975,4394.83,2023-06-07,Bloqueada
292,2865,Clasica,16447,12417.97,2024-06-09,Bloqueada
293,774,Platino,125960,102777.51,2025-07-10,Vigente
294,5243,Platino,88139,19349.51,2023-01-22,Vigente
295,7763,Clasica,16835,3634.22,2023-04-28,Vigente
296,748,Oro,55036,32584.88,2023-03-18,Bloqueada
297,2894,Oro,35329,24570.44,2024-06-08,Cancelada
298,3257,Signature,276121,186270.9,2022-12-05,Vigente
299,5347,Clasica,12632,8702.2,2026-01-11,Bloqueada
300,6671,Platino,125536,11213.62,2023-11-03,Vigente
301,183,Oro,49764,39666.98,2025-01-12,Bloqueada
302,1449,Platino,94070,30116.7,2025-07-24,Vigente
303,1559,Clasica,12424,8276.5,2026-05-25,Vigente
304,1714,Platino,87187,43362.16,2023-08-10,Cancelada
305,3484,Clasica,15096,6814.88,2025-01-26,Vigente
306,987,Platino,93266,73322.82,2025-12-18,Vigente
307,6250,Signature,214953,146858.34,2023-11-26,Vigente
308,296,Signature,228328,177474.47,2025-05-28,Vigente
309,7448,Clasica,15986,9939.62,2024-09-20,Vigente
310,3815,Clasica,15927,3811.9,2026-01-24,Bloqueada
311,794,Oro,54853,1153.34,2023-12-24,Bloqueada
312,5308,Signature,275876,192597.47,2024-03-21,Cancelada
313,4140,Clasica,12516,2358.43,2024-05-11,Vigente
314,5817,Clasica,18720,2275.02,2024-08-30,Vigente
315,4551,Signature,239857,26137.47,2026-02-24,Bloqueada
316,3369,Signature,251171,188639.94,2026-06-21,Vigente
317,5646,Signature,268683,82228.02,2026-01-02,Vigente
318,6659,Clasica,14528,8683.51,2023-10-29,Vigente
319,4828,Oro,41470,2802.28,2024-08-14,Cancelada
320,3085,Clasica,20283,4155.07,2022-11-02,Vigente
321,3817,Platino,105071,24398.26,2024-10-02,Cancelada
322,3029,Oro,42046,15084.58,2025-02-15,Cancelada
323,5715,Signature,275706,51496.26,2023-10-16,Vigente
324,6276,Signature,251729,204387.88,2022-12-09,Vigente
325,884,Oro,35404,29903.79,2025-08-16,Vigente
326,2269,Platino,119101,101032.37,2023-11-02,Vigente
327,130,Oro,34282,16673.57,2025-11-20,Cancelada
328,6742,Clasica,12475,1062.94,2024-02-19,Vigente
329,2342,Oro,33813,16705.92,2025-05-07,Bloqueada
330,3301,Platino,84253,14645.65,2024-10-18,Bloqueada
331,4311,Clasica,16129,10496.21,2026-04-20,Vigente
332,7214,Oro,32861,9270.62,2023-12-22,Cancelada
333,7698,Signature,192686,18386.34,2022-12-07,Cancelada
334,4860,Clasica,18527,4698.22,2022-09-12,Vigente
335,4487,Signature,239832,119399.99,2026-08-31,Vigente
336,6058,Signature,177389,126108.17,2025-03-13,Cancelada
337,7305,Oro,46741,14635.54,2023-06-28,Cancelada
338,889,Clasica,18251,6072.27,2025-05-08,Cancelada
339,4367,Oro,33106,3072.19,2024-09-28,Vigente
340,1990,Clasica,12398,7312.2,2025-11-06,Vigente
341,7802,Clasica,14583,8620.05,2024-02-13,Vigente
342,3347,Clasica,12635,786.78,2023-04-01,Cancelada
343,6915,Clasica,12569,9183.48,2022-12-27,Vigente
344,924,Oro,36266,15216.49,2024-09-16,Vigente
345,6112,Oro,45081,9864.19,2026-07-03,Vigente
346,3178,Oro,46017,18046.11,2026-04-24,Bloqueada
347,6894,Clasica,13826,9148.2,2022-09-09,Cancelada
348,5667,Clasica,13781,4465.19,2023-10-24,Vigente
349,7376,Platino,123841,84785.78,2022-09-05,Vigente
350,6880,Clasica,14484,178.11,2025-02-04,Vigente
351,902,Signature,210291,23437.46,2025-04-07,Cancelada
352,2062,Oro,45389,17428.81,2025-10-09,Vigente
353,2369,Signature,163341,15136.66,2025-11-04,Bloqueada
354,5551,Oro,37067,29999.96,2022-12-11,Vigente
355,4011,Signature,202017,115673.19,2024-10-31,Vigente
356,7668,Oro,35407,7852.34,2023-08-24,Vigente
357,7260,Platino,124411,85580.61,2026-04-24,Vigente
358,4169,Signature,200844,104099.6,2022-11-20,Vigente
359,5901,Signature,165029,8674.08,2023-02-13,Vigente
360,2510,Signature,240740,200185.16,2025-08-27,Vigente
361,7380,Oro,34348,22083.1,2023-08-20,Bloqueada
362,1634,Platino,93412,45841.97,2025-04-20,Vigente
363,668,Clasica,12715,2127.59,2023-10-04,Bloqueada
364,4943,Signature,182897,88619.09,2026-01-05,Vigente
365,6177,Clasica,19440,15050.19,2024-06-27,Vigente
366,2943,Signature,266117,141356.86,2023-05-11,Vigente
367,3717,Clasica,16997,4406.89,2024-10-06,Vigente
368,1917,Oro,33888,14389.83,2022-09-01,Vigente
369,2145,Signature,255274,161884.28,2022-11-09,Vigente
370,4370,Oro,33066,8776.76,2023-07-25,Vigente
371,6530,Signature,239969,162689.21,2025-01-27,Vigente
372,4342,Clasica,15800,1982.45,2024-02-16,Vigente
373,5586,Platino,97394,41582.54,2023-12-23,Vigente
374,3357,Signature,256562,148265.24,2023-05-14,Cancelada
375,6711,Platino,107048,49361.43,2024-08-08,Cancelada
376,4779,Oro,36391,18470.47,2025-05-26,Vigente
377,5125,Signature,181190,45408.64,2022-09-08,Vigente
378,3684,Signature,267170,28372.16,2023-08-31,Vigente
379,4989,Clasica,17707,8840.25,2026-03-22,Bloqueada
380,3563,Oro,39445,5390.97,2026-04-12,Vigente
381,346,Signature,263541,173252.41,2023-05-26,Vigente
382,7743,Platino,102056,7636.22,2024-03-30,Vigente
383,4096,Oro,35436,16446.79,2023-11-14,Vigente
384,1364,Platino,121417,45633.98,2026-03-12,Cancelada
385,2607,Signature,191756,152422.98,2022-08-31,Cancelada
386,2980,Signature,232942,31913.66,2024-01-24,Bloqueada
387,7303,Oro,39339,30485.34,2023-05-06,Cancelada
388,5949,Signature,250057,83220.44,2026-03-01,Vigente
389,2424,Signature,216316,7763.71,2025-12-31,Cancelada
390,1304,Signature,238709,4590.0,2023-06-12,Vigente
391,7422,Platino,79414,14782.6,2023-02-26,Vigente
392,6164,Clasica,14162,7428.75,2023-12-21,Cancelada
393,4979,Platino,89877,65503.64,2022-12-23,Cancelada
394,2994,Platino,109916,24724.44,2025-03-03,Vigente
395,6123,Oro,37591,19022.9,2023-06-06,Vigente
396,4139,Platino,99693,26639.09,2022-11-07,Vigente
397,3511,Clasica,13403,8962.62,2025-12-04,Bloqueada
398,4482,Signature,194017,52717.22,2025-05-20,Vigente
399,2355,Clasica,12342,10252.22,2023-09-12,Vigente
400,6372,Clasica,19061,1792.5,2024-03-17,Bloqueada
401,3583,Signature,227587,48066.12,2025-03-03,Cancelada
402,5055,Clasica,12257,7776.05,2026-01-27,Vigente
403,4867,Platino,95783,69976.44,2025-03-22,Cancelada
404,3441,Signature,217240,24479.52,2023-01-17,Bloqueada
405,1010,Clasica,19683,14649.34,2023-11-02,Bloqueada
406,4460,Signature,192394,61560.7,2024-08-19,Cancelada
407,1700,Clasica,17787,5944.37,2022-10-01,Vigente
408,3087,Platino,74911,32560.5,2023-04-11,Bloqueada
409,7262,Oro,44063,743.81,2025-09-29,Bloqueada
410,2656,Platino,101791,28186.1,2025-11-28,Vigente
411,3568,Oro,49612,19488.57,2023-01-13,Vigente
412,0,Clasica,14647,4652.35,2024-05-15,Bloqueada
413,224,Clasica,16753,3355.01,2026-04-23,Vigente
414,5540,Platino,108262,40940.96,2025-04-13,Cancelada
415,397,Signature,232459,52825.64,2023-12-17,Vigente
416,5280,Signature,243059,14831.94,2025-12-17,Vigente
417,851,Signature,276177,76260.51,2023-03-14,Bloqueada
418,5035,Clasica,19919,13393.95,2022-10-13,Vigente
419,908,Platino,81963,38489.29,2026-03-16,Cancelada
420,7154,Signature,276924,139939.7,2025-11-22,Vigente
421,5084,Oro,46892,33445.12,2026-03-02,Cancelada
422,6933,Clasica,18801,4201.28,2023-06-03,Vigente
423,233,Signature,227770,154421.47,2024-09-13,Vigente
424,6862,Platino,83710,54594.45,2025-02-06,Vigente
425,492,Platino,102276,66298.63,2024-12-01,Cancelada
426,3358,Platino,75235,1789.13,2026-04-13,Vigente
427,175,Clasica,18570,11013.54,2026-04-11,Vigente
428,162,Oro,42904,7371.77,2024-07-21,Vigente
429,1800,Signature,183021,70708.06,2023-08-22,Cancelada
430,5356,Oro,40422,5370.39,2025-06-25,Bloqueada
431,631,Clasica,20384,15220.97,2023-04-17,Vigente
432,1065,Oro,45180,31564.94,2025-02-26,Bloqueada
433,3773,Oro,47265,21565.76,2023-03-09,Bloqueada
434,4004,Signature,209197,57586.91,2026-07-25,Cancelada
435,2147,Signature,279188,179265.85,2024-07-29,Cancelada
436,6816,Oro,55060,41098.74,2024-02-17,Vigente
437,4521,Platino,95163,14594.51,2024-01-29,Vigente
438,6433,Oro,38163,21028.79,2022-08-31,Vigente
439,5558,Clasica,16166,4245.15,2024-10-22,Cancelada
440,5756,Oro,46306,28935.73,2025-12-25,Bloqueada
441,3794,Clasica,19349,14447.58,2023-06-15,Bloqueada
442,252,Signature,270480,229647.98,2022-11-08,Vigente
443,610,Clasica,12676,2692.87,2024-12-30,Bloqueada
444,6280,Clasica,16596,12628.09,2023-10-02,Vigente
445,3782,Platino,112808,5276.15,2026-03-21,Vigente
446,2141,Clasica,17892,10614.96,2025-08-20,Vigente
447,6744,Signature,252962,28843.44,2025-01-03,Vigente
448,514,Signature,269246,155690.84,2025-04-24,Cancelada
449,2898,Clasica,17114,9983.07,2023-06-12,Vigente
450,7486,Signature,223041,13433.16,2025-04-09,Vigente
451,7023,Signature,180715,1681.82,2026-09-03,Vigente
452,5221,Platino,112429,87803.24,2024-01-14,Vigente
453,3662,Signature,196996,74563.72,2026-01-06,Vigente
454,6312,Oro,54834,44959.61,2023-11-11,Vigente
455,2840,Signature,227643,103770.7,2026-05-19,Vigente
456,3707,Signature,184098,134838.5,2022-10-22,Cancelada
457,5778,Platino,124970,25158.69,2022-09-28,Vigente
458,1360,Clasica,12084,8559.81,2023-11-03,Vigente
459,6864,Oro,47823,23598.27,2025-10-26,Cancelada
460,2775,Oro,48671,2814.21,2025-06-17,Vigente
461,7382,Platino,98724,36216.28,2023-03-08,Vigente
462,6500,Platino,113720,90503.53,2024-07-13,Cancelada
463,1155,Clasica,20716,13321.88,2023-08-08,Vigente
464,5453,Oro,50542,13926.21,2022-08-26,Vigente
465,5266,Oro,39635,23141.29,2024-10-09,Bloqueada
466,5538,Oro,40845,31556.68,2025-01-02,Bloqueada
467,1047,Oro,49166,15598.21,2025-07-24,Vigente
468,3886,Clasica,19368,124.78,2024-06-04,Vigente
469,6713,Signature,255478,45449.17,2026-07-23,Vigente
470,6819,Signature,173904,109406.57,2023-04-28,Cancelada
471,7175,Clasica,15460,6865.63,2023-07-09,Vigente
472,4510,Clasica,13522,675.04,2023-05-10,Vigente
473,2329,Platino,111868,37477.02,2026-08-30,Bloqueada
474,7978,Platino,107687,48247.13,2025-04-24,Vigente
475,1913,Platino,114301,14141.45,2024-02-11,Bloqueada
476,5870,Signature,187534,146836.47,2025-06-14,Vigente
477,2397,Platino,125763,73879.75,2023-06-23,Vigente
478,2265,Signature,249769,88041.0,2025-08-12,Cancelada
479,7548,Oro,50381,12469.9,2022-12-25,Vigente
480,5281,Clasica,15823,9686.27,2025-02-01,Bloqueada
481,425,Signature,218429,40986.23,2024-11-12,Vigente
482,2126,Signature,265923,28259.0,2026-02-16,Cancelada
483,3157,Oro,52967,16878.99,2023-11-27,Vigente
484,2607,Platino,100909,50905.37,2026-08-25,Vigente
485,5018,Platino,103401,4581.82,2023-01-22,Vigente
486,1202,Oro,35377,1865.04,2025-04-27,Vigente
487,3557,Signature,272857,107135.41,2026-01-19,Cancelada
488,3132,Oro,55837,21120.03,2025-07-12,Vigente
489,6293,Signature,243570,201608.19,2026-04-23,Vigente
490,6309,Clasica,16763,4596.71,2025-07-24,Vigente
491,540,Oro,41333,31497.88,2023-06-10,Vigente
492,521,Signature,177158,90775.94,2023-03-05,Vigente
493,3351,Clasica,13103,669.66,2024-04-09,Vigente
494,6401,Signature,245603,29293.09,2026-07-25,Vigente
495,7011,Oro,44991,35980.51,2024-10-10,Vigente
496,732,Clasica,14935,7426.71,2024-12-30,Vigente
497,6744,Signature,187374,48369.96,2022-09-12,Vigente
498,2975,Oro,35447,27722.85,2024-05-06,Bloqueada
499,5819,Clasica,18727,13741.62,2025-09-09,Vigente
500,4312,Signature,169633,99906.08,2025-12-30,Vigente
501,738,Oro,42285,30167.43,2026-07-13,Cancelada
502,4581,Signature,244363,154390.38,2023-02-26,Bloqueada
503,5725,Clasica,17511,8542.54,2024-06-13,Vigente
504,6188,Signature,278907,70869.83,2026-08-09,Vigente
505,2904,Clasica,16316,789.43,2025-09-28,Vigente
506,5169,Signature,184336,27702.57,2026-05-28,Vigente
507,3097,Platino,116665,9669.28,2022-10-20,Vigente
508,2492,Platino,76295,21262.64,2023-09-29,Vigente
509,5000,Clasica,17872,3647.91,2023-05-15,Vigente
510,3090,Clasica,12406,8398.96,2024-01-03,Cancelada
511,4816,Signature,230726,189115.49,2025-03-14,Vigente
512,2939,Oro,55264,44624.84,2023-08-15,Cancelada
513,173,Signature,237213,119022.17,2025-05-29,Vigente
514,2700,Oro,55242,46506.64,2023-08-14,Vigente
515,5553,Oro,46026,7563.32,2025-09-14,Vigente
516,7798,Platino,118682,73838.71,2025-03-11,Bloqueada
517,2322,Clasica,15370,11313.11,2023-10-10,Cancelada
518,6933,Clasica,15070,910.65,2026-04-20,Vigente
519,2808,Oro,36864,9879.67,2023-06-30,Cancelada
520,7421,Clasica,18611,3378.36,2025-03-31,Vigente
521,863,Signature,268119,28224.69,2023-12-24,Vigente
522,7882,Clasica,13860,9788.33,2024-09-29,Bloqueada
523,7610,Clasica,13624,10946.41,2023-08-19,Vigente
524,1214,Platino,111962,77428.84,2026-05-12,Vigente
525,1728,Clasica,17152,10655.21,2024-08-03,Vigente
526,373,Clasica,13970,7749.07,2026-06-01,Vigente
527,5158,Platino,76453,36538.49,2022-08-07,Vigente
528,6867,Signature,179407,125460.89,2024-07-30,Vigente
529,5858,Oro,54077,29226.44,2024-06-07,Vigente
530,7975,Clasica,14860,10200.74,2022-12-13,Vigente
531,7540,Signature,189777,81540.64,2024-05-15,Vigente
532,3615,Platino,125514,70305.75,2023-04-22,Vigente
533,3959,Clasica,15671,685.68,2025-07-11,Vigente
534,5248,Oro,54274,43135.13,2024-07-01,Cancelada
535,2186,Platino,86677,50877.48,2022-10-15,Vigente
536,7045,Platino,97477,47792.07,2023-05-11,Cancelada
537,6626,Oro,35478,4612.44,2022-12-29,Vigente
538,2409,Platino,73997,24332.89,2024-04-22,Bloqueada
539,1521,Signature,258981,148178.62,2023-07-30,Vigente
540,4075,Platino,91283,32322.67,2024-07-08,Cancelada
541,6679,Oro,50725,23229.97,2025-08-21,Vigente
542,3637,Oro,37800,26245.68,2023-03-19,Bloqueada
543,1742,Clasica,15749,4612.81,2024-11-05,Vigente
544,2874,Clasica,20293,14356.12,2024-03-28,Vigente
545,2447,Clasica,18334,6606.29,2025-02-21,Bloqueada
546,5549,Signature,167038,113707.84,2023-10-01,Vigente
547,930,Clasica,12389,2704.65,2026-08-13,Vigente
548,2715,Platino,116618,83153.2,2024-04-03,Vigente
549,6832,Signature,222522,32839.79,2023-01-10,Vigente
550,4764,Signature,203467,52039.0,2025-10-17,Vigente
551,6494,Platino,100840,24662.11,2023-12-22,Bloqueada
552,4265,Oro,50297,21194.26,2025-05-07,Bloqueada
553,1039,Oro,44558,24670.65,2023-05-29,Vigente
554,7290,Platino,106307,52494.78,2024-09-19,Cancelada
555,1766,Clasica,19077,5759.4,2024-02-23,Cancelada
556,3390,Clasica,16216,11158.0,2025-08-23,Vigente
557,5456,Signature,227995,10404.06,2025-04-15,Bloqueada
558,6574,Clasica,20771,3647.59,2023-04-29,Cancelada
559,1818,Oro,53310,4043.38,2023-07-11,Bloqueada
560,2309,Signature,218419,174818.01,2023-10-26,Vigente
561,5959,Signature,202742,3489.37,2026-01-29,Cancelada
562,2653,Signature,165830,73398.58,2025-05-12,Cancelada
563,1664,Oro,53668,3820.23,2024-11-05,Cancelada
564,7334,Platino,110140,43971.64,2024-07-24,Vigente
565,2974,Oro,55192,13622.66,2026-08-07,Bloqueada
566,6998,Clasica,15776,2319.61,2025-12-30,Vigente
567,4074,Oro,33910,2647.99,2024-05-09,Cancelada
568,4397,Oro,38147,2418.16,2024-08-10,Cancelada
569,7635,Oro,47522,31964.15,2023-01-16,Bloqueada
570,4205,Signature,230792,145184.24,2024-05-16,Vigente
571,1679,Oro,37254,18878.76,2024-11-24,Vigente
572,5539,Platino,100728,45264.43,2024-01-22,Bloqueada
573,7721,Oro,38722,27575.46,2025-07-02,Vigente
574,6337,Oro,48617,7647.18,2025-08-03,Bloqueada
575,991,Oro,54161,31675.3,2023-04-24,Vigente
576,1521,Oro,35073,13213.37,2026-04-02,Vigente
577,7497,Clasica,15191,9854.06,2023-04-06,Vigente
578,3616,Platino,103947,61975.57,2026-08-04,Bloqueada
579,7338,Oro,48818,22428.77,2022-12-18,Vigente
580,1948,Oro,36672,17564.35,2023-01-20,Cancelada
581,4045,Oro,35062,13463.61,2023-07-25,Cancelada
582,299,Platino,99054,1310.6,2026-01-22,Cancelada
583,4775,Signature,253922,104958.04,2023-10-25,Vigente
584,552,Oro,49040,23814.9,2023-09-25,Cancelada
585,4578,Signature,242458,169542.46,2024-05-07,Vigente
586,1557,Signature,240779,130630.66,2026-07-17,Bloqueada
587,4152,Signature,219269,7741.6,2023-03-08,Vigente
588,4793,Platino,100811,15676.01,2026-08-10,Bloqueada
589,1876,Platino,99624,82601.53,2025-09-04,Vigente
590,1513,Clasica,20146,15057.56,2025-07-10,Vigente
591,6321,Clasica,17486,2227.91,2022-09-14,Vigente
592,6998,Signature,217816,171476.7,2024-12-26,Cancelada
593,1156,Platino,117342,64273.55,2023-08-28,Vigente
594,5892,Oro,41167,30250.48,2023-04-08,Vigente
595,6595,Signature,261097,166899.8,2023-01-01,Vigente
596,59,Oro,38884,4217.63,2022-08-03,Bloqueada
597,1767,Clasica,19182,7382.15,2022-09-02,Cancelada
598,2274,Signature,262095,150643.72,2023-12-19,Vigente
599,3690,Clasica,20193,15771.2,2023-12-18,Bloqueada
600,6614,Platino,118792,79006.71,2023-05-31,Vigente
601,1783,Signature,197982,115629.52,2025-04-17,Bloqueada
602,1406,Oro,54552,7002.72,2024-09-06,Vigente
603,5436,Signature,255613,137625.91,2026-06-24,Vigente
604,2152,Clasica,13655,7566.8,2025-09-22,Bloqueada
605,6253,Signature,170089,105405.92,2025-11-21,Vigente
606,4299,Signature,167148,1459.93,2023-11-07,Vigente
607,1846,Signature,228682,185615.3,2025-03-09,Vigente
608,1402,Oro,46082,39112.19,2023-07-21,Vigente
609,5264,Platino,100633,68537.92,2025-06-11,Bloqueada
610,316,Platino,78543,25602.93,2026-04-05,Vigente
611,437,Oro,51424,5297.47,2025-11-25,Vigente
612,2193,Signature,265759,22271.95,2023-03-23,Cancelada
613,1361,Clasica,13228,1267.07,2023-12-02,Cancelada
614,493,Platino,103164,2236.91,2025-09-01,Vigente
615,6028,Platino,110946,11417.69,2024-05-03,Bloqueada
616,2517,Clasica,18451,13913.05,2024-08-04,Vigente
617,2535,Signature,219389,32086.73,2026-04-07,Vigente
618,3140,Signature,234113,18526.17,2023-11-03,Vigente
619,1789,Signature,229688,27713.85,2026-04-19,Vigente
620,7999,Oro,47397,31845.14,2023-05-03,Cancelada
621,2346,Platino,76795,42622.35,2025-08-29,Vigente
622,5181,Clasica,17873,10447.29,2026-03-04,Cancelada
623,4298,Oro,46553,3430.38,2025-01-02,Vigente
624,5978,Clasica,19335,13778.77,2026-04-03,Vigente
625,911,Signature,185081,68435.04,2024-11-04,Vigente
626,7394,Platino,77923,62197.24,2022-09-21,Bloqueada
627,1097,Signature,227180,5286.79,2025-08-06,Vigente
628,237,Signature,237718,5179.2,2024-06-05,Bloqueada
629,6133,Platino,82285,10147.73,2023-11-04,Vigente
630,2986,Clasica,16101,8732.78,2023-10-15,Vigente
631,2806,Signature,197849,115645.31,2024-10-07,Bloqueada
632,7568,Signature,211077,12870.84,2022-08-25,Vigente
633,2485,Signature,266835,61478.31,2026-08-06,Vigente
634,1044,Oro,45837,31084.42,2025-08-27,Bloqueada
635,3636,Oro,47123,1742.72,2023-12-07,Vigente
636,4076,Platino,118798,97354.12,2023-03-24,Cancelada
637,6603,Platino,122864,74320.09,2022-10-05,Vigente
638,2757,Platino,101328,3884.48,2026-08-14,Vigente
639,6285,Clasica,19776,8738.86,2025-08-16,Bloqueada
640,5987,Clasica,19170,2118.28,2025-04-08,Vigente
641,142,Platino,105637,1180.38,2025-04-23,Bloqueada
642,3510,Platino,82035,4531.17,2022-12-23,Cancelada
643,2408,Oro,49816,32851.62,2023-11-23,Cancelada
644,3201,Clasica,13115,5721.34,2025-05-21,Vigente
645,1802,Oro,55960,25896.41,2023-04-25,Vigente
646,3629,Platino,94545,40975.82,2025-11-12,Vigente
647,6149,Signature,181156,7691.43,2025-04-10,Vigente
648,2704,Platino,93605,41659.44,2022-08-22,Vigente
649,2865,Clasica,16834,5100.52,2024-02-22,Vigente
650,2056,Platino,97424,20180.53,2024-03-09,Vigente
651,2373,Clasica,20896,12570.22,2023-12-06,Bloqueada
652,5597,Signature,244550,152158.4,2023-05-31,Bloqueada
653,2561,Clasica,15348,3527.27,2024-03-14,Vigente
654,783,Platino,75907,29210.32,2023-10-24,Cancelada
655,7229,Signature,230040,177793.87,2025-12-02,Vigente
656,2680,Clasica,17721,7545.53,2024-10-15,Cancelada
657,7256,Clasica,20553,15550.77,2023-04-14,Vigente
658,4921,Clasica,19669,5362.87,2024-01-07,Vigente
659,7779,Signature,264423,119450.73,2023-11-28,Bloqueada
660,4370,Clasica,15908,11248.34,2024-08-05,Cancelada
661,2691,Clasica,18490,13147.69,2023-07-23,Vigente
662,7279,Clasica,13082,6572.53,2023-01-29,Vigente
663,668,Clasica,12948,10768.34,2025-02-16,Cancelada
664,7127,Signature,206823,74888.14,2025-10-05,Vigente
665,6500,Platino,116305,20019.94,2024-04-15,Cancelada
666,2362,Clasica,15568,6066.59,2022-12-30,Vigente
667,3226,Signature,199542,48460.25,2026-04-19,Cancelada
668,7980,Signature,269097,77816.06,2022-10-02,Vigente
669,6672,Platino,110983,36139.47,2026-01-24,Bloqueada
670,811,Signature,191446,63957.16,2023-05-11,Cancelada
671,5499,Signature,203674,130059.12,2022-12-21,Vigente
672,3062,Clasica,13914,4024.8,2025-01-23,Vigente
673,6588,Clasica,15802,6172.96,2025-01-26,Vigente
674,7132,Signature,182041,99430.66,2022-11-10,Vigente
675,7339,Oro,42154,18031.68,2025-05-18,Vigente
676,7993,Clasica,16741,8516.44,2025-07-04,Vigente
677,1726,Oro,43994,26156.85,2024-12-20,Cancelada
678,7589,Clasica,20600,16513.78,2024-09-17,Bloqueada
679,5972,Clasica,13932,3964.6,2025-10-31,Cancelada
680,798,Signature,253589,144951.2,2023-05-12,Bloqueada
681,7092,Signature,233316,124481.23,2024-01-21,Bloqueada
682,2493,Oro,44270,11345.9,2023-06-09,Vigente
683,7656,Clasica,16707,12152.85,2022-12-21,Vigente
684,6815,Signature,163078,121492.84,2025-11-03,Vigente
685,3448,Oro,44897,6815.41,2024-08-16,Cancelada
686,3654,Signature,177007,61702.28,2023-08-09,Vigente
687,7999,Oro,42969,2040.69,2022-12-04,Bloqueada
688,1270,Clasica,16397,9485.88,2023-07-25,Cancelada
689,5699,Platino,94330,33045.05,2022-10-21,Vigente
690,6414,Oro,40463,34043.61,2024-09-29,Vigente
691,1262,Oro,53550,5007.98,2023-09-29,Bloqueada
692,6888,Clasica,13762,6809.66,2025-08-17,Cancelada
693,5513,Platino,81412,41150.46,2026-04-25,Vigente
694,3381,Platino,121053,30997.46,2024-07-08,Vigente
695,2721,Platino,120861,66293.64,2024-07-26,Vigente
696,5102,Platino,82997,1193.29,2022-08-03,Vigente
697,3150,Clasica,13043,4631.18,2024-09-09,Vigente
698,6679,Signature,237685,8137.59,2023-06-20,Vigente
699,3083,Platino,101327,34220.04,2025-01-08,Vigente
700,4838,Signature,225702,79941.22,2024-04-28,Vigente
701,4340,Signature,161614,125037.09,2024-11-11,Vigente
702,5247,Oro,45327,1088.91,2025-08-12,Cancelada
703,3109,Signature,171720,57803.07,2024-01-24,Cancelada
704,3178,Clasica,19197,5350.14,2024-07-06,Vigente
705,6471,Signature,170578,113378.4,2022-11-03,Vigente
706,4495,Platino,73072,378.27,2023-03-16,Vigente
707,4661,Oro,52865,31864.03,2024-09-06,Vigente
708,6796,Signature,253843,36521.07,2023-07-17,Vigente
709,4307,Oro,51844,26368.71,2026-02-02,Vigente
710,6050,Clasica,18025,12696.42,2023-11-09,Vigente
711,7030,Signature,268657,141037.14,2025-04-09,Bloqueada
712,497,Signature,184269,19549.78,2023-08-11,Vigente
713,5601,Oro,50393,33977.96,2024-11-05,Vigente
714,5120,Signature,204132,73673.34,2024-11-21,Vigente
715,670,Clasica,16652,2765.76,2024-11-16,Vigente
716,3685,Clasica,12803,2141.53,2022-11-15,Cancelada
717,4407,Platino,91012,19331.52,2024-04-30,Bloqueada
718,5061,Oro,49559,2525.67,2026-03-16,Bloqueada
719,1634,Signature,189090,159946.81,2024-11-30,Bloqueada
720,1473,Clasica,14896,10800.25,2025-08-07,Vigente
721,6195,Oro,42724,6283.45,2023-01-08,Vigente
722,550,Oro,35091,19087.52,2024-12-05,Vigente
723,6132,Clasica,17502,11722.63,2023-12-13,Vigente
724,3211,Clasica,14271,9684.37,2025-04-30,Bloqueada
725,400,Signature,241079,81618.46,2024-04-10,Vigente
726,5388,Clasica,18891,6192.26,2024-06-02,Vigente
727,7281,Oro,37468,31335.24,2024-04-07,Vigente
728,3942,Oro,47726,2880.63,2023-10-18,Vigente
729,5144,Signature,265442,96049.01,2025-08-31,Vigente
730,6002,Platino,76380,43668.3,2023-03-17,Bloqueada
731,172,Clasica,13618,10307.25,2024-08-19,Vigente
732,7882,Oro,37491,17287.62,2024-12-26,Cancelada
733,5796,Clasica,12258,2832.27,2026-02-24,Vigente
734,5843,Platino,104950,66533.28,2025-07-19,Vigente
735,7781,Signature,199611,16915.82,2026-05-11,Vigente
736,4677,Platino,111670,6925.25,2026-05-29,Vigente
737,4403,Clasica,15397,6911.43,2025-09-18,Cancelada
738,3093,Platino,124694,99274.33,2022-09-08,Vigente
739,4925,Platino,100672,4659.98,2026-07-26,Vigente
740,4040,Oro,37761,14539.14,2024-08-23,Cancelada
741,4060,Signature,192250,55831.91,2024-07-08,Cancelada
742,2259,Oro,42823,32748.61,2023-07-27,Bloqueada
743,2937,Oro,45392,19749.77,2022-10-09,Bloqueada
744,2132,Clasica,12423,9053.72,2026-06-28,Bloqueada
745,6408,Platino,96583,53250.2,2025-08-04,Vigente
746,959,Platino,72356,46785.39,2024-12-04,Vigente
747,3749,Platino,113663,76387.21,2022-10-25,Cancelada
748,4719,Clasica,18328,13565.21,2023-07-12,Vigente
749,71,Signature,210841,5167.99,2023-07-26,Vigente
750,1917,Oro,46160,38464.85,2023-08-05,Vigente
751,7019,Platino,118198,58752.12,2022-11-15,Bloqueada
752,6111,Platino,83675,45899.71,2026-08-22,Bloqueada
753,1850,Clasica,20081,7573.74,2022-12-01,Vigente
754,4022,Signature,206470,45222.83,2023-04-30,Cancelada
755,7864,Oro,47966,2520.54,2024-02-01,Cancelada
756,1049,Oro,40353,5883.17,2024-07-23,Cancelada
757,53,Platino,87498,33329.33,2025-05-02,Vigente
758,782,Platino,102947,62320.62,2025-04-02,Cancelada
759,6460,Oro,44493,27584.58,2023-05-18,Vigente
760,3073,Signature,261473,162958.67,2026-06-02,Vigente
761,3620,Oro,45240,12005.35,2022-10-24,Bloqueada
762,3290,Clasica,14942,11172.9,2024-12-25,Vigente
763,7391,Oro,37235,5704.41,2023-07-10,Cancelada
764,3943,Platino,106458,66662.55,2025-04-16,Vigente
765,3128,Oro,41205,31574.97,2024-12-03,Bloqueada
766,771,Clasica,13307,7220.67,2023-09-24,Vigente
767,7038,Platino,76430,31345.43,2024-04-20,Vigente
768,5514,Signature,267874,23063.48,2023-11-21,Vigente
769,5524,Platino,99686,40744.48,2024-12-14,Vigente
770,4265,Signature,264737,142068.93,2024-07-29,Cancelada
771,4737,Oro,32663,312.63,2025-12-31,Vigente
772,3565,Platino,73097,61719.58,2026-01-18,Vigente
773,1520,Signature,175468,135695.81,2024-08-30,Vigente
774,782,Platino,110516,40019.13,2025-04-06,Vigente
775,6771,Platino,117330,44502.46,2026-05-30,Vigente
776,7935,Clasica,18028,6766.35,2023-04-01,Vigente
777,7769,Clasica,14843,6606.16,2024-03-27,Vigente
778,4091,Platino,120743,40480.92,2023-06-20,Vigente
779,1317,Platino,75537,14800.28,2023-09-27,Bloqueada
780,293,Signature,242112,26877.52,2024-01-16,Cancelada
781,1797,Platino,119893,67432.47,2022-12-27,Vigente
782,5119,Platino,87233,27783.5,2025-06-02,Cancelada
783,2520,Signature,221089,175137.42,2025-06-25,Cancelada
784,5028,Oro,50272,39466.19,2025-12-09,Vigente
785,3467,Signature,240368,64528.58,2023-08-05,Vigente
786,7755,Platino,76114,64645.0,2025-10-20,Vigente
787,697,Clasica,14760,10811.85,2023-05-29,Bloqueada
788,6423,Clasica,13833,11330.96,2023-12-20,Cancelada
789,2393,Platino,104438,25437.69,2024-05-01,Vigente
790,2373,Signature,162868,110230.11,2025-09-18,Bloqueada
791,744,Clasica,20591,8340.04,2023-12-06,Vigente
792,5692,Signature,244568,171916.8,2026-01-02,Cancelada
793,6317,Clasica,13510,3595.83,2023-11-26,Vigente
794,381,Clasica,13082,1755.03,2025-07-02,Cancelada
795,525,Oro,53703,30319.84,2026-02-26,Vigente
796,1751,Oro,38058,13419.95,2026-01-17,Bloqueada
797,304,Clasica,20921,7444.88,2025-03-27,Vigente
798,5098,Oro,47426,31546.42,2026-06-15,Vigente
799,536,Signature,212782,9238.11,2022-12-15,Cancelada
800,7034,Signature,276598,113693.52,2022-09-08,Vigente
801,5811,Platino,100539,84034.33,2023-06-29,Vigente
802,744,Oro,36941,3228.67,2024-01-07,Vigente
803,4450,Platino,119277,86554.75,2023-10-25,Vigente
804,5755,Clasica,12563,8990.64,2024-06-06,Vigente
805,6374,Oro,39897,25817.66,2025-03-13,Vigente
806,3434,Clasica,17675,3543.34,2025-10-30,Vigente
807,541,Clasica,17831,5517.7,2026-05-08,Cancelada
808,6092,Signature,265332,2158.05,2026-06-22,Vigente
809,559,Signature,244827,118884.52,2025-06-23,Vigente
810,2713,Oro,42400,21325.5,2023-05-08,Vigente
811,4335,Oro,32099,11376.42,2022-10-28,Vigente
812,1642,Signature,210763,14742.19,2026-02-03,Cancelada
813,3766,Platino,81360,66723.13,2025-11-16,Cancelada
814,885,Oro,53632,39549.53,2025-07-18,Vigente
815,5483,Clasica,13311,8458.45,2023-01-18,Cancelada
816,7985,Platino,125020,13688.57,2025-01-30,Vigente
817,7883,Clasica,13206,11133.0,2025-09-20,Vigente
818,6553,Clasica,18438,6850.99,2026-07-19,Bloqueada
819,7956,Platino,125979,11733.03,2024-05-30,Vigente
820,4345,Platino,109130,17818.65,2024-04-02,Vigente
821,5388,Oro,44110,9359.38,2022-12-11,Bloqueada
822,6893,Oro,54044,24322.24,2026-02-03,Vigente
823,4165,Platino,78727,35719.52,2023-09-14,Vigente
824,1581,Clasica,16424,1816.62,2024-07-17,Bloqueada
825,5596,Clasica,13648,5306.55,2025-06-01,Bloqueada
826,2979,Signature,216673,58731.94,2023-05-14,Vigente
827,3890,Signature,242703,72592.98,2025-12-03,Cancelada
828,6672,Signature,210522,7258.66,2024-09-18,Bloqueada
829,4670,Clasica,17769,14334.61,2025-07-14,Vigente
830,3775,Platino,118708,55596.68,2024-07-24,Vigente
831,5507,Signature,248757,193517.34,2026-09-03,Cancelada
832,2430,Signature,250103,105891.22,2025-07-08,Vigente
833,3637,Oro,43185,6100.01,2025-01-17,Cancelada
834,3608,Platino,90645,19701.59,2025-07-20,Cancelada
835,7339,Platino,78502,25200.6,2024-03-30,Cancelada
836,7173,Oro,53303,18863.31,2026-01-03,Cancelada
837,1150,Clasica,12868,3783.63,2023-05-13,Vigente
838,408,Signature,249336,127480.06,2022-12-07,Vigente
839,7963,Platino,84748,50878.85,2024-09-25,Cancelada
840,1642,Platino,73897,54131.0,2025-07-26,Vigente
841,1042,Signature,226808,161291.0,2022-12-16,Vigente
842,50,Clasica,15579,9536.35,2024-04-29,Vigente
843,184,Clasica,16912,9591.35,2023-06-26,Bloqueada
844,6378,Signature,199311,167489.51,2025-04-29,Vigente
845,3273,Platino,104673,5400.4,2022-11-02,Vigente
846,7822,Signature,179343,135826.84,2026-05-13,Bloqueada
847,4793,Clasica,20897,8622.93,2026-03-30,Cancelada
848,1194,Platino,85210,64199.73,2024-10-12,Cancelada
849,4462,Oro,45392,12017.61,2024-04-20,Vigente
850,5754,Clasica,19052,5871.04,2023-02-24,Vigente
851,2391,Signature,167690,106257.03,2023-11-04,Vigente
852,3085,Clasica,16811,11286.8,2024-10-11,Vigente
853,840,Platino,85616,59409.87,2024-06-03,Vigente
854,7102,Clasica,16970,14303.03,2024-08-28,Vigente
855,7989,Signature,230512,107144.09,2023-04-18,Bloqueada
856,3513,Platino,74807,44106.02,2025-04-01,Vigente
857,753,Platino,116637,31392.5,2024-05-25,Vigente
858,296,Signature,260281,187379.6,2025-11-01,Vigente
859,1423,Clasica,14631,5223.85,2024-11-30,Vigente
860,6241,Signature,188848,95061.35,2025-06-03,Vigente
861,4025,Signature,181789,103083.19,2022-11-18,Vigente
862,5497,Clasica,18758,2816.42,2025-05-23,Vigente
863,7024,Platino,80298,38165.28,2025-09-22,Vigente
864,5947,Platino,80704,21637.02,2023-06-17,Vigente
865,4652,Signature,215529,118226.31,2025-12-01,Vigente
866,3323,Clasica,14107,1283.93,2025-10-05,Vigente
867,1107,Clasica,19578,809.2,2026-05-24,Vigente
868,7342,Platino,119983,24928.54,2026-08-10,Vigente
869,4491,Platino,116539,6061.11,2023-04-15,Bloqueada
870,5004,Clasica,13226,8390.9,2023-07-25,Bloqueada
871,7598,Oro,54661,4420.28,2026-05-10,Vigente
872,7263,Platino,89960,3601.78,2025-03-30,Vigente
873,534,Platino,103138,55110.82,2024-10-11,Vigente
874,5022,Clasica,19231,1361.84,2023-10-29,Cancelada
875,185,Signature,265317,157894.2,2026-03-27,Cancelada
876,6713,Platino,90553,8738.57,2025-12-28,Vigente
877,479,Signature,271943,120498.32,2025-01-19,Cancelada
878,3880,Clasica,12495,5923.36,2024-11-14,Vigente
879,3942,Oro,54906,41700.06,2026-03-26,Vigente
880,978,Oro,34660,11237.54,2024-06-18,Bloqueada
881,6014,Clasica,16453,898.03,2024-05-07,Vigente
882,5782,Signature,195502,56385.57,2024-03-23,Cancelada
883,7684,Oro,53021,33577.55,2025-06-09,Cancelada
884,447,Platino,105354,16405.63,2025-09-24,Vigente
885,3811,Platino,110938,1273.69,2023-07-01,Cancelada
886,4405,Signature,267247,80880.41,2024-12-10,Cancelada
887,6748,Oro,52189,43719.83,2022-10-31,Bloqueada
888,4421,Platino,89852,7664.67,2025-02-24,Vigente
889,3540,Clasica,20836,7992.98,2024-09-25,Cancelada
890,7286,Oro,35163,2131.59,2023-03-07,Bloqueada
891,1380,Clasica,12304,7962.1,2025-08-25,Vigente
892,1872,Signature,248063,82343.65,2026-01-31,Vigente
893,3735,Oro,51909,933.52,2023-09-18,Cancelada
894,7119,Platino,102310,79931.4,2024-11-29,Vigente
895,2084,Signature,198114,78531.98,2025-05-19,Bloqueada
896,2068,Oro,44597,35119.21,2025-09-13,Vigente
897,1345,Oro,49887,16913.07,2024-12-21,Vigente
898,7716,Signature,171493,76135.93,2023-09-28,Vigente
899,2234,Signature,187986,111944.56,2024-02-23,Vigente
900,7214,Clasica,20244,9874.11,2023-03-17,Bloqueada
901,5424,Oro,43304,3276.42,2025-02-26,Bloqueada
902,939,Signature,237655,163534.86,2026-07-31,Vigente
903,7744,Clasica,14183,10990.6,2023-11-29,Vigente
904,4327,Oro,51220,28666.44,2023-06-13,Bloqueada
905,1325,Platino,117755,85465.81,2026-06-08,Vigente
906,1126,Signature,274209,74479.94,2025-06-12,Cancelada
907,6849,Clasica,17771,14262.59,2024-01-27,Vigente
908,5638,Signature,192626,109152.5,2026-08-29,Cancelada
909,4536,Signature,209953,167077.22,2022-12-26,Cancelada
910,6893,Platino,111643,49430.24,2023-08-05,Vigente
911,204,Oro,45409,25433.61,2025-08-05,Vigente
912,6576,Clasica,20998,7323.35,2023-11-20,Cancelada
913,1526,Oro,55970,23710.45,2024-01-28,Bloqueada
914,2629,Clasica,19613,3740.0,2023-03-23,Bloqueada
915,2637,Clasica,17318,12481.88,2024-07-05,Vigente
916,2981,Oro,38201,25215.44,2026-06-27,Vigente
917,7319,Clasica,16048,10526.34,2025-06-20,Vigente
918,7303,Oro,52521,15989.45,2025-10-11,Vigente
919,7260,Oro,49681,450.56,2025-08-15,Vigente
920,4303,Signature,177876,124966.05,2026-05-04,Vigente
921,860,Platino,114592,31043.22,2026-02-01,Cancelada
922,7381,Clasica,16354,10811.44,2023-11-11,Vigente
923,5434,Platino,98589,8713.52,2023-07-27,Vigente
924,1125,Platino,125392,1674.85,2026-07-25,Cancelada
925,7505,Oro,42172,18450.13,2023-05-18,Bloqueada
926,1184,Platino,103830,78440.09,2025-10-23,Bloqueada
927,7393,Clasica,12072,6493.47,2026-05-09,Vigente
928,2639,Clasica,20964,8171.13,2022-12-14,Vigente
929,3278,Platino,109392,66873.08,2024-09-08,Vigente
930,4206,Platino,99392,43092.74,2023-05-27,Vigente
931,171,Oro,41065,2362.97,2023-10-16,Vigente
932,442,Signature,200957,76993.37,2024-06-14,Vigente
933,3829,Platino,115350,52514.84,2023-03-30,Cancelada
934,4375,Oro,33399,5598.95,2022-11-07,Vigente
935,7091,Clasica,12553,5569.07,2023-11-07,Cancelada
936,451,Platino,123841,48075.29,2026-03-25,Vigente
937,1975,Oro,49466,20596.14,2026-09-02,Vigente
938,3392,Platino,75701,33447.63,2026-01-04,Vigente
939,5871,Signature,184465,61592.15,2023-01-11,Vigente
940,7713,Clasica,13103,9048.63,2024-04-09,Vigente
941,2097,Oro,35274,27590.8,2024-12-31,Cancelada
942,6526,Signature,186292,78293.36,2024-01-12,Vigente
943,5709,Clasica,12917,5854.64,2024-12-01,Vigente
944,7311,Clasica,20264,12994.9,2026-03-28,Cancelada
945,1442,Signature,200273,77623.67,2023-11-01,Vigente
946,6929,Oro,42156,15632.52,2023-02-23,Vigente
947,5090,Oro,38803,27412.69,2024-04-18,Bloqueada
948,4664,Clasica,15983,6130.28,2024-12-06,Vigente
949,6587,Oro,33768,20171.38,2025-06-11,Vigente
950,7133,Signature,211910,13468.28,2025-03-25,Cancelada
951,1089,Signature,258238,148921.34,2022-09-28,Cancelada
952,1980,Platino,105541,88104.67,2024-07-07,Vigente
953,382,Platino,109868,73542.72,2024-08-12,Vigente
954,1429,Oro,49397,686.7,2023-05-08,Vigente
955,7573,Signature,169210,3985.87,2024-01-15,Vigente
956,6863,Oro,44464,10861.15,2024-03-05,Bloqueada
957,3805,Oro,36934,8763.4,2024-08-29,Vigente
958,7606,Oro,42837,20837.9,2025-04-26,Cancelada
959,3481,Oro,50247,10807.52,2026-01-11,Vigente
960,7358,Oro,38253,5659.39,2024-06-10,Vigente
961,7854,Clasica,12811,6424.71,2023-03-20,Vigente
962,4487,Oro,47509,23525.52,2025-10-19,Cancelada
963,88,Oro,32963,4694.32,2023-11-16,Cancelada
964,5787,Signature,272750,62858.11,2022-08-29,Cancelada
965,1855,Clasica,12328,10080.96,2025-02-06,Vigente
966,1450,Clasica,19127,2292.65,2024-02-18,Bloqueada
967,3854,Platino,93155,25331.91,2026-02-25,Bloqueada
968,809,Platino,83989,34297.5,2022-08-26,Bloqueada
969,2404,Clasica,16519,1644.45,2023-07-19,Bloqueada
970,3339,Oro,36402,9144.62,2022-12-02,Bloqueada
971,32,Clasica,16761,3309.9,2025-07-26,Vigente
972,6009,Platino,94823,48517.16,2024-06-16,Vigente
973,6084,Clasica,12656,4263.45,2024-08-17,Vigente
974,4496,Platino,81075,2523.55,2026-02-24,Vigente
975,2749,Oro,39361,13039.68,2024-02-29,Cancelada
976,6042,Signature,233778,94594.7,2022-09-03,Cancelada
977,577,Clasica,20852,6488.84,2026-07-29,Vigente
978,920,Clasica,16049,1277.12,2022-09-29,Cancelada
979,5859,Clasica,19554,3984.56,2022-09-26,Vigente
980,4310,Platino,79299,56668.58,2025-12-25,Vigente
981,5376,Clasica,14167,8835.85,2026-05-06,Vigente
982,6365,Oro,53381,2511.52,2024-08-21,Vigente
983,7216,Clasica,13481,7221.4,2025-10-21,Cancelada
984,7657,Platino,92760,49770.16,2025-10-19,Vigente
985,2187,Signature,231139,28590.02,2023-04-24,Vigente
986,2292,Clasica,20125,8191.51,2024-08-12,Vigente
987,1888,Clasica,14742,7928.88,2026-06-30,Cancelada
988,1089,Platino,83710,46856.11,2025-04-26,Vigente
989,7462,Platino,121900,54674.56,2025-06-03,Vigente
990,1751,Signature,258385,136863.36,2023-05-15,Cancelada
991,4124,Platino,111465,7902.45,2023-08-15,Bloqueada
992,7280,Signature,194678,109136.27,2025-07-11,Cancelada
993,1811,Clasica,15936,10979.49,2024-08-26,Vigente
994,1191,Platino,99447,64309.18,2025-10-08,Vigente
995,6541,Oro,45133,31507.84,2024-03-08,Bloqueada
996,2941,Oro,42532,3000.15,2022-10-25,Vigente
997,2272,Signature,231290,144139.16,2026-02-04,Cancelada
998,1779,Signature,215592,26906.6,2024-05-13,Vigente
999,2029,Clasica,20774,3764.64,2024-09-06,Vigente
1000,5060,Signature,213687,149277.21,2025-10-10,Vigente
1001,1567,Clasica,20722,15872.35,2026-03-27,Cancelada
1002,1160,Oro,37174,28988.24,2025-08-21,Cancelada
1003,3558,Platino,105231,31484.58,2024-11-08,Vigente
1004,748,Clasica,19808,10473.82,2026-04-26,Vigente
1005,1812,Signature,254712,79252.76,2025-12-27,Bloqueada
1006,979,Signature,200412,57106.24,2024-05-30,Vigente
1007,1942,Signature,244840,54188.43,2026-05-09,Vigente
1008,189,Clasica,17957,10102.16,2023-12-26,Vigente
1009,1828,Clasica,20484,14260.64,2022-07-29,Cancelada
1010,314,Platino,113832,77336.48,2024-06-17,Bloqueada
1011,5964,Signature,226754,79763.44,2025-09-23,Bloqueada
1012,3305,Clasica,17602,4246.43,2022-09-22,Vigente
1013,4884,Clasica,17354,12611.86,2025-05-22,Vigente
1014,4999,Signature,229140,148263.16,2024-04-25,Cancelada
1015,4946,Clasica,12162,5432.35,2024-04-14,Vigente
1016,6524,Signature,198380,41282.46,2022-11-03,Vigente
1017,4852,Clasica,18471,13316.32,2023-08-14,Vigente
1018,5574,Platino,78778,5474.61,2025-09-05,Cancelada
1019,2583,Clasica,15567,2609.13,2025-12-20,Bloqueada
1020,7729,Signature,269625,16221.61,2026-04-10,Vigente
1021,6116,Oro,53217,44366.06,2025-04-13,Cancelada
1022,6201,Oro,51894,36263.9,2022-11-17,Bloqueada
1023,4974,Platino,79951,52802.16,2022-11-13,Vigente
1024,150,Platino,95357,42718.86,2026-08-29,Vigente
1025,320,Clasica,13442,146.48,2024-07-03,Bloqueada
1026,5280,Platino,118377,91833.59,2026-05-05,Bloqueada
1027,941,Oro,43028,32387.93,2026-08-02,Vigente
1028,5277,Platino,100564,18946.86,2023-07-18,Bloqueada
1029,5887,Clasica,19860,2722.8,2023-01-27,Cancelada
1030,3450,Clasica,15788,10253.64,2026-08-03,Cancelada
1031,7905,Signature,177794,84432.37,2024-01-31,Vigente
1032,6769,Platino,75703,52609.27,2026-04-15,Vigente
1033,7318,Oro,34389,28429.43,2023-03-06,Vigente
1034,3857,Signature,196298,4361.58,2022-10-27,Bloqueada
1035,5385,Platino,103407,83608.86,2023-04-02,Vigente
1036,1928,Signature,240484,198628.08,2026-06-20,Cancelada
1037,5818,Oro,33841,22723.4,2023-10-06,Vigente
1038,2616,Clasica,13932,9573.33,2025-12-31,Vigente
1039,5553,Signature,217791,119159.19,2025-04-02,Vigente
1040,1825,Oro,35659,3861.15,2023-06-25,Cancelada
1041,2185,Oro,45958,12056.81,2023-01-19,Vigente
1042,7380,Clasica,16460,11101.11,2023-12-10,Vigente
1043,7939,Platino,117943,910.66,2022-08-11,Vigente
1044,7568,Oro,44299,29500.36,2023-10-02,Vigente
1045,3721,Clasica,16364,2114.18,2023-01-12,Vigente
1046,1927,Oro,38272,6784.07,2026-03-09,Cancelada
1047,4106,Clasica,13906,6588.05,2026-04-04,Vigente
1048,4156,Oro,42600,6275.38,2023-11-30,Cancelada
1049,6961,Clasica,20874,16325.6,2025-04-16,Vigente
1050,1132,Clasica,20835,2324.4,2023-04-16,Cancelada
1051,609,Clasica,15760,1629.12,2024-01-24,Cancelada
1052,2906,Clasica,20047,14014.85,2023-06-15,Bloqueada
1053,6119,Oro,32302,2966.16,2024-01-21,Vigente
1054,2414,Clasica,14323,1518.4,2024-06-13,Vigente
1055,7455,Platino,116966,87834.13,2023-10-22,Vigente
1056,4837,Clasica,12902,2865.44,2024-11-25,Vigente
1057,6644,Signature,178001,100599.45,2023-09-03,Vigente
1058,5038,Platino,90660,7916.62,2023-04-12,Vigente
1059,3416,Signature,245616,30766.51,2024-08-27,Cancelada
1060,7879,Platino,121739,33733.18,2023-11-02,Vigente
1061,4508,Oro,50835,39734.94,2025-03-01,Bloqueada
1062,4401,Platino,74168,10090.18,2023-03-21,Vigente
1063,6020,Oro,46748,39474.4,2024-06-08,Vigente
1064,3032,Oro,39522,9891.34,2023-05-05,Bloqueada
1065,872,Signature,164900,68732.0,2025-02-01,Vigente
1066,7764,Signature,263610,166062.93,2024-07-12,Vigente
1067,7017,Clasica,14376,565.01,2025-06-29,Bloqueada
1068,1267,Clasica,19881,11075.19,2024-01-23,Cancelada
1069,1076,Signature,259062,175118.68,2024-10-22,Vigente
1070,379,Signature,256848,157510.24,2026-06-22,Vigente
1071,6326,Clasica,12439,4902.08,2023-03-24,Bloqueada
1072,711,Platino,79029,24208.41,2025-11-15,Vigente
1073,4560,Platino,75366,21706.17,2025-04-14,Cancelada
1074,981,Oro,35872,3763.62,2025-02-04,Vigente
1075,5966,Platino,87385,3999.31,2025-01-28,Cancelada
1076,3463,Oro,48945,26475.37,2023-05-29,Cancelada
1077,5702,Platino,124714,34195.36,2025-01-13,Vigente
1078,6946,Signature,198306,154084.61,2023-03-22,Vigente
1079,517,Oro,50836,13108.47,2025-03-08,Vigente
1080,6007,Oro,54616,22877.23,2026-06-06,Vigente
1081,7298,Platino,90419,4304.5,2024-01-22,Vigente
1082,1921,Oro,43396,7633.87,2023-02-18,Vigente
1083,2376,Clasica,14916,8181.59,2025-11-17,Cancelada
1084,3142,Clasica,12420,60.26,2024-08-24,Vigente
1085,5039,Clasica,19227,523.96,2025-08-30,Vigente
1086,346,Oro,51855,3992.04,2023-04-01,Bloqueada
1087,4849,Oro,42772,9763.78,2025-02-04,Vigente
1088,6067,Clasica,15017,9438.53,2024-04-11,Vigente
1089,2146,Signature,277498,167380.5,2026-05-25,Bloqueada
1090,1493,Clasica,17558,8348.98,2024-03-03,Vigente
1091,1115,Clasica,17904,4937.14,2022-11-25,Vigente
1092,4959,Oro,50682,11238.48,2025-04-04,Bloqueada
1093,7621,Signature,222561,7225.02,2025-02-05,Vigente
1094,5161,Clasica,12119,7309.03,2025-02-09,Cancelada
1095,986,Signature,227890,179941.65,2023-02-13,Vigente
1096,6369,Clasica,14906,6766.99,2025-07-27,Vigente
1097,2062,Clasica,18837,4273.0,2025-02-19,Vigente
1098,2186,Oro,46042,35632.45,2023-06-06,Cancelada
1099,907,Platino,94146,78132.99,2024-02-28,Vigente
1100,145,Oro,47637,19708.0,2023-04-12,Vigente
1101,7081,Clasica,17884,14869.0,2026-07-22,Vigente
1102,7842,Platino,101306,11984.1,2024-11-13,Vigente
1103,4247,Clasica,18265,2572.12,2026-01-25,Cancelada
1104,535,Platino,109805,44423.24,2022-08-08,Vigente
1105,263,Platino,116055,77181.99,2026-08-07,Bloqueada
1106,5435,Clasica,19578,12395.92,2024-02-16,Cancelada
1107,6370,Signature,210571,79633.0,2023-12-31,Bloqueada
1108,3228,Oro,32689,11068.66,2026-02-03,Vigente
1109,4656,Clasica,15710,857.96,2023-03-15,Vigente
1110,4015,Signature,263756,141166.58,2025-12-15,Cancelada
1111,2198,Signature,257847,201253.36,2023-05-03,Cancelada
1112,3076,Platino,98953,40934.87,2025-04-06,Vigente
1113,4856,Oro,44661,34147.38,2024-06-16,Bloqueada
1114,7265,Oro,41028,23915.17,2022-09-23,Cancelada
1115,7459,Platino,107045,40960.87,2023-05-03,Bloqueada
1116,844,Oro,38399,3565.49,2025-12-07,Vigente
1117,7488,Signature,222645,95259.08,2026-05-25,Cancelada
1118,5770,Signature,235988,33779.35,2024-02-01,Bloqueada
1119,7925,Clasica,18965,4858.88,2025-08-17,Vigente
1120,1280,Platino,110859,31812.5,2023-01-01,Vigente
1121,4352,Signature,239462,69724.34,2026-02-15,Cancelada
1122,2488,Clasica,20564,3237.34,2025-10-01,Vigente
1123,6541,Signature,197296,97606.07,2024-10-25,Bloqueada
1124,4990,Signature,190910,101592.63,2024-04-29,Vigente
1125,1821,Platino,107481,72219.52,2023-10-03,Vigente
1126,6605,Oro,32855,16268.6,2023-02-03,Vigente
1127,4114,Signature,180031,53078.58,2024-01-11,Cancelada
1128,4509,Signature,239749,109177.81,2023-10-25,Cancelada
1129,3505,Oro,33841,16450.79,2026-05-06,Cancelada
1130,2248,Platino,94386,35448.17,2026-08-28,Vigente
1131,810,Clasica,19498,9305.52,2024-09-04,Cancelada
1132,5966,Oro,52051,24073.67,2026-01-25,Vigente
1133,920,Signature,166709,24487.6,2024-07-31,Vigente
1134,275,Signature,224882,168488.9,2025-09-06,Vigente
1135,3709,Platino,116017,36171.19,2024-01-09,Bloqueada
1136,4028,Oro,35607,25133.23,2024-02-15,Vigente
1137,5144,Oro,53541,30214.46,2024-12-04,Cancelada
1138,7420,Clasica,20778,886.18,2026-01-21,Bloqueada
1139,3636,Oro,41889,28513.24,2024-11-05,Vigente
1140,2648,Platino,102578,76521.44,2023-11-20,Bloqueada
1141,6690,Platino,95098,43639.88,2024-04-01,Vigente
1142,1377,Oro,49149,36299.89,2024-08-04,Vigente
1143,7478,Platino,85039,63530.49,2023-11-24,Vigente
1144,2132,Clasica,20144,13651.32,2024-05-29,Vigente
1145,3288,Platino,94014,9961.63,2024-06-22,Vigente
1146,162,Platino,77051,37562.56,2026-06-06,Cancelada
1147,7313,Oro,42635,15824.72,2025-05-09,Bloqueada
1148,4867,Signature,266955,223552.74,2025-04-24,Vigente
1149,5225,Clasica,14388,6682.44,2023-05-04,Vigente
1150,5427,Oro,43916,32210.36,2022-10-15,Cancelada
1151,3819,Platino,84423,57190.44,2025-12-22,Cancelada
1152,7539,Signature,163410,47819.98,2023-10-28,Vigente
1153,594,Signature,243742,192528.96,2026-07-20,Vigente
1154,6891,Platino,81432,36481.08,2022-08-20,Cancelada
1155,751,Platino,123513,71820.29,2026-04-11,Vigente
1156,3636,Oro,44477,32806.63,2026-04-28,Cancelada
1157,5484,Clasica,12521,7640.97,2023-03-21,Vigente
1158,4874,Platino,104821,81869.86,2025-09-30,Bloqueada
1159,2204,Oro,39817,13231.7,2022-11-11,Bloqueada
1160,7132,Oro,51851,31842.33,2026-06-25,Vigente
1161,3724,Oro,41383,30606.29,2022-09-04,Vigente
1162,4145,Signature,257647,72537.53,2023-10-27,Cancelada
1163,6310,Platino,122788,51665.42,2023-01-29,Vigente
1164,3283,Signature,223172,55137.65,2023-03-27,Vigente
1165,2842,Oro,50602,15673.23,2025-03-27,Vigente
1166,1087,Clasica,12395,4321.89,2024-12-01,Vigente
1167,7502,Platino,88730,35779.33,2024-11-06,Vigente
1168,1407,Platino,123977,39297.01,2026-02-18,Vigente
1169,4871,Oro,36866,15529.71,2025-08-24,Vigente
1170,5764,Clasica,18002,5107.05,2024-01-08,Cancelada
1171,2260,Oro,52685,25868.1,2025-12-20,Cancelada
1172,6214,Oro,39943,29604.45,2025-11-24,Cancelada
1173,233,Signature,177879,129081.74,2025-11-25,Cancelada
1174,5768,Platino,120834,14005.24,2023-01-21,Bloqueada
1175,841,Oro,46767,29695.35,2025-05-22,Vigente
1176,5374,Clasica,19546,9496.35,2026-03-13,Bloqueada
1177,493,Platino,103826,50168.85,2026-07-05,Vigente
1178,4990,Oro,49450,38139.58,2024-05-06,Cancelada
1179,2960,Clasica,14662,1207.25,2026-08-25,Bloqueada
1180,3611,Signature,260536,151251.21,2025-12-12,Vigente
1181,4622,Clasica,18775,9719.26,2023-05-30,Bloqueada
1182,3706,Platino,113443,13792.42,2022-10-01,Vigente
1183,1671,Signature,212913,357.71,2023-01-06,Vigente
1184,3885,Signature,248194,116998.16,2026-05-17,Vigente
1185,4829,Platino,79361,1884.36,2023-05-17,Vigente
1186,6785,Platino,85659,21157.76,2024-06-26,Cancelada
1187,7462,Oro,47873,7762.95,2022-08-25,Vigente
1188,698,Platino,82416,60989.25,2025-03-04,Bloqueada
1189,3758,Clasica,17055,4634.93,2023-06-01,Cancelada
1190,1644,Oro,37385,28885.41,2026-03-22,Bloqueada
1191,3359,Signature,169332,26720.34,2023-01-25,Cancelada
1192,274,Platino,105626,26199.77,2024-11-27,Cancelada
1193,7385,Signature,206340,77527.55,2025-06-14,Vigente
1194,7437,Oro,50643,35398.72,2023-07-24,Vigente
1195,3865,Oro,46913,31154.68,2024-09-01,Bloqueada
1196,4455,Clasica,19188,5197.66,2023-10-21,Vigente
1197,2871,Oro,34543,26657.16,2024-08-24,Bloqueada
1198,1635,Oro,49589,31936.04,2026-05-02,Cancelada
1199,453,Clasica,12320,9116.09,2025-01-15,Vigente
1200,3098,Clasica,13537,7395.2,2022-08-23,Bloqueada
1201,6452,Platino,122676,47592.05,2024-02-12,Cancelada
1202,1697,Signature,254717,102810.01,2022-08-09,Vigente
1203,5632,Signature,252947,98378.6,2026-03-23,Vigente
1204,7772,Signature,211791,78908.61,2026-05-26,Vigente
1205,2166,Oro,34270,12629.41,2024-06-07,Vigente
1206,328,Platino,103351,39108.88,2022-11-06,Cancelada
1207,1104,Signature,279830,17408.38,2023-09-10,Vigente
1208,4968,Signature,174800,65993.03,2024-01-01,Vigente
1209,3669,Signature,250551,23267.83,2024-11-29,Vigente
1210,1198,Oro,45619,32526.33,2026-01-30,Vigente
1211,3580,Oro,34214,24549.22,2026-08-20,Vigente
1212,903,Oro,55535,815.45,2026-03-29,Bloqueada
1213,1991,Platino,97715,1049.17,2025-07-25,Bloqueada
1214,3649,Signature,260335,22402.81,2023-10-18,Vigente
1215,5962,Platino,123852,13215.64,2022-10-16,Cancelada
1216,7780,Oro,51154,6317.33,2025-03-16,Vigente
1217,5478,Clasica,20855,1359.52,2024-08-27,Bloqueada
1218,3364,Platino,94667,65925.76,2026-01-08,Vigente
1219,5656,Clasica,18557,6164.84,2022-08-04,Vigente
1220,5694,Clasica,13215,5382.84,2025-05-19,Bloqueada
1221,6377,Oro,46566,27819.42,2022-08-31,Vigente
1222,7502,Platino,97226,12958.28,2023-07-30,Cancelada
1223,5283,Signature,179437,117645.56,2024-11-09,Vigente
1224,1617,Oro,35191,19699.81,2024-09-05,Bloqueada
1225,7982,Oro,38783,15088.78,2023-10-19,Cancelada
1226,3882,Oro,50417,18684.3,2024-09-12,Bloqueada
1227,225,Platino,100174,26852.7,2025-08-23,Cancelada
1228,3206,Clasica,18375,6143.76,2023-06-24,Bloqueada
1229,1148,Platino,118479,30584.42,2026-03-11,Cancelada
1230,4807,Oro,41856,1853.78,2023-12-23,Bloqueada
1231,468,Clasica,16991,6197.36,2025-04-13,Vigente
1232,7689,Platino,109077,59484.33,2023-03-27,Bloqueada
1233,1814,Clasica,13545,3711.58,2025-04-19,Bloqueada
1234,7638,Platino,83316,50987.65,2026-08-19,Vigente
1235,7553,Platino,120485,94405.81,2025-07-06,Vigente
1236,7611,Signature,222001,153601.75,2024-03-25,Cancelada
1237,6782,Platino,100368,4640.47,2026-01-30,Bloqueada
1238,344,Oro,51018,14236.39,2025-06-02,Bloqueada
1239,847,Oro,54603,24355.07,2024-08-22,Vigente
1240,5064,Clasica,18529,7802.88,2025-07-21,Vigente
1241,6690,Signature,238727,75035.33,2022-12-30,Vigente
1242,2449,Oro,41955,13416.39,2025-08-28,Bloqueada
1243,6382,Clasica,14738,7141.86,2025-05-26,Cancelada
1244,2261,Platino,75334,12521.64,2025-03-04,Bloqueada
1245,5698,Clasica,20992,15063.79,2026-06-20,Bloqueada
1246,5450,Platino,80196,66306.32,2022-12-10,Vigente
1247,3359,Signature,234239,26762.79,2025-09-24,Vigente
1248,7120,Platino,112300,75190.51,2022-08-10,Vigente
1249,339,Oro,48256,25034.85,2022-10-14,Vigente
1250,3055,Platino,122055,31000.59,2024-02-27,Bloqueada
1251,5536,Signature,269877,194459.68,2025-10-05,Bloqueada
1252,3831,Platino,112532,94358.04,2025-12-22,Vigente
1253,94,Platino,95148,20271.96,2025-05-29,Vigente
1254,2372,Clasica,15483,837.04,2022-12-30,Vigente
1255,7327,Clasica,12471,1489.85,2023-09-01,Bloqueada
1256,5604,Platino,89140,48065.31,2026-04-05,Vigente
1257,670,Clasica,13961,987.55,2025-12-03,Bloqueada
1258,4662,Clasica,19073,5430.86,2022-10-10,Vigente
1259,954,Clasica,20837,15288.22,2024-12-21,Bloqueada
1260,4493,Signature,165436,45915.37,2024-12-24,Bloqueada
1261,6019,Signature,261113,783.45,2026-01-18,Vigente
1262,6671,Signature,168235,102264.19,2024-01-23,Vigente
1263,3006,Oro,35713,2730.32,2023-03-04,Vigente
1264,3709,Signature,246450,194210.54,2024-11-03,Cancelada
1265,414,Platino,75489,58865.33,2026-02-11,Vigente
1266,3454,Oro,38966,31174.92,2026-08-02,Cancelada
1267,2017,Platino,110223,58465.03,2025-05-11,Vigente
1268,7756,Oro,53044,33418.55,2022-09-27,Cancelada
1269,7944,Platino,92762,68340.54,2024-09-04,Cancelada
1270,1339,Platino,77697,5130.7,2025-08-06,Vigente
1271,4033,Signature,209839,31253.64,2025-05-15,Vigente
1272,7699,Platino,112790,67479.35,2023-08-16,Bloqueada
1273,6573,Signature,213668,169743.08,2023-02-27,Vigente
1274,6586,Signature,218683,64379.9,2026-02-06,Bloqueada
1275,7034,Oro,55001,37377.04,2024-02-14,Vigente
1276,5649,Signature,224943,81469.36,2023-09-30,Vigente
1277,1969,Oro,46757,28773.98,2023-09-07,Cancelada
1278,3056,Platino,76938,21205.42,2026-04-03,Cancelada
1279,5020,Clasica,16461,11903.56,2023-11-09,Vigente
1280,3355,Clasica,12081,6314.14,2024-07-27,Vigente
1281,3734,Clasica,18447,10729.1,2024-11-02,Vigente
1282,3085,Oro,53424,45167.92,2025-11-25,Bloqueada
1283,3268,Oro,39408,33470.7,2024-02-21,Bloqueada
1284,6362,Signature,214788,113081.65,2023-10-21,Cancelada
1285,960,Platino,103296,63782.22,2022-11-18,Vigente
1286,7913,Oro,46856,14268.76,2026-08-08,Vigente
1287,6715,Clasica,19558,12704.28,2026-02-14,Bloqueada
1288,776,Platino,74956,54330.75,2026-07-28,Vigente
1289,6786,Clasica,14042,1936.27,2024-12-27,Cancelada
1290,3359,Oro,46984,26062.84,2022-11-22,Vigente
1291,718,Clasica,20455,8831.77,2022-08-20,Bloqueada
1292,5246,Signature,160921,122679.59,2024-02-25,Vigente
1293,7915,Clasica,14554,4190.55,2026-03-14,Cancelada
1294,2065,Oro,54527,45803.52,2023-06-02,Vigente
1295,400,Signature,169205,33546.15,2024-02-06,Vigente
1296,2676,Oro,47023,21341.21,2023-12-30,Cancelada
1297,4740,Platino,88635,21159.92,2024-02-08,Vigente
1298,3217,Oro,42311,20086.33,2025-04-16,Vigente
1299,1472,Signature,242660,82294.05,2025-10-31,Cancelada
1300,1859,Platino,121444,101436.74,2026-05-07,Vigente
1301,2152,Oro,40545,3493.1,2025-01-13,Cancelada
1302,1691,Oro,52208,10092.83,2022-09-24,Vigente
1303,4559,Clasica,18518,5820.09,2025-07-17,Vigente
1304,3648,Signature,226963,65403.66,2023-07-18,Cancelada
1305,295,Clasica,17622,8706.86,2024-01-26,Cancelada
1306,580,Clasica,19752,7960.61,2026-03-10,Vigente
1307,1937,Clasica,20454,12303.97,2023-06-01,Cancelada
1308,1057,Signature,172503,112318.88,2023-06-03,Vigente
1309,5966,Platino,116242,87480.87,2024-12-13,Vigente
1310,6923,Oro,43282,22812.78,2025-03-07,Vigente
1311,6794,Clasica,14165,6484.28,2023-07-07,Vigente
1312,4760,Signature,183339,15647.55,2025-10-01,Bloqueada
1313,6068,Oro,40537,10396.22,2025-08-26,Cancelada
1314,2028,Oro,46579,6161.58,2025-03-02,Vigente
1315,228,Signature,168151,28348.63,2026-01-15,Bloqueada
1316,1058,Signature,195989,31957.99,2022-11-19,Vigente
1317,1104,Signature,166805,101310.94,2026-04-03,Vigente
1318,2958,Oro,35725,4229.42,2026-02-11,Vigente
1319,75,Platino,124643,32063.11,2026-05-09,Vigente
1320,4865,Platino,92784,52808.37,2024-09-03,Cancelada
1321,7093,Signature,236510,64960.61,2024-07-14,Bloqueada
1322,7247,Signature,248728,91761.8,2023-05-11,Cancelada
1323,6945,Platino,120454,82472.62,2026-07-24,Vigente
1324,3383,Platino,84157,52515.61,2026-07-03,Vigente
1325,694,Clasica,15308,11208.85,2024-01-08,Cancelada
1326,2264,Signature,275538,186299.39,2026-06-02,Vigente
1327,721,Platino,85493,69445.66,2026-01-04,Vigente
1328,7746,Signature,195897,36908.23,2024-11-09,Vigente
1329,5372,Oro,48462,35978.99,2023-01-24,Vigente
1330,3850,Platino,83275,46274.78,2022-09-27,Vigente
1331,1210,Clasica,20088,5449.4,2023-09-07,Vigente
1332,5124,Oro,36335,23433.95,2026-06-01,Vigente
1333,974,Oro,50235,15344.93,2025-07-01,Bloqueada
1334,2742,Clasica,12360,5287.01,2025-03-08,Vigente
1335,4572,Platino,90260,7532.71,2022-12-21,Bloqueada
1336,1757,Platino,121322,27616.05,2024-10-15,Cancelada
1337,2795,Oro,46803,34447.43,2024-05-24,Vigente
1338,839,Platino,113745,72842.59,2023-05-27,Vigente
1339,6562,Signature,256604,31602.32,2023-03-29,Vigente
1340,6156,Clasica,19696,1694.25,2022-11-26,Bloqueada
1341,3356,Signature,267003,80899.82,2026-04-19,Bloqueada
1342,799,Oro,52158,1335.13,2023-06-01,Bloqueada
1343,1747,Platino,116015,9291.32,2024-11-17,Cancelada
1344,13,Clasica,16505,774.95,2024-11-06,Cancelada
1345,4388,Signature,233286,129576.99,2024-09-15,Cancelada
1346,296,Oro,44549,29660.66,2023-02-03,Cancelada
1347,7459,Signature,166871,58026.34,2025-04-25,Cancelada
1348,4977,Clasica,19635,15882.62,2025-02-13,Vigente
1349,7483,Signature,252471,209409.64,2025-02-03,Bloqueada
1350,5439,Platino,86445,31665.11,2025-03-13,Cancelada
1351,120,Platino,118315,30230.05,2024-05-20,Vigente
1352,2945,Oro,37097,18957.09,2024-12-29,Bloqueada
1353,3847,Platino,75075,30416.04,2024-12-20,Vigente
1354,318,Clasica,20299,10577.79,2025-01-04,Vigente
1355,2720,Signature,266416,7589.68,2026-08-18,Vigente
1356,2274,Clasica,19680,7955.64,2022-10-29,Vigente
1357,1016,Clasica,13312,3534.73,2025-05-10,Bloqueada
1358,7021,Signature,219394,94186.54,2024-08-07,Bloqueada
1359,7986,Oro,38555,7631.11,2025-01-18,Vigente
1360,7266,Platino,95718,54983.79,2023-01-30,Cancelada
1361,6535,Signature,213072,169727.99,2023-04-19,Vigente
1362,7047,Clasica,15679,9452.03,2024-04-24,Vigente
1363,2953,Oro,41700,1170.49,2025-11-28,Cancelada
1364,1394,Oro,35495,19304.62,2025-07-23,Cancelada
1365,7397,Platino,122504,22925.25,2026-06-22,Vigente
1366,1852,Clasica,15317,4067.7,2026-05-17,Vigente
1367,7459,Oro,43760,10909.34,2024-05-01,Vigente
1368,3032,Clasica,16826,10833.69,2026-08-27,Vigente
1369,7315,Platino,124870,79429.31,2024-04-07,Vigente
1370,2281,Clasica,17386,10708.06,2023-07-13,Vigente
1371,2839,Signature,274106,30190.9,2025-04-18,Bloqueada
1372,1459,Platino,75581,61945.12,2025-03-26,Vigente
1373,6073,Oro,53625,8772.39,2024-06-09,Bloqueada
1374,5866,Oro,36810,27193.62,2026-06-19,Vigente
1375,7630,Signature,216876,177223.63,2025-08-25,Cancelada
1376,6999,Clasica,17796,7577.03,2025-10-24,Vigente
1377,4991,Clasica,18358,7972.36,2025-04-04,Bloqueada
1378,1790,Oro,55467,29664.76,2026-08-01,Vigente
1379,1930,Platino,100115,11695.55,2024-06-03,Bloqueada
1380,7291,Signature,212654,1159.89,2022-10-30,Vigente
1381,3717,Platino,110570,89360.96,2024-06-24,Vigente
1382,5388,Clasica,18018,9827.08,2025-04-03,Cancelada
1383,7086,Clasica,17269,4044.08,2024-05-09,Vigente
1384,2023,Clasica,12141,8258.58,2024-06-03,Vigente
1385,2371,Clasica,20772,14793.32,2026-06-04,Cancelada
1386,791,Oro,48560,18634.88,2023-03-09,Vigente
1387,6811,Clasica,15821,4302.28,2024-07-27,Bloqueada
1388,4795,Platino,83892,29187.65,2026-01-29,Vigente
1389,5127,Platino,87374,38751.45,2023-07-19,Vigente
1390,7221,Signature,188506,85224.1,2022-12-25,Vigente
1391,375,Oro,36311,7241.82,2026-02-05,Cancelada
1392,472,Oro,43792,24642.47,2023-12-14,Vigente
1393,690,Platino,91320,4067.62,2025-06-14,Vigente
1394,64,Signature,164148,48932.89,2023-02-10,Bloqueada
1395,5172,Signature,269042,199587.66,2023-03-03,Vigente
1396,1242,Platino,116623,24001.17,2023-09-10,Cancelada
1397,6846,Clasica,16470,3276.98,2024-08-19,Cancelada
1398,5819,Oro,38243,8953.37,2023-09-04,Vigente
1399,6443,Platino,91057,47211.95,2024-06-22,Bloqueada
1400,1519,Signature,179910,126351.12,2023-11-11,Cancelada
1401,5703,Signature,166181,84836.83,2023-11-20,Bloqueada
1402,638,Oro,53438,3968.99,2022-12-16,Cancelada
1403,7946,Platino,90885,76736.39,2023-05-13,Cancelada
1404,3302,Clasica,16131,6399.71,2024-08-31,Cancelada
1405,4102,Clasica,18218,3869.62,2026-02-17,Vigente
1406,1167,Oro,35301,22003.56,2023-12-05,Vigente
1407,878,Oro,43985,14517.36,2023-05-23,Bloqueada
1408,2904,Signature,217015,79649.24,2024-11-16,Vigente
1409,2035,Oro,33621,3449.07,2025-10-11,Vigente
1410,1498,Platino,75465,58171.84,2025-02-15,Vigente
1411,7848,Signature,265070,168441.23,2025-01-27,Vigente
1412,52,Oro,44081,25587.73,2025-08-17,Vigente
1413,2874,Clasica,14434,4604.8,2022-08-15,Vigente
1414,3717,Oro,37938,20142.01,2025-10-12,Vigente
1415,6576,Oro,51438,35150.76,2025-12-03,Vigente
1416,5694,Signature,260771,216067.1,2024-11-13,Vigente
1417,1629,Platino,116269,29465.98,2026-01-27,Bloqueada
1418,1537,Clasica,12540,7545.74,2024-08-14,Cancelada
1419,2993,Platino,78521,50723.87,2025-03-27,Vigente
1420,6888,Platino,105421,78417.8,2024-08-07,Vigente
1421,733,Clasica,12919,6102.79,2022-09-29,Vigente
1422,828,Signature,259530,220314.08,2023-01-12,Vigente
1423,4722,Clasica,13103,7779.4,2026-08-28,Bloqueada
1424,5804,Clasica,19086,12613.61,2025-01-27,Vigente
1425,3757,Oro,48907,21253.12,2025-11-17,Vigente
1426,1862,Clasica,15922,8038.62,2025-10-16,Cancelada
1427,3533,Platino,91788,44955.24,2024-06-13,Vigente
1428,3928,Signature,218513,19912.91,2025-04-20,Vigente
1429,1885,Platino,92321,11854.26,2025-08-07,Vigente
1430,4273,Oro,34564,18636.49,2025-05-04,Vigente
1431,4932,Platino,72105,43106.18,2024-01-10,Vigente
1432,4792,Clasica,13767,5039.77,2026-08-05,Vigente
1433,6445,Clasica,12180,3595.83,2026-05-21,Bloqueada
1434,5269,Platino,74739,52095.31,2022-09-01,Vigente
1435,2277,Clasica,17628,7150.89,2025-04-08,Vigente
1436,6925,Platino,123062,64403.02,2022-11-29,Bloqueada
1437,6616,Oro,43414,22678.84,2025-11-23,Bloqueada
1438,6711,Platino,113991,9903.25,2024-06-16,Bloqueada
1439,2003,Oro,52762,20497.15,2023-06-02,Vigente
1440,7449,Clasica,12184,7058.9,2025-03-21,Vigente
1441,7750,Clasica,15550,10005.75,2023-01-27,Cancelada
1442,5478,Oro,43071,29869.08,2024-09-23,Vigente
1443,2294,Oro,48631,6278.0,2023-12-10,Cancelada
1444,7681,Platino,74137,45514.81,2025-03-01,Vigente
1445,1253,Signature,257039,193718.38,2023-01-22,Bloqueada
1446,4390,Platino,94411,42113.37,2023-06-25,Vigente
1447,2507,Platino,86763,52698.22,2022-10-15,Cancelada
1448,3751,Clasica,12921,4536.76,2023-10-25,Vigente
1449,5216,Signature,192263,41229.16,2026-05-11,Vigente
1450,4925,Clasica,12019,1529.52,2024-08-24,Vigente
1451,3200,Oro,53487,2348.57,2022-09-16,Bloqueada
1452,1000,Signature,178162,144986.66,2025-07-13,Cancelada
1453,6105,Signature,229778,83774.93,2025-08-10,Vigente
1454,4726,Clasica,13306,10113.9,2025-03-18,Vigente
1455,2660,Oro,51379,27618.33,2022-10-16,Cancelada
1456,981,Oro,47950,6630.94,2023-03-04,Vigente
1457,2565,Signature,210325,56588.12,2022-10-30,Vigente
1458,6385,Platino,73102,17283.13,2024-02-06,Vigente
1459,5294,Platino,80525,58725.38,2024-09-20,Cancelada
1460,2815,Platino,83589,46427.08,2025-12-13,Vigente
1461,7214,Platino,85535,9415.15,2023-11-06,Vigente
1462,500,Clasica,18695,6301.16,2024-09-03,Cancelada
1463,4364,Platino,123484,54806.53,2024-04-05,Vigente
1464,6746,Clasica,18167,11244.78,2023-07-08,Vigente
1465,3993,Platino,122829,72048.51,2026-02-15,Vigente
1466,4058,Clasica,13963,8951.14,2023-02-09,Vigente
1467,2013,Platino,114286,59579.76,2022-09-23,Vigente
1468,5214,Clasica,13025,2426.45,2025-09-19,Vigente
1469,414,Clasica,20249,7130.77,2026-02-05,Cancelada
1470,2911,Oro,32621,23819.02,2023-09-07,Bloqueada
1471,7550,Platino,108093,50805.43,2024-02-23,Vigente
1472,5436,Signature,185205,76611.33,2023-12-06,Vigente
1473,6661,Platino,75186,35114.98,2024-02-28,Cancelada
1474,5526,Platino,100671,48645.82,2024-08-09,Vigente
1475,7558,Platino,72651,20643.19,2025-03-28,Vigente
1476,6765,Oro,39224,29292.45,2024-10-10,Vigente
1477,3705,Oro,41395,9777.51,2024-07-10,Vigente
1478,5009,Signature,223652,184119.5,2022-11-13,Vigente
1479,1127,Signature,173051,42881.14,2024-02-02,Vigente
1480,3642,Clasica,17720,11629.32,2024-04-28,Vigente
1481,3587,Clasica,14288,494.77,2025-09-03,Vigente
1482,87,Signature,211582,48621.97,2026-03-25,Cancelada
1483,3743,Platino,104119,69554.33,2024-10-21,Cancelada
1484,163,Platino,83690,3713.26,2025-12-18,Bloqueada
1485,1329,Signature,274153,201656.99,2022-12-14,Vigente
1486,4510,Platino,75879,16073.29,2026-02-23,Vigente
1487,4065,Clasica,18278,9573.96,2022-12-06,Vigente
1488,7045,Oro,52764,650.31,2023-05-30,Vigente
1489,7890,Signature,198621,26923.53,2025-08-20,Cancelada
1490,7645,Platino,112067,60667.08,2025-03-27,Bloqueada
1491,4068,Platino,102594,57646.71,2024-02-08,Cancelada
1492,2473,Oro,49515,15305.51,2025-06-20,Cancelada
1493,5122,Platino,120457,82695.99,2025-10-20,Bloqueada
1494,5801,Clasica,12452,6171.42,2023-06-07,Vigente
1495,6951,Oro,40584,20344.74,2026-07-26,Vigente
1496,6641,Platino,92962,67410.0,2023-03-25,Cancelada
1497,1054,Platino,105202,65045.97,2024-03-28,Vigente
1498,5226,Signature,261099,199975.34,2024-09-12,Vigente
1499,3853,Signature,214308,156459.59,2026-01-05,Vigente
1500,7542,Oro,53639,43360.74,2026-03-20,Cancelada
1501,1542,Clasica,17059,14270.13,2023-04-01,Vigente
1502,757,Clasica,16430,10867.84,2026-01-16,Bloqueada
1503,3629,Oro,36512,19965.31,2025-10-21,Vigente
1504,5636,Clasica,13048,2219.3,2022-09-23,Bloqueada
1505,3159,Oro,46839,12339.84,2025-08-07,Vigente
1506,3901,Oro,46023,21461.63,2025-10-08,Cancelada
1507,7664,Clasica,16367,1172.89,2026-08-15,Vigente
1508,323,Oro,40184,12620.41,2023-04-11,Vigente
1509,204,Platino,118785,54253.01,2025-01-04,Vigente
1510,2426,Clasica,13408,9499.24,2024-01-15,Vigente
1511,6599,Signature,215791,47985.02,2024-07-13,Cancelada
1512,388,Oro,55560,3556.87,2025-01-06,Vigente
1513,1896,Oro,45455,27903.86,2023-03-14,Vigente
1514,5437,Signature,242717,183037.45,2025-05-07,Vigente
1515,4847,Platino,80642,18968.9,2025-02-18,Vigente
1516,5909,Clasica,17297,13621.28,2026-07-25,Vigente
1517,1712,Platino,121597,37098.2,2026-03-16,Bloqueada
1518,4168,Signature,216422,77891.68,2026-08-15,Bloqueada
1519,3958,Clasica,17209,2807.56,2024-05-22,Vigente
1520,2121,Oro,32396,11072.2,2024-02-10,Vigente
1521,3822,Oro,34288,8094.39,2023-03-14,Vigente
1522,7076,Platino,125785,86077.45,2023-03-17,Vigente
1523,3427,Oro,36591,22594.49,2023-12-04,Bloqueada
1524,1404,Oro,32160,516.94,2024-05-07,Cancelada
1525,5616,Platino,122649,48019.61,2026-06-09,Vigente
1526,2658,Oro,55085,40926.72,2025-06-27,Vigente
1527,7069,Platino,99035,16597.82,2024-08-29,Vigente
1528,2456,Signature,184595,14415.2,2023-06-10,Vigente
1529,6161,Oro,35181,512.35,2023-10-02,Vigente
1530,3994,Clasica,19034,13788.23,2025-06-03,Vigente
1531,1845,Clasica,18882,15650.0,2023-01-02,Cancelada
1532,6799,Signature,218343,26471.25,2025-03-27,Cancelada
1533,2253,Platino,90519,23627.56,2025-10-24,Vigente
1534,7664,Platino,104369,71644.28,2025-03-22,Vigente
1535,249,Signature,187496,145057.26,2023-10-27,Vigente
1536,241,Clasica,17173,13103.42,2024-01-18,Vigente
1537,3879,Oro,35060,3938.48,2023-07-03,Vigente
1538,1484,Signature,176407,115809.74,2025-09-16,Bloqueada
1539,1837,Signature,160989,86847.37,2024-01-02,Vigente
1540,5801,Platino,100821,68165.15,2023-11-21,Cancelada
1541,5080,Platino,73638,8696.8,2024-12-07,Bloqueada
1542,2297,Clasica,19530,14589.99,2023-05-08,Vigente
1543,3965,Platino,107555,62805.53,2024-10-11,Vigente
1544,1533,Clasica,16944,9215.39,2024-09-28,Cancelada
1545,3537,Platino,79851,22712.23,2022-08-12,Cancelada
1546,4118,Oro,52602,29725.07,2026-08-06,Bloqueada
1547,4816,Platino,84066,31369.63,2023-08-18,Cancelada
1548,7267,Clasica,13908,8965.6,2024-01-04,Vigente
1549,661,Signature,229756,10460.97,2023-01-23,Vigente
1550,5614,Oro,39659,24064.58,2023-07-03,Bloqueada
1551,193,Oro,32234,25462.34,2022-11-28,Vigente
1552,6184,Clasica,19615,9361.66,2025-07-01,Vigente
1553,3926,Oro,46495,25765.44,2025-09-03,Vigente
1554,5361,Clasica,18489,14947.51,2023-12-18,Cancelada
1555,6442,Platino,103424,37961.59,2025-04-30,Vigente
1556,1181,Platino,104251,57646.59,2026-05-18,Vigente
1557,2789,Clasica,12750,3820.66,2026-08-18,Bloqueada
1558,3888,Signature,194377,3774.76,2025-10-08,Vigente
1559,3869,Platino,98840,22490.17,2025-06-24,Cancelada
1560,3793,Clasica,19521,3029.54,2026-02-02,Vigente
1561,3172,Clasica,16352,2763.13,2023-10-30,Bloqueada
1562,6379,Oro,54239,2313.0,2023-03-14,Vigente
1563,4826,Signature,258204,26812.55,2024-06-26,Vigente
1564,7609,Platino,90337,49966.35,2022-10-24,Vigente
1565,7424,Oro,46437,8436.14,2025-08-04,Bloqueada
1566,2034,Oro,36461,22580.51,2024-04-08,Vigente
1567,2031,Signature,184109,60431.42,2023-07-10,Bloqueada
1568,2456,Oro,53038,13502.7,2025-10-23,Vigente
1569,7969,Signature,261635,75009.38,2023-02-13,Cancelada
1570,4764,Platino,72587,39296.53,2024-08-29,Cancelada
1571,2535,Platino,125382,80485.12,2025-01-05,Vigente
1572,2476,Clasica,16422,9725.32,2023-08-13,Vigente
1573,3664,Clasica,16177,305.35,2022-08-02,Vigente
1574,3810,Clasica,15847,1798.53,2026-05-11,Cancelada
1575,369,Platino,114661,1238.57,2024-11-04,Vigente
1576,3157,Oro,42334,16377.9,2024-07-12,Bloqueada
1577,5545,Oro,50383,19851.49,2023-02-26,Cancelada
1578,3173,Oro,36041,21375.73,2025-02-03,Bloqueada
1579,3419,Oro,53633,8287.42,2022-10-03,Cancelada
1580,3948,Signature,278185,182942.91,2024-09-11,Bloqueada
1581,2020,Signature,190310,56393.97,2023-05-13,Vigente
1582,1333,Signature,237112,167254.76,2023-08-06,Bloqueada
1583,2775,Platino,78712,24962.34,2025-04-06,Bloqueada
1584,1126,Signature,233967,132947.79,2026-03-01,Vigente
1585,86,Clasica,18131,10898.01,2024-11-22,Vigente
1586,4449,Platino,120666,59804.58,2023-06-10,Vigente
1587,3091,Platino,97045,54567.73,2026-01-11,Cancelada
1588,865,Clasica,18085,14046.83,2025-09-26,Bloqueada
1589,4844,Clasica,18203,8105.85,2023-03-13,Vigente
1590,6740,Signature,181196,10300.5,2023-07-13,Vigente
1591,6999,Oro,43675,20214.52,2025-12-15,Vigente
1592,2480,Signature,237045,196669.16,2024-12-19,Vigente
1593,4672,Oro,49622,28145.38,2024-09-17,Vigente
1594,4154,Signature,161166,10270.83,2026-06-02,Cancelada
1595,5334,Clasica,14381,5849.55,2023-09-14,Vigente
1596,4911,Oro,50908,16828.0,2022-07-30,Vigente
1597,3646,Clasica,16652,2888.39,2026-06-27,Vigente
1598,3199,Platino,88288,73959.2,2026-04-27,Vigente
1599,1972,Oro,47485,23325.4,2025-08-04,Vigente
1600,6326,Oro,35954,11288.0,2023-04-28,Vigente
1601,6028,Platino,81471,3955.03,2024-03-03,Bloqueada
1602,574,Oro,53652,42.58,2024-02-19,Vigente
1603,7465,Signature,200875,68333.5,2023-02-06,Vigente
1604,4381,Oro,40491,1491.26,2022-09-12,Cancelada
1605,7874,Signature,222258,86683.25,2025-11-20,Vigente
1606,1569,Signature,174448,62101.95,2026-07-13,Vigente
1607,1551,Clasica,12930,8269.98,2023-11-27,Vigente
1608,175,Signature,276963,189875.45,2025-05-01,Cancelada
1609,6290,Platino,94024,76128.64,2023-05-22,Vigente
1610,4355,Signature,176834,121916.17,2023-05-08,Vigente
1611,231,Oro,41337,12638.91,2024-04-18,Vigente
1612,4338,Platino,75404,36617.33,2024-09-12,Bloqueada
1613,4230,Signature,201312,39690.86,2025-05-01,Vigente
1614,661,Oro,46599,35793.58,2024-05-24,Vigente
1615,1436,Platino,103451,45578.95,2024-02-18,Vigente
1616,5781,Oro,44301,21420.15,2023-01-13,Vigente
1617,5827,Clasica,18193,9479.8,2025-02-06,Vigente
1618,2578,Clasica,20486,11981.29,2023-12-20,Vigente
1619,3047,Oro,34843,26543.59,2022-08-16,Bloqueada
1620,7924,Oro,43424,13974.69,2025-07-27,Cancelada
1621,411,Signature,162857,128407.95,2024-01-03,Vigente
1622,5959,Signature,176647,56328.57,2025-06-04,Bloqueada
1623,403,Clasica,19300,8768.05,2025-05-08,Cancelada
1624,4422,Oro,43436,791.67,2024-06-26,Vigente
1625,7795,Oro,36153,7507.37,2022-11-23,Cancelada
1626,6612,Clasica,15568,5773.7,2023-10-28,Vigente
1627,7440,Clasica,20981,1435.91,2023-12-03,Bloqueada
1628,7774,Platino,119065,9529.17,2022-10-06,Vigente
1629,2607,Signature,233085,86626.28,2026-06-05,Vigente
1630,1445,Platino,84825,9985.12,2025-11-16,Vigente
1631,2720,Signature,207973,45180.79,2022-10-06,Vigente
1632,3812,Signature,278960,28293.05,2026-04-22,Vigente
1633,3713,Signature,177006,26759.06,2025-01-20,Cancelada
1634,5011,Oro,48054,25257.71,2023-03-06,Cancelada
1635,1940,Platino,107652,90258.41,2022-12-13,Vigente
1636,1955,Platino,101108,24977.85,2024-04-08,Vigente
1637,6988,Clasica,19028,2249.54,2026-01-18,Bloqueada
1638,7822,Signature,249092,205734.94,2023-04-23,Vigente
1639,1052,Signature,213811,70007.27,2025-11-02,Vigente
1640,1184,Platino,76543,57085.05,2026-07-25,Vigente
1641,5058,Clasica,16252,11429.77,2023-11-20,Cancelada
1642,7874,Clasica,19247,12759.83,2025-11-14,Vigente
1643,6909,Oro,37887,12545.42,2026-01-06,Vigente
1644,4728,Clasica,12818,3740.43,2024-01-30,Bloqueada
1645,2810,Signature,271587,18744.89,2023-06-18,Cancelada
1646,5449,Clasica,18956,9036.5,2024-11-13,Vigente
1647,3060,Signature,252781,152867.85,2025-10-02,Vigente
1648,6540,Platino,83888,50202.51,2022-09-23,Vigente
1649,2472,Signature,172553,57422.76,2025-06-23,Vigente
1650,5407,Clasica,12752,2458.88,2024-04-19,Vigente
1651,1512,Clasica,20757,2357.2,2023-12-12,Vigente
1652,1395,Signature,161566,72485.4,2024-08-07,Bloqueada
1653,3099,Platino,83987,23808.57,2023-02-08,Vigente
1654,6118,Signature,241055,79387.5,2022-11-10,Cancelada
1655,7015,Platino,75669,13050.92,2024-12-30,Bloqueada
1656,3071,Oro,51181,17206.45,2026-01-29,Bloqueada
1657,1109,Oro,39465,13840.85,2025-12-08,Vigente
1658,4371,Clasica,15907,9693.21,2024-08-20,Vigente
1659,5123,Signature,270567,126043.68,2025-01-27,Vigente
1660,3557,Oro,33328,23376.07,2025-06-11,Cancelada
1661,129,Clasica,20121,12948.5,2024-02-26,Cancelada
1662,4840,Clasica,20292,2324.8,2023-01-26,Bloqueada
1663,6179,Platino,103130,65106.75,2025-09-02,Bloqueada
1664,233,Clasica,17715,6185.36,2024-08-11,Cancelada
1665,6614,Clasica,15226,5125.03,2025-05-16,Vigente
1666,7531,Signature,234554,150894.08,2023-10-15,Cancelada
1667,7426,Oro,47602,32325.41,2025-01-16,Vigente
1668,3478,Clasica,14419,7755.13,2026-08-04,Bloqueada
1669,777,Clasica,20465,9809.47,2024-02-13,Vigente
1670,5968,Platino,115015,16580.06,2025-07-23,Vigente
1671,3644,Oro,42024,28588.31,2023-03-12,Vigente
1672,5844,Clasica,18864,14014.97,2023-03-29,Vigente
1673,1879,Signature,247739,104426.09,2025-11-30,Bloqueada
1674,2602,Signature,177900,88947.12,2024-02-10,Vigente
1675,3933,Oro,53373,14034.71,2022-08-08,Vigente
1676,6590,Platino,94862,30532.79,2022-12-05,Vigente
1677,1477,Oro,51041,24321.48,2024-05-26,Vigente
1678,4578,Oro,44836,21267.42,2022-09-29,Vigente
1679,1011,Platino,121329,78906.87,2023-11-01,Vigente
1680,7274,Platino,79427,702.83,2023-11-10,Vigente
1681,7940,Clasica,14808,10981.91,2026-07-08,Cancelada
1682,5225,Oro,32952,21718.55,2024-04-24,Bloqueada
1683,1293,Platino,73637,25940.93,2023-10-27,Vigente
1684,2527,Oro,36158,8036.11,2024-08-22,Vigente
1685,5288,Platino,95952,61051.21,2024-01-02,Bloqueada
1686,942,Clasica,12606,1621.91,2026-03-06,Cancelada
1687,4278,Platino,111014,49096.59,2023-09-23,Vigente
1688,7497,Platino,93186,48427.29,2024-09-19,Bloqueada
1689,7016,Clasica,19916,14487.28,2022-11-24,Vigente
1690,7782,Signature,194477,66081.16,2026-04-20,Vigente
1691,4751,Signature,198031,61946.11,2023-08-13,Cancelada
1692,3528,Platino,116458,1035.03,2024-02-22,Vigente
1693,568,Platino,107104,84880.31,2025-02-01,Vigente
1694,5319,Oro,33727,25735.34,2023-02-07,Cancelada
1695,1833,Clasica,20230,1628.31,2023-11-11,Vigente
1696,317,Oro,43358,30434.96,2026-04-01,Vigente
1697,466,Signature,161341,66729.92,2024-11-25,Vigente
1698,2813,Oro,48374,17307.55,2022-10-20,Cancelada
1699,6711,Signature,166802,40825.04,2022-07-29,Vigente
1700,7766,Platino,121735,29787.9,2025-06-19,Vigente
1701,1370,Signature,220315,90317.51,2022-08-25,Bloqueada
1702,4968,Signature,267230,17123.21,2023-03-16,Cancelada
1703,6488,Oro,50304,25539.91,2026-01-03,Vigente
1704,2524,Platino,114945,58725.31,2024-08-22,Bloqueada
1705,7717,Oro,34605,6439.31,2022-12-01,Vigente
1706,2045,Platino,82707,55361.18,2025-11-27,Cancelada
1707,3909,Platino,76774,25927.21,2025-08-20,Bloqueada
1708,7092,Signature,211886,110443.31,2023-08-02,Bloqueada
1709,5173,Platino,81809,31721.91,2024-07-17,Vigente
1710,3540,Oro,47901,34284.91,2026-05-17,Vigente
1711,3385,Platino,94587,52690.23,2022-10-02,Vigente
1712,3466,Platino,116095,60790.7,2023-04-21,Vigente
1713,7604,Signature,215811,144556.31,2026-02-13,Vigente
1714,4698,Platino,93049,42255.52,2022-12-06,Vigente
1715,4736,Clasica,14567,3090.44,2025-11-04,Vigente
1716,4936,Signature,264176,183381.5,2024-11-25,Vigente
1717,3941,Clasica,20476,6343.37,2023-11-11,Vigente
1718,6615,Platino,98768,48305.0,2022-11-13,Vigente
1719,4936,Platino,125818,8399.96,2026-07-08,Bloqueada
1720,2471,Signature,214444,167369.96,2025-07-08,Cancelada
1721,6579,Clasica,15424,4268.76,2023-01-04,Cancelada
1722,6741,Clasica,17381,1992.78,2024-10-10,Vigente
1723,471,Oro,48698,32514.76,2025-12-07,Vigente
1724,7059,Oro,51564,9694.71,2023-12-22,Vigente
1725,7849,Oro,33834,7410.62,2024-05-09,Bloqueada
1726,1303,Platino,90641,34440.38,2022-10-09,Bloqueada
1727,2512,Platino,72582,16289.46,2024-08-27,Vigente
1728,6736,Signature,271164,128783.71,2024-09-07,Vigente
1729,6485,Platino,105762,37519.3,2026-02-22,Cancelada
1730,1860,Platino,106965,35550.14,2025-08-11,Bloqueada
1731,4349,Oro,35519,4860.59,2026-04-29,Bloqueada
1732,1410,Platino,102120,65678.27,2023-06-25,Vigente
1733,6029,Clasica,17115,6629.88,2025-12-19,Cancelada
1734,6159,Oro,42560,9129.3,2022-11-05,Cancelada
1735,7688,Platino,117611,89108.02,2024-12-19,Vigente
1736,1306,Signature,193467,85328.51,2026-02-13,Vigente
1737,6046,Clasica,18807,4732.38,2023-01-28,Cancelada
1738,4835,Clasica,16333,8901.12,2025-08-02,Vigente
1739,2159,Platino,97403,38186.61,2024-08-13,Vigente
1740,6661,Clasica,15441,9503.6,2024-06-06,Cancelada
1741,1715,Signature,236593,85996.21,2025-06-14,Vigente
1742,4399,Platino,106197,50119.27,2022-12-12,Vigente
1743,5160,Platino,73939,39284.31,2025-10-14,Vigente
1744,4343,Oro,41026,23504.79,2025-09-16,Vigente
1745,7269,Signature,167828,12428.23,2022-08-08,Vigente
1746,6672,Clasica,20423,2078.45,2025-07-29,Vigente
1747,3659,Oro,48759,40887.31,2024-01-30,Bloqueada
1748,6229,Clasica,15456,3041.63,2024-07-24,Cancelada
1749,5381,Oro,45948,16018.66,2024-01-27,Vigente
1750,7134,Clasica,18082,11536.76,2023-11-03,Vigente
1751,3259,Platino,77351,46939.37,2023-06-26,Vigente
1752,4168,Oro,39570,28877.72,2025-08-25,Vigente
1753,4125,Oro,37909,28983.9,2023-07-14,Cancelada
1754,7951,Clasica,16019,12691.59,2023-01-16,Vigente
1755,1889,Oro,42945,19437.32,2025-05-23,Vigente
1756,483,Signature,197583,139525.33,2026-07-07,Vigente
1757,427,Oro,34143,19274.47,2023-02-07,Bloqueada
1758,5950,Oro,37867,2825.68,2022-10-31,Cancelada
1759,2047,Oro,35135,17512.66,2023-02-24,Vigente
1760,7981,Clasica,13637,7361.45,2023-11-23,Vigente
1761,965,Platino,86048,46851.09,2024-04-21,Vigente
1762,3322,Platino,80049,49734.8,2025-05-13,Vigente
1763,7656,Platino,109774,5182.56,2025-12-12,Vigente
1764,6242,Clasica,14917,2109.87,2023-12-08,Bloqueada
1765,3286,Platino,102746,13636.31,2022-11-17,Vigente
1766,6501,Signature,225923,57137.17,2025-09-21,Bloqueada
1767,96,Platino,114332,60292.14,2026-06-15,Vigente
1768,4157,Clasica,19930,1751.74,2023-10-23,Vigente
1769,1458,Signature,210218,44779.18,2025-04-02,Bloqueada
1770,6,Platino,84218,23422.77,2024-08-05,Bloqueada
1771,4810,Oro,32200,26565.97,2025-03-06,Vigente
1772,5062,Oro,43339,20853.6,2026-02-20,Vigente
1773,2265,Clasica,18503,12399.72,2024-09-13,Vigente
1774,3520,Oro,33782,4029.35,2025-06-14,Vigente
1775,5042,Oro,49425,29608.42,2024-11-03,Bloqueada
1776,796,Platino,122780,54173.83,2022-10-30,Vigente
1777,3412,Signature,264704,86773.98,2024-03-20,Bloqueada
1778,187,Clasica,17147,14002.99,2026-01-28,Cancelada
1779,7933,Signature,166414,94929.53,2025-02-07,Bloqueada
1780,2776,Signature,252024,37302.84,2023-11-09,Bloqueada
1781,7769,Clasica,12533,10528.96,2024-07-22,Cancelada
1782,5054,Signature,260831,53047.96,2026-04-02,Cancelada
1783,4184,Platino,89119,28773.57,2024-03-30,Bloqueada
1784,3638,Signature,163139,7624.32,2023-11-01,Vigente
1785,1159,Oro,52879,36548.09,2024-10-20,Vigente
1786,2434,Oro,42653,18159.68,2024-07-28,Cancelada
1787,3190,Clasica,17637,10339.43,2022-08-11,Cancelada
1788,2172,Oro,54911,40610.01,2022-11-26,Cancelada
1789,3496,Signature,271267,126152.3,2024-04-07,Cancelada
1790,7153,Oro,53516,32867.5,2025-03-07,Vigente
1791,4417,Clasica,16432,9179.26,2024-08-08,Cancelada
1792,6842,Platino,111084,35883.86,2023-05-12,Bloqueada
1793,6507,Platino,80522,33420.96,2023-06-17,Vigente
1794,3697,Oro,45372,18661.58,2023-01-24,Vigente
1795,989,Signature,168718,131924.41,2026-06-18,Cancelada
1796,1210,Platino,103246,58000.51,2025-10-05,Cancelada
1797,236,Signature,177655,111322.56,2025-12-27,Vigente
1798,7536,Signature,160547,9973.76,2023-07-18,Vigente
1799,4518,Platino,74286,30942.1,2025-09-02,Bloqueada
1800,540,Oro,43588,15972.02,2025-10-24,Cancelada
1801,1938,Signature,279125,148057.0,2023-09-17,Vigente
1802,686,Oro,54926,10818.28,2024-06-09,Bloqueada
1803,6,Oro,39662,29994.37,2026-08-14,Cancelada
1804,6092,Clasica,19434,14437.69,2026-07-10,Vigente
1805,3918,Oro,52052,4948.67,2026-05-13,Cancelada
1806,4451,Platino,102292,61628.39,2023-01-26,Vigente
1807,2373,Clasica,19495,8380.34,2026-05-30,Vigente
1808,2141,Oro,36687,11512.13,2024-01-10,Vigente
1809,4557,Signature,247035,63689.54,2024-06-21,Vigente
1810,4055,Clasica,14984,10777.7,2023-10-06,Cancelada
1811,2426,Oro,40853,28804.23,2024-03-12,Cancelada
1812,417,Oro,53220,43627.81,2026-01-20,Bloqueada
1813,3872,Oro,46694,24447.4,2025-02-06,Vigente
1814,5512,Clasica,20361,10395.37,2025-05-13,Cancelada
1815,7275,Clasica,16970,6005.08,2026-06-16,Cancelada
1816,6418,Clasica,12446,10545.18,2025-01-18,Vigente
1817,7744,Clasica,13374,4865.59,2023-01-15,Vigente
1818,2071,Signature,245148,71530.27,2026-01-03,Bloqueada
1819,2177,Platino,79210,58292.65,2025-04-03,Vigente
1820,3581,Platino,105906,58304.9,2023-11-06,Vigente
1821,7782,Clasica,14541,1831.24,2022-12-29,Vigente
1822,6641,Signature,233244,35686.45,2023-11-23,Bloqueada
1823,3283,Platino,92582,52469.96,2026-08-22,Vigente
1824,3216,Clasica,20319,5816.05,2022-11-01,Vigente
1825,7311,Clasica,15116,3056.03,2025-03-06,Vigente
1826,446,Signature,225260,183443.33,2023-11-28,Vigente
1827,3387,Oro,32714,19018.22,2023-07-19,Vigente
1828,1502,Signature,236745,87798.51,2026-07-05,Bloqueada
1829,4319,Platino,118260,92186.69,2022-12-17,Vigente
1830,7163,Clasica,17480,7340.49,2026-02-09,Cancelada
1831,7604,Clasica,17265,196.95,2023-11-20,Bloqueada
1832,1351,Oro,44656,33239.74,2024-04-22,Cancelada
1833,5281,Clasica,12060,6289.77,2026-03-22,Vigente
1834,2158,Oro,33008,13508.59,2026-04-04,Vigente
1835,163,Oro,47983,8472.48,2024-08-02,Cancelada
1836,1489,Oro,33407,1493.96,2023-09-09,Cancelada
1837,5221,Signature,203778,18811.39,2024-06-10,Cancelada
1838,455,Platino,121007,33411.32,2025-11-27,Bloqueada
1839,2842,Oro,37397,21102.17,2023-01-23,Vigente
1840,5490,Clasica,17482,3130.84,2024-01-10,Vigente
1841,6362,Clasica,14721,1764.96,2024-07-22,Bloqueada
1842,1744,Clasica,18231,9746.88,2025-09-10,Vigente
1843,4637,Oro,42141,31909.65,2023-04-19,Bloqueada
1844,2384,Oro,47719,36520.31,2023-02-08,Vigente
1845,968,Platino,99729,2599.55,2023-08-17,Cancelada
1846,5824,Platino,72720,34516.71,2024-12-14,Vigente
1847,7897,Platino,90335,15208.22,2024-01-21,Vigente
1848,3679,Clasica,18104,4573.01,2024-10-20,Bloqueada
1849,7592,Platino,99402,3878.03,2025-11-11,Cancelada
1850,1700,Signature,184553,110673.62,2025-05-02,Vigente
1851,7657,Oro,37297,29462.54,2026-04-10,Cancelada
1852,6396,Signature,207411,128189.19,2023-07-03,Vigente
1853,6938,Signature,194517,112503.07,2024-10-27,Cancelada
1854,2809,Oro,52879,37942.34,2026-08-15,Vigente
1855,6275,Platino,115575,366.05,2024-11-12,Vigente
1856,4935,Signature,208175,23109.43,2023-01-29,Vigente
1857,1475,Platino,73407,18870.2,2026-08-13,Vigente
1858,7163,Oro,33951,106.45,2025-11-28,Vigente
1859,7870,Platino,109953,53717.52,2023-06-06,Vigente
1860,4460,Oro,52492,41003.96,2024-01-30,Vigente
1861,5394,Platino,104744,46647.22,2026-04-19,Cancelada
1862,301,Clasica,19887,2720.5,2024-03-28,Bloqueada
1863,1333,Oro,36169,6518.21,2025-06-22,Vigente
1864,7026,Clasica,18935,3707.01,2026-07-10,Vigente
1865,1324,Clasica,18588,5227.34,2026-09-01,Vigente
1866,13,Clasica,13789,3963.2,2024-08-09,Bloqueada
1867,3624,Clasica,12215,1590.6,2026-08-05,Bloqueada
1868,1695,Oro,41428,18009.82,2024-11-24,Vigente
1869,6304,Clasica,19344,4368.34,2024-07-05,Vigente
1870,55,Clasica,19662,3810.03,2025-03-24,Vigente
1871,114,Signature,209637,131098.52,2022-08-13,Vigente
1872,5076,Signature,271633,75109.38,2024-10-17,Vigente
1873,7800,Oro,41258,9074.67,2024-06-03,Vigente
1874,6984,Platino,86810,17044.96,2024-08-16,Bloqueada
1875,6361,Platino,88745,18723.48,2023-03-29,Vigente
1876,3773,Clasica,16753,7989.01,2026-01-04,Bloqueada
1877,5764,Clasica,19029,7471.94,2024-07-24,Vigente
1878,4285,Signature,250346,60000.48,2023-06-03,Bloqueada
1879,7062,Platino,113940,35526.46,2023-11-29,Vigente
1880,2685,Clasica,16906,991.73,2023-07-22,Vigente
1881,2135,Oro,34176,16099.75,2023-03-11,Vigente
1882,2815,Clasica,20140,14661.11,2025-08-07,Cancelada
1883,6685,Signature,182595,144547.45,2024-07-19,Vigente
1884,5810,Platino,111292,51845.89,2023-02-10,Vigente
1885,5339,Oro,50954,15710.46,2025-08-02,Vigente
1886,4325,Signature,209419,8046.49,2024-12-04,Vigente
1887,5477,Oro,41349,34132.83,2023-02-21,Vigente
1888,1469,Platino,95368,34761.21,2025-03-07,Vigente
1889,1026,Platino,107467,74093.78,2025-09-25,Bloqueada
1890,1056,Signature,277111,66082.32,2023-11-06,Vigente
1891,3737,Signature,241855,182703.53,2024-04-18,Vigente
1892,789,Signature,193386,36772.97,2025-09-29,Vigente
1893,2325,Platino,87496,54573.62,2026-08-30,Bloqueada
1894,5923,Oro,32114,18660.46,2025-02-02,Vigente
1895,436,Platino,121508,74958.75,2022-12-05,Bloqueada
1896,2370,Clasica,15861,714.55,2023-07-16,Bloqueada
1897,6033,Clasica,15212,5132.06,2024-02-14,Bloqueada
1898,6188,Platino,72866,33167.33,2023-03-18,Vigente
1899,4832,Platino,101217,33329.67,2022-10-26,Vigente
1900,2218,Clasica,12613,7681.45,2022-09-19,Vigente
1901,6127,Signature,167095,11694.95,2023-06-12,Vigente
1902,1267,Platino,97596,64155.9,2025-05-22,Vigente
1903,3547,Clasica,15707,11348.88,2025-10-21,Cancelada
1904,3439,Platino,98082,37859.92,2023-10-07,Vigente
1905,1793,Platino,102057,48320.73,2023-04-17,Bloqueada
1906,3557,Oro,46154,4310.17,2023-05-01,Vigente
1907,5562,Platino,120905,29005.55,2024-07-17,Vigente
1908,3467,Platino,72976,13500.92,2024-02-02,Cancelada
1909,5668,Oro,42675,27841.95,2024-11-08,Vigente
1910,875,Signature,249603,88456.85,2025-04-16,Bloqueada
1911,379,Platino,93543,55022.53,2026-02-15,Bloqueada
1912,5379,Platino,81510,10713.93,2023-04-12,Vigente
1913,7903,Oro,55879,15289.78,2024-02-21,Vigente
1914,1967,Signature,170692,113280.35,2025-07-11,Vigente
1915,1921,Platino,111178,77373.92,2025-07-02,Bloqueada
1916,2811,Oro,33964,4278.16,2023-03-08,Vigente
1917,5481,Signature,248311,24736.45,2025-10-10,Vigente
1918,452,Signature,201438,158482.46,2025-02-07,Bloqueada
1919,7822,Signature,230565,68328.19,2026-06-06,Vigente
1920,2427,Signature,203179,172666.06,2023-06-20,Bloqueada
1921,1501,Clasica,20913,10307.62,2026-01-18,Vigente
1922,7816,Signature,276665,104065.91,2024-12-14,Vigente
1923,2200,Platino,107046,75728.92,2025-01-17,Vigente
1924,3941,Oro,46717,33207.52,2026-06-26,Bloqueada
1925,1813,Clasica,13559,801.34,2024-10-14,Bloqueada
1926,6164,Platino,110569,71701.97,2023-08-09,Cancelada
1927,2921,Clasica,12534,3066.47,2023-02-22,Vigente
1928,6021,Platino,77108,55728.02,2024-09-11,Cancelada
1929,7254,Platino,101054,13436.17,2023-06-29,Bloqueada
1930,727,Platino,82600,11939.08,2026-04-18,Bloqueada
1931,3918,Signature,234173,93993.95,2024-07-11,Vigente
1932,7776,Clasica,20043,11842.36,2026-04-21,Vigente
1933,3188,Oro,45030,37804.94,2025-02-02,Bloqueada
1934,2592,Platino,87357,42685.84,2026-08-27,Bloqueada
1935,2802,Signature,179202,58821.8,2023-04-25,Bloqueada
1936,4837,Platino,116286,55222.85,2023-05-17,Vigente
1937,610,Signature,216411,140703.04,2023-04-30,Vigente
1938,6162,Platino,84604,13743.99,2026-03-12,Vigente
1939,5494,Clasica,18253,7587.69,2026-06-17,Bloqueada
1940,7070,Oro,39430,17713.28,2022-11-13,Cancelada
1941,6707,Platino,107406,25481.63,2024-04-19,Bloqueada
1942,5851,Clasica,14152,2714.97,2024-09-21,Bloqueada
1943,2679,Oro,55347,69.62,2024-02-22,Vigente
1944,2260,Clasica,15858,81.95,2025-10-24,Vigente
1945,3405,Signature,217742,132426.76,2026-04-26,Cancelada
1946,3134,Oro,49782,1845.07,2025-07-04,Vigente
1947,2246,Clasica,20899,14509.14,2024-08-09,Bloqueada
1948,2375,Clasica,14765,12064.49,2025-09-03,Bloqueada
1949,2527,Signature,260659,143748.09,2023-09-21,Bloqueada
1950,1824,Oro,35471,6199.6,2024-06-22,Vigente
1951,3962,Signature,251707,132154.56,2024-07-27,Vigente
1952,5548,Signature,185062,143677.19,2026-08-19,Vigente
1953,5058,Clasica,20489,14190.48,2025-03-25,Vigente
1954,5369,Oro,38126,16678.21,2024-08-05,Vigente
1955,3849,Platino,104191,69482.79,2022-08-04,Vigente
1956,4801,Clasica,12961,587.69,2024-02-15,Vigente
1957,1103,Platino,100384,58555.9,2024-05-24,Cancelada
1958,7816,Platino,120797,86251.73,2025-07-11,Bloqueada
1959,1758,Platino,117203,38351.54,2022-09-07,Cancelada
1960,3371,Platino,105956,10174.86,2024-02-27,Vigente
1961,1241,Signature,222379,146216.28,2026-01-25,Cancelada
1962,1461,Platino,110186,35028.46,2024-10-16,Vigente
1963,5535,Oro,35262,9986.81,2026-02-17,Bloqueada
1964,4348,Clasica,12582,9775.89,2023-03-26,Vigente
1965,2879,Clasica,17551,11497.4,2023-06-05,Vigente
1966,7103,Oro,49464,22988.62,2023-06-19,Vigente
1967,5011,Clasica,12089,8397.23,2024-08-11,Bloqueada
1968,3134,Clasica,20246,7316.54,2026-02-20,Vigente
1969,3007,Platino,101205,37793.2,2024-08-12,Bloqueada
1970,3205,Signature,276886,201208.15,2024-01-19,Vigente
1971,5977,Clasica,18309,14285.9,2026-08-22,Vigente
1972,2390,Clasica,18481,879.34,2025-10-31,Vigente
1973,1636,Clasica,15182,4557.51,2022-11-28,Vigente
1974,2966,Oro,44789,7242.3,2023-11-07,Vigente
1975,1471,Signature,195200,54482.67,2026-05-23,Cancelada
1976,3531,Signature,279749,123806.91,2025-10-11,Cancelada
1977,784,Signature,206798,91705.43,2022-09-01,Vigente
1978,4091,Oro,48303,4827.28,2023-10-19,Vigente
1979,5157,Platino,112739,35084.65,2025-08-08,Bloqueada
1980,6053,Signature,231186,84018.55,2025-08-09,Bloqueada
1981,170,Oro,54390,34258.85,2023-11-17,Bloqueada
1982,7369,Clasica,20376,13770.27,2023-09-09,Vigente
1983,4071,Platino,110170,27247.33,2023-09-27,Vigente
1984,2896,Signature,266770,161392.13,2023-04-12,Vigente
1985,5042,Clasica,17318,2321.13,2026-01-13,Vigente
1986,6112,Platino,79689,15046.01,2023-08-23,Cancelada
1987,7792,Platino,80665,29842.09,2024-06-18,Vigente
1988,343,Oro,34367,20549.14,2025-10-02,Vigente
1989,6542,Clasica,13650,4086.16,2022-12-28,Vigente
1990,6842,Signature,194445,131389.76,2024-07-31,Vigente
1991,146,Signature,255421,191172.97,2024-02-25,Vigente
1992,6613,Platino,119526,91537.09,2025-10-25,Cancelada
1993,5118,Platino,86449,29293.78,2024-06-10,Vigente
1994,1259,Clasica,17976,12714.61,2023-06-03,Vigente
1995,7688,Clasica,18831,13291.58,2023-03-20,Vigente
1996,7576,Signature,258215,176199.04,2025-01-01,Cancelada
1997,116,Oro,35879,1877.66,2024-11-19,Vigente
1998,4799,Platino,114369,19779.0,2025-11-17,Vigente
1999,7154,Signature,171544,26713.81,2022-11-28,Cancelada
2000,6339,Oro,49222,3891.98,2024-06-28,Vigente
2001,134,Oro,45916,5859.72,2026-04-05,Cancelada
2002,488,Oro,45661,37371.27,2025-04-08,Vigente
2003,2592,Platino,99567,39227.91,2022-08-31,Cancelada
2004,6481,Clasica,13409,10902.2,2024-10-24,Cancelada
2005,337,Signature,201541,133913.01,2024-01-17,Vigente
2006,1,Platino,114001,94246.01,2024-12-16,Cancelada
2007,4344,Signature,242194,74346.5,2026-06-04,Bloqueada
2008,5763,Signature,234925,39535.61,2026-05-23,Vigente
2009,567,Oro,54101,6006.7,2023-01-17,Cancelada
2010,2311,Platino,115921,31786.07,2024-06-19,Vigente
2011,1387,Signature,240093,165241.88,2023-01-31,Vigente
2012,536,Signature,272101,39455.97,2025-05-17,Vigente
2013,3858,Platino,76268,59939.75,2023-10-01,Vigente
2014,3728,Clasica,20677,12320.36,2026-08-17,Cancelada
2015,6710,Clasica,14902,559.69,2022-10-29,Cancelada
2016,5485,Oro,33864,23117.13,2024-01-10,Vigente
2017,6776,Platino,81605,54497.65,2025-10-07,Cancelada
2018,3878,Platino,106628,42060.28,2023-09-10,Bloqueada
2019,2870,Oro,33228,17417.94,2022-12-30,Vigente
2020,6353,Clasica,19619,14411.15,2025-08-30,Vigente
2021,2602,Clasica,18584,7953.95,2026-01-08,Cancelada
2022,4287,Clasica,18357,12336.21,2026-03-23,Cancelada
2023,2148,Platino,108962,6531.42,2024-03-05,Vigente
2024,2092,Clasica,12131,8511.02,2023-12-05,Bloqueada
2025,2541,Platino,84136,3173.71,2023-02-02,Cancelada
2026,1936,Platino,106350,22041.72,2024-03-09,Cancelada
2027,5923,Signature,172147,51564.23,2025-05-19,Vigente
2028,438,Platino,94152,53739.78,2023-05-24,Bloqueada
2029,7501,Oro,40025,27863.78,2026-06-06,Vigente
2030,4760,Clasica,19746,3190.77,2022-08-03,Bloqueada
2031,401,Signature,162582,57698.11,2024-06-05,Bloqueada
2032,6479,Clasica,13932,6042.07,2025-04-16,Vigente
2033,3747,Clasica,14252,3837.72,2023-04-24,Cancelada
2034,7256,Signature,260817,32103.91,2025-02-16,Cancelada
2035,951,Clasica,13399,4702.22,2026-08-23,Vigente
2036,2976,Signature,240636,175114.53,2026-05-28,Vigente
2037,4966,Platino,105992,73956.89,2024-03-04,Vigente
2038,2326,Signature,279282,145468.03,2023-07-16,Vigente
2039,3022,Clasica,14625,898.22,2025-03-14,Vigente
2040,6821,Signature,178386,60562.28,2022-11-18,Vigente
2041,6540,Oro,43640,29128.03,2025-06-04,Bloqueada
2042,2113,Platino,85548,41771.5,2024-11-20,Vigente
2043,6650,Signature,223135,115492.25,2025-06-09,Bloqueada
2044,3420,Platino,92903,5828.25,2023-02-02,Vigente
2045,6982,Platino,118023,84739.36,2024-11-15,Bloqueada
2046,101,Signature,232865,82251.28,2024-05-31,Vigente
2047,2988,Clasica,13707,5032.64,2024-10-07,Cancelada
2048,7037,Oro,34764,5773.79,2024-02-17,Cancelada
2049,2409,Platino,111648,74099.37,2022-12-19,Vigente
2050,3651,Oro,39756,33657.43,2024-07-27,Vigente
2051,1929,Oro,40914,18617.69,2024-10-04,Cancelada
2052,5334,Signature,241693,177180.45,2026-02-15,Cancelada
2053,2366,Platino,98849,13331.46,2026-01-04,Bloqueada
2054,5946,Signature,253649,172069.72,2026-08-16,Vigente
2055,1415,Oro,54372,6056.67,2024-02-12,Bloqueada
2056,2112,Clasica,20147,1722.42,2024-04-04,Bloqueada
2057,1537,Oro,44265,33011.27,2026-05-20,Vigente
2058,203,Oro,32279,19636.35,2026-03-22,Vigente
2059,7386,Clasica,13875,11560.92,2025-08-29,Vigente
2060,6423,Oro,32855,19482.8,2026-01-24,Bloqueada
2061,568,Platino,82880,59000.88,2023-07-19,Vigente
2062,1400,Signature,209505,42382.48,2023-03-13,Vigente
2063,209,Clasica,14109,1157.96,2025-02-16,Vigente
2064,6321,Clasica,12310,2251.64,2024-11-16,Vigente
2065,1689,Signature,178917,140724.18,2026-08-23,Vigente
2066,581,Signature,202929,144675.61,2023-12-15,Bloqueada
2067,1499,Clasica,20435,14279.23,2026-05-18,Cancelada
2068,7007,Signature,179550,1044.74,2022-09-10,Cancelada
2069,3758,Platino,76562,1870.18,2024-04-23,Bloqueada
2070,5170,Clasica,16387,10978.84,2024-10-19,Vigente
2071,5069,Oro,39909,14845.39,2025-01-16,Vigente
2072,5715,Clasica,16054,10115.94,2022-08-05,Vigente
2073,2879,Clasica,19543,4750.35,2022-10-13,Cancelada
2074,2687,Signature,267085,219866.15,2024-03-17,Vigente
2075,1163,Signature,168961,77365.62,2022-10-12,Vigente
2076,1447,Clasica,12853,7499.48,2025-03-25,Vigente
2077,1513,Oro,42739,6031.19,2025-08-04,Cancelada
2078,2436,Clasica,18478,9850.97,2024-04-30,Vigente
2079,5798,Clasica,15882,1931.83,2025-05-25,Cancelada
2080,2567,Oro,42363,28601.01,2026-05-26,Vigente
2081,1411,Clasica,16753,4543.97,2026-01-17,Vigente
2082,1051,Oro,45750,29975.14,2025-11-15,Vigente
2083,4792,Platino,122205,12593.47,2025-10-11,Bloqueada
2084,664,Signature,270235,185550.36,2023-03-25,Vigente
2085,790,Platino,125456,58971.15,2023-06-23,Vigente
2086,4330,Clasica,20189,14932.81,2023-10-30,Cancelada
2087,2626,Clasica,13081,2399.99,2026-04-25,Bloqueada
2088,2805,Clasica,17608,392.85,2025-06-23,Cancelada
2089,5834,Platino,118126,86574.27,2026-04-16,Cancelada
2090,3215,Oro,37493,20347.71,2024-11-13,Bloqueada
2091,848,Platino,123615,48816.56,2026-03-14,Bloqueada
2092,4739,Signature,197716,72614.86,2026-01-03,Cancelada
2093,3121,Oro,52673,14201.51,2024-03-31,Vigente
2094,6144,Oro,54292,31666.43,2023-05-02,Vigente
2095,5692,Platino,96328,13161.67,2024-02-28,Cancelada
2096,956,Clasica,17580,1815.55,2026-02-09,Vigente
2097,3919,Signature,273474,69742.66,2025-06-26,Cancelada
2098,6410,Platino,107536,21039.02,2025-06-12,Vigente
2099,3703,Clasica,18530,58.95,2026-06-26,Cancelada
2100,7593,Platino,98084,52394.22,2024-12-18,Vigente
2101,2524,Clasica,13167,10579.88,2022-11-25,Cancelada
2102,3164,Oro,34685,27032.81,2024-11-21,Cancelada
2103,3219,Signature,167956,141490.98,2026-06-19,Vigente
2104,5438,Oro,45186,28693.56,2024-07-10,Bloqueada
2105,2126,Signature,256141,29647.31,2025-04-10,Cancelada
2106,4089,Platino,112321,27822.45,2025-03-21,Vigente
2107,2343,Platino,125426,11357.29,2024-12-17,Cancelada
2108,7583,Oro,41973,15862.59,2022-09-07,Cancelada
2109,6703,Oro,36127,2819.8,2024-10-04,Vigente
2110,629,Clasica,13643,4404.99,2024-06-17,Vigente
2111,6779,Oro,40885,13583.37,2025-06-13,Cancelada
2112,5973,Platino,90408,45328.15,2022-11-26,Vigente
2113,3012,Oro,47666,39936.1,2023-08-07,Vigente
2114,2421,Oro,48770,33859.89,2025-12-03,Vigente
2115,5109,Clasica,19873,195.48,2026-08-10,Vigente
2116,1455,Clasica,13887,10869.36,2023-03-04,Vigente
2117,4053,Signature,208358,17450.44,2024-02-06,Vigente
2118,5818,Platino,124127,49297.57,2026-01-14,Vigente
2119,934,Platino,88826,12866.11,2023-07-10,Vigente
2120,5045,Clasica,15368,3149.59,2023-10-06,Cancelada
2121,6922,Clasica,12856,7384.94,2023-06-08,Vigente
2122,4908,Platino,122450,69498.51,2024-09-29,Vigente
2123,1350,Signature,224754,137231.49,2025-09-22,Cancelada
2124,4132,Clasica,14871,3208.41,2025-02-20,Vigente
2125,5328,Signature,185742,81477.67,2025-01-25,Vigente
2126,5980,Platino,75822,39365.99,2023-03-09,Vigente
2127,6334,Oro,34446,12545.18,2023-10-22,Bloqueada
2128,7290,Oro,47505,4701.91,2024-01-27,Vigente
2129,7689,Oro,35291,7792.72,2025-02-19,Cancelada
2130,6336,Platino,82810,23848.99,2026-04-18,Cancelada
2131,1538,Platino,110492,77386.88,2023-01-31,Vigente
2132,5882,Signature,162638,37343.25,2024-10-25,Cancelada
2133,1232,Oro,54529,1125.59,2023-02-03,Vigente
2134,2375,Oro,55242,46533.44,2022-10-12,Bloqueada
2135,420,Signature,270762,114435.39,2024-06-13,Cancelada
2136,7817,Clasica,12989,5796.34,2024-10-28,Vigente
2137,7293,Oro,40724,13518.6,2022-12-25,Bloqueada
2138,887,Platino,124262,54640.23,2024-07-08,Bloqueada
2139,2015,Signature,232512,111065.2,2024-01-04,Vigente
2140,5204,Platino,121434,11612.2,2023-05-13,Vigente
2141,1968,Signature,254393,53469.53,2026-03-27,Cancelada
2142,4281,Oro,45664,5725.44,2022-08-31,Cancelada
2143,3737,Signature,172152,129798.25,2024-02-14,Vigente
2144,7263,Signature,272464,108263.95,2023-11-10,Vigente
2145,6135,Clasica,14046,7286.87,2023-05-13,Bloqueada
2146,7139,Platino,121641,66219.54,2022-12-20,Vigente
2147,3048,Oro,36412,21636.93,2026-06-12,Vigente
2148,322,Oro,33791,16736.9,2025-01-18,Vigente
2149,6699,Signature,224446,52420.44,2025-06-18,Vigente
2150,5258,Signature,220878,152214.46,2026-07-25,Vigente
2151,123,Signature,210436,87254.68,2024-10-13,Vigente
2152,6310,Platino,121600,45173.99,2025-03-27,Vigente
2153,5527,Oro,50152,13346.14,2025-04-12,Vigente
2154,4030,Clasica,16792,8104.29,2025-05-29,Vigente
2155,118,Clasica,13594,7076.54,2024-12-10,Vigente
2156,3981,Clasica,18372,10388.16,2023-11-07,Bloqueada
2157,5368,Platino,79186,31875.45,2026-02-24,Vigente
2158,7152,Oro,47817,6212.2,2023-11-02,Vigente
2159,3764,Signature,236416,48462.39,2025-04-11,Vigente
2160,2995,Platino,94508,28622.05,2022-10-25,Vigente
2161,4972,Platino,77601,25051.48,2023-06-18,Vigente
2162,7479,Clasica,15522,1163.41,2022-09-26,Bloqueada
2163,963,Oro,34498,4446.97,2023-06-22,Vigente
2164,2439,Clasica,14925,1500.13,2025-03-29,Vigente
2165,5095,Oro,47214,34339.29,2024-03-09,Vigente
2166,2807,Platino,100434,14676.84,2023-07-01,Vigente
2167,4881,Platino,110557,58758.85,2025-01-19,Vigente
2168,2064,Oro,45745,29843.44,2025-10-17,Bloqueada
2169,3896,Clasica,12882,1980.48,2025-10-31,Vigente
2170,905,Clasica,15163,3865.86,2023-06-29,Vigente
2171,7759,Oro,42051,4018.61,2025-09-03,Vigente
2172,3894,Clasica,12027,6940.8,2024-05-18,Vigente
2173,2577,Platino,105929,62694.42,2025-10-25,Vigente
2174,2001,Oro,41795,24861.86,2023-02-19,Vigente
2175,4390,Signature,189290,139663.17,2026-05-21,Vigente
2176,6721,Platino,110762,39482.85,2026-06-20,Cancelada
2177,2114,Platino,125016,39436.31,2023-05-12,Cancelada
2178,2795,Signature,164371,26006.94,2024-05-08,Vigente
2179,4061,Oro,45566,8782.86,2023-04-24,Vigente
2180,4782,Clasica,20885,10295.46,2022-09-01,Bloqueada
2181,3742,Platino,75536,21397.4,2024-05-23,Vigente
2182,5726,Oro,35104,6551.93,2023-05-02,Cancelada
2183,391,Platino,89018,16431.55,2024-01-27,Vigente
2184,6678,Signature,271273,180654.76,2025-06-01,Vigente
2185,3840,Signature,273300,131878.39,2022-10-05,Vigente
2186,1839,Oro,49681,2290.95,2023-10-15,Bloqueada
2187,6774,Platino,96396,37457.08,2023-03-31,Cancelada
2188,4049,Signature,227060,169577.32,2026-04-06,Vigente
2189,4937,Oro,53452,35556.98,2024-02-23,Cancelada
2190,2407,Oro,37284,23738.92,2024-03-25,Bloqueada
2191,1049,Signature,182221,31897.18,2025-05-17,Vigente
2192,769,Oro,55080,38906.82,2025-08-10,Vigente
2193,4271,Platino,85090,67532.42,2022-09-24,Bloqueada
2194,4188,Clasica,12661,2140.59,2022-10-07,Cancelada
2195,2588,Platino,83620,47880.63,2023-07-11,Bloqueada
2196,6431,Platino,98333,3711.11,2025-07-12,Vigente
2197,7346,Clasica,20263,14428.14,2023-01-06,Cancelada
2198,54,Signature,189998,126883.14,2023-04-27,Vigente
2199,203,Signature,248682,208277.19,2023-10-21,Bloqueada
2200,884,Platino,78987,61031.92,2026-08-04,Bloqueada
2201,4030,Oro,52226,3547.68,2025-06-04,Vigente
2202,6480,Clasica,20128,2901.79,2025-02-17,Cancelada
2203,4225,Oro,38896,24819.76,2026-05-23,Cancelada
2204,7815,Signature,247782,16651.91,2023-04-20,Vigente
2205,5935,Platino,122923,95037.29,2025-02-02,Cancelada
2206,1776,Clasica,14058,4041.45,2023-04-02,Bloqueada
2207,1858,Signature,191103,21796.82,2023-08-28,Bloqueada
2208,5632,Signature,184939,133599.05,2025-09-05,Cancelada
2209,6181,Oro,55094,20098.56,2023-09-04,Cancelada
2210,5961,Clasica,17348,8431.01,2024-12-12,Cancelada
2211,7264,Clasica,18066,6790.11,2023-08-10,Vigente
2212,5403,Platino,109881,81960.49,2025-09-18,Vigente
2213,7079,Signature,164845,23140.05,2022-10-01,Cancelada
2214,5675,Platino,72497,55589.58,2023-08-16,Bloqueada
2215,3626,Platino,108141,33626.22,2026-05-30,Vigente
2216,2507,Platino,121413,22663.24,2024-04-19,Cancelada
2217,5886,Clasica,15451,5718.36,2025-08-12,Vigente
2218,5891,Clasica,12281,3842.53,2026-09-02,Cancelada
2219,1904,Clasica,20542,10201.91,2026-02-08,Bloqueada
2220,3089,Clasica,14784,12109.43,2025-02-26,Vigente
2221,6922,Clasica,19143,723.58,2024-12-03,Vigente
2222,6186,Clasica,18745,4314.02,2022-11-18,Cancelada
2223,3264,Signature,196167,61495.32,2025-04-24,Vigente
2224,1854,Platino,80219,3430.58,2022-08-18,Vigente
2225,4624,Clasica,19115,10692.73,2022-12-06,Vigente
2226,7962,Oro,39871,1399.54,2025-05-26,Bloqueada
2227,4120,Clasica,17562,13015.32,2026-08-04,Bloqueada
2228,2143,Signature,242116,204031.37,2026-08-19,Vigente
2229,7934,Signature,212008,103989.95,2024-09-08,Vigente
2230,3457,Clasica,20629,4513.96,2022-12-08,Vigente
2231,1223,Oro,55380,44415.22,2023-04-17,Vigente
2232,6367,Signature,222812,131641.75,2024-11-24,Vigente
2233,4645,Signature,275211,196698.69,2024-08-14,Cancelada
2234,1501,Platino,124249,38109.97,2026-02-28,Cancelada
2235,2526,Platino,111137,73067.91,2023-11-30,Vigente
2236,2285,Platino,96715,5651.18,2024-10-18,Vigente
2237,5978,Signature,164277,42834.82,2024-10-14,Vigente
2238,1880,Oro,40909,23594.37,2023-10-24,Vigente
2239,1173,Signature,244479,856.43,2023-11-13,Vigente
2240,5147,Signature,219301,9604.42,2022-10-14,Bloqueada
2241,3829,Signature,245735,151245.65,2023-07-21,Bloqueada
2242,2984,Platino,116381,5740.49,2023-10-13,Bloqueada
2243,1835,Platino,91482,13820.8,2026-01-28,Vigente
2244,720,Clasica,19958,15298.79,2025-07-01,Vigente
2245,4164,Signature,245117,198993.74,2025-12-27,Cancelada
2246,640,Platino,116567,27006.28,2025-10-26,Vigente
2247,6639,Platino,107005,65403.94,2026-05-09,Vigente
2248,5626,Signature,208661,25481.69,2024-07-29,Vigente
2249,5725,Clasica,18365,10321.09,2024-03-30,Vigente
2250,636,Oro,48735,16319.86,2025-09-18,Bloqueada
2251,1231,Platino,74620,15398.89,2024-11-09,Vigente
2252,2097,Clasica,13407,10367.19,2023-05-19,Cancelada
2253,6907,Oro,38936,15814.27,2025-07-28,Vigente
2254,6091,Platino,77959,23883.51,2024-01-29,Bloqueada
2255,7658,Signature,251589,79376.69,2026-05-02,Cancelada
2256,7564,Clasica,16605,13045.15,2024-03-05,Vigente
2257,675,Platino,78319,27174.81,2022-09-14,Vigente
2258,216,Clasica,17887,5322.33,2022-11-24,Bloqueada
2259,1147,Clasica,12554,3827.46,2025-02-25,Vigente
2260,4779,Platino,91475,14077.36,2023-07-08,Cancelada
2261,3311,Signature,198942,522.36,2024-12-16,Bloqueada
2262,4850,Oro,35360,25618.61,2023-03-12,Vigente
2263,3316,Signature,234177,159693.56,2024-11-04,Cancelada
2264,5649,Signature,165124,3096.73,2026-04-07,Bloqueada
2265,34,Platino,106080,12241.38,2025-10-22,Bloqueada
2266,1790,Clasica,18387,10752.96,2023-09-18,Vigente
2267,6771,Clasica,15867,5382.79,2023-06-05,Vigente
2268,6831,Platino,119642,8216.12,2025-01-18,Cancelada
2269,7264,Clasica,14828,11591.61,2025-12-26,Cancelada
2270,1144,Signature,236353,138643.92,2024-06-19,Vigente
2271,5603,Platino,111068,4666.44,2022-12-19,Vigente
2272,1522,Clasica,16128,11874.75,2026-08-28,Cancelada
2273,3677,Oro,32740,17466.1,2026-06-06,Cancelada
2274,6615,Signature,209469,65942.94,2023-11-02,Vigente
2275,5847,Platino,100768,5398.95,2025-03-05,Cancelada
2276,5716,Platino,80364,11656.9,2025-09-26,Vigente
2277,5115,Oro,47612,13416.32,2023-10-13,Vigente
2278,5460,Signature,245990,201030.88,2026-06-16,Cancelada
2279,3272,Oro,44653,36110.83,2025-05-21,Bloqueada
2280,7240,Signature,229831,132106.8,2025-07-28,Bloqueada
2281,4840,Platino,109155,15811.53,2024-07-11,Vigente
2282,5200,Clasica,16753,8222.2,2024-08-01,Vigente
2283,5775,Platino,92368,15125.94,2026-06-14,Vigente
2284,7231,Oro,38711,5553.29,2025-06-29,Vigente
2285,6722,Clasica,17061,1310.56,2024-07-24,Vigente
2286,1266,Oro,33977,11416.03,2022-08-27,Cancelada
2287,1455,Clasica,17835,6654.3,2024-03-09,Cancelada
2288,5525,Clasica,15904,7528.26,2024-11-30,Vigente
2289,592,Clasica,15621,4722.19,2026-06-24,Bloqueada
2290,7836,Oro,33431,281.53,2023-11-21,Vigente
2291,3341,Signature,266510,150608.46,2024-02-21,Vigente
2292,6742,Signature,217282,39996.57,2025-02-12,Vigente
2293,6593,Oro,32735,4213.73,2023-12-18,Cancelada
2294,2376,Oro,41702,26339.64,2024-12-15,Vigente
2295,109,Platino,86476,51191.66,2023-05-29,Vigente
2296,1952,Platino,78365,21537.46,2023-05-04,Vigente
2297,5170,Oro,54232,29858.38,2023-08-02,Bloqueada
2298,522,Signature,268633,92857.81,2026-02-07,Vigente
2299,6899,Platino,83988,19614.15,2023-10-10,Cancelada
2300,2357,Signature,260723,3640.89,2024-01-05,Vigente
2301,7104,Clasica,14187,4908.99,2023-01-22,Cancelada
2302,1062,Clasica,17819,7568.33,2025-05-29,Cancelada
2303,1573,Clasica,13011,1504.06,2024-09-16,Cancelada
2304,1442,Signature,230353,24112.32,2026-04-01,Cancelada
2305,6028,Oro,39844,13156.79,2022-10-26,Cancelada
2306,5922,Platino,114653,13529.41,2024-04-14,Vigente
2307,4134,Platino,118159,3032.68,2024-08-02,Vigente
2308,3125,Signature,233664,5748.55,2023-12-20,Cancelada
2309,3983,Clasica,14844,2935.0,2023-08-06,Vigente
2310,1887,Platino,119971,47712.99,2025-03-10,Vigente
2311,5097,Platino,109478,53046.56,2022-10-20,Vigente
2312,1952,Signature,268475,207566.74,2025-11-18,Vigente
2313,1981,Oro,47054,39613.55,2023-03-06,Vigente
2314,4209,Clasica,17183,4238.92,2025-06-05,Vigente
2315,2591,Platino,73083,16509.95,2023-08-09,Bloqueada
2316,38,Clasica,20775,13869.56,2025-02-14,Bloqueada
2317,7745,Platino,125456,86437.7,2023-06-04,Bloqueada
2318,3186,Oro,46341,37293.01,2025-03-17,Vigente
2319,422,Clasica,18900,1531.19,2024-07-04,Vigente
2320,7715,Clasica,20890,14190.95,2023-02-06,Bloqueada
2321,7405,Clasica,18289,4982.2,2025-05-30,Vigente
2322,5000,Oro,40023,28472.16,2025-12-14,Vigente
2323,7780,Signature,210167,56280.74,2024-03-06,Vigente
2324,1243,Platino,101970,30766.66,2024-07-23,Vigente
2325,7798,Clasica,17723,10112.82,2024-04-21,Vigente
2326,5865,Platino,111270,63222.69,2026-04-04,Vigente
2327,7809,Oro,48512,26753.33,2024-07-04,Vigente
2328,7273,Platino,109814,33278.88,2024-04-18,Bloqueada
2329,2181,Oro,39001,10555.99,2025-02-23,Vigente
2330,1088,Oro,42024,25680.37,2025-05-17,Vigente
2331,1063,Oro,46141,1880.62,2026-06-30,Bloqueada
2332,1119,Oro,32538,14337.37,2023-11-27,Vigente
2333,5928,Oro,43860,21775.51,2026-06-24,Vigente
2334,3571,Oro,37944,11197.16,2025-03-11,Bloqueada
2335,1857,Platino,88047,50893.59,2024-03-23,Cancelada
2336,737,Signature,213350,72588.38,2023-05-09,Vigente
2337,6568,Clasica,20842,17224.03,2024-05-18,Vigente
2338,4290,Signature,238044,129005.4,2025-11-06,Bloqueada
2339,2719,Platino,116423,76359.55,2022-08-17,Vigente
2340,790,Clasica,15189,1004.26,2023-02-11,Vigente
2341,185,Platino,79705,4904.99,2025-10-30,Vigente
2342,3727,Signature,217117,123580.87,2025-04-17,Bloqueada
2343,7271,Clasica,17268,3612.43,2025-10-20,Vigente
2344,3263,Clasica,13965,9768.0,2023-10-30,Bloqueada
2345,4587,Platino,74646,28949.76,2026-01-13,Cancelada
2346,2125,Oro,50225,13132.47,2023-10-02,Vigente
2347,99,Clasica,16282,12431.31,2023-08-26,Vigente
2348,2220,Oro,49909,20380.72,2023-02-27,Bloqueada
2349,3836,Signature,175910,111322.68,2024-05-23,Bloqueada
2350,6952,Oro,41610,12653.76,2025-08-20,Bloqueada
2351,4947,Oro,50175,24723.0,2024-03-31,Bloqueada
2352,5515,Oro,33959,23136.4,2023-01-24,Vigente
2353,5510,Platino,98350,43929.04,2024-02-17,Vigente
2354,824,Signature,200345,111323.98,2026-08-13,Vigente
2355,2909,Oro,54762,24934.97,2023-02-17,Bloqueada
2356,3334,Signature,160226,114336.35,2026-07-15,Cancelada
2357,1970,Oro,42360,25862.81,2025-08-01,Cancelada
2358,6471,Clasica,12284,4783.02,2025-11-24,Vigente
2359,5310,Clasica,14486,9116.68,2022-08-12,Vigente
2360,4872,Clasica,20613,5185.11,2023-06-07,Vigente
2361,439,Clasica,16938,14125.84,2023-01-31,Vigente
2362,854,Clasica,20756,17128.99,2023-09-12,Vigente
2363,3388,Signature,276365,205247.93,2024-11-13,Vigente
2364,6586,Signature,206314,99923.97,2023-12-19,Vigente
2365,6910,Signature,205966,51544.09,2024-06-23,Vigente
2366,6714,Signature,271243,173027.08,2026-02-01,Cancelada
2367,6361,Signature,211537,26845.55,2026-08-02,Vigente
2368,497,Platino,117692,827.49,2022-10-04,Vigente
2369,6625,Oro,34774,23323.54,2024-03-14,Bloqueada
2370,4779,Oro,35633,23048.45,2023-01-21,Cancelada
2371,297,Clasica,15304,910.71,2023-07-30,Vigente
2372,5359,Signature,260671,14792.19,2024-11-18,Vigente
2373,4286,Signature,207965,94887.31,2023-09-12,Vigente
2374,6165,Signature,266411,164679.22,2024-12-29,Vigente
2375,5655,Signature,259100,202762.29,2023-06-22,Cancelada
2376,135,Signature,185431,107070.82,2026-03-25,Vigente
2377,6617,Oro,34897,5944.67,2023-06-02,Vigente
2378,6401,Signature,217678,34281.95,2025-03-09,Vigente
2379,2625,Platino,121722,12854.48,2025-12-05,Vigente
2380,79,Signature,233386,21642.26,2025-12-22,Vigente
2381,104,Signature,241660,189526.98,2026-04-03,Vigente
2382,7596,Oro,37592,17924.57,2024-05-21,Vigente
2383,3387,Signature,232091,170.26,2023-12-24,Cancelada
2384,7493,Signature,268547,105397.92,2023-05-06,Vigente
2385,439,Clasica,14338,4539.47,2022-10-16,Bloqueada
2386,346,Platino,81149,17258.13,2022-12-13,Bloqueada
2387,6577,Platino,105909,55215.15,2023-07-22,Bloqueada
2388,3922,Oro,35572,17945.52,2023-09-07,Vigente
2389,834,Oro,47449,12956.72,2024-08-02,Cancelada
2390,1728,Clasica,13517,10159.31,2026-05-24,Vigente
2391,7786,Platino,92733,40507.56,2026-01-03,Vigente
2392,3360,Signature,189629,10297.87,2023-02-01,Vigente
2393,2620,Clasica,16416,1923.32,2024-11-01,Vigente
2394,7753,Clasica,15053,12316.73,2022-11-15,Cancelada
2395,2340,Platino,106246,27806.14,2023-06-07,Vigente
2396,2687,Oro,44613,7558.17,2025-07-03,Vigente
2397,4216,Signature,226380,20477.16,2023-04-10,Vigente
2398,3455,Clasica,16906,8537.46,2025-03-02,Vigente
2399,1164,Oro,32644,10263.38,2023-09-14,Bloqueada
2400,3627,Oro,32810,23430.43,2023-02-27,Vigente
2401,1959,Signature,198130,125169.07,2023-04-29,Vigente
2402,2087,Clasica,14105,10935.34,2024-03-31,Vigente
2403,1227,Platino,80064,6938.41,2023-09-22,Vigente
2404,6942,Clasica,16015,12114.18,2024-08-04,Bloqueada
2405,5023,Oro,51244,3730.98,2024-02-21,Vigente
2406,6246,Platino,80044,31436.95,2022-07-31,Cancelada
2407,7498,Signature,255749,49405.92,2024-06-29,Vigente
2408,3443,Oro,51956,18084.2,2024-12-09,Vigente
2409,5179,Oro,39966,2265.87,2024-12-25,Vigente
2410,7070,Clasica,20832,15509.76,2023-07-27,Vigente
2411,3248,Platino,100848,81612.01,2026-04-12,Cancelada
2412,3446,Oro,48445,835.92,2025-06-09,Bloqueada
2413,3163,Clasica,16553,2688.68,2022-10-19,Bloqueada
2414,1086,Signature,205017,169112.79,2026-07-01,Vigente
2415,4508,Oro,36028,25655.36,2023-08-24,Cancelada
2416,5499,Platino,83698,40583.39,2026-08-14,Vigente
2417,490,Signature,227833,12791.03,2024-04-06,Vigente
2418,619,Oro,34481,8665.04,2023-10-31,Cancelada
2419,3649,Oro,44880,32316.62,2025-01-05,Vigente
2420,6125,Platino,111446,11833.04,2025-02-04,Vigente
2421,733,Signature,212809,24021.3,2024-12-21,Vigente
2422,7326,Clasica,17579,9830.08,2025-01-10,Cancelada
2423,1614,Clasica,17309,8231.42,2026-06-09,Vigente
2424,6149,Oro,40165,6450.88,2024-01-25,Vigente
2425,2896,Clasica,12837,6356.3,2026-04-12,Vigente
2426,7882,Platino,97753,46913.41,2026-04-22,Vigente
2427,7829,Signature,213249,118485.04,2025-04-09,Cancelada
2428,7872,Signature,232823,11774.03,2023-01-10,Bloqueada
2429,2088,Oro,45088,2852.74,2023-05-06,Bloqueada
2430,830,Signature,233576,13448.6,2023-11-18,Bloqueada
2431,4310,Signature,199329,135372.42,2025-07-13,Vigente
2432,1280,Signature,174074,102458.13,2023-02-19,Bloqueada
2433,1346,Platino,112381,9027.38,2025-03-28,Cancelada
2434,2560,Oro,47482,38564.19,2022-12-04,Vigente
2435,5619,Clasica,14886,8276.88,2023-01-11,Vigente
2436,5665,Signature,193136,121434.23,2025-12-02,Vigente
2437,5126,Oro,55324,38421.48,2025-04-26,Cancelada
2438,5542,Signature,230043,116740.14,2025-07-26,Bloqueada
2439,660,Platino,109148,58265.56,2024-10-12,Vigente
2440,4678,Signature,185669,58740.91,2023-08-24,Vigente
2441,2538,Clasica,15366,12923.15,2025-06-28,Vigente
2442,4739,Oro,53336,3236.84,2025-06-29,Bloqueada
2443,764,Signature,196197,46174.93,2025-05-13,Vigente
2444,963,Oro,50307,20714.64,2026-04-11,Vigente
2445,42,Clasica,19835,3186.56,2026-07-12,Vigente
2446,5163,Signature,180977,90336.17,2024-04-27,Vigente
2447,1823,Clasica,20186,16135.8,2026-03-22,Bloqueada
2448,3542,Oro,46247,37043.77,2022-11-15,Vigente
2449,295,Platino,99094,77000.73,2023-10-10,Bloqueada
2450,2785,Signature,215298,36064.87,2023-06-18,Bloqueada
2451,2502,Signature,243071,181731.54,2026-03-29,Vigente
2452,6300,Platino,116573,74676.45,2023-10-12,Cancelada
2453,5039,Platino,87128,26264.24,2024-08-05,Cancelada
2454,1334,Clasica,12753,908.85,2022-08-12,Vigente
2455,6540,Clasica,16864,10044.82,2024-06-12,Vigente
2456,2981,Clasica,15665,10489.55,2023-03-19,Vigente
2457,6937,Signature,245302,5084.64,2023-09-14,Vigente
2458,7101,Oro,53378,36826.04,2025-01-23,Vigente
2459,3868,Platino,115589,30156.13,2024-08-26,Vigente
2460,5813,Oro,46403,6823.35,2025-06-16,Cancelada
2461,4367,Oro,46546,17520.63,2023-01-07,Vigente
2462,3160,Oro,33137,8139.27,2023-10-30,Vigente
2463,7139,Platino,73430,21738.17,2022-11-14,Vigente
2464,6055,Signature,210100,60020.41,2026-03-22,Cancelada
2465,3467,Signature,245225,109589.6,2024-01-31,Vigente
2466,3722,Oro,39534,29673.15,2023-01-06,Bloqueada
2467,5452,Platino,121463,6522.83,2022-10-23,Cancelada
2468,2403,Clasica,13224,8092.74,2022-08-25,Vigente
2469,7836,Signature,271530,20726.35,2026-03-15,Cancelada
2470,5204,Oro,44293,3767.52,2026-02-02,Bloqueada
2471,7302,Platino,91874,1927.88,2024-12-01,Vigente
2472,4569,Oro,45815,28731.51,2026-01-27,Cancelada
2473,2178,Clasica,16158,5146.77,2025-01-20,Cancelada
2474,4792,Platino,92088,12322.25,2024-07-07,Bloqueada
2475,3511,Clasica,18291,11112.24,2023-06-02,Vigente
2476,6975,Platino,125999,12475.57,2026-02-20,Vigente
2477,1401,Oro,39476,17872.28,2024-04-13,Cancelada
2478,337,Oro,49384,28031.13,2022-07-27,Vigente
2479,3654,Platino,100728,77286.57,2024-05-22,Vigente
2480,150,Oro,35379,27752.97,2025-02-15,Vigente
2481,6682,Clasica,16485,13643.13,2026-06-23,Vigente
2482,6633,Oro,37575,30404.06,2026-04-22,Bloqueada
2483,424,Platino,125854,65041.55,2026-01-23,Vigente
2484,2980,Clasica,16504,10867.79,2023-07-29,Vigente
2485,2035,Oro,45343,33003.48,2024-07-12,Vigente
2486,690,Signature,222881,113965.23,2026-02-27,Vigente
2487,3019,Signature,259540,105479.8,2024-08-01,Bloqueada
2488,3490,Platino,104478,13040.55,2025-12-10,Cancelada
2489,5870,Clasica,20967,16457.18,2024-02-10,Vigente
2490,345,Signature,220780,31621.76,2024-06-17,Vigente
2491,4562,Platino,89667,30136.53,2024-11-13,Vigente
2492,2860,Oro,53639,42322.36,2024-02-09,Vigente
2493,4555,Oro,36087,14194.97,2025-12-14,Vigente
2494,3424,Platino,91420,59456.91,2025-04-23,Vigente
2495,2887,Clasica,15878,7931.55,2025-09-24,Vigente
2496,4755,Signature,231364,67923.86,2026-01-09,Vigente
2497,6977,Signature,188443,159554.92,2022-07-29,Vigente
2498,7412,Oro,44274,28829.55,2025-02-28,Vigente
2499,4493,Signature,240237,86831.5,2026-03-24,Vigente
2500,659,Oro,40728,29712.56,2024-12-03,Vigente
2501,5345,Oro,41872,31386.29,2026-04-05,Cancelada
2502,5861,Oro,40747,10398.0,2023-04-29,Vigente
2503,3010,Oro,40415,32876.93,2025-08-30,Cancelada
2504,2188,Signature,227638,91037.64,2023-12-10,Vigente
2505,388,Signature,165109,42920.54,2026-05-30,Cancelada
2506,6051,Platino,72524,2238.18,2026-08-23,Vigente
2507,4154,Signature,245335,49730.29,2025-02-16,Cancelada
2508,5762,Platino,76457,20789.5,2024-07-29,Vigente
2509,6573,Signature,183163,140130.15,2025-08-14,Vigente
2510,5682,Signature,189769,11524.73,2022-08-26,Vigente
2511,1831,Oro,43295,24235.61,2023-04-22,Bloqueada
2512,4050,Clasica,12596,9751.93,2024-01-30,Vigente
2513,1337,Clasica,15496,9373.91,2026-05-05,Bloqueada
2514,7492,Signature,192801,65438.18,2026-08-04,Cancelada
2515,7201,Signature,255689,34.06,2026-07-16,Vigente
2516,291,Clasica,12083,5426.5,2026-01-18,Cancelada
2517,7629,Platino,81994,8475.98,2024-03-13,Bloqueada
2518,7063,Signature,226968,144684.65,2024-03-08,Vigente
2519,1197,Signature,179588,62404.59,2024-01-21,Vigente
2520,2469,Platino,90855,2760.87,2024-02-09,Bloqueada
2521,2348,Platino,103960,13017.79,2025-03-26,Vigente
2522,7670,Clasica,13499,7169.66,2023-03-28,Bloqueada
2523,7211,Clasica,19387,15684.33,2023-02-03,Vigente
2524,7429,Clasica,15288,12002.78,2024-07-31,Cancelada
2525,320,Clasica,19434,12949.78,2024-10-22,Cancelada
2526,3374,Oro,34046,25604.06,2026-01-18,Vigente
2527,2447,Oro,45530,25355.63,2023-04-22,Bloqueada
2528,634,Signature,217582,118464.95,2024-01-07,Bloqueada
2529,3950,Oro,49489,13543.69,2024-05-27,Vigente
2530,6770,Signature,207940,11314.18,2023-07-10,Bloqueada
2531,236,Signature,199408,14581.06,2025-06-17,Cancelada
2532,130,Clasica,14538,1160.3,2022-08-28,Bloqueada
2533,724,Oro,46061,24929.92,2024-07-05,Vigente
2534,6970,Clasica,13077,5733.8,2024-03-01,Vigente
2535,778,Clasica,15780,1158.56,2024-03-03,Bloqueada
2536,2377,Platino,116418,16763.61,2023-10-29,Vigente
2537,3598,Clasica,15250,7947.92,2026-01-14,Cancelada
2538,4683,Oro,46967,35957.36,2023-12-31,Vigente
2539,96,Oro,45182,22485.41,2025-05-16,Bloqueada
2540,6541,Platino,99994,54798.85,2023-05-27,Cancelada
2541,5512,Platino,125281,45369.81,2022-08-10,Vigente
2542,7986,Platino,109534,12729.38,2023-04-19,Vigente
2543,1547,Platino,99045,80355.85,2024-04-02,Vigente
2544,7918,Signature,278107,42162.14,2025-01-29,Vigente
2545,1752,Platino,87542,21921.51,2024-03-28,Bloqueada
2546,2552,Clasica,15052,4623.82,2024-06-25,Cancelada
2547,2172,Clasica,17827,8566.62,2024-11-04,Bloqueada
2548,7225,Signature,227957,94026.26,2023-02-26,Cancelada
2549,3976,Signature,177305,22590.03,2026-01-08,Vigente
2550,3010,Signature,271584,202822.68,2024-10-05,Vigente
2551,975,Clasica,19537,3836.71,2025-05-31,Vigente
2552,1752,Clasica,19475,16184.76,2024-08-14,Bloqueada
2553,3883,Clasica,15222,2900.34,2023-06-11,Bloqueada
2554,5658,Clasica,14980,3660.78,2024-01-08,Vigente
2555,2063,Clasica,19387,6137.0,2025-03-11,Bloqueada
2556,3269,Clasica,16786,7786.4,2026-07-21,Vigente
2557,986,Oro,39514,5979.01,2024-10-10,Vigente
2558,678,Platino,95737,75123.07,2023-12-28,Vigente
2559,1963,Clasica,20097,11269.03,2023-02-25,Vigente
2560,1382,Signature,215656,71978.71,2026-02-22,Bloqueada
2561,7023,Signature,226081,133996.47,2022-08-11,Cancelada
2562,299,Oro,50185,28712.54,2022-12-29,Bloqueada
2563,2951,Oro,47455,14472.75,2024-06-09,Cancelada
2564,5032,Clasica,18770,7428.08,2022-09-18,Vigente
2565,4444,Signature,163727,16240.86,2024-07-24,Vigente
2566,5395,Signature,173597,101124.51,2025-09-01,Vigente
2567,4310,Platino,94807,40725.28,2023-07-11,Bloqueada
2568,4878,Platino,103636,7664.61,2025-11-17,Cancelada
2569,1405,Clasica,15671,13051.64,2024-05-26,Vigente
2570,1735,Clasica,16108,11464.48,2023-11-20,Vigente
2571,1019,Clasica,19157,15753.8,2023-08-15,Cancelada
2572,7821,Signature,189487,46648.56,2023-02-06,Vigente
2573,2289,Signature,162018,112304.87,2023-04-06,Vigente
2574,6827,Platino,83383,49627.58,2025-03-31,Vigente
2575,2984,Signature,257289,132987.76,2023-01-17,Bloqueada
2576,2743,Signature,228194,177592.86,2023-09-15,Bloqueada
2577,669,Oro,43321,31236.25,2026-04-26,Cancelada
2578,1422,Platino,119799,69981.27,2024-10-26,Vigente
2579,6002,Clasica,13959,1043.28,2024-03-13,Vigente
2580,1730,Clasica,13395,7754.38,2023-09-28,Cancelada
2581,5155,Oro,55275,15423.33,2022-11-09,Cancelada
2582,5494,Clasica,15784,35.46,2023-02-22,Vigente
2583,7562,Platino,95182,75147.57,2025-01-06,Vigente
2584,7304,Platino,113140,3614.71,2024-08-31,Vigente
2585,4894,Platino,108437,66372.85,2022-12-11,Vigente
2586,2530,Platino,103507,7802.84,2023-08-21,Bloqueada
2587,2150,Signature,160330,27190.76,2026-05-14,Vigente
2588,2827,Clasica,20215,7732.88,2022-09-15,Cancelada
2589,3213,Signature,193696,81369.51,2025-02-01,Vigente
2590,5254,Clasica,16063,7766.3,2025-09-20,Vigente
2591,2551,Oro,35379,265.18,2024-06-22,Bloqueada
2592,2450,Signature,169521,82292.46,2025-08-02,Bloqueada
2593,7171,Signature,263303,153678.66,2024-12-08,Cancelada
2594,1367,Oro,38141,9735.59,2026-01-17,Vigente
2595,1825,Platino,73254,9531.71,2026-08-30,Vigente
2596,7652,Platino,109882,27028.14,2024-05-15,Cancelada
2597,6590,Oro,42178,22814.88,2024-10-29,Cancelada
2598,1304,Signature,251033,21295.81,2024-05-31,Vigente
2599,5474,Signature,170216,86682.9,2023-03-29,Cancelada
2600,4145,Signature,179624,144301.88,2024-12-06,Cancelada
2601,5197,Signature,265011,54901.52,2022-08-08,Bloqueada
2602,4632,Clasica,19488,9104.33,2023-04-24,Cancelada
2603,3544,Platino,77767,5320.31,2024-07-15,Vigente
2604,5660,Clasica,14119,4288.08,2026-03-06,Vigente
2605,4673,Clasica,18022,13691.66,2025-01-05,Vigente
2606,7528,Clasica,19320,4268.7,2023-12-12,Vigente
2607,7699,Clasica,16360,11797.14,2023-10-25,Vigente
2608,712,Clasica,18790,6949.86,2022-12-01,Vigente
2609,5897,Signature,174457,9658.1,2023-08-30,Cancelada
2610,3650,Oro,40886,21109.0,2023-01-21,Cancelada
2611,1794,Platino,119407,84580.51,2026-04-05,Vigente
2612,3928,Clasica,19169,6291.63,2022-08-25,Vigente
2613,2653,Oro,34089,3078.27,2026-03-16,Vigente
2614,5249,Signature,271511,23629.21,2023-12-13,Bloqueada
2615,787,Oro,48166,31420.71,2026-05-22,Vigente
2616,7260,Oro,39780,6458.74,2024-01-23,Bloqueada
2617,7921,Platino,120363,23090.2,2023-10-16,Bloqueada
2618,7049,Platino,98426,39928.78,2026-01-12,Vigente
2619,7142,Oro,38935,2612.23,2025-01-28,Vigente
2620,2043,Platino,82577,18911.03,2024-02-29,Vigente
2621,248,Platino,112350,79987.74,2023-07-27,Vigente
2622,7840,Clasica,17179,6265.02,2025-01-24,Vigente
2623,6805,Signature,227452,129511.54,2026-08-08,Vigente
2624,368,Signature,250457,210829.21,2024-08-19,Bloqueada
2625,5723,Clasica,19863,5950.78,2023-10-17,Vigente
2626,2880,Platino,114275,13601.19,2024-08-17,Vigente
2627,2484,Signature,257881,43037.1,2025-05-05,Vigente
2628,952,Platino,108935,15935.31,2023-04-26,Vigente
2629,5716,Oro,41237,7567.35,2024-07-24,Vigente
2630,6044,Platino,110831,42160.28,2026-03-19,Cancelada
2631,7657,Platino,120589,58538.09,2026-05-05,Vigente
2632,1811,Oro,52560,31747.37,2026-03-02,Vigente
2633,5833,Platino,106707,89254.2,2023-07-17,Cancelada
2634,5440,Oro,35078,15068.97,2026-04-02,Bloqueada
2635,7125,Oro,39195,18059.12,2023-05-16,Cancelada
2636,2065,Oro,36428,13503.2,2023-05-14,Vigente
2637,953,Platino,81062,60235.8,2022-11-04,Vigente
2638,3100,Platino,75183,25214.13,2026-08-15,Vigente
2639,1009,Oro,41570,1091.06,2022-07-28,Vigente
2640,7415,Signature,185870,4885.56,2024-04-20,Vigente
2641,4465,Clasica,14898,7611.55,2025-12-10,Vigente
2642,7608,Clasica,13280,7649.16,2026-01-10,Vigente
2643,602,Oro,53707,16431.54,2024-08-28,Bloqueada
2644,6348,Signature,199454,38459.86,2024-11-05,Bloqueada
2645,3141,Platino,74316,51325.35,2024-07-06,Vigente
2646,1326,Platino,94081,64274.34,2024-07-23,Vigente
2647,4690,Clasica,17250,6470.83,2024-09-20,Cancelada
2648,1553,Clasica,12461,6662.51,2025-02-12,Vigente
2649,4387,Oro,46268,37010.63,2024-09-06,Vigente
2650,3627,Clasica,19371,14904.1,2024-06-21,Vigente
2651,6040,Platino,82363,69882.83,2023-01-12,Bloqueada
2652,5996,Platino,72981,56233.78,2026-04-26,Bloqueada
2653,1236,Clasica,17734,15071.42,2024-06-24,Vigente
2654,5758,Oro,34394,20544.59,2026-02-02,Vigente
2655,695,Oro,37592,2049.89,2026-08-11,Vigente
2656,4165,Clasica,19831,1884.53,2026-04-13,Vigente
2657,4394,Oro,36142,25037.97,2023-04-11,Vigente
2658,4349,Platino,77569,58152.88,2022-08-10,Vigente
2659,1276,Clasica,15741,5791.45,2025-09-09,Bloqueada
2660,7196,Clasica,19520,6982.8,2024-07-07,Bloqueada
2661,5759,Clasica,18079,13739.79,2024-05-12,Bloqueada
2662,3074,Platino,93943,45969.77,2024-04-20,Vigente
2663,1271,Signature,168070,113384.2,2023-09-20,Cancelada
2664,5343,Clasica,15978,5133.46,2025-10-18,Cancelada
2665,1042,Clasica,16799,12353.89,2023-03-20,Vigente
2666,1764,Platino,109137,8825.62,2026-02-20,Vigente
2667,7685,Clasica,16018,13294.42,2025-12-13,Vigente
2668,6586,Platino,83519,25027.52,2024-10-03,Vigente
2669,6441,Platino,108854,54434.06,2026-03-23,Bloqueada
2670,7457,Clasica,14490,5760.47,2022-11-02,Vigente
2671,4301,Platino,115774,1011.97,2026-07-27,Vigente
2672,6727,Signature,168979,95124.39,2022-09-27,Vigente
2673,7959,Oro,35054,15982.35,2024-12-13,Vigente
2674,4273,Signature,188639,42621.58,2023-07-08,Vigente
2675,7646,Oro,44497,37159.0,2022-09-09,Vigente
2676,5062,Clasica,19646,1170.57,2025-01-20,Bloqueada
2677,559,Oro,34532,7711.7,2024-11-11,Cancelada
2678,2251,Signature,189139,158495.35,2024-11-27,Bloqueada
2679,5256,Oro,46922,26216.77,2024-01-29,Cancelada
2680,1922,Signature,160933,2615.61,2025-02-06,Bloqueada
2681,818,Clasica,20969,12323.41,2024-10-31,Cancelada
2682,3143,Oro,46985,9840.83,2024-10-22,Cancelada
2683,3267,Signature,220137,124518.49,2022-07-31,Cancelada
2684,3315,Signature,234655,46458.62,2022-08-21,Cancelada
2685,982,Clasica,17624,3890.1,2023-09-16,Vigente
2686,5188,Oro,41039,8899.47,2023-02-08,Vigente
2687,1957,Signature,168326,31534.72,2026-07-10,Vigente
2688,5721,Clasica,19330,10956.46,2024-10-03,Cancelada
2689,6739,Oro,46730,34550.25,2023-09-08,Cancelada
2690,6421,Platino,101642,5711.89,2023-01-22,Bloqueada
2691,2135,Signature,275490,20556.83,2025-04-27,Cancelada
2692,1317,Oro,50349,5480.54,2024-10-28,Vigente
2693,3542,Clasica,17761,12340.37,2023-08-04,Cancelada
2694,6094,Clasica,16161,12795.47,2026-05-31,Vigente
2695,6492,Oro,55927,26484.77,2024-12-15,Vigente
2696,1772,Signature,191638,45034.74,2024-06-27,Cancelada
2697,3688,Signature,170011,129556.95,2024-03-21,Vigente
2698,3819,Platino,105854,87273.18,2026-08-15,Cancelada
2699,4446,Oro,54215,7884.73,2026-03-21,Cancelada
2700,7295,Clasica,18766,3761.22,2025-06-23,Cancelada
2701,9,Signature,173731,25782.63,2026-05-16,Vigente
2702,7052,Clasica,12224,9667.9,2026-01-23,Vigente
2703,3668,Signature,271965,171403.71,2024-03-22,Bloqueada
2704,3348,Oro,36178,7409.7,2024-05-09,Cancelada
2705,7214,Clasica,20121,208.23,2023-05-07,Vigente
2706,1131,Platino,80803,574.62,2025-01-28,Vigente
2707,2426,Oro,43597,19565.84,2026-06-30,Vigente
2708,4096,Signature,231045,145019.28,2025-08-24,Bloqueada
2709,7721,Platino,106351,53507.38,2023-02-15,Vigente
2710,4651,Oro,48976,34444.19,2023-04-21,Cancelada
2711,1491,Clasica,20729,14750.63,2022-12-06,Bloqueada
2712,7973,Signature,246609,27756.98,2024-05-30,Cancelada
2713,5876,Platino,80706,22734.24,2024-04-21,Vigente
2714,1805,Signature,194750,44123.74,2026-05-14,Vigente
2715,288,Platino,112684,88980.46,2022-12-09,Vigente
2716,75,Oro,35422,23774.22,2025-04-24,Bloqueada
2717,7903,Signature,174120,76734.07,2023-07-20,Vigente
2718,4869,Signature,276577,91775.81,2022-10-25,Cancelada
2719,3609,Signature,196515,44020.75,2024-05-19,Vigente
2720,1085,Clasica,19556,7247.86,2022-10-29,Vigente
2721,1786,Clasica,15310,12246.13,2023-07-11,Bloqueada
2722,1739,Clasica,18021,11454.17,2022-09-04,Bloqueada
2723,6179,Platino,89990,19260.07,2023-06-25,Vigente
2724,1330,Platino,75205,43636.02,2025-11-05,Bloqueada
2725,5159,Platino,123119,80371.3,2023-09-13,Vigente
2726,3802,Platino,101607,33144.24,2023-12-18,Bloqueada
2727,334,Platino,87680,60487.68,2022-12-22,Cancelada
2728,5671,Clasica,13428,4956.73,2024-10-20,Cancelada
2729,820,Signature,230196,93387.55,2022-09-30,Vigente
2730,1278,Oro,32689,5295.7,2026-08-04,Bloqueada
2731,7868,Clasica,19696,981.72,2026-08-22,Vigente
2732,875,Platino,117440,55814.46,2026-06-20,Cancelada
2733,898,Signature,266339,217052.73,2026-08-29,Cancelada
2734,3848,Platino,121771,10876.6,2026-03-16,Vigente
2735,1284,Oro,45933,14328.62,2022-08-31,Bloqueada
2736,1409,Signature,268622,64244.42,2026-02-06,Vigente
2737,7330,Platino,91795,39803.91,2026-06-21,Vigente
2738,2420,Platino,89135,73716.47,2025-12-15,Bloqueada
2739,5295,Signature,203147,163311.29,2023-10-06,Vigente
2740,4240,Clasica,15374,6299.78,2025-05-23,Bloqueada
2741,6752,Oro,36358,30829.62,2022-11-18,Vigente
2742,4792,Clasica,16368,7104.86,2026-01-16,Cancelada
2743,852,Signature,162754,40382.72,2023-06-18,Vigente
2744,5126,Clasica,12608,6467.59,2023-09-08,Bloqueada
2745,5752,Oro,33080,309.68,2025-07-21,Cancelada
2746,7405,Signature,233920,6224.97,2023-10-11,Vigente
2747,1764,Oro,36200,10767.47,2025-07-05,Vigente
2748,7799,Signature,251027,26247.18,2025-09-16,Cancelada
2749,5111,Signature,242214,23132.61,2026-05-01,Vigente
2750,5882,Platino,85014,41568.82,2025-05-03,Vigente
2751,4629,Signature,245932,22094.61,2025-04-03,Cancelada
2752,5728,Signature,177940,58518.12,2025-06-07,Cancelada
2753,1019,Platino,77526,36591.0,2025-01-30,Cancelada
2754,2083,Clasica,15545,8362.28,2023-12-13,Vigente
2755,5000,Oro,55334,33037.18,2024-04-26,Vigente
2756,2444,Clasica,15244,9397.45,2023-08-27,Vigente
2757,3086,Oro,50697,29562.46,2026-04-26,Vigente
2758,6890,Clasica,19747,6558.38,2023-04-15,Cancelada
2759,4429,Signature,176681,63316.84,2023-03-25,Vigente
2760,6922,Signature,195918,69734.77,2026-07-08,Vigente
2761,4670,Oro,44209,19805.54,2025-02-02,Cancelada
2762,2331,Platino,98909,19469.42,2023-04-12,Bloqueada
2763,7195,Signature,249104,110247.35,2025-04-07,Bloqueada
2764,4448,Clasica,18825,935.45,2024-05-01,Vigente
2765,7990,Clasica,13500,3692.38,2024-05-21,Cancelada
2766,1766,Platino,114366,72589.61,2023-05-18,Vigente
2767,2848,Platino,75986,8380.41,2025-06-07,Vigente
2768,607,Platino,124759,28363.02,2023-07-07,Cancelada
2769,7372,Platino,82012,28623.04,2026-05-09,Vigente
2770,1969,Oro,48503,12308.1,2024-10-26,Vigente
2771,7361,Oro,36471,20400.45,2023-08-24,Vigente
2772,7875,Clasica,18176,11280.89,2022-09-08,Cancelada
2773,4307,Clasica,15814,10960.71,2024-09-07,Bloqueada
2774,5114,Signature,202544,93949.13,2022-11-06,Vigente
2775,7600,Signature,251197,204742.24,2026-07-03,Vigente
2776,6888,Oro,34217,21848.25,2024-06-19,Vigente
2777,5493,Signature,161790,47681.33,2024-09-16,Vigente
2778,7702,Oro,44892,2315.99,2024-02-06,Vigente
2779,6094,Signature,170604,44797.4,2026-02-15,Cancelada
2780,488,Platino,76161,27110.62,2025-02-02,Vigente
2781,1215,Signature,212091,126719.61,2024-09-25,Vigente
2782,2183,Clasica,15162,11519.32,2025-04-17,Cancelada
2783,5079,Platino,93292,26898.87,2025-05-05,Cancelada
2784,2642,Platino,115806,74125.1,2025-07-31,Vigente
2785,245,Oro,33413,10690.05,2024-01-21,Vigente
2786,7236,Signature,241638,52643.26,2023-07-01,Bloqueada
2787,7885,Oro,37307,26605.19,2026-08-25,Vigente
2788,6935,Oro,47580,1746.91,2023-07-31,Vigente
2789,3029,Clasica,19476,8852.24,2023-08-08,Bloqueada
2790,1842,Platino,114404,8501.4,2024-03-29,Vigente
2791,4334,Platino,98756,76510.42,2025-08-02,Vigente
2792,6977,Signature,178046,119866.76,2024-09-09,Vigente
2793,887,Clasica,13297,6132.55,2024-04-10,Vigente
2794,1572,Signature,248054,3052.41,2023-07-29,Cancelada
2795,4991,Platino,73164,7049.68,2025-05-27,Vigente
2796,1981,Oro,35659,17733.91,2024-05-20,Vigente
2797,3942,Clasica,15019,169.14,2022-08-23,Vigente
2798,1214,Oro,38736,29327.75,2025-01-17,Bloqueada
2799,7877,Oro,43759,6666.45,2025-12-24,Vigente
2800,1493,Clasica,14246,10649.75,2024-03-20,Bloqueada
2801,2449,Oro,39929,21072.78,2025-07-11,Cancelada
2802,4321,Platino,106586,37767.28,2026-03-29,Vigente
2803,3275,Clasica,15530,11347.96,2025-01-17,Vigente
2804,5070,Clasica,12244,401.69,2024-08-02,Vigente
2805,7051,Platino,94420,36060.16,2023-01-15,Vigente
2806,1543,Clasica,13175,3063.61,2022-09-22,Vigente
2807,720,Clasica,14260,2085.78,2026-02-16,Cancelada
2808,1544,Oro,49660,41481.24,2025-07-03,Vigente
2809,3401,Platino,77987,7779.2,2023-09-03,Vigente
2810,7360,Platino,79949,54335.15,2024-01-15,Cancelada
2811,1931,Oro,36160,4136.03,2025-01-07,Vigente
2812,1541,Clasica,12805,5190.56,2024-09-23,Cancelada
2813,2859,Platino,91183,865.01,2024-07-26,Bloqueada
2814,6851,Clasica,12135,3195.08,2024-03-25,Vigente
2815,4758,Signature,193854,161265.12,2023-03-29,Bloqueada
2816,3795,Clasica,19642,15912.32,2025-01-03,Vigente
2817,4130,Clasica,16614,8730.58,2022-08-21,Cancelada
2818,3244,Clasica,13615,7198.65,2025-03-23,Cancelada
2819,3357,Platino,117629,60627.19,2025-06-04,Vigente
2820,6557,Oro,53526,1700.67,2023-08-27,Cancelada
2821,1160,Signature,172256,72996.39,2023-09-22,Vigente
2822,159,Platino,87586,69432.5,2024-05-16,Vigente
2823,450,Clasica,15936,12372.22,2023-04-26,Vigente
2824,6472,Oro,50828,5592.26,2025-07-16,Vigente
2825,4289,Platino,116212,44812.14,2024-05-17,Vigente
2826,6283,Clasica,14875,7379.47,2025-12-23,Vigente
2827,6945,Oro,45480,29443.52,2022-11-01,Cancelada
2828,3759,Oro,35747,12987.18,2024-03-26,Bloqueada
2829,2908,Signature,243418,11662.39,2025-09-30,Vigente
2830,691,Signature,252349,190662.32,2024-10-01,Cancelada
2831,6356,Oro,54556,39123.21,2025-03-12,Cancelada
2832,335,Oro,32036,12102.31,2025-06-30,Vigente
2833,3900,Clasica,17117,4751.21,2026-03-15,Vigente
2834,4643,Platino,120703,68184.08,2022-08-13,Vigente
2835,5342,Platino,117494,52290.23,2025-05-07,Vigente
2836,1947,Oro,41206,13750.71,2022-09-23,Bloqueada
2837,4377,Clasica,12603,535.05,2024-04-13,Vigente
2838,5023,Clasica,16292,10631.63,2024-07-17,Cancelada
2839,5141,Platino,78694,4283.31,2024-08-30,Vigente
2840,257,Signature,223072,129585.34,2026-04-24,Bloqueada
2841,6191,Oro,38967,605.42,2024-01-22,Cancelada
2842,5265,Signature,207463,96745.73,2025-06-18,Vigente
2843,4580,Signature,277739,184364.02,2026-06-09,Cancelada
2844,5557,Platino,102243,31537.08,2024-11-06,Vigente
2845,6850,Signature,229424,17633.34,2024-02-12,Vigente
2846,2603,Signature,166604,119455.63,2025-01-28,Vigente
2847,7604,Clasica,19317,7785.48,2023-04-20,Bloqueada
2848,1109,Clasica,16589,8402.91,2024-07-08,Vigente
2849,1030,Clasica,15365,8712.06,2023-08-24,Cancelada
2850,234,Platino,106128,67313.28,2025-04-26,Vigente
2851,5763,Clasica,12980,7978.58,2023-04-23,Bloqueada
2852,915,Oro,41834,31619.32,2023-01-20,Bloqueada
2853,1585,Signature,190533,107162.75,2023-04-16,Bloqueada
2854,6623,Clasica,17207,6335.91,2024-09-02,Cancelada
2855,1492,Platino,83760,11247.79,2026-08-07,Vigente
2856,4914,Signature,200427,81043.08,2024-05-08,Cancelada
2857,1386,Oro,39707,19861.35,2023-07-22,Vigente
2858,222,Clasica,20219,1382.59,2024-01-28,Vigente
2859,3850,Oro,54513,4111.46,2025-07-16,Cancelada
2860,3152,Oro,33822,19764.62,2023-03-15,Bloqueada
2861,3871,Clasica,16244,12240.18,2024-05-03,Bloqueada
2862,2225,Oro,48596,32771.09,2026-06-12,Cancelada
2863,6554,Clasica,16645,8171.22,2025-12-16,Vigente
2864,7050,Signature,252079,174015.0,2025-09-26,Bloqueada
2865,2015,Signature,205748,88635.93,2024-12-20,Vigente
2866,1319,Platino,73681,46419.69,2024-04-13,Bloqueada
2867,1785,Signature,218893,109864.18,2022-10-05,Vigente
2868,3799,Oro,38481,1935.88,2024-03-19,Bloqueada
2869,4872,Oro,43413,32771.33,2023-09-09,Bloqueada
2870,1497,Clasica,17398,8665.66,2024-07-01,Vigente
2871,3935,Signature,272374,108286.99,2026-03-30,Cancelada
2872,1568,Signature,211506,145935.03,2025-06-07,Vigente
2873,702,Platino,105068,49435.88,2022-08-09,Vigente
2874,2067,Oro,51884,43886.59,2023-07-10,Cancelada
2875,2684,Oro,33361,17059.77,2025-12-29,Vigente
2876,7050,Oro,36102,18554.43,2023-08-07,Bloqueada
2877,284,Clasica,15348,701.46,2022-08-10,Vigente
2878,7122,Platino,120217,53906.24,2023-10-06,Vigente
2879,7427,Oro,51164,33681.87,2025-11-10,Vigente
2880,4931,Platino,99457,61412.85,2023-11-24,Bloqueada
2881,7529,Signature,178106,146864.51,2022-09-11,Vigente
2882,6848,Platino,91210,14758.5,2024-03-23,Bloqueada
2883,5638,Platino,77295,1544.49,2025-10-23,Bloqueada
2884,6676,Signature,262703,60076.25,2026-05-26,Vigente
2885,505,Signature,243397,42599.85,2024-07-26,Cancelada
2886,4881,Signature,181406,93985.46,2023-11-20,Bloqueada
2887,2123,Clasica,16172,8443.49,2023-05-07,Vigente
2888,4468,Signature,161663,56269.18,2023-04-25,Cancelada
2889,4404,Platino,101465,75537.28,2022-09-18,Bloqueada
2890,4068,Clasica,13059,3325.29,2024-09-08,Vigente
2891,258,Platino,88002,58635.13,2026-04-21,Cancelada
2892,7324,Oro,53786,35129.04,2025-11-05,Cancelada
2893,4668,Platino,94937,4894.66,2023-02-01,Vigente
2894,3427,Oro,32403,3700.68,2024-08-27,Cancelada
2895,3282,Platino,103591,77388.91,2026-06-06,Vigente
2896,4891,Oro,41736,9000.63,2024-02-12,Cancelada
2897,2965,Signature,241363,96397.7,2025-02-23,Bloqueada
2898,1323,Platino,94502,64861.42,2023-11-07,Bloqueada
2899,6173,Platino,102275,26680.51,2024-10-29,Bloqueada
2900,7304,Platino,108331,3845.66,2025-10-02,Vigente
2901,3147,Signature,213277,6120.99,2023-04-13,Cancelada
2902,6980,Oro,37006,8812.71,2024-11-14,Cancelada
2903,5200,Clasica,15778,12708.93,2022-10-14,Vigente
2904,3449,Clasica,16213,11493.33,2023-03-02,Vigente
2905,5385,Platino,75142,45484.41,2024-02-12,Cancelada
2906,2839,Signature,229281,20252.18,2026-07-20,Vigente
2907,6702,Signature,186832,12351.65,2025-11-07,Vigente
2908,2712,Clasica,12189,1393.71,2024-10-10,Vigente
2909,5176,Signature,266742,180494.48,2024-10-18,Bloqueada
2910,2545,Oro,52553,31775.56,2023-06-23,Cancelada
2911,3969,Clasica,13460,10325.26,2024-05-15,Bloqueada
2912,2384,Platino,87665,64853.43,2026-02-01,Cancelada
2913,2654,Clasica,19108,6183.26,2022-10-29,Bloqueada
2914,4608,Clasica,13538,4716.97,2026-03-29,Vigente
2915,1142,Platino,115167,52207.36,2023-12-15,Cancelada
2916,7120,Signature,273125,181590.69,2025-12-12,Cancelada
2917,5531,Platino,96092,51250.14,2024-07-07,Vigente
2918,6827,Platino,83154,66891.02,2023-06-15,Bloqueada
2919,4395,Platino,105883,3898.23,2025-04-03,Vigente
2920,6764,Oro,52624,44452.37,2025-12-11,Vigente
2921,2269,Oro,41588,3909.09,2025-01-08,Vigente
2922,469,Signature,225827,150418.47,2024-07-12,Vigente
2923,3418,Platino,115466,85683.91,2024-02-03,Cancelada
2924,1158,Platino,75402,6813.63,2026-02-10,Vigente
2925,6380,Signature,196951,128454.86,2025-09-14,Vigente
2926,2281,Oro,52720,25584.79,2023-10-27,Vigente
2927,4047,Platino,102800,61411.26,2025-12-27,Cancelada
2928,5286,Platino,83709,52151.66,2023-10-10,Vigente
2929,2138,Clasica,16229,11134.14,2026-03-28,Bloqueada
2930,4541,Oro,43288,13780.52,2023-02-18,Vigente
2931,2744,Oro,51167,23325.5,2024-05-07,Vigente
2932,6640,Clasica,18058,11188.94,2024-09-05,Bloqueada
2933,872,Platino,115806,80053.1,2024-04-28,Vigente
2934,632,Oro,40335,27938.14,2023-07-05,Vigente
2935,2447,Platino,116891,67320.56,2022-11-24,Vigente
2936,5624,Signature,257144,79201.76,2025-10-08,Vigente
2937,4660,Platino,97218,26093.42,2026-08-30,Cancelada
2938,793,Signature,193640,85507.04,2024-01-14,Vigente
2939,4894,Oro,50900,7335.17,2024-02-20,Bloqueada
2940,1343,Clasica,15683,6007.26,2025-03-03,Cancelada
2941,6356,Platino,91060,55428.93,2024-03-29,Vigente
2942,5949,Oro,39218,27069.11,2023-04-11,Bloqueada
2943,6284,Clasica,14247,7371.84,2023-12-31,Cancelada
2944,3655,Platino,92442,42321.61,2026-01-10,Vigente
2945,7039,Clasica,16564,4612.86,2026-07-28,Vigente
2946,2448,Clasica,17124,12548.63,2023-05-25,Vigente
2947,5745,Signature,259223,168391.21,2026-08-09,Bloqueada
2948,6372,Clasica,18679,3878.14,2025-01-28,Vigente
2949,4119,Platino,101823,51237.4,2024-12-03,Vigente
2950,2206,Oro,55194,24026.7,2023-02-08,Bloqueada
2951,6498,Signature,279530,43450.67,2022-12-30,Vigente
2952,7298,Clasica,13734,7677.44,2025-01-10,Cancelada
2953,6070,Oro,33326,11699.38,2023-01-03,Vigente
2954,6010,Platino,85893,48327.42,2025-02-09,Bloqueada
2955,5724,Oro,47560,565.21,2024-11-08,Bloqueada
2956,1670,Platino,123370,90599.4,2025-09-25,Vigente
2957,6923,Signature,235205,18772.67,2022-09-29,Vigente
2958,6645,Clasica,12178,2867.42,2024-11-30,Bloqueada
2959,1830,Signature,256410,125735.77,2024-04-17,Vigente
2960,7600,Oro,55923,34612.39,2023-08-23,Bloqueada
2961,5571,Signature,228567,177810.28,2025-04-14,Vigente
2962,495,Platino,89608,72317.69,2022-09-28,Vigente
2963,5727,Clasica,16602,12780.19,2024-11-07,Vigente
2964,5395,Signature,209605,149765.12,2022-09-27,Vigente
2965,198,Oro,46651,36128.35,2022-10-04,Cancelada
2966,3868,Platino,124099,74646.48,2025-07-03,Vigente
2967,989,Signature,272987,219692.62,2024-11-04,Cancelada
2968,1612,Platino,102665,55097.06,2022-11-05,Cancelada
2969,2861,Signature,188200,102547.66,2023-04-10,Vigente
2970,5521,Signature,244325,174395.15,2026-04-22,Vigente
2971,4709,Platino,87364,65144.13,2026-05-22,Vigente
2972,6879,Oro,33470,771.84,2026-03-12,Vigente
2973,6113,Clasica,18389,13795.45,2025-04-22,Vigente
2974,226,Clasica,15729,13092.87,2023-02-04,Vigente
2975,5657,Signature,182215,96335.79,2023-03-12,Vigente
2976,7628,Clasica,16333,2194.8,2024-06-17,Vigente
2977,4274,Signature,237204,174877.86,2026-06-05,Vigente
2978,501,Clasica,17340,12005.62,2023-11-03,Cancelada
2979,4003,Signature,168839,141230.03,2025-02-23,Bloqueada
2980,3876,Oro,41091,15316.49,2023-12-18,Vigente
2981,7103,Signature,196093,151743.04,2024-12-07,Bloqueada
2982,691,Oro,53508,16272.95,2025-06-28,Cancelada
2983,6139,Signature,198000,23364.01,2022-09-22,Cancelada
2984,7553,Signature,209386,140290.45,2024-05-01,Cancelada
2985,6289,Oro,42254,29300.61,2026-06-19,Vigente
2986,953,Clasica,19252,13447.44,2026-08-17,Vigente
2987,5672,Clasica,17312,6239.75,2023-12-03,Vigente
2988,3849,Platino,119264,21370.75,2025-09-16,Vigente
2989,581,Clasica,19881,6022.4,2023-08-02,Cancelada
2990,98,Clasica,16848,9842.58,2024-09-25,Vigente
2991,6001,Signature,220479,185950.4,2025-02-15,Bloqueada
2992,1848,Platino,87642,11331.24,2026-03-09,Vigente
2993,6354,Clasica,19103,2084.63,2024-05-01,Bloqueada
2994,1972,Platino,86652,33213.49,2025-09-19,Vigente
2995,2015,Platino,124092,16910.88,2024-10-03,Vigente
2996,7279,Signature,231497,140041.43,2025-05-21,Bloqueada
2997,6585,Signature,217633,169106.06,2025-05-08,Cancelada
2998,5377,Signature,205607,75747.7,2024-11-01,Cancelada
2999,1176,Oro,43638,7762.5,2023-09-03,Vigente
3000,2099,Signature,227441,63213.41,2024-03-28,Vigente
3001,4768,Platino,117174,83280.69,2026-07-28,Cancelada
3002,4674,Clasica,15800,8543.92,2025-01-04,Vigente
3003,7207,Signature,276446,16550.65,2023-03-28,Bloqueada
3004,724,Platino,116228,4041.91,2025-04-17,Vigente
3005,5732,Platino,85148,66585.92,2025-12-08,Vigente
3006,4486,Platino,92268,70067.0,2025-05-14,Vigente
3007,444,Signature,169265,118740.03,2025-04-03,Vigente
3008,7461,Clasica,16637,2416.76,2024-12-20,Bloqueada
3009,4087,Clasica,18870,3680.08,2025-07-19,Cancelada
3010,379,Signature,206388,26366.01,2026-07-16,Cancelada
3011,2534,Platino,79646,25729.1,2023-11-22,Bloqueada
3012,4045,Clasica,13735,4367.94,2025-03-21,Vigente
3013,2388,Oro,32907,14395.37,2022-11-29,Cancelada
3014,4761,Platino,115196,7910.78,2024-10-03,Vigente
3015,3354,Signature,266781,210221.25,2025-08-18,Bloqueada
3016,7603,Platino,125198,45474.92,2022-11-26,Vigente
3017,1718,Clasica,12724,3393.3,2026-01-26,Vigente
3018,3150,Oro,40665,3633.39,2025-01-04,Bloqueada
3019,2655,Clasica,18158,8455.16,2025-03-18,Vigente
3020,1373,Clasica,12910,5618.84,2022-10-01,Vigente
3021,2011,Clasica,14892,1292.07,2025-09-01,Vigente
3022,1429,Signature,229124,172118.84,2024-10-12,Vigente
3023,7186,Clasica,13340,9097.95,2025-03-21,Vigente
3024,1792,Signature,191551,88272.72,2025-06-24,Vigente
3025,2592,Clasica,12329,473.47,2024-10-30,Vigente
3026,702,Signature,212348,19695.9,2025-10-09,Vigente
3027,7760,Clasica,20611,17140.79,2023-04-15,Bloqueada
3028,3784,Oro,44206,3212.12,2024-10-25,Bloqueada
3029,6310,Platino,98413,7187.99,2023-04-14,Bloqueada
3030,1914,Platino,82861,14870.51,2024-12-07,Vigente
3031,6385,Platino,121806,79830.32,2026-05-22,Vigente
3032,5583,Clasica,13250,1733.55,2026-02-22,Cancelada
3033,3919,Platino,77362,62521.99,2026-07-24,Vigente
3034,2754,Clasica,12413,7656.87,2023-03-04,Bloqueada
3035,2166,Oro,47607,22152.6,2024-03-23,Vigente
3036,4507,Platino,78220,38029.74,2024-05-30,Vigente
3037,2592,Clasica,13245,4465.12,2025-08-18,Bloqueada
3038,3170,Oro,47176,36170.44,2022-12-07,Cancelada
3039,4883,Clasica,16597,13366.68,2023-05-18,Vigente
3040,7469,Oro,36286,96.68,2023-07-03,Bloqueada
3041,1219,Signature,209561,95606.35,2025-12-13,Bloqueada
3042,4072,Oro,40296,10954.27,2025-11-22,Vigente
3043,5536,Oro,38378,5018.36,2026-06-04,Vigente
3044,7827,Platino,87957,53218.66,2026-01-12,Bloqueada
3045,2461,Oro,51559,43704.28,2024-08-15,Cancelada
3046,6143,Oro,42750,29013.11,2022-12-20,Cancelada
3047,703,Signature,259106,141595.93,2026-07-15,Cancelada
3048,5155,Signature,252815,185719.31,2023-12-12,Vigente
3049,2199,Signature,164330,73863.91,2025-04-06,Cancelada
3050,360,Oro,36130,28328.97,2022-08-04,Bloqueada
3051,7575,Oro,55370,14937.04,2025-03-03,Bloqueada
3052,1517,Signature,188432,60208.96,2026-06-23,Cancelada
3053,5845,Signature,216139,160652.14,2023-10-17,Bloqueada
3054,5884,Platino,123972,103080.9,2025-09-16,Vigente
3055,6011,Clasica,17970,11590.82,2025-03-28,Cancelada
3056,1094,Platino,77136,688.58,2023-06-24,Vigente
3057,1749,Signature,277093,167801.25,2023-02-14,Vigente
3058,5103,Clasica,18931,4500.29,2024-01-02,Cancelada
3059,2961,Oro,49389,35197.45,2026-01-25,Cancelada
3060,5439,Signature,212234,153530.72,2022-09-22,Cancelada
3061,7943,Clasica,18819,8810.85,2024-11-04,Vigente
3062,1481,Clasica,13768,5788.37,2025-11-28,Bloqueada
3063,74,Oro,45135,952.57,2025-07-20,Vigente
3064,7440,Oro,41437,28895.86,2024-08-15,Bloqueada
3065,4002,Signature,261224,109577.9,2024-09-07,Vigente
3066,3585,Clasica,14361,8337.73,2025-08-01,Cancelada
3067,1917,Signature,191611,134168.31,2022-08-03,Cancelada
3068,1203,Clasica,16973,9790.61,2024-04-30,Vigente
3069,5976,Platino,102179,83450.26,2025-03-28,Vigente
3070,3469,Oro,45231,33833.99,2024-01-30,Cancelada
3071,7635,Platino,103210,84676.84,2022-10-30,Vigente
3072,6535,Signature,241678,19160.08,2024-12-10,Vigente
3073,3154,Signature,237747,43041.74,2026-03-25,Vigente
3074,6421,Signature,249335,58614.03,2023-07-18,Vigente
3075,6887,Oro,39733,29800.82,2025-02-05,Bloqueada
3076,90,Oro,48753,27527.07,2024-08-23,Bloqueada
3077,636,Oro,49607,38083.24,2023-09-04,Vigente
3078,3682,Clasica,18780,3603.49,2023-10-10,Cancelada
3079,6143,Signature,256638,67464.45,2024-02-09,Vigente
3080,1326,Platino,109170,29724.89,2025-07-15,Bloqueada
3081,2945,Clasica,20410,15225.16,2025-03-25,Bloqueada
3082,2457,Clasica,16610,8419.57,2025-04-10,Vigente
3083,2634,Clasica,18575,11688.12,2023-08-22,Bloqueada
3084,3007,Platino,95684,6940.93,2025-02-10,Vigente
3085,4175,Clasica,20093,1929.51,2024-03-24,Cancelada
3086,939,Oro,46524,14678.2,2025-07-12,Bloqueada
3087,4035,Clasica,14720,12213.9,2022-10-29,Cancelada
3088,6919,Clasica,17975,2370.29,2023-04-24,Bloqueada
3089,124,Clasica,14295,9668.25,2023-06-25,Vigente
3090,2152,Clasica,19584,10022.2,2022-08-29,Vigente
3091,6318,Oro,35942,11322.52,2026-05-10,Vigente
3092,4929,Signature,195795,123092.09,2026-02-06,Bloqueada
3093,7467,Signature,247168,176561.09,2023-10-17,Vigente
3094,459,Clasica,12855,1521.32,2024-12-21,Vigente
3095,4798,Signature,204424,132959.39,2024-09-14,Bloqueada
3096,2447,Signature,272790,145585.91,2022-12-11,Vigente
3097,7701,Signature,214892,67764.86,2023-12-21,Cancelada
3098,6096,Oro,40725,19923.77,2025-03-12,Vigente
3099,4551,Platino,80808,67722.71,2024-06-26,Bloqueada
3100,4973,Signature,239730,8318.11,2025-07-10,Cancelada
3101,7355,Oro,49424,24385.22,2026-05-05,Cancelada
3102,4178,Platino,82539,25628.64,2022-12-25,Vigente
3103,5426,Oro,45074,56.46,2025-05-14,Cancelada
3104,2227,Oro,35394,3789.31,2026-03-07,Vigente
3105,2252,Clasica,19937,6528.23,2023-09-01,Vigente
3106,4477,Platino,109310,76828.75,2025-05-29,Vigente
3107,7553,Oro,33599,8636.61,2023-05-26,Vigente
3108,2212,Platino,112269,94523.27,2023-08-18,Vigente
3109,420,Platino,77984,54895.1,2022-08-03,Vigente
3110,1222,Platino,106810,10285.67,2026-04-02,Vigente
3111,4079,Clasica,20597,16271.14,2022-12-11,Bloqueada
3112,1,Oro,47724,26067.18,2025-05-22,Bloqueada
3113,840,Signature,163744,75421.2,2025-05-04,Vigente
3114,6216,Clasica,13257,1531.51,2026-07-05,Bloqueada
3115,4512,Signature,175511,114489.72,2024-04-16,Cancelada
3116,1458,Signature,190155,17732.98,2023-02-13,Cancelada
3117,88,Signature,255117,111806.55,2022-10-09,Cancelada
3118,7366,Signature,177579,5870.88,2026-08-22,Bloqueada
3119,7636,Oro,53406,5092.07,2023-12-13,Vigente
3120,1695,Platino,119443,75863.2,2024-08-25,Cancelada
3121,4045,Oro,39176,19678.35,2024-10-23,Vigente
3122,4640,Platino,108029,6485.19,2025-01-04,Bloqueada
3123,5332,Platino,94170,31155.34,2025-01-22,Bloqueada
3124,5333,Clasica,15873,9931.91,2024-07-26,Vigente
3125,5131,Signature,220412,145139.38,2025-02-07,Bloqueada
3126,5107,Clasica,15334,6599.22,2025-05-13,Vigente
3127,3408,Signature,272365,79492.39,2023-06-16,Vigente
3128,1383,Platino,87838,2270.45,2025-04-02,Vigente
3129,1576,Clasica,20882,3537.66,2023-01-28,Vigente
3130,3739,Platino,113539,63322.28,2023-05-23,Vigente
3131,7415,Clasica,16054,4531.53,2025-07-12,Vigente
3132,747,Signature,269063,212935.38,2025-12-18,Vigente
3133,5913,Signature,274997,123565.86,2024-01-31,Vigente
3134,122,Platino,104916,23260.79,2026-01-22,Cancelada
3135,5428,Signature,212349,44163.63,2024-01-03,Vigente
3136,4172,Clasica,17627,1982.82,2024-06-18,Bloqueada
3137,6947,Clasica,20899,127.03,2023-10-25,Vigente
3138,5935,Clasica,12990,1859.25,2024-09-10,Bloqueada
3139,4557,Platino,91902,31591.04,2024-01-30,Vigente
3140,6988,Clasica,20312,9516.6,2026-08-09,Vigente
3141,7786,Clasica,12492,10232.87,2025-10-20,Vigente
3142,6413,Clasica,15400,1607.99,2024-08-15,Cancelada
3143,4523,Clasica,12743,8713.09,2024-02-07,Bloqueada
3144,1504,Signature,221582,200.9,2026-08-05,Vigente
3145,1046,Clasica,18089,12439.49,2024-04-09,Cancelada
3146,3441,Platino,75049,78.19,2024-07-29,Vigente
3147,725,Platino,116794,37128.75,2025-11-21,Vigente
3148,720,Signature,277939,153325.49,2026-03-11,Cancelada
3149,2172,Signature,177138,149817.54,2024-03-09,Vigente
3150,6517,Clasica,15099,2431.83,2022-08-19,Cancelada
3151,3046,Clasica,17329,8954.59,2025-03-29,Vigente
3152,603,Oro,46264,36572.46,2024-05-31,Cancelada
3153,3950,Platino,121216,24308.75,2026-03-02,Bloqueada
3154,7209,Clasica,14005,3165.58,2024-01-06,Bloqueada
3155,7679,Oro,45773,2091.19,2025-07-30,Bloqueada
3156,2233,Platino,124253,71034.29,2024-02-24,Cancelada
3157,5642,Oro,49587,20005.95,2023-01-16,Bloqueada
3158,2551,Signature,191087,35580.86,2026-05-02,Bloqueada
3159,7239,Signature,219205,183173.6,2026-04-09,Cancelada
3160,3662,Signature,252348,110346.12,2023-12-26,Cancelada
3161,3631,Platino,101157,81852.67,2023-07-11,Vigente
3162,629,Clasica,17634,2564.91,2025-10-25,Cancelada
3163,1844,Platino,112348,40227.61,2025-05-14,Bloqueada
3164,1683,Oro,45199,5649.88,2025-10-15,Vigente
3165,2692,Clasica,12636,3743.44,2026-01-12,Cancelada
3166,6729,Signature,264050,210512.81,2025-04-14,Bloqueada
3167,280,Platino,76291,45201.78,2024-06-09,Cancelada
3168,6263,Clasica,16357,6707.24,2026-02-28,Vigente
3169,4632,Clasica,18597,8820.55,2024-08-07,Vigente
3170,388,Platino,102165,79624.87,2025-10-07,Vigente
3171,5954,Platino,77414,14560.59,2023-01-03,Vigente
3172,1529,Clasica,15558,6522.28,2024-05-11,Vigente
3173,4653,Clasica,13517,20.41,2026-02-17,Bloqueada
3174,1992,Clasica,16232,3956.67,2025-06-22,Cancelada
3175,5109,Platino,104779,10066.3,2026-01-12,Vigente
3176,5851,Signature,213120,115465.81,2023-09-05,Vigente
3177,6857,Signature,192472,340.53,2024-08-24,Vigente
3178,2020,Clasica,17441,2529.12,2025-04-26,Bloqueada
3179,3885,Platino,75246,13458.92,2023-12-07,Cancelada
3180,4620,Signature,262406,126434.73,2024-07-01,Vigente
3181,2378,Oro,33120,25446.5,2025-10-10,Vigente
3182,3435,Signature,235155,5555.08,2025-04-04,Vigente
3183,2507,Platino,75088,60315.17,2025-11-11,Bloqueada
3184,1341,Signature,241875,50598.34,2025-02-25,Vigente
3185,4259,Signature,201739,104115.02,2026-02-27,Vigente
3186,1468,Oro,51809,24988.93,2025-07-27,Vigente
3187,4057,Signature,207835,52024.26,2025-01-04,Bloqueada
3188,3521,Platino,85733,16247.38,2024-02-19,Vigente
3189,670,Platino,107031,38747.8,2022-09-08,Cancelada
3190,1444,Signature,177055,19494.0,2024-07-23,Vigente
3191,157,Signature,260182,26608.11,2024-06-28,Cancelada
3192,6082,Signature,177393,134906.03,2026-03-20,Vigente
3193,1674,Signature,277305,7706.41,2022-10-15,Bloqueada
3194,5895,Clasica,15196,10889.84,2025-07-18,Cancelada
3195,3542,Signature,177533,107324.5,2024-10-25,Bloqueada
3196,4092,Signature,174999,40800.39,2022-11-11,Vigente
3197,4257,Signature,176963,19330.8,2025-12-24,Vigente
3198,310,Platino,86364,37292.66,2022-12-13,Vigente
3199,5530,Signature,216174,87066.39,2025-06-16,Vigente
3200,7764,Platino,110417,18994.4,2025-03-17,Cancelada
3201,3723,Clasica,13559,954.38,2023-01-27,Bloqueada
3202,808,Clasica,14992,11732.52,2023-07-02,Bloqueada
3203,1213,Oro,53936,3153.73,2026-03-02,Bloqueada
3204,7438,Signature,230604,54672.38,2023-04-10,Vigente
3205,4380,Signature,207519,110358.79,2023-03-23,Vigente
3206,6849,Oro,47826,29583.68,2023-03-07,Cancelada
3207,2126,Oro,43338,23164.8,2023-05-25,Vigente
3208,7301,Platino,119696,86724.51,2026-05-06,Vigente
3209,3342,Signature,183119,105758.22,2024-09-03,Cancelada
3210,5740,Signature,172557,59873.8,2025-08-21,Vigente
3211,5888,Signature,177495,27195.5,2026-01-18,Vigente
3212,2374,Oro,37346,15804.04,2023-02-09,Bloqueada
3213,7982,Oro,45487,32726.85,2022-09-04,Vigente
3214,5847,Signature,215354,134992.34,2026-07-31,Cancelada
3215,5833,Signature,199655,62379.92,2022-08-10,Vigente
3216,2087,Platino,78484,10129.47,2022-10-30,Vigente
3217,478,Clasica,16925,6297.14,2024-08-10,Cancelada
3218,2605,Signature,189849,37126.71,2025-07-14,Vigente
3219,1247,Clasica,20112,9523.45,2022-11-19,Vigente
3220,1748,Platino,120676,33626.16,2022-11-24,Bloqueada
3221,4614,Signature,166204,100022.77,2025-09-04,Bloqueada
3222,2985,Oro,40563,17474.61,2024-03-08,Vigente
3223,349,Clasica,18631,13984.37,2026-04-07,Vigente
3224,589,Clasica,14541,5609.3,2026-07-31,Vigente
3225,6545,Clasica,18833,9368.29,2024-05-07,Bloqueada
3226,7437,Clasica,14248,4664.96,2022-11-18,Vigente
3227,4444,Clasica,19345,14260.44,2025-09-27,Vigente
3228,6724,Platino,92614,67564.66,2024-05-01,Vigente
3229,7973,Oro,35311,9860.6,2024-09-08,Vigente
3230,5739,Platino,89896,24855.07,2025-07-09,Vigente
3231,7924,Platino,99535,49518.76,2023-11-09,Vigente
3232,6978,Platino,121956,29150.32,2024-12-28,Vigente
3233,6520,Signature,268979,82705.85,2026-01-01,Bloqueada
3234,7432,Oro,34444,4000.27,2025-06-10,Vigente
3235,1287,Signature,162604,54579.76,2023-10-05,Cancelada
3236,4958,Signature,278300,18758.2,2023-07-20,Vigente
3237,3458,Signature,161664,31421.31,2025-06-15,Vigente
3238,6920,Clasica,17894,11965.93,2026-04-26,Vigente
3239,689,Platino,119454,31780.49,2024-06-24,Vigente
3240,1855,Signature,222766,130445.09,2022-12-21,Vigente
3241,4139,Signature,233599,63426.64,2023-03-08,Vigente
3242,3245,Oro,33133,22475.5,2024-04-09,Vigente
3243,5836,Platino,115996,33675.53,2026-02-10,Vigente
3244,3770,Signature,225324,178375.26,2025-12-06,Vigente
3245,3975,Oro,46301,27930.09,2023-05-05,Vigente
3246,1044,Oro,40073,32069.95,2026-04-21,Cancelada
3247,3323,Signature,265611,60222.96,2024-03-10,Bloqueada
3248,6836,Platino,121804,39137.48,2022-11-23,Bloqueada
3249,7856,Platino,87871,60943.54,2022-10-10,Vigente
3250,2920,Platino,118802,78619.35,2022-09-04,Cancelada
3251,2204,Oro,46591,25031.42,2023-10-13,Bloqueada
3252,82,Platino,78083,452.32,2024-02-23,Vigente
3253,3007,Oro,47465,27559.59,2025-03-26,Bloqueada
3254,3947,Oro,34331,17272.99,2023-02-06,Cancelada
3255,2991,Oro,55244,45005.43,2023-02-25,Bloqueada
3256,6130,Clasica,16770,10223.49,2025-11-21,Vigente
3257,6199,Platino,110122,17350.36,2023-06-07,Vigente
3258,365,Oro,55655,16590.1,2025-06-19,Bloqueada
3259,480,Oro,43885,35378.47,2024-06-26,Vigente
3260,238,Platino,94421,36385.01,2023-07-20,Vigente
3261,6683,Signature,203178,154871.43,2024-09-19,Vigente
3262,5492,Signature,203502,18132.99,2023-01-23,Bloqueada
3263,393,Clasica,20783,9193.26,2024-05-24,Bloqueada
3264,3534,Platino,112757,72971.36,2023-01-18,Vigente
3265,370,Oro,51446,23002.98,2026-07-15,Cancelada
3266,5317,Platino,106854,43779.89,2025-11-21,Vigente
3267,2902,Clasica,18267,8273.67,2024-04-06,Cancelada
3268,84,Signature,177147,6989.71,2022-09-20,Bloqueada
3269,5360,Platino,107935,35735.73,2024-03-21,Bloqueada
3270,2231,Signature,218680,152326.48,2025-04-04,Bloqueada
3271,6880,Clasica,13903,100.66,2022-08-06,Bloqueada
3272,3547,Oro,50634,25171.24,2024-12-02,Bloqueada
3273,6919,Clasica,20370,2248.63,2023-10-16,Vigente
3274,6407,Signature,169477,90216.51,2022-10-22,Vigente
3275,5688,Signature,225209,107154.76,2026-02-08,Vigente
3276,6471,Signature,247855,194566.7,2024-04-02,Vigente
3277,3870,Clasica,20000,5067.14,2025-11-01,Vigente
3278,5544,Clasica,15055,3651.41,2026-08-28,Bloqueada
3279,4050,Signature,182979,144750.85,2025-08-29,Bloqueada
3280,2369,Signature,210423,153961.43,2026-07-07,Vigente
3281,4637,Oro,51048,17319.3,2025-10-01,Bloqueada
3282,370,Platino,117371,59483.38,2024-09-12,Vigente
3283,4022,Clasica,12171,9095.94,2023-12-20,Vigente
3284,5551,Platino,80618,49610.53,2025-05-26,Vigente
3285,7002,Oro,40101,30785.39,2026-05-17,Vigente
3286,4074,Clasica,13088,1590.7,2022-11-01,Cancelada
3287,3003,Clasica,13307,794.79,2026-02-27,Cancelada
3288,6659,Signature,225333,4069.75,2023-07-15,Bloqueada
3289,7405,Platino,123821,54931.11,2023-11-02,Vigente
3290,1627,Platino,73650,25837.44,2026-07-22,Vigente
3291,2133,Oro,41433,34004.12,2026-06-05,Vigente
3292,6447,Oro,40359,6025.83,2026-08-27,Vigente
3293,5126,Platino,87365,5938.96,2023-09-05,Vigente
3294,1739,Platino,80035,34137.77,2023-07-15,Vigente
3295,830,Oro,35011,15218.73,2024-01-30,Bloqueada
3296,7121,Platino,109446,65394.73,2025-05-22,Vigente
3297,3830,Signature,234542,187186.25,2023-11-11,Vigente
3298,6703,Platino,93882,42971.4,2024-06-04,Vigente
3299,7743,Oro,33701,17072.52,2023-04-12,Vigente
3300,4692,Signature,261902,143566.68,2025-09-12,Vigente
3301,5157,Signature,190674,44635.03,2022-08-15,Bloqueada
3302,4466,Signature,275584,179274.38,2023-01-16,Vigente
3303,3903,Oro,45314,29530.11,2025-07-16,Cancelada
3304,966,Clasica,12877,7727.2,2024-04-11,Vigente
3305,4282,Platino,113523,81724.36,2026-03-26,Vigente
3306,5255,Oro,41433,33530.3,2024-05-23,Vigente
3307,4992,Platino,101018,42886.51,2023-05-31,Vigente
3308,1901,Clasica,17054,2413.48,2022-07-30,Vigente
3309,7737,Clasica,17717,2079.54,2023-02-19,Vigente
3310,6603,Clasica,14423,3735.66,2026-03-04,Bloqueada
3311,1001,Signature,227947,167187.87,2025-04-25,Cancelada
3312,4119,Oro,46399,1682.75,2025-06-01,Vigente
3313,1043,Oro,43942,8106.13,2026-08-16,Vigente
3314,4625,Signature,259657,212367.2,2024-10-23,Cancelada
3315,4234,Oro,52013,11682.12,2025-07-14,Vigente
3316,3253,Platino,125456,49710.14,2022-10-01,Bloqueada
3317,5623,Clasica,14542,8336.14,2023-10-01,Cancelada
3318,1490,Platino,114612,71238.81,2024-04-09,Bloqueada
3319,6589,Signature,224049,7822.51,2025-03-24,Cancelada
3320,6649,Oro,34762,19452.65,2025-10-23,Vigente
3321,5314,Oro,44417,29950.99,2026-07-12,Bloqueada
3322,4786,Signature,261749,172589.94,2025-08-05,Bloqueada
3323,2882,Platino,124806,93952.45,2024-08-26,Vigente
3324,468,Oro,41514,14669.66,2023-11-11,Bloqueada
3325,7460,Oro,35113,14238.46,2024-04-16,Vigente
3326,5201,Oro,35837,15715.16,2022-09-04,Cancelada
3327,5475,Signature,171206,62382.44,2025-06-27,Vigente
3328,318,Signature,278324,25655.28,2025-11-01,Cancelada
3329,3125,Oro,36110,4226.23,2026-01-26,Vigente
3330,1861,Clasica,14662,9530.63,2023-05-14,Bloqueada
3331,1124,Signature,243270,171214.15,2022-12-20,Vigente
3332,493,Platino,99638,60694.39,2024-10-15,Bloqueada
3333,4681,Platino,92235,47255.92,2024-09-19,Vigente
3334,3367,Signature,224300,56677.02,2024-10-07,Vigente
3335,2954,Signature,198718,15458.84,2024-06-24,Vigente
3336,6583,Platino,84438,20119.62,2025-11-03,Vigente
3337,5924,Clasica,19915,2864.86,2025-06-21,Cancelada
3338,464,Clasica,18433,11300.49,2025-04-01,Bloqueada
3339,2249,Platino,112240,16314.04,2022-10-09,Vigente
3340,2448,Oro,37902,13332.89,2022-12-08,Vigente
3341,1698,Platino,104556,28219.51,2024-02-24,Vigente
3342,6041,Platino,91295,75175.38,2025-09-29,Vigente
3343,4607,Clasica,16436,8698.44,2023-05-11,Vigente
3344,3161,Oro,52356,27860.05,2023-12-12,Vigente
3345,7808,Clasica,16042,3621.09,2026-04-12,Vigente
3346,4097,Clasica,15311,4951.99,2025-11-16,Vigente
3347,5749,Clasica,18922,7664.19,2024-05-12,Cancelada
3348,3483,Clasica,20123,11968.25,2026-03-23,Cancelada
3349,1640,Clasica,13225,6793.17,2026-04-12,Cancelada
3350,1276,Clasica,20291,16818.61,2026-05-20,Vigente
3351,1743,Clasica,20551,7543.1,2026-07-05,Vigente
3352,3362,Signature,182866,77386.22,2023-04-10,Vigente
3353,5925,Oro,33138,1353.93,2025-12-10,Bloqueada
3354,6596,Signature,241903,15932.01,2024-01-12,Cancelada
3355,7520,Signature,214720,157929.31,2024-06-19,Vigente
3356,5063,Platino,79159,30099.03,2024-02-04,Cancelada
3357,3764,Platino,108869,24366.6,2025-02-18,Cancelada
3358,2392,Signature,171563,54542.71,2025-05-28,Vigente
3359,3034,Platino,73330,61917.82,2022-10-22,Vigente
3360,3158,Clasica,14150,5105.68,2025-07-04,Vigente
3361,2247,Signature,268751,139785.08,2025-03-23,Cancelada
3362,1970,Oro,40511,28133.3,2024-12-06,Bloqueada
3363,2512,Signature,242183,1111.83,2025-04-10,Vigente
3364,7913,Clasica,13814,8644.65,2025-05-12,Vigente
3365,1820,Signature,174707,93478.73,2022-11-17,Vigente
3366,5744,Signature,187083,100527.33,2024-03-26,Cancelada
3367,6526,Oro,37729,6182.36,2025-04-29,Vigente
3368,3719,Platino,118499,35899.67,2025-05-13,Cancelada
3369,6130,Signature,244410,152228.51,2025-12-05,Cancelada
3370,118,Signature,272876,108833.33,2023-07-05,Vigente
3371,7197,Platino,105052,8388.47,2026-03-23,Vigente
3372,7704,Platino,109463,73598.25,2024-03-09,Bloqueada
3373,4011,Clasica,17824,7454.08,2025-07-11,Vigente
3374,3075,Platino,120095,72365.89,2024-06-02,Cancelada
3375,4668,Platino,117413,88359.87,2023-11-30,Vigente
3376,6088,Platino,81762,22069.06,2025-04-23,Bloqueada
3377,3451,Signature,235161,47325.69,2026-06-29,Cancelada
3378,4751,Signature,184902,92302.36,2025-05-06,Cancelada
3379,6960,Signature,168677,103012.33,2025-12-12,Cancelada
3380,5138,Signature,219321,163971.73,2025-05-27,Vigente
3381,2085,Platino,79847,6152.75,2026-06-03,Vigente
3382,734,Clasica,17933,9852.05,2026-04-25,Bloqueada
3383,4646,Oro,37320,16592.77,2026-07-04,Bloqueada
3384,7693,Oro,47026,25728.04,2025-06-29,Vigente
3385,6414,Clasica,19732,3154.86,2023-12-10,Vigente
3386,1191,Oro,53403,27446.8,2026-04-23,Bloqueada
3387,4488,Oro,50321,2256.78,2024-05-10,Vigente
3388,3688,Oro,36839,2423.29,2023-12-14,Vigente
3389,5695,Signature,279789,175562.76,2024-03-09,Bloqueada
3390,3466,Clasica,14440,6405.22,2025-03-02,Vigente
3391,4844,Oro,42025,16198.89,2025-05-14,Bloqueada
3392,255,Signature,189090,17392.0,2023-11-24,Vigente
3393,321,Clasica,12345,7794.73,2024-05-29,Vigente
3394,6844,Platino,78071,16828.86,2025-08-16,Vigente
3395,7669,Signature,236841,50534.54,2023-12-14,Vigente
3396,1546,Oro,41291,12681.09,2025-05-29,Vigente
3397,1561,Clasica,12146,5251.48,2025-04-17,Vigente
3398,6927,Oro,52010,3196.93,2026-04-17,Vigente
3399,5705,Platino,106994,451.88,2023-08-08,Vigente
3400,2446,Oro,55020,5249.95,2022-09-25,Cancelada
3401,1213,Signature,202378,95725.12,2023-11-28,Vigente
3402,2796,Platino,96000,50317.96,2022-08-06,Vigente
3403,3524,Clasica,16215,13383.58,2023-12-09,Vigente
3404,5106,Signature,180161,133062.44,2023-08-15,Vigente
3405,1187,Clasica,18356,4931.13,2024-11-25,Vigente
3406,487,Oro,52717,14097.5,2023-05-17,Bloqueada
3407,512,Oro,55099,3246.59,2022-10-14,Vigente
3408,1750,Platino,95743,65227.75,2022-12-30,Vigente
3409,797,Clasica,14756,1686.28,2024-02-22,Vigente
3410,1758,Platino,100200,71202.82,2026-02-10,Vigente
3411,2344,Platino,82616,51854.88,2026-02-02,Bloqueada
3412,7843,Signature,174487,141256.4,2025-09-11,Vigente
3413,7473,Oro,48058,32740.08,2024-09-30,Vigente
3414,4373,Signature,194172,164010.25,2025-07-27,Vigente
3415,1582,Clasica,15053,10635.43,2023-02-06,Bloqueada
3416,2701,Platino,75018,50782.64,2024-07-03,Vigente
3417,2632,Oro,36315,4736.17,2024-04-25,Cancelada
3418,7604,Oro,37515,22386.74,2024-07-17,Vigente
3419,6345,Clasica,19522,2328.97,2026-04-25,Vigente
3420,6948,Platino,99971,65895.27,2025-10-15,Vigente
3421,5698,Clasica,16548,13836.69,2023-07-30,Vigente
3422,7954,Oro,38879,1794.39,2024-07-24,Vigente
3423,7579,Oro,47629,9046.57,2023-06-01,Vigente
3424,491,Oro,47227,2182.21,2023-04-20,Vigente
3425,73,Oro,46866,33836.55,2026-06-16,Bloqueada
3426,6354,Clasica,17980,9426.04,2022-08-10,Bloqueada
3427,3054,Oro,40835,7827.75,2025-03-31,Bloqueada
3428,1885,Signature,237038,191063.14,2022-10-11,Vigente
3429,1027,Platino,96346,79647.11,2026-08-29,Vigente
3430,6238,Clasica,15390,5532.43,2025-04-04,Vigente
3431,3062,Platino,73483,39918.05,2026-08-13,Vigente
3432,2645,Clasica,16117,12049.01,2026-04-08,Vigente
3433,3474,Oro,52819,43137.2,2025-12-11,Cancelada
3434,1261,Oro,35168,23712.2,2022-10-05,Vigente
3435,3798,Oro,49635,8158.34,2025-09-26,Vigente
3436,5603,Clasica,17397,10420.14,2023-07-23,Cancelada
3437,1447,Signature,279542,201443.14,2022-08-04,Bloqueada
3438,4153,Clasica,13856,11018.4,2024-07-17,Vigente
3439,3995,Platino,116734,46653.84,2026-05-16,Vigente
3440,4684,Platino,74418,60173.4,2023-12-29,Bloqueada
3441,5017,Clasica,20329,17170.61,2025-03-06,Vigente
3442,3438,Clasica,17434,13013.04,2024-05-26,Vigente
3443,7955,Platino,120690,7106.13,2024-06-10,Vigente
3444,7225,Clasica,12826,2566.84,2022-10-16,Vigente
3445,324,Signature,273906,126257.19,2022-11-04,Vigente
3446,6208,Oro,46288,17717.82,2023-11-11,Bloqueada
3447,563,Platino,112167,33052.49,2024-07-15,Bloqueada
3448,2278,Clasica,14920,6557.33,2024-07-26,Vigente
3449,1824,Platino,97441,15332.3,2024-09-19,Cancelada
3450,3743,Clasica,16837,12430.34,2022-09-25,Vigente
3451,1175,Signature,251015,46031.62,2022-08-25,Bloqueada
3452,4578,Signature,173075,61989.39,2023-06-21,Cancelada
3453,1491,Platino,110595,10603.69,2023-02-19,Vigente
3454,4004,Oro,42283,16249.96,2025-12-15,Vigente
3455,1341,Platino,97140,46391.69,2026-01-18,Bloqueada
3456,5478,Platino,93443,51370.49,2023-11-29,Vigente
3457,5933,Clasica,12670,9667.43,2025-09-30,Vigente
3458,7664,Clasica,13615,6518.48,2022-12-30,Bloqueada
3459,1593,Oro,49964,7206.62,2024-11-04,Cancelada
3460,4607,Signature,200902,119917.53,2023-05-30,Bloqueada
3461,6397,Clasica,13809,1866.98,2026-05-18,Vigente
3462,5391,Clasica,17469,12608.76,2026-07-02,Bloqueada
3463,6526,Signature,223798,186126.54,2023-08-05,Vigente
3464,2928,Oro,45707,31756.44,2022-08-30,Vigente
3465,1109,Platino,116692,4229.41,2022-08-22,Vigente
3466,1637,Signature,238453,191584.06,2026-01-22,Vigente
3467,756,Platino,109873,61795.65,2026-01-01,Vigente
3468,7715,Clasica,20345,5866.84,2023-10-04,Vigente
3469,5335,Platino,94107,63526.37,2023-07-11,Bloqueada
3470,5710,Oro,46236,8412.9,2025-11-15,Cancelada
3471,5098,Oro,37883,15392.48,2025-08-31,Vigente
3472,5086,Oro,42055,5532.22,2025-11-02,Vigente
3473,3033,Platino,104274,24624.95,2025-09-08,Vigente
3474,1229,Oro,51069,41737.52,2024-10-21,Vigente
3475,3367,Signature,216859,64516.96,2022-10-15,Vigente
3476,7491,Clasica,18947,4033.72,2026-03-26,Cancelada
3477,6678,Oro,33051,12398.94,2026-01-02,Vigente
3478,5497,Platino,122415,11620.97,2024-12-15,Vigente
3479,3885,Platino,112134,94821.95,2022-08-07,Vigente
3480,6486,Clasica,16143,6734.34,2022-08-28,Cancelada
3481,5598,Clasica,13059,984.79,2025-04-12,Vigente
3482,537,Oro,42674,14290.81,2023-01-21,Vigente
3483,3632,Platino,118381,84114.57,2023-01-18,Vigente
3484,4906,Platino,114198,4147.12,2023-08-14,Cancelada
3485,2808,Platino,111100,31833.79,2025-07-02,Vigente
3486,1191,Signature,226119,83550.94,2025-06-24,Vigente
3487,6411,Signature,273240,130129.07,2022-09-29,Vigente
3488,806,Signature,196797,48160.0,2025-03-03,Vigente
3489,6460,Signature,263517,108988.18,2025-04-07,Bloqueada
3490,4578,Oro,37199,28664.7,2026-01-19,Cancelada
3491,2888,Oro,46216,16542.67,2025-02-08,Vigente
3492,3514,Platino,124431,22696.98,2026-08-29,Vigente
3493,1762,Oro,55193,19309.88,2023-07-28,Cancelada
3494,7879,Platino,97766,65553.26,2024-09-07,Vigente
3495,5946,Platino,120150,95095.35,2022-08-21,Vigente
3496,6061,Platino,82970,47335.17,2023-09-16,Vigente
3497,3883,Platino,95167,60073.59,2024-11-16,Cancelada
3498,7134,Platino,117098,98985.96,2025-06-07,Vigente
3499,2692,Signature,246058,206720.89,2023-11-09,Cancelada
3500,5714,Signature,210497,140411.5,2024-10-01,Vigente
3501,4595,Platino,101651,17727.32,2023-04-05,Vigente
3502,3657,Oro,42031,6216.12,2024-02-03,Vigente
3503,895,Clasica,19704,3951.3,2026-06-28,Vigente
3504,6908,Signature,255557,68708.73,2026-05-10,Bloqueada
3505,6783,Clasica,20254,5307.59,2022-08-16,Vigente
3506,7018,Clasica,16211,4178.49,2026-01-05,Vigente
3507,3200,Oro,33280,16592.66,2022-10-18,Bloqueada
3508,494,Clasica,17811,2158.36,2025-11-05,Vigente
3509,1381,Oro,45640,19498.79,2025-01-22,Vigente
3510,3060,Oro,40078,28126.3,2026-01-29,Vigente
3511,7457,Signature,223887,85138.85,2025-02-24,Bloqueada
3512,6583,Platino,124082,84909.79,2022-10-09,Vigente
3513,2241,Clasica,19767,7682.99,2023-09-01,Vigente
3514,697,Signature,165241,52353.57,2025-07-07,Cancelada
3515,4052,Platino,120213,89407.28,2026-05-23,Vigente
3516,5279,Platino,112765,17884.37,2024-10-03,Vigente
3517,5151,Signature,268668,63134.54,2024-11-28,Vigente
3518,2799,Clasica,20972,7892.81,2025-11-23,Vigente
3519,2631,Clasica,15058,1771.13,2024-10-05,Bloqueada
3520,3745,Platino,94202,51595.2,2023-02-04,Vigente
3521,5641,Signature,261668,124660.54,2024-05-28,Bloqueada
3522,4377,Platino,114237,92015.92,2023-04-12,Vigente
3523,3930,Oro,45984,35441.87,2025-04-07,Cancelada
3524,3709,Platino,111570,60761.58,2024-06-17,Vigente
3525,5720,Platino,98860,49596.82,2023-05-04,Vigente
3526,870,Signature,182577,44544.35,2026-06-26,Bloqueada
3527,7949,Signature,264795,193032.02,2023-05-08,Bloqueada
3528,3327,Platino,85258,43244.51,2025-05-05,Vigente
3529,1817,Clasica,16648,5996.99,2026-02-27,Vigente
3530,2054,Signature,264843,154777.21,2026-03-04,Cancelada
3531,5457,Clasica,14755,990.53,2026-08-20,Bloqueada
3532,4530,Signature,198328,66492.07,2024-11-04,Bloqueada
3533,4341,Oro,37683,2729.02,2025-07-06,Vigente
3534,7368,Platino,117707,94703.66,2023-02-08,Vigente
3535,7751,Platino,112793,25807.26,2025-09-13,Bloqueada
3536,5651,Clasica,12470,9167.69,2024-02-08,Vigente
3537,7490,Signature,185472,12910.89,2023-11-14,Vigente
3538,2340,Clasica,17567,11799.5,2025-03-07,Vigente
3539,7198,Clasica,16871,1224.8,2023-01-11,Vigente
3540,1866,Signature,197167,50198.12,2022-08-01,Cancelada
3541,4705,Platino,89700,11607.51,2025-07-16,Vigente
3542,5527,Platino,124274,63377.61,2022-11-05,Cancelada
3543,3361,Signature,255897,195104.58,2025-07-01,Cancelada
3544,5665,Clasica,16569,12782.5,2026-02-10,Cancelada
3545,4112,Platino,80948,20160.78,2023-06-01,Vigente
3546,7539,Clasica,19867,10534.42,2024-01-12,Vigente
3547,672,Platino,106820,86585.93,2025-07-17,Cancelada
3548,7547,Clasica,16699,12411.41,2023-08-02,Vigente
3549,3791,Signature,160564,38857.04,2023-10-23,Cancelada
3550,7773,Platino,75804,2264.38,2023-12-13,Vigente
3551,5491,Signature,262152,165553.19,2026-01-27,Vigente
3552,2785,Signature,165630,104030.81,2025-07-09,Cancelada
3553,5214,Platino,107433,67295.99,2024-04-13,Bloqueada
3554,76,Signature,241242,152763.42,2024-02-25,Bloqueada
3555,2392,Signature,164555,19751.56,2026-04-15,Cancelada
3556,531,Signature,199441,27314.72,2024-03-22,Bloqueada
3557,7322,Platino,109480,33796.32,2025-08-23,Bloqueada
3558,2913,Oro,44976,34619.05,2024-03-29,Cancelada
3559,2980,Oro,35065,27201.71,2023-10-23,Vigente
3560,3253,Clasica,16953,11337.86,2023-10-19,Vigente
3561,307,Platino,72741,38119.48,2025-10-21,Vigente
3562,672,Signature,196369,35640.53,2025-07-14,Vigente
3563,3107,Clasica,14072,1158.83,2023-10-28,Bloqueada
3564,3402,Oro,32795,26821.36,2026-03-02,Vigente
3565,3664,Platino,100465,51067.32,2026-04-03,Vigente
3566,6632,Clasica,20377,160.44,2023-11-06,Vigente
3567,3380,Signature,198784,165310.09,2024-10-14,Cancelada
3568,4691,Oro,35805,1003.8,2023-04-24,Vigente
3569,4800,Platino,75618,27645.68,2022-12-30,Vigente
3570,3661,Clasica,14073,11377.85,2023-03-20,Vigente
3571,6194,Clasica,14665,588.79,2023-03-11,Vigente
3572,97,Oro,38887,28451.34,2024-05-16,Vigente
3573,3277,Oro,36618,26754.95,2025-08-19,Vigente
3574,6743,Signature,275972,219054.29,2025-04-02,Vigente
3575,4048,Signature,211810,86640.29,2025-09-29,Cancelada
3576,6859,Oro,42642,10207.2,2025-12-04,Vigente
3577,4139,Platino,98577,35769.75,2023-06-11,Vigente
3578,2672,Clasica,19543,6284.68,2026-02-05,Vigente
3579,7973,Oro,44541,36190.61,2025-11-22,Vigente
3580,6552,Clasica,20939,14221.0,2022-08-16,Vigente
3581,7546,Signature,238184,143190.9,2023-06-21,Cancelada
3582,7768,Clasica,16456,12522.46,2023-07-10,Cancelada
3583,5665,Signature,180856,37310.76,2026-03-31,Vigente
3584,7258,Signature,256267,190802.48,2024-03-01,Bloqueada
3585,5039,Clasica,12559,7636.67,2023-02-19,Vigente
3586,2395,Clasica,19977,6407.67,2025-06-18,Vigente
3587,837,Oro,42315,21690.79,2024-10-21,Vigente
3588,5287,Signature,187205,140023.36,2025-02-22,Bloqueada
3589,7427,Signature,173918,24920.0,2023-07-05,Vigente
3590,1164,Platino,96688,15900.72,2026-06-01,Vigente
3591,790,Platino,82888,67056.33,2025-06-26,Vigente
3592,7252,Signature,223894,94128.45,2024-01-07,Vigente
3593,3841,Clasica,15354,2938.12,2026-08-13,Vigente
3594,3046,Oro,55183,14228.66,2023-07-04,Vigente
3595,4832,Clasica,16336,11812.67,2026-05-12,Vigente
3596,7769,Oro,40735,28721.12,2025-01-05,Vigente
3597,3983,Clasica,19540,480.49,2023-09-10,Cancelada
3598,1363,Signature,209306,45955.24,2025-09-29,Vigente
3599,7604,Platino,86738,24333.64,2026-04-27,Vigente
3600,4813,Signature,242757,171142.54,2024-04-06,Vigente
3601,7955,Clasica,15661,1411.36,2026-05-11,Vigente
3602,6362,Signature,269558,202868.08,2026-03-26,Vigente
3603,119,Oro,55124,26360.95,2026-06-21,Bloqueada
3604,675,Signature,212184,17378.84,2026-03-16,Vigente
3605,3662,Platino,114750,24835.52,2024-01-22,Cancelada
3606,3038,Clasica,12920,1467.99,2023-07-30,Vigente
3607,926,Signature,211270,103268.04,2025-01-22,Vigente
3608,309,Signature,164544,60539.18,2023-12-27,Cancelada
3609,1835,Platino,80198,53770.28,2026-08-25,Cancelada
3610,4246,Oro,39266,18472.05,2022-10-18,Vigente
3611,7445,Platino,107818,7997.72,2024-11-17,Cancelada
3612,646,Platino,103890,64352.87,2024-05-01,Bloqueada
3613,7519,Platino,105652,11360.15,2025-12-20,Vigente
3614,5637,Platino,72677,42332.52,2025-10-12,Cancelada
3615,7932,Signature,184026,52907.76,2024-09-26,Vigente
3616,2058,Platino,91058,2442.57,2022-11-07,Vigente
3617,3598,Signature,178443,134695.76,2026-08-23,Bloqueada
3618,6367,Oro,55161,41744.22,2024-10-29,Vigente
3619,4834,Oro,35464,27619.7,2023-03-29,Cancelada
3620,6175,Platino,115224,87105.14,2025-06-04,Cancelada
3621,2860,Clasica,20936,15128.18,2022-10-22,Vigente
3622,3048,Signature,194819,139539.83,2025-02-12,Vigente
3623,5143,Oro,42585,9941.69,2024-05-09,Vigente
3624,327,Signature,161418,28395.45,2024-02-11,Vigente
3625,7887,Signature,229689,159020.52,2026-08-22,Cancelada
3626,2049,Signature,264046,36616.76,2022-09-16,Cancelada
3627,7396,Clasica,20882,3741.99,2022-10-27,Vigente
3628,3705,Oro,55337,39945.07,2023-06-01,Vigente
3629,56,Signature,262766,12335.67,2023-12-05,Vigente
3630,378,Oro,47108,29439.35,2025-02-22,Vigente
3631,3659,Platino,92249,12786.76,2023-05-09,Vigente
3632,3329,Oro,42646,10690.66,2022-12-13,Vigente
3633,4742,Clasica,14799,12446.5,2024-09-09,Vigente
3634,591,Platino,73509,32006.67,2024-10-06,Vigente
3635,7626,Clasica,17463,13693.86,2023-11-12,Vigente
3636,7988,Platino,99842,36883.0,2025-03-17,Vigente
3637,7825,Platino,125565,3418.08,2025-07-05,Vigente
3638,1653,Oro,48524,10444.16,2023-01-08,Cancelada
3639,1690,Clasica,17617,5211.01,2024-01-08,Vigente
3640,1460,Oro,46501,19940.9,2023-03-11,Vigente
3641,6149,Signature,274150,225918.9,2024-06-13,Vigente
3642,5197,Oro,40829,14574.2,2022-12-07,Cancelada
3643,5746,Signature,232294,101030.42,2024-09-14,Cancelada
3644,7887,Signature,219390,37119.57,2025-02-20,Cancelada
3645,6504,Signature,194936,161391.02,2025-12-16,Bloqueada
3646,2469,Signature,202126,131655.3,2026-01-12,Vigente
3647,1232,Oro,41788,8046.09,2023-09-28,Bloqueada
3648,4520,Oro,35711,1404.47,2026-06-18,Vigente
3649,6423,Oro,41619,13810.11,2023-01-13,Cancelada
3650,996,Platino,110304,38390.2,2024-02-01,Cancelada
3651,5907,Platino,95680,46629.3,2025-04-09,Vigente
3652,7352,Platino,97280,31478.51,2024-05-15,Bloqueada
3653,7519,Signature,250046,4088.6,2024-10-31,Bloqueada
3654,1103,Signature,188695,67303.29,2025-04-24,Vigente
3655,4487,Clasica,14918,5950.16,2024-04-19,Cancelada
3656,7616,Signature,189557,7700.44,2023-04-16,Vigente
3657,484,Platino,122134,29711.08,2023-01-16,Vigente
3658,5926,Signature,212711,51506.25,2023-03-19,Bloqueada
3659,1299,Oro,51531,34474.49,2023-04-19,Vigente
3660,4479,Oro,37137,5506.95,2023-02-12,Vigente
3661,7220,Signature,240247,21636.48,2023-08-20,Bloqueada
3662,5917,Platino,97884,38520.54,2023-06-10,Vigente
3663,6914,Oro,45826,17452.24,2025-08-28,Vigente
3664,1576,Platino,78894,9411.36,2024-10-08,Cancelada
3665,4651,Clasica,16234,4903.56,2025-12-14,Bloqueada
3666,1,Oro,54698,9099.34,2024-01-27,Vigente
3667,7321,Clasica,17277,11837.9,2023-11-26,Vigente
3668,7636,Signature,209709,16568.39,2026-05-14,Vigente
3669,5428,Signature,172288,125456.12,2026-03-05,Vigente
3670,2782,Oro,52324,7551.51,2024-08-25,Vigente
3671,5853,Platino,79741,4290.0,2025-02-25,Bloqueada
3672,4283,Clasica,16505,4327.66,2024-02-25,Vigente
3673,5204,Signature,215725,111507.79,2025-07-23,Vigente
3674,3548,Signature,217105,132784.39,2024-07-19,Vigente
3675,1004,Platino,97142,57489.55,2024-04-22,Vigente
3676,1576,Clasica,18992,15744.71,2023-02-20,Vigente
3677,7012,Oro,45669,18502.87,2026-06-12,Bloqueada
3678,4275,Clasica,13855,3042.97,2022-11-06,Vigente
3679,3766,Platino,96449,37524.85,2024-04-29,Vigente
3680,3892,Oro,38031,17409.76,2023-07-30,Vigente
3681,3560,Oro,46317,24783.14,2024-06-25,Bloqueada
3682,680,Clasica,20468,8435.54,2023-11-18,Vigente
3683,6367,Oro,52080,36717.24,2026-04-27,Bloqueada
3684,7947,Clasica,19535,10624.11,2023-08-20,Vigente
3685,2607,Signature,172601,17287.9,2025-01-31,Bloqueada
3686,686,Signature,194410,26657.95,2024-06-07,Bloqueada
3687,6084,Platino,76010,32425.6,2023-01-01,Vigente
3688,4970,Signature,249702,175764.89,2026-04-05,Vigente
3689,5320,Signature,199162,75640.18,2023-05-10,Cancelada
3690,7634,Platino,87612,3968.76,2023-09-26,Vigente
3691,7491,Signature,167844,16451.13,2025-09-15,Vigente
3692,5658,Platino,123431,63278.92,2022-09-17,Vigente
3693,4094,Oro,44763,23057.39,2023-06-18,Bloqueada
3694,2478,Clasica,16432,8922.04,2023-10-31,Vigente
3695,1013,Platino,121428,75525.45,2025-03-02,Cancelada
3696,126,Clasica,16201,8736.48,2022-11-03,Bloqueada
3697,1623,Signature,213178,61976.79,2024-12-17,Vigente
3698,73,Clasica,20222,5740.06,2025-06-23,Vigente
3699,7747,Oro,37491,1425.84,2023-08-12,Cancelada
3700,6579,Oro,50499,5119.57,2024-10-04,Vigente
3701,6507,Clasica,14819,8142.48,2024-09-03,Cancelada
3702,4544,Platino,99722,67959.43,2023-08-05,Vigente
3703,6480,Clasica,14095,1559.88,2023-11-17,Vigente
3704,7213,Platino,81063,38873.94,2023-01-30,Cancelada
3705,7181,Clasica,19018,2127.45,2022-09-02,Cancelada
3706,6705,Signature,260582,10538.57,2025-10-02,Vigente
3707,647,Signature,186476,93396.01,2024-10-30,Bloqueada
3708,2716,Platino,117035,48303.22,2022-09-03,Cancelada
3709,3056,Platino,94283,14701.95,2022-11-05,Vigente
3710,3218,Clasica,16395,6255.75,2024-06-12,Vigente
3711,3430,Clasica,19362,7964.83,2026-02-03,Vigente
3712,4514,Oro,41843,31200.35,2023-04-06,Vigente
3713,5938,Clasica,18458,12228.4,2025-08-06,Bloqueada
3714,4348,Platino,109884,41452.5,2024-01-29,Vigente
3715,789,Platino,108132,36543.67,2025-07-14,Vigente
3716,217,Oro,48706,30634.85,2023-06-22,Cancelada
3717,3465,Signature,247393,197772.08,2026-01-24,Vigente
3718,481,Platino,90790,20680.03,2026-01-24,Cancelada
3719,3008,Signature,246126,29448.57,2023-05-12,Bloqueada
3720,5704,Clasica,19799,8428.06,2025-03-04,Cancelada
3721,1138,Clasica,12576,3086.32,2026-02-01,Vigente
3722,5316,Clasica,12199,8691.41,2025-08-24,Cancelada
3723,1878,Clasica,16817,3249.82,2026-03-26,Bloqueada
3724,7673,Platino,90113,59475.67,2023-10-15,Vigente
3725,2033,Oro,47726,24542.12,2024-12-19,Vigente
3726,5609,Signature,204743,60717.17,2024-09-28,Vigente
3727,1328,Platino,107779,46691.97,2025-03-23,Cancelada
3728,4230,Platino,119989,74202.59,2025-08-07,Bloqueada
3729,7953,Platino,98881,36234.34,2026-03-07,Bloqueada
3730,35,Platino,87202,41435.87,2023-06-26,Vigente
3731,7043,Platino,103501,16279.23,2023-11-26,Cancelada
3732,5223,Clasica,17112,3545.82,2025-02-16,Bloqueada
3733,761,Signature,160494,131811.42,2024-03-15,Bloqueada
3734,1306,Clasica,16757,2520.63,2025-03-20,Vigente
3735,209,Oro,49882,32433.05,2023-06-20,Cancelada
3736,7775,Clasica,13949,6554.62,2025-08-25,Vigente
3737,2549,Clasica,18613,11128.62,2022-07-29,Cancelada
3738,4934,Platino,94693,57237.96,2023-09-05,Vigente
3739,4617,Clasica,19229,14981.06,2023-11-21,Vigente
3740,2240,Clasica,12047,4030.25,2024-07-21,Vigente
3741,6302,Clasica,14734,8067.05,2026-06-13,Vigente
3742,6406,Clasica,20374,14831.68,2023-08-20,Vigente
3743,816,Clasica,13006,3536.42,2024-05-11,Vigente
3744,6670,Signature,166483,49261.12,2022-10-13,Vigente
3745,753,Oro,54254,7017.57,2024-09-08,Vigente
3746,7412,Clasica,20412,7368.38,2023-07-06,Cancelada
3747,4787,Oro,35223,22102.41,2025-06-10,Vigente
3748,6482,Oro,46029,5376.43,2025-06-11,Vigente
3749,5851,Signature,179872,35975.73,2026-02-06,Vigente
3750,3237,Signature,261728,151434.67,2024-04-07,Vigente
3751,2997,Oro,42310,35382.46,2025-10-01,Vigente
3752,5596,Oro,35522,3475.96,2026-02-10,Cancelada
3753,1220,Signature,276452,193458.37,2026-04-21,Bloqueada
3754,6090,Platino,80382,42616.81,2025-11-12,Bloqueada
3755,3636,Platino,97080,62613.54,2026-03-03,Vigente
3756,4253,Oro,38718,6150.79,2022-10-17,Cancelada
3757,1917,Signature,221854,65830.02,2023-09-13,Cancelada
3758,6211,Clasica,16884,6824.58,2026-08-21,Vigente
3759,2896,Signature,249034,110495.02,2024-05-11,Vigente
3760,1828,Oro,42097,32895.22,2025-12-20,Vigente
3761,264,Platino,85693,63521.87,2026-05-20,Cancelada
3762,4548,Platino,84845,16059.83,2024-01-21,Vigente
3763,7246,Signature,238227,135260.06,2023-10-28,Bloqueada
3764,1221,Clasica,17695,7396.52,2024-08-06,Vigente
3765,5213,Oro,36104,19466.31,2026-05-13,Vigente
3766,1803,Oro,50989,1458.65,2022-09-16,Bloqueada
3767,3230,Signature,259899,37602.07,2024-11-16,Cancelada
3768,7767,Platino,123599,65422.73,2024-07-25,Cancelada
3769,5524,Platino,92282,32301.53,2026-02-28,Vigente
3770,3295,Clasica,15039,8230.5,2023-06-27,Cancelada
3771,511,Platino,84642,33974.7,2023-02-14,Vigente
3772,7477,Oro,46169,38363.27,2025-10-23,Bloqueada
3773,3785,Oro,45214,27723.25,2023-04-14,Cancelada
3774,4440,Oro,46935,25920.77,2026-06-25,Vigente
3775,426,Platino,92415,66760.7,2023-12-31,Vigente
3776,3869,Oro,52024,17194.56,2023-01-17,Vigente
3777,1561,Oro,36186,16997.9,2026-05-12,Cancelada
3778,7974,Clasica,20658,10028.08,2025-03-31,Cancelada
3779,7152,Signature,192834,60603.95,2023-12-09,Vigente
3780,7115,Oro,48835,28210.22,2026-07-28,Vigente
3781,4414,Oro,43539,17856.62,2025-07-01,Vigente
3782,936,Clasica,17495,4151.91,2024-12-28,Vigente
3783,7823,Signature,238256,94444.31,2022-10-10,Vigente
3784,7347,Platino,77809,65879.37,2025-12-02,Vigente
3785,5919,Platino,93872,60505.33,2023-08-10,Vigente
3786,2175,Signature,238087,93493.51,2024-06-30,Bloqueada
3787,1842,Oro,50828,16634.44,2023-06-10,Cancelada
3788,7886,Clasica,18812,8205.88,2022-12-14,Cancelada
3789,975,Signature,225525,99387.3,2025-02-21,Cancelada
3790,4630,Clasica,17054,6177.71,2025-08-19,Cancelada
3791,5646,Signature,162785,101693.44,2023-04-21,Vigente
3792,4724,Clasica,16230,11092.19,2023-12-29,Vigente
3793,1641,Signature,223874,3932.51,2023-06-16,Bloqueada
3794,7528,Signature,169999,25306.74,2025-12-05,Bloqueada
3795,6059,Signature,184244,156247.25,2024-04-09,Vigente
3796,498,Platino,122291,92382.6,2025-03-25,Bloqueada
3797,3972,Signature,179453,71150.39,2026-07-16,Vigente
3798,7383,Signature,269817,210858.76,2026-04-20,Vigente
3799,4765,Signature,235571,28598.27,2022-12-29,Vigente
3800,4718,Oro,39585,11387.63,2022-12-14,Vigente
3801,2844,Signature,238095,88812.74,2025-06-24,Vigente
3802,4556,Clasica,18074,3862.93,2025-03-11,Vigente
3803,1711,Signature,209776,148200.39,2024-10-20,Vigente
3804,7893,Platino,108488,9557.33,2024-07-16,Vigente
3805,3755,Clasica,15104,5216.76,2024-08-17,Cancelada
3806,1430,Platino,97476,76578.21,2026-06-13,Cancelada
3807,7145,Clasica,14318,8296.78,2024-11-21,Bloqueada
3808,1140,Clasica,12791,3352.54,2025-10-22,Bloqueada
3809,7144,Clasica,16069,2191.07,2026-06-20,Bloqueada
3810,5128,Clasica,13256,10242.88,2025-07-07,Cancelada
3811,741,Oro,50476,31993.54,2024-09-25,Vigente
3812,4055,Clasica,14094,2422.92,2024-02-29,Vigente
3813,3045,Oro,38064,28187.21,2023-05-31,Vigente
3814,6304,Platino,109835,49235.99,2025-07-20,Cancelada
3815,2518,Platino,106579,55448.44,2025-11-10,Cancelada
3816,937,Platino,102678,75202.06,2026-05-31,Cancelada
3817,4013,Platino,72064,15564.4,2023-11-10,Cancelada
3818,3407,Platino,86864,28294.52,2026-01-04,Vigente
3819,4339,Oro,38291,6202.83,2023-12-07,Vigente
3820,3268,Clasica,19525,14914.16,2022-08-14,Vigente
3821,5108,Oro,47953,34858.86,2025-01-02,Vigente
3822,7662,Clasica,19411,12299.38,2025-02-24,Vigente
3823,7495,Oro,44959,5891.53,2026-06-14,Bloqueada
3824,2125,Clasica,19559,13098.8,2022-08-14,Cancelada
3825,7844,Platino,112085,1955.2,2025-08-14,Vigente
3826,1537,Signature,232954,156015.59,2026-04-25,Cancelada
3827,6668,Oro,39407,31702.0,2025-12-30,Bloqueada
3828,1287,Signature,278690,21059.19,2025-08-23,Vigente
3829,4066,Oro,46669,32389.61,2024-09-09,Cancelada
3830,1118,Clasica,12874,6269.96,2026-05-26,Vigente
3831,246,Platino,121843,7489.12,2026-02-09,Vigente
3832,7693,Clasica,13232,6956.79,2026-08-13,Bloqueada
3833,2753,Oro,49957,40867.74,2025-03-03,Cancelada
3834,6610,Signature,192229,115951.23,2022-11-05,Vigente
3835,624,Oro,38726,16292.71,2023-05-18,Bloqueada
3836,2450,Signature,211321,7866.27,2024-08-16,Vigente
3837,6118,Signature,279693,26120.6,2026-04-10,Bloqueada
3838,3029,Oro,49476,8862.06,2026-05-05,Vigente
3839,4766,Platino,106405,81349.35,2024-06-09,Bloqueada
3840,5841,Platino,96505,46544.54,2026-01-15,Vigente
3841,1523,Oro,39203,23793.27,2023-07-09,Vigente
3842,2200,Oro,38076,26699.07,2023-04-14,Vigente
3843,6560,Clasica,15980,7932.81,2023-05-18,Bloqueada
3844,5274,Signature,174718,62049.64,2025-05-16,Bloqueada
3845,7677,Platino,105919,5080.22,2024-11-24,Vigente
3846,4843,Oro,40311,14945.74,2024-04-17,Vigente
3847,3780,Oro,34702,19135.99,2023-10-10,Bloqueada
3848,2871,Signature,266170,75806.85,2026-03-09,Vigente
3849,5699,Oro,38115,14730.67,2026-08-23,Vigente
3850,5286,Platino,81919,10104.53,2026-03-18,Vigente
3851,5295,Clasica,16661,8076.56,2024-04-05,Bloqueada
3852,7127,Clasica,12140,6662.39,2026-06-30,Cancelada
3853,6352,Signature,221468,178155.07,2024-11-07,Vigente
3854,2514,Clasica,20714,10345.29,2024-07-25,Bloqueada
3855,4093,Platino,106582,72626.34,2024-07-12,Vigente
3856,5682,Platino,107284,49856.0,2024-07-18,Vigente
3857,1200,Oro,53489,19959.06,2024-07-21,Cancelada
3858,7275,Signature,239839,143670.32,2025-05-25,Vigente
3859,442,Oro,50131,35995.33,2025-03-07,Vigente
3860,5169,Clasica,13854,11137.64,2024-01-15,Cancelada
3861,592,Clasica,16723,5512.45,2025-07-29,Vigente
3862,762,Clasica,20096,12198.69,2026-06-20,Bloqueada
3863,3145,Clasica,16750,649.46,2023-02-16,Vigente
3864,5210,Signature,205478,114073.9,2023-05-23,Vigente
3865,6471,Platino,85980,14700.31,2023-07-11,Cancelada
3866,3220,Oro,32551,24681.91,2025-09-05,Bloqueada
3867,876,Clasica,15303,5672.16,2023-07-20,Vigente
3868,5686,Clasica,19757,9774.39,2024-04-14,Vigente
3869,2045,Clasica,15267,8997.29,2022-12-27,Vigente
3870,5040,Platino,79093,49981.25,2024-04-27,Cancelada
3871,4943,Oro,43109,11396.82,2026-02-03,Vigente
3872,7203,Platino,125749,83992.45,2024-09-29,Bloqueada
3873,1856,Signature,258626,141459.03,2023-12-12,Bloqueada
3874,6545,Signature,178237,71559.53,2022-10-16,Vigente
3875,498,Clasica,20173,3120.55,2026-01-22,Cancelada
3876,6428,Clasica,13089,8341.22,2023-06-30,Cancelada
3877,7066,Oro,50587,27964.41,2024-11-29,Cancelada
3878,2534,Signature,261256,10335.25,2023-05-16,Vigente
3879,3692,Clasica,17911,14249.33,2025-04-19,Bloqueada
3880,1849,Clasica,20961,2955.4,2024-11-07,Cancelada
3881,7304,Clasica,14106,11029.9,2025-12-31,Vigente
3882,543,Platino,82014,65895.59,2025-02-11,Vigente
3883,2606,Oro,55403,7338.81,2023-07-03,Vigente
3884,6160,Clasica,15289,9563.67,2022-09-02,Vigente
3885,2239,Platino,103147,15224.91,2026-07-17,Vigente
3886,3768,Clasica,19507,16366.27,2024-02-13,Vigente
3887,339,Oro,47620,5741.27,2022-09-01,Bloqueada
3888,5399,Clasica,19446,10110.03,2024-11-05,Cancelada
3889,2687,Oro,51696,33165.49,2025-03-07,Bloqueada
3890,3914,Platino,116735,49028.73,2025-10-29,Bloqueada
3891,1518,Clasica,13582,3.66,2025-06-26,Vigente
3892,7796,Oro,34161,2336.84,2026-07-22,Vigente
3893,1031,Platino,106875,78284.1,2024-11-21,Bloqueada
3894,6965,Signature,162315,61407.63,2024-07-11,Vigente
3895,2497,Clasica,14922,6801.21,2023-01-23,Vigente
3896,7060,Clasica,12921,4687.81,2026-02-18,Cancelada
3897,7171,Clasica,17806,10530.62,2024-12-29,Cancelada
3898,7432,Clasica,20622,1328.68,2025-08-09,Cancelada
3899,511,Signature,173672,96177.21,2025-06-30,Cancelada
3900,4687,Signature,182610,10244.07,2024-03-29,Vigente
3901,1240,Platino,75628,16298.02,2024-03-25,Cancelada
3902,6413,Clasica,17810,7413.53,2026-02-06,Vigente
3903,4617,Oro,55982,39870.55,2026-03-06,Vigente
3904,4186,Signature,161729,29392.95,2023-03-07,Vigente
3905,4122,Signature,223743,49898.62,2025-12-09,Bloqueada
3906,7525,Oro,38882,21693.69,2024-12-31,Vigente
3907,2391,Clasica,17409,6881.78,2026-07-29,Vigente
3908,2917,Clasica,12707,2461.38,2024-01-25,Vigente
3909,5790,Clasica,15650,10475.86,2025-09-20,Cancelada
3910,3075,Signature,163890,17423.54,2024-12-25,Vigente
3911,7613,Oro,52033,13027.58,2025-05-21,Vigente
3912,3392,Oro,35344,2452.21,2025-09-05,Vigente
3913,7178,Oro,43536,27026.6,2026-08-24,Cancelada
3914,665,Platino,80599,3061.93,2024-07-27,Vigente
3915,7877,Platino,100635,58407.87,2022-12-10,Vigente
3916,6078,Oro,33590,11710.04,2024-11-30,Vigente
3917,6742,Signature,261393,66760.5,2023-12-09,Vigente
3918,944,Clasica,12219,1454.38,2023-09-06,Bloqueada
3919,7681,Signature,201044,31932.67,2023-02-14,Vigente
3920,6399,Oro,50181,8338.05,2024-12-19,Bloqueada
3921,7665,Clasica,18423,14906.4,2023-10-04,Vigente
3922,4739,Signature,268263,67783.54,2025-07-18,Cancelada
3923,5988,Clasica,19925,1320.56,2025-09-25,Vigente
3924,7827,Platino,72600,1995.94,2025-12-17,Vigente
3925,2207,Oro,39751,19137.48,2023-07-16,Cancelada
3926,3730,Platino,91219,23948.73,2023-03-09,Bloqueada
3927,1664,Platino,93756,72311.21,2025-12-07,Vigente
3928,6855,Clasica,13300,10800.7,2024-10-25,Vigente
3929,5251,Platino,98995,62144.97,2023-10-09,Vigente
3930,7774,Oro,43438,10919.58,2024-07-22,Vigente
3931,3957,Oro,52387,20281.5,2024-07-22,Vigente
3932,4155,Oro,43078,28697.49,2025-09-28,Bloqueada
3933,6733,Clasica,16298,9322.11,2026-03-18,Cancelada
3934,6014,Clasica,12516,738.14,2025-09-25,Bloqueada
3935,7100,Platino,79853,52149.73,2025-02-11,Bloqueada
3936,3197,Signature,246510,41177.97,2023-06-19,Cancelada
3937,22,Clasica,16634,3503.62,2023-03-20,Vigente
3938,6415,Platino,121479,44970.7,2024-04-17,Bloqueada
3939,5937,Platino,101765,1484.76,2023-01-12,Bloqueada
3940,4247,Oro,44908,5034.18,2022-11-28,Bloqueada
3941,4072,Signature,160020,19841.42,2026-05-11,Cancelada
3942,7606,Clasica,13986,6809.31,2026-05-10,Vigente
3943,7562,Clasica,12142,6500.91,2025-03-28,Cancelada
3944,562,Oro,37953,22052.48,2026-08-21,Vigente
3945,6485,Oro,45680,23391.79,2023-03-30,Bloqueada
3946,5570,Platino,109399,36778.95,2025-08-09,Vigente
3947,539,Signature,180046,81092.81,2023-07-02,Vigente
3948,4639,Platino,88978,22343.53,2025-08-01,Vigente
3949,4100,Oro,43606,6707.77,2025-04-23,Cancelada
3950,4258,Oro,32616,2966.75,2022-10-30,Vigente
3951,6546,Platino,99059,72775.37,2025-12-13,Cancelada
3952,4834,Platino,94385,56435.52,2024-06-13,Cancelada
3953,6536,Clasica,14363,11188.02,2025-07-30,Vigente
3954,1010,Platino,118439,26957.67,2022-11-06,Bloqueada
3955,7038,Signature,221436,146987.1,2023-05-03,Bloqueada
3956,4796,Oro,40406,13631.86,2024-07-31,Vigente
3957,2237,Oro,36065,19511.64,2025-07-12,Vigente
3958,6240,Signature,175747,67111.6,2025-11-13,Vigente
3959,5713,Platino,91612,5304.12,2024-04-05,Vigente
3960,2452,Clasica,14110,8530.57,2024-06-03,Cancelada
3961,1436,Oro,35897,19597.08,2024-08-30,Vigente
3962,4012,Platino,121925,96884.0,2024-07-26,Cancelada
3963,2585,Platino,120312,97177.3,2025-03-09,Bloqueada
3964,2248,Signature,213275,27910.79,2022-10-17,Bloqueada
3965,4792,Signature,245508,86263.64,2024-01-11,Bloqueada
3966,7606,Clasica,12053,4943.27,2023-12-14,Vigente
3967,4238,Platino,76968,35545.48,2023-11-06,Vigente
3968,1648,Signature,230505,78018.97,2022-09-13,Vigente
3969,2475,Clasica,14983,3341.11,2023-09-03,Vigente
3970,5292,Signature,233526,45499.72,2024-03-06,Bloqueada
3971,7520,Clasica,12826,9342.37,2023-05-14,Vigente
3972,256,Clasica,17043,1253.99,2023-03-12,Bloqueada
3973,5137,Platino,74200,984.71,2025-11-17,Vigente
3974,2348,Platino,86706,2317.27,2023-02-28,Cancelada
3975,713,Platino,81629,57883.83,2024-11-05,Vigente
3976,1043,Oro,39190,21849.19,2022-09-24,Vigente
3977,525,Platino,85383,34284.53,2025-12-28,Vigente
3978,957,Platino,96078,77422.43,2023-10-21,Bloqueada
3979,7191,Signature,255947,142744.76,2024-01-19,Bloqueada
3980,4229,Clasica,20000,10160.9,2024-03-07,Vigente
3981,1209,Oro,55939,44758.69,2023-05-24,Vigente
3982,4641,Signature,211936,87221.02,2022-08-15,Bloqueada
3983,3970,Platino,96076,28085.3,2022-10-09,Cancelada
3984,2355,Platino,76631,51545.42,2025-01-17,Vigente
3985,2014,Platino,102943,39202.24,2024-03-02,Vigente
3986,6171,Clasica,19194,2.03,2023-10-20,Vigente
3987,1965,Signature,272888,176457.23,2024-04-01,Vigente
3988,6216,Signature,261795,108506.3,2023-09-04,Vigente
3989,4712,Clasica,20171,3445.45,2023-12-15,Bloqueada
3990,3874,Oro,54661,19033.91,2024-08-29,Vigente
3991,1166,Oro,51379,38723.41,2024-06-23,Vigente
3992,6571,Signature,201294,75188.36,2024-08-22,Vigente
3993,2144,Platino,75398,61252.99,2026-05-19,Vigente
3994,7784,Clasica,18610,9974.58,2025-01-17,Vigente
3995,5592,Signature,185162,97311.82,2025-05-04,Vigente
3996,103,Platino,78876,34888.83,2024-05-24,Vigente
3997,7747,Platino,109375,67978.62,2023-11-16,Vigente
3998,2028,Signature,257123,40198.53,2025-07-22,Cancelada
3999,3850,Clasica,12603,8420.67,2026-06-09,Vigente
4000,6297,Signature,225413,45846.05,2024-12-02,Cancelada
4001,6193,Signature,229681,115673.78,2023-03-12,Vigente
4002,7726,Platino,81755,65558.03,2023-03-07,Vigente
4003,4061,Platino,102904,63609.81,2023-02-11,Vigente
4004,837,Oro,38761,12181.66,2022-08-19,Bloqueada
4005,2385,Clasica,13721,110.55,2024-06-14,Cancelada
4006,4727,Platino,77102,9082.37,2023-09-14,Vigente
4007,1932,Oro,42535,6617.38,2025-03-25,Bloqueada
4008,6346,Clasica,19903,4223.59,2025-02-11,Vigente
4009,2142,Signature,210780,172614.49,2025-11-19,Vigente
4010,4832,Signature,254986,47308.98,2023-10-29,Bloqueada
4011,6932,Clasica,20743,8430.09,2024-07-04,Vigente
4012,47,Oro,47747,10024.47,2026-04-10,Vigente
4013,729,Platino,88789,61770.02,2022-08-07,Bloqueada
4014,5918,Signature,182723,83865.0,2026-06-03,Vigente
4015,4285,Platino,76729,8567.85,2022-10-02,Vigente
4016,3958,Clasica,15495,9260.14,2024-05-02,Vigente
4017,7137,Signature,213723,32126.98,2025-10-09,Vigente
4018,14,Signature,269522,97423.04,2023-08-16,Vigente
4019,4417,Signature,180962,36619.63,2025-01-30,Bloqueada
4020,7453,Signature,254860,32383.04,2025-07-04,Vigente
4021,4143,Signature,185175,36437.46,2025-07-02,Vigente
4022,2293,Oro,34582,18322.78,2025-03-11,Vigente
4023,4184,Oro,43064,35569.5,2024-03-26,Bloqueada
4024,705,Oro,36969,5219.15,2025-07-17,Bloqueada
4025,165,Oro,45242,23745.83,2023-11-18,Vigente
4026,7300,Clasica,13106,806.82,2024-06-17,Vigente
4027,2515,Clasica,20124,8438.83,2024-06-22,Vigente
4028,6212,Oro,49109,9946.86,2026-08-27,Cancelada
4029,3812,Clasica,12114,7568.73,2026-01-17,Vigente
4030,3628,Platino,79112,7064.99,2024-12-19,Vigente
4031,2388,Oro,43265,19359.24,2024-05-29,Vigente
4032,3781,Platino,117799,68999.2,2024-01-12,Vigente
4033,6204,Platino,110139,18351.22,2026-05-30,Vigente
4034,7182,Oro,40826,29780.31,2022-11-12,Vigente
4035,760,Signature,192787,20851.39,2025-05-29,Vigente
4036,5291,Clasica,15298,9975.91,2026-04-25,Vigente
4037,2136,Signature,169687,84613.53,2022-11-25,Bloqueada
4038,5461,Clasica,13970,11114.18,2024-09-07,Cancelada
4039,1287,Signature,270540,14112.3,2024-12-03,Cancelada
4040,7324,Signature,212667,55585.33,2023-02-04,Bloqueada
4041,1536,Platino,75325,5977.63,2024-07-29,Bloqueada
4042,5972,Signature,242412,25171.6,2022-11-11,Bloqueada
4043,1452,Signature,279605,121734.75,2023-02-08,Bloqueada
4044,1482,Oro,52284,39301.8,2022-12-11,Cancelada
4045,5356,Signature,277361,226429.25,2026-06-23,Cancelada
4046,2135,Oro,45267,31663.24,2024-01-13,Vigente
4047,2136,Clasica,18986,8987.09,2024-07-12,Vigente
4048,1887,Clasica,18650,6668.59,2024-07-25,Cancelada
4049,879,Oro,46331,20328.67,2023-10-24,Bloqueada
4050,3744,Platino,110123,35529.93,2026-02-09,Vigente
4051,3628,Oro,53277,3570.41,2023-08-25,Vigente
4052,2783,Clasica,19095,3262.17,2025-01-23,Vigente
4053,6997,Oro,37254,10226.64,2025-07-04,Vigente
4054,4131,Oro,54989,6393.19,2025-04-30,Cancelada
4055,3875,Clasica,18037,14101.18,2023-01-22,Vigente
4056,3446,Oro,39518,22537.46,2022-07-27,Vigente
4057,4363,Clasica,17008,5170.31,2025-06-20,Bloqueada
4058,2955,Platino,73947,27517.89,2024-12-06,Vigente
4059,2534,Oro,53087,22210.72,2025-05-25,Vigente
4060,7942,Clasica,20417,6790.28,2022-12-13,Cancelada
4061,6149,Platino,124079,12835.38,2022-12-18,Vigente
4062,5826,Signature,279784,11932.08,2025-01-11,Vigente
4063,1036,Clasica,17429,7686.68,2023-11-26,Bloqueada
4064,1718,Platino,113214,52293.85,2024-08-30,Vigente
4065,6287,Platino,112845,75652.31,2025-06-13,Vigente
4066,291,Oro,53013,35152.03,2024-04-23,Vigente
4067,7113,Signature,165698,134209.71,2024-01-14,Vigente
4068,7810,Signature,274781,159252.07,2024-01-14,Vigente
4069,6367,Oro,51577,3010.8,2024-10-30,Vigente
4070,7639,Clasica,19776,14774.6,2025-08-20,Vigente
4071,8,Clasica,12482,1339.7,2023-08-03,Bloqueada
4072,2151,Signature,240208,8301.81,2024-08-06,Vigente
4073,7580,Clasica,18058,3797.75,2022-11-18,Vigente
4074,4104,Clasica,20389,5552.0,2023-11-17,Cancelada
4075,7149,Platino,120080,55060.94,2024-11-01,Bloqueada
4076,1272,Platino,95532,19068.43,2023-03-23,Vigente
4077,3652,Oro,45707,34104.79,2024-02-02,Cancelada
4078,7059,Oro,34151,12873.06,2025-03-27,Cancelada
4079,4781,Platino,119143,80785.93,2024-12-06,Vigente
4080,7680,Oro,41906,30528.51,2023-08-03,Vigente
4081,2682,Signature,187350,117187.7,2026-06-05,Cancelada
4082,3875,Platino,80069,25123.64,2024-09-18,Cancelada
4083,3753,Signature,270377,152530.0,2026-07-11,Bloqueada
4084,2074,Oro,53787,16496.83,2025-05-18,Vigente
4085,4423,Clasica,14454,9590.04,2025-10-31,Vigente
4086,1794,Oro,46560,21117.16,2022-09-10,Bloqueada
4087,697,Oro,38780,1846.48,2024-11-28,Bloqueada
4088,6800,Clasica,15480,5598.22,2026-08-09,Vigente
4089,5886,Oro,53508,20698.44,2024-02-22,Bloqueada
4090,1935,Clasica,16651,723.61,2025-12-21,Bloqueada
4091,4964,Signature,186577,133698.76,2026-08-07,Vigente
4092,5203,Clasica,19378,11383.14,2026-08-23,Vigente
4093,6938,Signature,177155,38049.05,2023-02-22,Bloqueada
4094,7475,Signature,212307,128805.69,2026-08-04,Cancelada
4095,359,Signature,208589,66715.47,2025-02-06,Vigente
4096,3401,Platino,112719,19285.46,2026-08-18,Vigente
4097,6064,Clasica,19674,6141.24,2023-11-06,Vigente
4098,3523,Oro,41296,12354.61,2025-09-07,Vigente
4099,1155,Platino,106327,44177.25,2025-03-10,Vigente
4100,4201,Platino,125650,65826.31,2025-10-13,Vigente
4101,6980,Signature,243658,204951.63,2023-01-30,Vigente
4102,2174,Clasica,15217,3708.1,2025-05-04,Cancelada
4103,7943,Platino,93714,14709.17,2022-10-18,Cancelada
4104,6508,Platino,75029,54991.63,2026-05-19,Bloqueada
4105,4777,Signature,220602,89458.17,2023-11-25,Bloqueada
4106,6133,Platino,123095,45198.91,2025-03-07,Bloqueada
4107,7858,Clasica,13805,4185.07,2022-10-23,Cancelada
4108,1067,Platino,105198,44861.32,2026-06-17,Cancelada
4109,683,Signature,211955,7420.18,2023-08-05,Vigente
4110,1580,Platino,93826,6169.72,2025-01-04,Bloqueada
4111,3620,Oro,37400,25406.36,2025-05-15,Vigente
4112,89,Signature,222320,17983.28,2024-03-22,Vigente
4113,997,Platino,82758,12683.95,2025-06-11,Vigente
4114,4941,Clasica,19349,3924.18,2024-06-26,Vigente
4115,2788,Signature,215397,182418.24,2023-10-19,Vigente
4116,7813,Oro,47189,34850.43,2025-07-04,Bloqueada
4117,3521,Signature,234053,18587.63,2024-02-13,Cancelada
4118,6474,Oro,54730,1437.84,2026-03-12,Vigente
4119,7261,Oro,41511,22379.18,2024-01-09,Cancelada
4120,1874,Platino,109551,28511.5,2024-02-11,Bloqueada
4121,5409,Clasica,16413,2012.86,2023-11-26,Cancelada
4122,134,Clasica,13422,9481.88,2024-08-18,Vigente
4123,6575,Platino,78593,19870.09,2025-10-29,Vigente
4124,4725,Clasica,12451,4230.8,2024-02-18,Cancelada
4125,1810,Signature,263344,10512.0,2026-04-07,Bloqueada
4126,422,Oro,52514,10357.57,2026-03-18,Vigente
4127,394,Oro,36862,19196.16,2025-01-03,Cancelada
4128,7900,Clasica,17551,1113.86,2024-05-14,Vigente
4129,3349,Signature,222309,187883.57,2024-10-05,Vigente
4130,4602,Clasica,20544,5996.3,2026-01-13,Bloqueada
4131,7903,Clasica,15856,8189.05,2025-11-22,Vigente
4132,2149,Platino,122429,52892.35,2025-08-19,Cancelada
4133,5156,Clasica,14027,7715.97,2025-12-05,Vigente
4134,7908,Signature,249372,57095.64,2022-09-06,Vigente
4135,1636,Clasica,20376,6417.58,2024-02-06,Cancelada
4136,1001,Platino,89964,63665.39,2023-04-22,Vigente
4137,6870,Oro,52946,21812.12,2025-01-18,Cancelada
4138,7080,Signature,165591,124183.55,2023-08-02,Cancelada
4139,5852,Signature,202595,158386.62,2024-04-27,Bloqueada
4140,4609,Platino,86397,54207.92,2026-05-23,Cancelada
4141,6011,Oro,54557,11154.5,2024-09-13,Vigente
4142,6445,Platino,122426,43622.29,2026-08-25,Vigente
4143,6693,Signature,234755,166279.77,2022-10-09,Cancelada
4144,4776,Signature,251686,8282.67,2024-05-27,Bloqueada
4145,4915,Signature,170765,22649.83,2022-09-12,Vigente
4146,6416,Signature,178254,78725.36,2026-06-25,Bloqueada
4147,3096,Platino,93739,1843.42,2023-07-24,Vigente
4148,1569,Signature,241647,106297.65,2024-09-07,Vigente
4149,6037,Platino,90709,619.86,2025-09-02,Vigente
4150,7351,Platino,120872,69873.42,2026-05-01,Cancelada
4151,3757,Oro,45882,31985.56,2025-06-14,Vigente
4152,5674,Oro,48505,20353.76,2025-12-04,Vigente
4153,7322,Oro,44299,7054.73,2022-10-08,Bloqueada
4154,366,Platino,102594,67861.19,2022-12-18,Vigente
4155,5358,Signature,221342,108736.27,2025-09-30,Vigente
4156,4992,Oro,53978,1169.38,2023-01-07,Bloqueada
4157,5690,Oro,33725,15364.49,2023-09-29,Vigente
4158,6734,Signature,232065,84653.62,2026-06-04,Vigente
4159,570,Signature,176753,77064.25,2024-01-04,Bloqueada
4160,140,Signature,202010,80828.68,2024-06-16,Vigente
4161,5240,Platino,116483,65373.05,2022-08-19,Bloqueada
4162,812,Platino,122343,8288.71,2024-02-27,Bloqueada
4163,1712,Signature,267153,220275.88,2023-03-25,Vigente
4164,4238,Signature,178531,72647.47,2022-12-10,Vigente
4165,1776,Oro,46711,29507.26,2022-12-02,Vigente
4166,879,Oro,55158,24947.37,2024-05-31,Vigente
4167,7003,Oro,40172,3432.81,2026-08-21,Vigente
4168,3118,Signature,232672,30889.07,2022-11-17,Cancelada
4169,4251,Clasica,13584,1384.57,2025-03-10,Vigente
4170,1179,Clasica,14260,3334.14,2022-11-22,Vigente
4171,6205,Platino,100263,82964.8,2024-12-04,Vigente
4172,2880,Clasica,14751,12070.34,2024-10-30,Cancelada
4173,6082,Signature,269881,24518.84,2024-10-07,Vigente
4174,6761,Oro,44877,34726.23,2022-12-09,Vigente
4175,6124,Clasica,13250,10136.19,2026-04-03,Bloqueada
4176,5560,Clasica,12885,2951.91,2023-05-14,Cancelada
4177,5254,Platino,95785,39589.42,2024-07-09,Vigente
4178,2106,Signature,218558,156895.78,2026-08-20,Vigente
4179,6743,Signature,185975,60020.02,2024-01-30,Cancelada
4180,1225,Signature,162999,25286.5,2023-01-31,Vigente
4181,7904,Signature,161842,105851.38,2023-01-14,Vigente
4182,5168,Platino,99571,53791.12,2025-06-15,Vigente
4183,7754,Oro,51213,34446.12,2023-02-19,Vigente
4184,2256,Platino,122641,84818.33,2023-07-09,Bloqueada
4185,2751,Oro,43499,20729.13,2024-10-18,Bloqueada
4186,6147,Oro,41260,13551.14,2023-05-20,Cancelada
4187,3996,Oro,52180,24964.66,2024-11-02,Vigente
4188,3520,Signature,169912,49860.23,2024-10-31,Cancelada
4189,5706,Clasica,20521,14482.3,2025-11-07,Cancelada
4190,6875,Signature,192479,138694.72,2023-12-01,Cancelada
4191,6677,Clasica,14282,2637.58,2024-04-19,Vigente
4192,5287,Signature,170161,76131.39,2023-07-07,Cancelada
4193,4826,Platino,97145,61188.96,2025-09-21,Vigente
4194,2668,Oro,38272,23541.83,2023-06-20,Bloqueada
4195,983,Oro,51315,37158.04,2024-08-22,Cancelada
4196,5171,Clasica,18061,11235.73,2026-04-09,Cancelada
4197,6824,Platino,113077,6908.61,2024-06-01,Vigente
4198,5803,Signature,168753,45863.32,2026-04-27,Vigente
4199,2610,Signature,213650,159773.44,2024-04-28,Bloqueada
4200,6054,Signature,233496,75186.0,2023-02-19,Bloqueada
4201,4533,Platino,73167,43344.54,2022-08-12,Vigente
4202,2840,Oro,54968,34415.78,2023-10-04,Cancelada
4203,7811,Clasica,16502,4179.65,2023-09-02,Bloqueada
4204,7460,Platino,78434,38155.46,2022-11-18,Bloqueada
4205,101,Oro,53653,22375.44,2026-03-03,Vigente
4206,2868,Oro,32106,26805.8,2025-02-01,Vigente
4207,2139,Clasica,17749,14231.55,2026-04-24,Cancelada
4208,2193,Platino,76499,43345.87,2024-10-10,Vigente
4209,1025,Platino,85996,71747.3,2022-12-29,Cancelada
4210,4157,Signature,192245,153165.01,2026-08-07,Cancelada
4211,4420,Platino,93531,55007.49,2024-09-23,Cancelada
4212,3046,Oro,45472,3941.61,2024-04-24,Cancelada
4213,6203,Platino,122106,103562.94,2025-03-08,Bloqueada
4214,85,Signature,242302,194465.13,2023-07-21,Vigente
4215,6917,Clasica,16115,11730.76,2024-11-11,Vigente
4216,6417,Signature,168029,108680.76,2024-01-14,Vigente
4217,36,Platino,72114,49661.77,2023-05-28,Vigente
4218,1418,Platino,76417,38796.45,2025-11-23,Vigente
4219,2501,Oro,51599,30809.95,2025-09-21,Bloqueada
4220,7250,Signature,220336,169925.25,2022-11-17,Vigente
4221,1125,Platino,79211,42662.44,2025-08-02,Vigente
4222,6268,Oro,51195,13550.47,2023-08-28,Bloqueada
4223,5246,Platino,92605,21078.45,2024-05-04,Vigente
4224,2196,Signature,163525,29947.28,2024-04-06,Vigente
4225,5562,Oro,40491,4457.82,2022-08-31,Vigente
4226,3872,Oro,49763,38822.68,2024-03-30,Vigente
4227,3521,Signature,251151,173456.57,2025-09-12,Vigente
4228,4137,Signature,183301,19800.43,2024-11-20,Bloqueada
4229,1035,Platino,111060,77689.57,2022-11-25,Cancelada
4230,3047,Oro,55292,19058.96,2024-09-21,Cancelada
4231,4424,Signature,242012,2460.17,2024-11-18,Vigente
4232,5481,Oro,34994,9814.01,2025-11-29,Bloqueada
4233,4469,Clasica,14010,8710.16,2025-08-30,Vigente
4234,7837,Signature,247427,176083.55,2022-10-13,Bloqueada
4235,6916,Clasica,15943,7503.29,2024-03-30,Bloqueada
4236,5674,Platino,99185,17674.42,2022-12-09,Vigente
4237,3021,Clasica,18200,12680.46,2024-05-30,Vigente
4238,514,Signature,180014,43622.14,2025-03-11,Vigente
4239,197,Platino,103506,13432.55,2025-10-18,Vigente
4240,5353,Oro,52197,15275.44,2022-12-17,Cancelada
4241,5885,Platino,113564,43279.9,2024-07-21,Bloqueada
4242,6741,Clasica,14629,10616.03,2024-12-29,Vigente
4243,6596,Clasica,19738,11004.73,2022-10-03,Vigente
4244,1836,Clasica,16771,5886.2,2024-06-21,Vigente
4245,2859,Oro,48612,26468.79,2026-04-09,Vigente
4246,7743,Oro,38913,5585.44,2023-10-30,Cancelada
4247,5518,Signature,200367,10502.21,2025-08-04,Cancelada
4248,2959,Platino,101363,29976.2,2026-06-20,Cancelada
4249,6935,Signature,234697,81538.32,2025-03-05,Vigente
4250,967,Signature,218384,69780.23,2024-05-22,Vigente
4251,5295,Platino,118761,56278.26,2026-05-11,Vigente
4252,25,Signature,225303,86107.89,2026-03-27,Bloqueada
4253,925,Platino,80309,23836.16,2023-04-18,Vigente
4254,1254,Platino,101716,79223.26,2025-09-26,Vigente
4255,5266,Clasica,20785,12750.91,2023-12-20,Vigente
4256,3460,Clasica,16433,12687.26,2025-01-30,Vigente
4257,3807,Platino,91415,62840.39,2025-07-17,Vigente
4258,6985,Signature,161929,66274.3,2026-05-23,Vigente
4259,2876,Signature,264133,205278.15,2025-07-04,Cancelada
4260,7587,Oro,53436,44906.81,2025-05-15,Vigente
4261,2036,Platino,95553,5541.52,2023-02-03,Cancelada
4262,4754,Oro,50878,3015.03,2026-06-18,Cancelada
4263,2235,Signature,227296,122874.22,2024-10-10,Cancelada
4264,4419,Signature,270747,17527.52,2024-07-07,Vigente
4265,4740,Platino,114429,38860.7,2025-10-31,Bloqueada
4266,2093,Platino,88079,24829.0,2026-01-21,Vigente
4267,5293,Clasica,16441,3614.89,2026-04-23,Vigente
4268,6760,Signature,209386,134279.44,2024-09-01,Cancelada
4269,7565,Platino,120877,8737.91,2025-10-30,Bloqueada
4270,7159,Clasica,17912,10960.55,2022-09-12,Bloqueada
4271,421,Signature,205549,105677.46,2022-10-31,Bloqueada
4272,1004,Clasica,16208,9594.38,2025-02-19,Vigente
4273,6768,Platino,79918,22346.65,2024-11-13,Vigente
4274,3212,Signature,231080,69909.38,2026-01-26,Vigente
4275,3468,Clasica,16039,10774.77,2026-02-14,Vigente
4276,751,Clasica,18035,8340.89,2024-06-30,Vigente
4277,6488,Oro,48875,18707.4,2024-05-15,Vigente
4278,191,Platino,117352,10875.38,2024-01-17,Vigente
4279,4588,Oro,36109,12560.76,2022-12-27,Vigente
4280,7461,Platino,95120,66625.83,2026-08-29,Bloqueada
4281,7538,Signature,239838,195425.03,2023-03-19,Vigente
4282,498,Signature,265571,26367.12,2022-12-23,Vigente
4283,6505,Oro,44036,6569.86,2025-05-30,Cancelada
4284,720,Oro,44374,24887.98,2025-05-17,Vigente
4285,5560,Clasica,12173,1929.84,2025-01-29,Vigente
4286,2867,Platino,91547,70680.72,2024-12-08,Vigente
4287,4561,Platino,81220,18283.67,2023-09-22,Cancelada
4288,5737,Platino,106251,47925.1,2025-10-21,Vigente
4289,7827,Signature,265420,104960.75,2023-10-06,Cancelada
4290,6830,Oro,49571,36899.26,2025-01-08,Vigente
4291,6588,Clasica,13615,7449.37,2025-03-06,Cancelada
4292,7772,Clasica,20456,10262.11,2026-02-05,Vigente
4293,7710,Oro,49916,22704.37,2023-02-18,Vigente
4294,5364,Platino,82045,43208.59,2025-02-17,Vigente
4295,43,Signature,168454,124008.74,2026-05-18,Vigente
4296,4946,Platino,86664,12177.55,2023-12-17,Bloqueada
4297,4072,Signature,273880,161637.78,2023-03-01,Cancelada
4298,2708,Platino,118608,20927.0,2024-08-25,Cancelada
4299,519,Platino,89274,66007.11,2022-08-12,Vigente
4300,7369,Oro,39949,12982.65,2023-10-22,Cancelada
4301,4328,Oro,43239,17273.05,2024-04-02,Cancelada
4302,5813,Signature,185497,147018.71,2024-07-07,Vigente
4303,151,Platino,119045,10016.35,2025-03-02,Bloqueada
4304,6453,Platino,92936,53461.32,2025-07-29,Vigente
4305,335,Platino,81452,41514.05,2022-12-09,Vigente
4306,2619,Oro,39764,5689.11,2025-02-17,Vigente
4307,3587,Platino,123160,73247.68,2023-03-13,Vigente
4308,5561,Oro,55260,25159.51,2024-05-01,Vigente
4309,3817,Clasica,19618,14498.46,2026-02-15,Vigente
4310,4837,Platino,122219,21461.76,2022-10-11,Vigente
4311,7413,Signature,197027,146109.96,2023-10-27,Bloqueada
4312,3123,Platino,97262,54484.68,2025-09-09,Vigente
4313,392,Platino,81841,62362.88,2023-06-25,Cancelada
4314,1196,Platino,90987,50217.79,2024-07-04,Vigente
4315,4489,Platino,73884,49060.4,2026-09-02,Vigente
4316,1994,Clasica,15305,4008.89,2024-05-27,Vigente
4317,1172,Signature,240418,61671.93,2022-09-10,Vigente
4318,1412,Oro,51114,22286.32,2024-12-26,Cancelada
4319,114,Oro,49695,15163.61,2026-02-15,Vigente
4320,2360,Signature,195959,108682.92,2025-06-08,Vigente
4321,1262,Oro,40636,7868.33,2025-06-28,Vigente
4322,6267,Oro,55341,11607.56,2024-01-01,Bloqueada
4323,6317,Oro,55584,25320.29,2025-11-30,Bloqueada
4324,5193,Platino,89297,22797.89,2025-04-08,Cancelada
4325,6686,Platino,101072,55464.6,2025-04-21,Vigente
4326,5568,Oro,40395,25888.75,2025-04-21,Cancelada
4327,1383,Oro,32584,25020.92,2025-07-05,Vigente
4328,6089,Signature,172863,28503.15,2023-07-23,Vigente
4329,37,Signature,223118,42431.11,2024-09-18,Cancelada
4330,4169,Clasica,19200,7154.03,2025-05-25,Vigente
4331,2928,Oro,49304,23374.52,2023-07-23,Vigente
4332,7538,Signature,272946,230018.58,2024-09-20,Vigente
4333,3004,Signature,228015,149054.4,2025-04-21,Vigente
4334,4534,Platino,84992,22351.52,2023-08-07,Cancelada
4335,5515,Platino,109082,8465.05,2026-01-09,Cancelada
4336,2999,Platino,113245,54197.02,2024-03-31,Vigente
4337,6153,Oro,41266,33240.79,2025-06-21,Cancelada
4338,7227,Clasica,12942,10454.13,2025-08-29,Vigente
4339,3791,Signature,173070,65024.3,2022-12-07,Cancelada
4340,1410,Oro,52963,28316.1,2025-12-21,Vigente
4341,2445,Oro,50681,10435.19,2024-02-29,Vigente
4342,3554,Platino,125210,57410.4,2023-04-14,Vigente
4343,5235,Clasica,17771,8222.54,2023-02-11,Vigente
4344,4804,Clasica,18543,2224.45,2024-11-12,Vigente
4345,7539,Platino,90241,67759.41,2026-01-22,Cancelada
4346,5242,Clasica,15178,10134.77,2023-10-26,Vigente
4347,3837,Oro,42458,1342.24,2023-05-01,Cancelada
4348,1341,Oro,51194,25526.42,2025-03-05,Bloqueada
4349,4767,Platino,115444,6229.55,2026-03-27,Vigente
4350,6482,Clasica,16048,11901.57,2024-11-30,Vigente
4351,709,Signature,252882,147765.11,2025-10-27,Vigente
4352,4166,Oro,32389,15638.99,2026-03-04,Cancelada
4353,3827,Oro,44534,20089.29,2025-09-22,Cancelada
4354,2117,Signature,186966,96405.82,2026-03-28,Cancelada
4355,5978,Clasica,18349,10592.42,2023-06-22,Vigente
4356,2501,Signature,169628,4798.86,2022-10-30,Vigente
4357,6907,Oro,52963,28074.74,2024-07-09,Vigente
4358,254,Signature,187930,16288.51,2023-10-20,Bloqueada
4359,7002,Signature,240896,105280.98,2023-02-02,Vigente
4360,7063,Signature,212371,29045.96,2023-04-28,Vigente
4361,2394,Clasica,18800,4024.2,2022-09-04,Vigente
4362,185,Oro,51031,30489.51,2022-10-06,Cancelada
4363,7801,Platino,83171,38951.56,2026-08-21,Cancelada
4364,3233,Clasica,17864,13971.82,2024-11-22,Cancelada
4365,2929,Platino,117479,87908.73,2025-08-21,Cancelada
4366,6428,Oro,44422,3302.34,2026-06-19,Vigente
4367,2901,Clasica,20751,5565.62,2025-03-12,Cancelada
4368,6899,Signature,277232,114190.79,2026-01-06,Vigente
4369,6654,Oro,40516,9728.58,2026-08-25,Cancelada
4370,5871,Clasica,20875,5087.9,2024-03-05,Vigente
4371,2180,Signature,178678,121369.26,2023-12-11,Bloqueada
4372,6382,Clasica,12938,5231.56,2025-05-16,Vigente
4373,46,Signature,261142,111982.68,2024-05-27,Bloqueada
4374,4848,Oro,37120,4821.45,2025-01-26,Vigente
4375,2237,Platino,77111,37541.4,2023-12-29,Vigente
4376,2158,Signature,164463,109162.54,2022-08-19,Cancelada
4377,6660,Platino,115558,42020.05,2026-04-17,Vigente
4378,5008,Platino,106495,82469.44,2024-03-24,Vigente
4379,1525,Signature,237608,70210.48,2024-04-04,Cancelada
4380,4048,Clasica,17123,13186.23,2025-04-22,Bloqueada
4381,758,Oro,40506,22804.79,2024-04-19,Bloqueada
4382,2676,Clasica,15325,4437.4,2024-07-28,Cancelada
4383,4316,Clasica,20823,9106.77,2024-05-04,Bloqueada
4384,5983,Platino,121001,26416.97,2023-09-11,Vigente
4385,3719,Signature,165564,94015.8,2023-12-09,Vigente
4386,1272,Clasica,15540,7394.17,2022-12-31,Cancelada
4387,6178,Platino,72949,12564.96,2025-08-27,Vigente
4388,3064,Signature,259302,122484.45,2023-09-14,Vigente
4389,6158,Platino,122430,55782.5,2025-02-27,Bloqueada
4390,3355,Platino,89819,22640.77,2024-06-30,Bloqueada
4391,5250,Clasica,18242,3370.26,2023-06-25,Vigente
4392,96,Platino,99999,54559.1,2025-08-20,Bloqueada
4393,6790,Signature,208807,97890.66,2023-10-19,Vigente
4394,5212,Oro,55412,5454.22,2024-11-22,Cancelada
4395,5990,Signature,183539,31439.61,2024-05-11,Vigente
4396,5267,Platino,74599,42020.77,2025-01-08,Bloqueada
4397,5540,Platino,98629,25142.81,2025-11-27,Bloqueada
4398,4704,Signature,174605,25882.76,2026-06-16,Vigente
4399,3368,Signature,268707,67799.53,2025-02-27,Vigente
4400,2499,Signature,272250,226972.8,2024-07-02,Vigente
4401,6909,Oro,52048,22696.71,2023-05-22,Cancelada
4402,106,Oro,46013,35282.13,2023-02-11,Vigente
4403,1382,Signature,178250,63781.2,2025-11-11,Cancelada
4404,4419,Clasica,12524,4974.74,2025-10-20,Vigente
4405,3539,Platino,78640,50958.84,2023-03-31,Vigente
4406,6846,Oro,44507,20822.46,2024-01-03,Cancelada
4407,2169,Platino,97620,17498.44,2023-06-13,Vigente
4408,7606,Oro,46221,2229.41,2025-11-26,Vigente
4409,2271,Clasica,18652,3013.15,2025-09-12,Vigente
4410,5928,Platino,119141,62565.75,2024-10-03,Vigente
4411,774,Signature,247337,156308.59,2022-10-10,Vigente
4412,4003,Platino,119117,48113.89,2025-07-31,Vigente
4413,1999,Platino,89805,16260.53,2023-02-09,Vigente
4414,364,Platino,109721,62516.55,2026-03-25,Bloqueada
4415,7526,Signature,249063,59217.23,2025-02-04,Vigente
4416,1969,Signature,239587,147984.38,2022-09-18,Vigente
4417,572,Oro,37731,3648.54,2023-06-29,Bloqueada
4418,958,Clasica,20616,4332.98,2023-03-29,Bloqueada
4419,2402,Clasica,16830,11572.75,2025-04-03,Vigente
4420,3408,Platino,101859,44942.95,2022-10-23,Vigente
4421,6123,Oro,49018,28291.03,2024-10-25,Vigente
4422,2759,Clasica,14885,6488.92,2024-02-15,Vigente
4423,2550,Oro,36680,15452.97,2024-03-04,Vigente
4424,5338,Oro,45112,20868.79,2023-04-29,Bloqueada
4425,1430,Signature,196713,6679.18,2025-06-06,Bloqueada
4426,1370,Platino,105066,19702.55,2022-10-19,Bloqueada
4427,7276,Platino,79028,2037.03,2022-09-25,Cancelada
4428,3863,Signature,262982,120375.08,2024-08-07,Vigente
4429,4194,Signature,268442,159409.45,2022-12-09,Vigente
4430,5476,Signature,219213,47390.21,2024-04-25,Cancelada
4431,5584,Platino,102073,1327.11,2025-03-06,Bloqueada
4432,24,Platino,89619,5367.37,2026-04-03,Cancelada
4433,2881,Oro,48159,7559.46,2025-07-13,Vigente
4434,4144,Clasica,17532,2017.26,2024-03-02,Bloqueada
4435,7348,Oro,40596,9716.18,2025-01-24,Cancelada
4436,7731,Platino,117193,75784.18,2026-04-03,Bloqueada
4437,6681,Oro,43436,15509.67,2022-12-05,Vigente
4438,7677,Oro,32740,19602.95,2026-01-18,Bloqueada
4439,2962,Signature,262495,185040.64,2022-12-30,Vigente
4440,5228,Platino,99768,41200.7,2026-02-04,Vigente
4441,5106,Platino,92069,41293.33,2024-06-02,Vigente
4442,6006,Platino,96529,27927.52,2024-03-05,Vigente
4443,4632,Platino,92811,13670.9,2024-10-20,Cancelada
4444,3925,Oro,46463,36305.18,2025-04-28,Cancelada
4445,5413,Signature,163925,53246.13,2024-01-23,Vigente
4446,2445,Platino,117193,36735.59,2023-03-10,Bloqueada
4447,7544,Signature,217791,40652.23,2025-11-04,Bloqueada
4448,6509,Platino,84037,58148.53,2026-05-13,Vigente
4449,5679,Signature,184402,17889.0,2022-12-12,Vigente
4450,2282,Signature,217281,184111.51,2022-09-12,Vigente
4451,1723,Platino,104836,12924.67,2023-10-14,Vigente
4452,152,Platino,119026,2480.9,2022-11-15,Vigente
4453,4240,Clasica,14748,691.01,2024-02-29,Cancelada
4454,5658,Oro,42790,18288.33,2025-12-18,Vigente
4455,2537,Platino,80438,43435.69,2024-02-05,Cancelada
4456,1096,Signature,255116,157843.58,2022-08-31,Vigente
4457,4664,Clasica,19449,14377.47,2022-11-27,Vigente
4458,668,Signature,274550,43838.13,2022-08-12,Bloqueada
4459,1502,Oro,32742,14529.81,2024-06-06,Cancelada
4460,7878,Platino,109154,46896.23,2025-05-29,Vigente
4461,2714,Oro,44291,35274.65,2026-03-23,Vigente
4462,2177,Signature,252605,56508.19,2023-05-07,Cancelada
4463,7936,Signature,162470,25366.85,2024-05-20,Cancelada
4464,3758,Signature,265565,66957.16,2024-06-21,Vigente
4465,583,Platino,75704,26885.48,2022-12-18,Vigente
4466,1957,Clasica,16186,11966.47,2022-12-27,Cancelada
4467,1484,Clasica,14334,7689.18,2026-06-17,Bloqueada
4468,1696,Oro,43448,16536.18,2026-03-31,Cancelada
4469,1159,Oro,48799,24822.55,2025-04-07,Bloqueada
4470,7873,Platino,84602,14046.58,2025-06-15,Bloqueada
4471,5939,Platino,108928,65943.67,2025-03-22,Vigente
4472,3541,Signature,205606,47752.93,2025-01-23,Bloqueada
4473,823,Oro,50702,2745.61,2023-10-17,Vigente
4474,3172,Clasica,18572,3871.71,2025-09-15,Cancelada
4475,4274,Signature,262923,11354.04,2022-10-18,Cancelada
4476,2972,Clasica,14196,9137.66,2023-12-25,Bloqueada
4477,3040,Platino,74244,44687.75,2026-07-13,Bloqueada
4478,2429,Clasica,18929,3465.46,2024-11-27,Bloqueada
4479,1763,Signature,250592,105861.57,2022-12-26,Bloqueada
4480,5463,Platino,89320,26652.49,2026-05-10,Bloqueada
4481,425,Signature,217918,137697.6,2025-04-13,Vigente
4482,1773,Clasica,18655,8392.82,2025-08-16,Vigente
4483,3269,Signature,245071,15351.13,2023-04-20,Vigente
4484,6059,Platino,118860,63714.74,2024-05-29,Vigente
4485,2561,Signature,239080,193474.34,2024-02-02,Vigente
4486,4925,Oro,50587,23435.33,2023-03-21,Vigente
4487,587,Signature,169238,14754.57,2025-04-20,Vigente
4488,4471,Clasica,15020,7495.51,2023-09-17,Vigente
4489,4607,Clasica,12105,7042.97,2024-08-06,Vigente
4490,4424,Signature,230522,8390.45,2022-08-02,Vigente
4491,5053,Oro,38597,27757.7,2024-11-05,Bloqueada
4492,4585,Platino,75283,48258.68,2024-12-14,Vigente
4493,3433,Oro,47079,6181.95,2026-01-27,Bloqueada
4494,703,Platino,109769,51646.07,2022-08-23,Vigente
4495,6732,Oro,54510,35220.96,2023-10-27,Cancelada
4496,6204,Clasica,17979,2582.16,2023-10-10,Vigente
4497,4366,Clasica,18467,15226.89,2024-08-03,Vigente
4498,2288,Signature,185762,22754.76,2024-12-29,Vigente
4499,6056,Oro,51517,4616.66,2024-09-08,Cancelada
4500,5528,Oro,34393,28418.76,2025-09-10,Vigente
4501,3198,Clasica,19770,14989.54,2024-11-04,Vigente
4502,5456,Signature,222109,143724.73,2024-03-26,Vigente
4503,1093,Signature,162283,112969.06,2022-09-17,Vigente
4504,6629,Platino,87935,33135.54,2023-07-01,Vigente
4505,5894,Clasica,16002,7588.69,2024-06-21,Vigente
4506,4361,Platino,108490,91760.25,2026-03-07,Vigente
4507,2442,Clasica,20605,14868.4,2025-11-18,Vigente
4508,2658,Platino,119083,65238.52,2022-12-21,Vigente
4509,1722,Signature,265244,100646.91,2023-09-29,Vigente
4510,6709,Oro,50724,27373.09,2026-03-28,Cancelada
4511,4946,Signature,241008,176265.05,2025-11-10,Bloqueada
4512,477,Clasica,15414,7451.03,2023-04-28,Vigente
4513,7009,Signature,278677,229197.07,2026-01-08,Cancelada
4514,3002,Clasica,14428,9847.96,2023-04-21,Bloqueada
4515,7678,Signature,183457,143439.83,2023-10-26,Vigente
4516,3095,Platino,104446,50497.38,2025-11-12,Vigente
4517,736,Clasica,14592,9445.6,2024-02-15,Vigente
4518,5517,Oro,42381,9280.56,2023-12-16,Bloqueada
4519,6785,Oro,53389,22563.24,2023-08-09,Vigente
4520,5105,Oro,44248,11514.95,2022-08-26,Vigente
4521,6332,Signature,162333,69483.91,2023-08-02,Vigente
4522,3035,Oro,33252,8295.11,2023-04-29,Vigente
4523,3068,Platino,91151,12674.79,2022-09-30,Bloqueada
4524,2821,Platino,74568,57030.66,2025-04-12,Cancelada
4525,4804,Clasica,18781,7263.09,2022-08-16,Bloqueada
4526,277,Platino,92444,77739.62,2024-02-15,Vigente
4527,636,Oro,41221,14591.6,2024-10-12,Vigente
4528,3976,Signature,168494,65227.11,2023-01-29,Bloqueada
4529,1247,Clasica,16939,11372.01,2022-11-10,Cancelada
4530,323,Oro,51724,29495.76,2026-08-08,Vigente
4531,505,Clasica,20342,7823.97,2026-02-06,Vigente
4532,6831,Oro,48212,30730.81,2023-07-04,Vigente
4533,4742,Oro,42378,14008.28,2024-05-20,Bloqueada
4534,1690,Platino,91573,11984.6,2024-12-22,Vigente
4535,4695,Oro,54091,42455.93,2026-06-14,Bloqueada
4536,7625,Clasica,12443,5624.84,2026-02-27,Vigente
4537,2187,Clasica,16295,9179.07,2023-04-10,Vigente
4538,2856,Oro,41505,9316.89,2023-11-01,Vigente
4539,1396,Oro,47612,18047.32,2023-04-05,Vigente
4540,1940,Platino,97710,54086.9,2025-12-17,Bloqueada
4541,1205,Oro,38004,16674.2,2024-04-16,Vigente
4542,6780,Oro,39269,31865.29,2024-01-07,Vigente
4543,2228,Clasica,14946,6861.27,2024-05-08,Vigente
4544,356,Clasica,18639,8866.98,2023-09-15,Bloqueada
4545,3935,Oro,43137,1934.85,2026-04-11,Vigente
4546,4607,Oro,35183,29104.35,2026-01-25,Vigente
4547,3353,Platino,104779,57042.96,2026-01-27,Vigente
4548,7003,Oro,33228,13641.5,2023-08-27,Bloqueada
4549,252,Clasica,16034,6597.5,2025-07-07,Vigente
4550,2654,Signature,210172,54933.19,2022-11-03,Vigente
4551,5365,Clasica,12507,5077.46,2024-03-31,Vigente
4552,1246,Oro,51103,38349.43,2023-09-30,Vigente
4553,3152,Clasica,12682,9143.07,2026-06-11,Cancelada
4554,4315,Signature,261010,88897.96,2023-09-10,Cancelada
4555,3560,Clasica,12967,5081.96,2024-12-31,Vigente
4556,7808,Clasica,14529,11174.38,2024-04-27,Vigente
4557,1695,Signature,262484,193628.21,2026-06-29,Bloqueada
4558,5766,Clasica,18532,7562.86,2025-12-29,Vigente
4559,4249,Clasica,14850,1493.18,2023-01-14,Cancelada
4560,299,Platino,102738,85380.43,2026-04-13,Vigente
4561,6839,Platino,91541,27175.35,2026-06-05,Cancelada
4562,622,Oro,46957,37071.73,2025-06-26,Vigente
4563,5503,Oro,53478,4963.57,2022-12-13,Vigente
4564,146,Oro,43082,3763.03,2025-10-14,Cancelada
4565,2423,Clasica,12130,3040.86,2025-11-03,Vigente
4566,718,Clasica,19062,845.46,2024-08-23,Cancelada
4567,439,Platino,118334,48154.44,2025-03-26,Vigente
4568,7983,Signature,275462,109870.25,2025-11-20,Vigente
4569,3609,Platino,94675,67520.3,2024-04-05,Vigente
4570,7947,Clasica,13349,9398.65,2024-06-23,Cancelada
4571,4722,Oro,54862,32689.47,2023-02-18,Bloqueada
4572,3989,Clasica,17522,2680.55,2024-12-03,Cancelada
4573,6605,Oro,43368,6697.54,2022-12-04,Bloqueada
4574,5246,Platino,85031,51574.37,2024-06-24,Vigente
4575,2858,Oro,43446,16542.28,2025-09-25,Vigente
4576,7304,Oro,49680,23651.39,2024-02-14,Vigente
4577,3185,Clasica,14951,5127.69,2025-04-06,Vigente
4578,2734,Platino,96837,18446.36,2025-08-28,Cancelada
4579,3393,Signature,227342,12889.8,2022-09-07,Cancelada
4580,6920,Oro,48183,21549.53,2024-02-15,Bloqueada
4581,4571,Platino,112456,81056.03,2023-06-30,Vigente
4582,4881,Platino,103007,75146.95,2022-09-05,Vigente
4583,2697,Clasica,16200,3732.83,2026-08-10,Vigente
4584,6423,Oro,32958,17749.8,2023-07-31,Cancelada
4585,6405,Oro,36989,17408.77,2024-02-18,Vigente
4586,4525,Oro,38240,4071.76,2023-09-13,Vigente
4587,5927,Platino,125315,55616.46,2022-11-11,Cancelada
4588,5709,Clasica,12813,3453.46,2023-02-14,Vigente
4589,7361,Signature,232240,181609.18,2023-06-19,Cancelada
4590,7575,Oro,48499,15938.17,2023-10-07,Cancelada
4591,5281,Signature,232046,25831.64,2022-12-24,Cancelada
4592,394,Clasica,16760,504.92,2025-09-11,Vigente
4593,3619,Clasica,18935,14546.06,2025-12-17,Bloqueada
4594,716,Clasica,19360,3677.07,2026-02-07,Vigente
4595,5660,Platino,79677,41334.37,2023-07-18,Cancelada
4596,2038,Platino,112646,90979.48,2026-01-04,Vigente
4597,2276,Signature,234514,99351.95,2025-09-05,Vigente
4598,3202,Clasica,12788,2473.01,2025-04-19,Vigente
4599,97,Signature,253817,193664.5,2024-01-30,Vigente
4600,901,Oro,32111,4601.24,2022-11-20,Bloqueada
4601,70,Signature,218422,14978.59,2023-10-02,Vigente
4602,4111,Signature,274820,54494.19,2025-07-16,Bloqueada
4603,1988,Platino,84505,26612.6,2025-10-22,Vigente
4604,6073,Platino,89492,11256.28,2024-05-25,Bloqueada
4605,6591,Clasica,16477,10305.34,2024-03-08,Vigente
4606,7584,Clasica,17406,10914.53,2023-07-03,Vigente
4607,6020,Clasica,16613,11001.82,2023-05-02,Vigente
4608,5628,Signature,191233,63900.56,2024-08-16,Bloqueada
4609,5190,Platino,113873,15852.66,2025-01-15,Cancelada
4610,7328,Signature,272894,123402.36,2023-03-30,Cancelada
4611,682,Oro,54352,37092.26,2025-08-05,Vigente
4612,3332,Clasica,12718,9914.46,2024-06-03,Bloqueada
4613,568,Platino,109383,50994.97,2022-09-19,Vigente
4614,933,Signature,237972,188135.03,2024-03-10,Cancelada
4615,6236,Platino,96180,24384.01,2025-07-24,Cancelada
4616,3784,Platino,86009,53702.9,2022-11-30,Vigente
4617,5400,Signature,271352,49867.12,2023-06-04,Vigente
4618,3287,Oro,32232,19413.17,2024-01-15,Bloqueada
4619,2237,Platino,72884,26114.37,2022-11-26,Vigente
4620,6597,Platino,90500,11094.48,2025-04-12,Cancelada
4621,6148,Platino,82068,68007.41,2023-10-28,Bloqueada
4622,1225,Signature,161370,87325.06,2024-06-27,Bloqueada
4623,4798,Oro,36227,2773.22,2023-09-17,Cancelada
4624,3953,Signature,164509,21771.89,2025-08-24,Cancelada
4625,1771,Oro,41572,6478.05,2024-10-07,Vigente
4626,2265,Platino,111883,75739.39,2025-10-10,Vigente
4627,4435,Oro,47871,15231.91,2023-09-24,Vigente
4628,2181,Oro,55043,27841.28,2023-07-02,Vigente
4629,7841,Platino,94554,61089.8,2026-07-01,Bloqueada
4630,4910,Platino,85838,8296.55,2023-06-06,Vigente
4631,6788,Platino,110845,42657.66,2026-05-07,Cancelada
4632,7228,Oro,40105,2245.49,2026-06-29,Vigente
4633,3900,Signature,278589,77804.15,2022-10-26,Vigente
4634,1900,Oro,47572,15062.57,2023-01-01,Bloqueada
4635,3061,Signature,214260,71704.26,2026-06-20,Vigente
4636,3450,Clasica,17520,11411.74,2025-09-18,Bloqueada
4637,4195,Clasica,13695,2473.88,2023-01-28,Vigente
4638,5354,Platino,83384,51082.25,2023-11-27,Bloqueada
4639,7644,Oro,45376,17203.23,2026-06-19,Vigente
4640,1847,Platino,112867,40682.16,2024-04-29,Vigente
4641,4593,Oro,53595,37344.07,2023-03-26,Vigente
4642,7055,Platino,72815,3425.47,2023-06-03,Bloqueada
4643,898,Signature,210157,110651.56,2025-03-31,Vigente
4644,701,Oro,33513,2261.93,2025-09-05,Vigente
4645,7056,Platino,72602,48793.96,2023-04-29,Vigente
4646,6286,Clasica,19682,6448.49,2024-06-24,Bloqueada
4647,4670,Platino,95184,56062.12,2026-03-17,Vigente
4648,1896,Platino,92692,74645.85,2022-08-19,Vigente
4649,1486,Signature,172641,32261.94,2024-06-18,Bloqueada
4650,1499,Oro,38631,30538.1,2026-03-30,Cancelada
4651,334,Clasica,14675,10289.87,2025-05-24,Bloqueada
4652,3159,Oro,55817,32714.93,2024-12-26,Vigente
4653,985,Oro,53720,4539.17,2024-01-18,Bloqueada
4654,3530,Platino,121805,30486.72,2023-07-07,Bloqueada
4655,4862,Signature,275934,61952.66,2022-10-07,Vigente
4656,6281,Clasica,12334,2449.47,2026-08-22,Vigente
4657,7542,Signature,187816,4781.34,2025-07-26,Vigente
4658,1568,Clasica,16227,10223.51,2024-10-09,Cancelada
4659,3390,Clasica,17707,4762.01,2023-09-12,Vigente
4660,4788,Platino,88863,39022.22,2022-12-01,Vigente
4661,998,Platino,105583,39690.12,2025-08-29,Cancelada
4662,2951,Oro,42285,7364.88,2024-10-16,Vigente
4663,2115,Oro,51561,5143.11,2023-05-22,Vigente
4664,264,Oro,41505,27544.93,2026-06-29,Vigente
4665,5095,Platino,85714,40755.07,2026-04-25,Cancelada
4666,7248,Oro,45892,17933.63,2022-10-04,Vigente
4667,2372,Signature,244336,79338.54,2024-07-21,Bloqueada
4668,1877,Signature,249422,131265.45,2025-11-11,Vigente
4669,2590,Oro,43307,1116.1,2025-10-26,Bloqueada
4670,4896,Signature,271292,122076.05,2024-06-08,Vigente
4671,4940,Oro,36599,14705.5,2023-08-09,Vigente
4672,5340,Signature,223606,187291.68,2023-07-10,Cancelada
4673,1307,Platino,94165,16278.02,2025-08-04,Cancelada
4674,6732,Clasica,20954,3163.03,2025-04-26,Cancelada
4675,2088,Signature,192853,103623.96,2026-09-03,Vigente
4676,583,Clasica,12799,8910.94,2026-03-02,Vigente
4677,3178,Platino,120186,95025.47,2024-10-25,Vigente
4678,991,Platino,94184,48873.34,2023-09-27,Vigente
4679,3218,Clasica,13950,11221.64,2025-10-17,Vigente
4680,3809,Oro,50033,21424.47,2023-08-05,Bloqueada
4681,814,Oro,52976,19708.65,2023-01-11,Vigente
4682,5540,Clasica,18951,2576.97,2023-09-06,Cancelada
4683,4604,Clasica,12543,6439.81,2026-08-05,Vigente
4684,5054,Platino,75659,26559.19,2023-02-06,Vigente
4685,56,Oro,42232,6072.99,2026-07-06,Vigente
4686,5389,Oro,40785,25911.62,2024-01-09,Cancelada
4687,3573,Signature,189424,35650.77,2026-06-09,Vigente
4688,1849,Clasica,12461,7939.55,2024-06-29,Vigente
4689,920,Clasica,12395,8837.14,2025-04-30,Vigente
4690,1777,Platino,121341,81102.88,2023-08-17,Vigente
4691,6756,Clasica,15893,577.67,2023-01-04,Vigente
4692,5777,Oro,51959,35983.59,2023-11-05,Vigente
4693,5795,Signature,195420,6154.71,2025-05-03,Cancelada
4694,948,Signature,192949,103382.63,2025-03-22,Vigente
4695,2754,Clasica,19737,13765.0,2025-05-18,Vigente
4696,3135,Platino,83957,30972.01,2024-08-04,Vigente
4697,4955,Platino,125941,87861.46,2025-08-14,Bloqueada
4698,4926,Clasica,16061,1324.98,2024-10-14,Cancelada
4699,5010,Oro,42481,11993.11,2025-12-31,Vigente
4700,6207,Clasica,16572,4930.71,2023-09-15,Vigente
4701,7106,Signature,224598,65607.0,2026-05-25,Bloqueada
4702,1351,Signature,245064,59144.25,2024-11-30,Cancelada
4703,608,Oro,52306,24930.22,2023-08-30,Vigente
4704,6824,Platino,84209,59363.56,2024-11-11,Vigente
4705,6935,Signature,213085,423.18,2025-06-14,Vigente
4706,2693,Oro,38403,2673.12,2022-12-03,Vigente
4707,1595,Oro,44488,6731.53,2023-11-15,Cancelada
4708,7722,Platino,86681,10881.54,2025-11-03,Vigente
4709,723,Oro,39516,23683.6,2026-05-19,Vigente
4710,1862,Oro,47661,5928.12,2025-11-18,Vigente
4711,128,Platino,88660,58787.0,2026-02-19,Vigente
4712,5774,Signature,242469,193221.48,2024-12-30,Vigente
4713,2764,Oro,35720,3890.1,2023-03-30,Vigente
4714,3672,Platino,79828,47783.98,2023-05-24,Cancelada
4715,5419,Clasica,13199,285.15,2025-03-31,Cancelada
4716,3567,Signature,249538,138445.31,2026-05-14,Vigente
4717,6726,Clasica,12713,3111.63,2022-09-17,Vigente
4718,3358,Clasica,12490,5732.28,2024-09-28,Vigente
4719,2865,Signature,213298,95042.04,2024-04-11,Vigente
4720,6484,Platino,114667,15550.77,2023-03-21,Cancelada
4721,1679,Platino,110399,57703.88,2023-12-25,Vigente
4722,1489,Oro,40724,3237.77,2025-09-07,Cancelada
4723,3216,Platino,94645,66214.71,2026-08-06,Cancelada
4724,7112,Oro,50377,42146.61,2023-05-12,Cancelada
4725,381,Oro,33173,11442.51,2025-10-30,Bloqueada
4726,6126,Clasica,14804,1311.68,2024-04-07,Vigente
4727,7266,Signature,228290,75139.23,2023-08-15,Vigente
4728,3353,Clasica,13647,8538.93,2026-05-19,Vigente
4729,900,Clasica,15458,10101.19,2026-01-15,Vigente
4730,4542,Platino,116311,83902.07,2023-12-31,Bloqueada
4731,6798,Clasica,16459,9196.06,2025-05-11,Vigente
4732,6611,Clasica,16841,4200.92,2023-05-23,Vigente
4733,3677,Signature,261037,219972.79,2025-03-17,Bloqueada
4734,7587,Signature,257530,78690.08,2023-07-28,Cancelada
4735,6892,Signature,179720,40868.28,2023-06-05,Vigente
4736,2401,Oro,41333,20340.43,2024-03-26,Cancelada
4737,4172,Platino,107562,41786.32,2025-12-27,Vigente
4738,986,Signature,181587,6154.53,2022-12-09,Vigente
4739,1195,Oro,40580,10169.94,2023-12-04,Vigente
4740,4392,Signature,175704,107940.28,2024-07-21,Vigente
4741,703,Platino,124371,2147.29,2024-12-30,Cancelada
4742,2564,Oro,47709,3209.54,2025-07-08,Bloqueada
4743,6700,Oro,42478,4901.42,2023-01-05,Cancelada
4744,4634,Oro,47788,39211.4,2025-02-23,Vigente
4745,4634,Clasica,14291,5288.52,2026-03-17,Bloqueada
4746,6260,Oro,48475,4927.5,2025-02-21,Cancelada
4747,7630,Platino,82215,20134.33,2024-11-25,Bloqueada
4748,4178,Oro,47994,18937.88,2025-10-10,Cancelada
4749,5884,Platino,81253,29760.97,2026-05-31,Cancelada
4750,3089,Clasica,18470,13797.47,2023-03-27,Bloqueada
4751,3341,Platino,99057,61962.22,2026-08-31,Vigente
4752,457,Signature,270392,205251.2,2022-08-17,Vigente
4753,2282,Clasica,16709,14055.45,2026-08-17,Vigente
4754,6924,Platino,93168,52844.14,2023-12-19,Vigente
4755,1314,Oro,54393,2695.94,2023-09-25,Cancelada
4756,7144,Platino,83143,57944.41,2023-08-11,Vigente
4757,7329,Platino,75362,46339.7,2026-06-12,Bloqueada
4758,2783,Platino,99689,18823.46,2024-12-13,Vigente
4759,2341,Signature,184263,3734.81,2023-03-03,Vigente
4760,1808,Oro,32245,15184.73,2023-05-18,Vigente
4761,1864,Oro,47371,35003.71,2024-01-24,Bloqueada
4762,3770,Platino,83611,45591.94,2024-12-23,Cancelada
4763,3341,Platino,89738,39339.65,2023-07-18,Cancelada
4764,5290,Platino,82156,27743.03,2025-06-22,Vigente
4765,654,Oro,49922,3575.09,2026-07-16,Vigente
4766,7442,Clasica,19835,900.89,2026-04-30,Bloqueada
4767,4145,Platino,85400,25590.8,2025-08-15,Vigente
4768,1619,Clasica,13261,141.87,2023-07-28,Vigente
4769,2265,Platino,99835,20466.84,2023-09-20,Vigente
4770,5807,Platino,111120,34441.2,2023-05-21,Cancelada
4771,3687,Clasica,20191,16375.12,2025-03-15,Vigente
4772,7929,Oro,38105,4057.23,2022-12-12,Vigente
4773,5888,Clasica,19078,13956.05,2023-10-12,Vigente
4774,6965,Oro,53935,18986.28,2023-12-15,Vigente
4775,4446,Platino,110855,92206.66,2025-03-26,Bloqueada
4776,3185,Signature,235389,108488.72,2026-06-04,Bloqueada
4777,241,Oro,38620,14760.5,2024-07-21,Vigente
4778,4369,Clasica,19585,10676.84,2025-11-18,Vigente
4779,2366,Signature,171413,10327.77,2024-10-16,Cancelada
4780,2327,Oro,51957,24712.29,2023-01-29,Vigente
4781,3869,Clasica,15410,8511.92,2023-10-18,Vigente
4782,4640,Clasica,19255,1150.45,2025-11-12,Vigente
4783,3517,Signature,240887,194014.18,2024-09-11,Bloqueada
4784,6114,Clasica,17747,9710.29,2025-10-13,Bloqueada
4785,5547,Oro,46682,3279.93,2022-09-13,Cancelada
4786,3314,Clasica,16589,7736.39,2024-05-16,Cancelada
4787,4834,Platino,111051,21840.03,2024-06-09,Vigente
4788,3704,Clasica,12495,8968.17,2024-12-21,Bloqueada
4789,5436,Platino,124199,17990.56,2023-03-15,Vigente
4790,780,Clasica,17305,9384.54,2023-11-17,Vigente
4791,778,Signature,230516,44000.94,2023-03-10,Cancelada
4792,2388,Oro,49954,27198.86,2026-08-06,Vigente
4793,6939,Platino,124568,7498.46,2024-06-27,Vigente
4794,1819,Signature,265087,168496.26,2025-03-17,Bloqueada
4795,5843,Clasica,14272,6488.68,2025-07-20,Bloqueada
4796,5630,Platino,83355,35191.27,2022-08-28,Vigente
4797,6225,Signature,275199,77793.65,2024-02-02,Bloqueada
4798,2545,Platino,108120,34494.0,2025-06-04,Vigente
4799,194,Oro,41396,5791.24,2023-10-10,Vigente
4800,862,Platino,119276,9960.06,2024-11-20,Cancelada
4801,1760,Platino,86800,63484.97,2024-08-31,Vigente
4802,4427,Platino,125768,88848.64,2023-05-12,Vigente
4803,3210,Clasica,13440,2670.73,2024-01-17,Vigente
4804,662,Platino,94050,59218.0,2022-12-03,Vigente
4805,3103,Clasica,17517,4368.64,2025-10-28,Bloqueada
4806,187,Oro,44694,20673.69,2023-01-21,Vigente
4807,2441,Signature,216976,135109.04,2024-10-04,Bloqueada
4808,188,Clasica,14170,11297.36,2022-08-22,Cancelada
4809,3495,Platino,93758,49420.23,2026-05-17,Cancelada
4810,2766,Oro,44454,24186.15,2025-07-19,Vigente
4811,6092,Clasica,16226,857.62,2024-11-28,Vigente
4812,2787,Clasica,13939,1433.89,2024-10-05,Bloqueada
4813,6177,Clasica,20369,8918.94,2022-07-27,Cancelada
4814,3257,Signature,255656,173073.59,2025-06-05,Cancelada
4815,1076,Platino,95029,22613.87,2026-06-08,Vigente
4816,5869,Signature,175281,21574.2,2025-02-25,Vigente
4817,1278,Clasica,13763,8453.21,2023-12-09,Vigente
4818,5713,Oro,42886,20948.34,2023-04-27,Vigente
4819,7183,Platino,125172,12213.89,2022-08-04,Vigente
4820,783,Platino,122817,7129.42,2022-12-18,Vigente
4821,3190,Clasica,13064,8837.52,2025-03-06,Vigente
4822,4118,Clasica,17717,1992.01,2023-11-14,Vigente
4823,757,Oro,37113,20912.08,2024-01-05,Cancelada
4824,892,Platino,83743,45622.47,2026-04-15,Cancelada
4825,5374,Signature,275349,139194.95,2024-04-28,Vigente
4826,7222,Oro,43349,33705.78,2022-10-04,Vigente
4827,4844,Oro,52249,22123.01,2025-01-26,Vigente
4828,1487,Signature,166278,14021.26,2026-04-18,Bloqueada
4829,980,Clasica,17957,6084.19,2025-10-14,Vigente
4830,3797,Platino,83895,28676.29,2024-08-22,Vigente
4831,4648,Oro,47354,37389.02,2023-05-05,Vigente
4832,2149,Signature,196982,56933.16,2026-03-06,Vigente
4833,5849,Signature,219705,115781.6,2023-05-23,Bloqueada
4834,6093,Platino,87766,58249.98,2023-02-26,Bloqueada
4835,3705,Platino,121869,2485.2,2024-11-24,Bloqueada
4836,430,Platino,123802,80855.83,2025-07-17,Cancelada
4837,401,Clasica,14245,7699.55,2024-10-05,Cancelada
4838,880,Clasica,15562,5126.3,2025-09-14,Vigente
4839,2817,Oro,42108,10316.39,2023-02-12,Vigente
4840,1796,Oro,34592,7573.48,2024-03-19,Bloqueada
4841,3073,Signature,276247,145985.0,2025-07-07,Vigente
4842,5022,Clasica,18611,6959.03,2026-01-02,Bloqueada
4843,6936,Oro,43769,3030.52,2024-02-28,Vigente
4844,7040,Clasica,12453,7863.74,2024-02-21,Cancelada
4845,6790,Signature,265604,114510.5,2023-04-05,Vigente
4846,3293,Signature,163922,115952.06,2024-11-22,Vigente
4847,7520,Oro,49505,32137.19,2024-03-05,Cancelada
4848,3653,Platino,122154,85082.1,2026-04-16,Cancelada
4849,3906,Oro,33092,18562.19,2026-08-08,Bloqueada
4850,4398,Clasica,20703,384.1,2025-06-11,Vigente
4851,7521,Signature,257835,3333.06,2024-08-05,Vigente
4852,7874,Platino,109657,19917.27,2025-10-09,Vigente
4853,2290,Signature,233519,2427.68,2024-05-13,Bloqueada
4854,2652,Clasica,14106,6812.2,2025-04-21,Vigente
4855,506,Platino,117790,70972.25,2023-02-14,Bloqueada
4856,7681,Signature,221520,69932.17,2025-07-28,Vigente
4857,4353,Oro,35928,23601.06,2026-01-09,Bloqueada
4858,7184,Clasica,16907,3172.9,2025-11-02,Cancelada
4859,334,Platino,97129,46825.3,2026-01-14,Cancelada
4860,4309,Signature,203543,100691.32,2024-11-02,Cancelada
4861,3550,Platino,105315,30316.69,2024-04-12,Cancelada
4862,3846,Clasica,18025,6337.95,2023-12-17,Vigente
4863,2218,Signature,244930,7534.42,2025-05-18,Vigente
4864,4546,Platino,100425,56938.54,2022-12-04,Vigente
4865,7445,Clasica,18277,703.11,2023-12-09,Bloqueada
4866,382,Oro,40210,2510.05,2024-01-05,Vigente
4867,4773,Oro,55785,2416.61,2022-12-12,Cancelada
4868,1579,Platino,72053,33141.99,2022-12-24,Cancelada
4869,3942,Clasica,12436,3210.91,2022-08-30,Cancelada
4870,3260,Signature,178488,24746.61,2024-02-10,Bloqueada
4871,5342,Clasica,19673,8234.33,2023-08-15,Cancelada
4872,4315,Signature,204396,61187.8,2024-01-09,Cancelada
4873,3613,Clasica,16461,429.53,2022-11-08,Vigente
4874,127,Oro,39914,20860.49,2025-02-26,Vigente
4875,4190,Oro,44894,17670.0,2026-03-18,Vigente
4876,5425,Oro,32685,18835.25,2022-07-31,Vigente
4877,7379,Clasica,15539,6826.99,2024-01-19,Vigente
4878,7357,Platino,81246,41738.83,2024-11-24,Cancelada
4879,1361,Clasica,12893,7443.71,2022-10-05,Cancelada
4880,1686,Oro,44844,17439.31,2024-05-17,Vigente
4881,3432,Signature,221056,7264.48,2023-12-01,Vigente
4882,7173,Platino,89641,11094.27,2022-12-20,Cancelada
4883,2601,Oro,48998,16477.2,2025-06-10,Vigente
4884,19,Platino,91066,28271.04,2023-02-13,Vigente
4885,7262,Oro,47114,9821.69,2023-01-29,Bloqueada
4886,2665,Platino,81042,62857.75,2023-05-26,Bloqueada
4887,5717,Platino,115218,59631.98,2022-08-06,Vigente
4888,5176,Clasica,13200,9543.58,2026-03-06,Bloqueada
4889,6039,Oro,37872,287.35,2026-08-02,Cancelada
4890,2832,Oro,41848,29074.37,2022-11-10,Cancelada
4891,2717,Clasica,14478,11566.43,2025-06-22,Bloqueada
4892,3355,Signature,222043,54953.0,2024-08-02,Cancelada
4893,2152,Signature,271488,204699.65,2023-10-16,Vigente
4894,112,Signature,199792,42816.34,2026-05-22,Vigente
4895,4586,Clasica,19865,14699.49,2025-04-23,Vigente
4896,5397,Clasica,16510,8458.93,2023-05-29,Vigente
4897,1698,Oro,50072,41492.34,2024-01-03,Vigente
4898,126,Oro,38852,9069.2,2026-04-24,Vigente
4899,1774,Signature,257425,72218.22,2026-05-29,Bloqueada
4900,3326,Oro,42267,35673.08,2023-01-12,Vigente
4901,2052,Platino,77036,60773.91,2023-12-26,Vigente
4902,1231,Clasica,18492,12953.81,2024-04-07,Vigente
4903,549,Oro,55922,21200.34,2025-12-20,Bloqueada
4904,4645,Clasica,17022,6409.59,2025-04-16,Cancelada
4905,2084,Oro,41962,4199.86,2024-05-25,Bloqueada
4906,4447,Signature,223190,63666.85,2022-12-21,Bloqueada
4907,5901,Platino,120870,93788.95,2023-07-02,Bloqueada
4908,1020,Platino,119251,96707.04,2024-06-27,Bloqueada
4909,4062,Clasica,13202,4230.83,2023-12-09,Bloqueada
4910,1733,Oro,42381,3643.41,2024-01-31,Vigente
4911,6761,Oro,43186,29285.18,2024-02-25,Vigente
4912,7082,Platino,76366,46180.71,2026-08-23,Vigente
4913,7162,Oro,40986,891.91,2023-06-25,Vigente
4914,3153,Signature,186476,64897.08,2024-11-21,Cancelada
4915,6010,Platino,88750,19733.32,2026-03-04,Vigente
4916,5039,Platino,113750,77384.34,2025-12-26,Cancelada
4917,5163,Oro,32145,16298.59,2023-06-20,Vigente
4918,7642,Clasica,12526,3035.73,2026-07-20,Vigente
4919,2104,Oro,41690,27154.35,2024-03-30,Vigente
4920,7355,Signature,230412,19233.78,2023-03-08,Vigente
4921,634,Clasica,12465,5217.11,2026-06-02,Vigente
4922,2141,Oro,37288,30411.12,2025-12-24,Vigente
4923,2120,Signature,210856,15464.34,2023-06-28,Cancelada
4924,3369,Clasica,17021,9220.9,2026-04-14,Vigente
4925,2816,Clasica,14732,7742.19,2023-06-12,Vigente
4926,6405,Signature,190008,84168.61,2025-03-11,Vigente
4927,7390,Oro,52725,38033.13,2025-07-19,Cancelada
4928,4078,Signature,266859,140930.41,2025-10-12,Vigente
4929,6465,Clasica,18426,4469.63,2023-08-15,Vigente
4930,6441,Platino,109656,77875.16,2026-03-19,Cancelada
4931,5428,Clasica,17732,12309.06,2025-01-24,Vigente
4932,215,Platino,104367,46710.7,2023-09-17,Bloqueada
4933,4655,Platino,87677,2680.24,2025-10-26,Bloqueada
4934,3051,Platino,123754,10793.79,2023-05-28,Bloqueada
4935,826,Oro,47500,26959.03,2024-10-01,Vigente
4936,6901,Platino,108190,61079.48,2022-11-12,Vigente
4937,2883,Clasica,16979,9622.4,2024-07-15,Vigente
4938,1181,Oro,34878,14971.42,2024-09-11,Vigente
4939,1048,Oro,34099,14936.29,2024-10-03,Vigente
4940,1445,Signature,254549,201553.79,2025-08-10,Bloqueada
4941,4221,Clasica,20692,5191.26,2026-03-12,Cancelada
4942,5206,Oro,44890,26174.54,2026-06-25,Bloqueada
4943,7537,Signature,200354,85519.19,2026-08-12,Vigente
4944,7944,Signature,189334,20081.19,2024-10-24,Cancelada
4945,4226,Oro,35594,15421.51,2025-12-05,Vigente
4946,6556,Oro,39522,21457.9,2024-07-09,Vigente
4947,6712,Signature,255646,161425.38,2024-07-26,Vigente
4948,1444,Oro,43728,34537.12,2022-12-12,Vigente
4949,5252,Platino,79282,2790.24,2024-08-10,Cancelada
4950,4189,Signature,259596,206077.43,2025-06-24,Bloqueada
4951,103,Signature,268892,143869.22,2026-01-30,Bloqueada
4952,4562,Platino,76398,18331.59,2026-05-17,Vigente
4953,3306,Platino,102519,54485.67,2024-03-29,Vigente
4954,3751,Platino,108274,61719.91,2024-03-18,Bloqueada
4955,2987,Platino,89407,4082.67,2023-03-17,Bloqueada
4956,1937,Signature,162826,6241.18,2026-04-18,Bloqueada
4957,1117,Clasica,16753,11131.96,2022-09-04,Vigente
4958,3969,Signature,227385,43694.85,2024-04-05,Bloqueada
4959,3607,Platino,96984,10419.31,2026-07-28,Bloqueada
4960,917,Platino,116480,80875.64,2023-03-16,Vigente
4961,7127,Clasica,13029,8889.23,2023-03-04,Vigente
4962,6515,Clasica,16395,11295.46,2025-03-29,Cancelada
4963,3976,Signature,270284,143535.28,2025-06-18,Bloqueada
4964,4396,Oro,40099,2718.57,2023-08-12,Vigente
4965,7084,Clasica,16876,375.02,2024-06-09,Cancelada
4966,4563,Clasica,15266,4894.4,2025-11-14,Vigente
4967,6737,Oro,42697,22236.59,2023-05-19,Bloqueada
4968,1041,Clasica,16482,7947.65,2024-09-23,Vigente
4969,7321,Oro,45979,15069.57,2022-10-28,Vigente
4970,2940,Clasica,16880,2020.13,2023-07-18,Cancelada
4971,7109,Platino,74169,51349.44,2023-05-13,Vigente
4972,2717,Clasica,13151,6254.27,2025-08-17,Bloqueada
4973,2875,Signature,260440,25133.74,2026-08-30,Vigente
4974,5960,Oro,43686,4961.51,2024-07-17,Vigente
4975,7590,Clasica,16764,5540.49,2023-06-16,Bloqueada
4976,1393,Platino,111064,10116.17,2025-12-26,Vigente
4977,3923,Oro,47464,7454.81,2023-01-29,Vigente
4978,1517,Signature,190929,8683.26,2024-11-05,Vigente
4979,2660,Clasica,14647,10576.45,2026-06-28,Vigente
4980,7249,Oro,38211,25890.74,2022-10-24,Cancelada
4981,2464,Platino,94087,7863.52,2023-04-10,Bloqueada
4982,7437,Oro,48174,21307.0,2025-11-13,Vigente
4983,2795,Signature,279191,41015.94,2023-03-08,Vigente
4984,5510,Platino,95156,20894.3,2025-08-15,Bloqueada
4985,4593,Oro,45352,16056.53,2025-09-14,Vigente
4986,6060,Oro,33534,5664.0,2025-08-10,Cancelada
4987,6461,Platino,82204,55122.5,2022-09-20,Bloqueada
4988,4606,Platino,105318,21012.16,2025-11-01,Bloqueada
4989,209,Platino,97770,50632.92,2024-12-21,Vigente
4990,3982,Signature,262746,81735.78,2026-02-03,Vigente
4991,1093,Oro,38206,32183.83,2026-06-25,Bloqueada
4992,3433,Oro,41368,15418.41,2025-01-18,Cancelada
4993,132,Oro,50481,30125.98,2025-06-21,Vigente
4994,6394,Clasica,18650,10313.84,2025-04-04,Vigente
4995,1848,Oro,35001,16539.9,2026-03-02,Bloqueada
4996,4413,Platino,96216,25131.91,2024-01-26,Vigente
4997,4165,Platino,98121,9537.99,2025-09-25,Bloqueada
4998,6325,Clasica,20492,4065.91,2025-01-28,Vigente
4999,5183,Platino,111880,64509.0,2025-08-20,Cancelada
5000,3188,Platino,82258,8473.21,2023-05-18,Vigente
5001,7375,Oro,38235,15186.25,2026-05-21,Bloqueada
5002,826,Oro,54029,36447.11,2026-06-27,Cancelada
5003,1997,Clasica,18498,11501.88,2024-05-01,Vigente
5004,3177,Signature,220795,158730.82,2026-05-30,Bloqueada
5005,6474,Oro,33373,7602.25,2025-11-17,Vigente
5006,5363,Clasica,19463,11200.04,2025-04-12,Bloqueada
5007,7433,Platino,82103,14704.7,2023-08-31,Vigente
5008,5782,Oro,36344,28901.19,2023-02-16,Vigente
5009,2777,Oro,53340,33269.42,2022-11-11,Vigente
5010,6243,Clasica,17791,4248.46,2023-04-29,Vigente
5011,7538,Oro,40506,18276.7,2025-09-25,Vigente
5012,409,Signature,243174,23335.0,2023-07-12,Vigente
5013,7232,Clasica,15614,17.47,2023-07-04,Vigente
5014,1364,Oro,40485,1716.77,2024-02-06,Vigente
5015,183,Clasica,18024,7569.72,2023-09-20,Bloqueada
5016,262,Signature,227764,8638.41,2023-03-12,Vigente
5017,2377,Oro,40760,29275.76,2026-06-15,Vigente
5018,6213,Oro,38647,4960.76,2022-11-02,Vigente
5019,1077,Signature,275566,212625.06,2026-01-04,Vigente
5020,1461,Signature,204600,146638.53,2024-06-22,Vigente
5021,3425,Platino,105646,68326.77,2022-09-14,Cancelada
5022,3799,Signature,200163,167507.29,2024-02-17,Cancelada
5023,3379,Platino,117189,50283.92,2024-03-10,Cancelada
5024,6135,Oro,44539,16166.8,2025-07-12,Vigente
5025,2910,Oro,50525,39939.8,2024-07-12,Vigente
5026,5177,Clasica,13467,11402.3,2023-12-08,Cancelada
5027,1106,Clasica,12902,6999.23,2023-08-01,Vigente
5028,6422,Oro,49165,24946.0,2022-12-18,Vigente
5029,6637,Platino,76006,11186.32,2024-09-21,Cancelada
5030,5979,Signature,211466,150793.73,2024-01-08,Cancelada
5031,6298,Clasica,12112,7428.13,2026-03-11,Vigente
5032,165,Signature,223446,59674.65,2023-02-06,Vigente
5033,5409,Clasica,16116,6757.11,2025-10-09,Vigente
5034,4755,Oro,42724,8918.73,2026-05-03,Bloqueada
5035,2058,Clasica,15641,3374.84,2025-07-02,Vigente
5036,2057,Clasica,16196,11980.2,2024-09-18,Vigente
5037,2755,Platino,73480,29456.22,2025-12-20,Vigente
5038,1531,Oro,48418,38488.42,2024-03-10,Bloqueada
5039,3176,Platino,104680,35837.81,2023-08-04,Vigente
5040,1831,Clasica,15897,234.93,2024-09-12,Cancelada
5041,6823,Signature,171618,110775.67,2023-11-04,Vigente
5042,1820,Signature,262411,35970.22,2022-11-27,Vigente
5043,3266,Platino,125936,89746.14,2022-08-24,Bloqueada
5044,1395,Oro,51345,35978.76,2024-10-06,Vigente
5045,4589,Signature,199269,19669.92,2024-02-29,Bloqueada
5046,7492,Platino,97338,40329.04,2023-01-11,Bloqueada
5047,7967,Oro,46166,22495.8,2023-05-09,Vigente
5048,4960,Signature,233255,40522.03,2025-07-28,Vigente
5049,4815,Signature,267440,18950.4,2022-11-22,Bloqueada
5050,1040,Clasica,16023,12799.56,2023-12-18,Bloqueada
5051,3436,Platino,118042,58263.82,2026-03-26,Cancelada
5052,6843,Clasica,13010,1370.15,2023-03-14,Vigente
5053,246,Oro,51611,26614.48,2026-03-16,Vigente
5054,215,Oro,40673,11486.72,2023-07-16,Cancelada
5055,3205,Clasica,16594,4081.42,2023-07-19,Vigente
5056,1091,Clasica,18788,10474.9,2024-06-07,Vigente
5057,5052,Signature,226620,2920.14,2025-01-05,Vigente
5058,6153,Oro,38567,28715.89,2026-05-23,Vigente
5059,815,Signature,227690,28200.51,2025-12-27,Bloqueada
5060,809,Platino,81448,30325.61,2025-09-02,Bloqueada
5061,6139,Clasica,13751,6837.7,2025-08-18,Vigente
5062,135,Signature,233687,64187.5,2025-06-22,Bloqueada
5063,3597,Clasica,13450,4077.14,2025-03-01,Cancelada
5064,5570,Platino,84429,52445.06,2025-04-16,Cancelada
5065,5000,Platino,78820,48168.37,2023-10-26,Cancelada
5066,7776,Signature,253624,101740.84,2022-08-06,Vigente
5067,1897,Oro,34120,11662.29,2025-04-12,Bloqueada
5068,3248,Clasica,19668,2370.73,2026-08-19,Bloqueada
5069,803,Signature,229032,160901.21,2023-01-30,Vigente
5070,6085,Oro,40033,26900.76,2026-07-19,Vigente
5071,2728,Clasica,14631,6021.71,2022-10-07,Vigente
5072,2082,Oro,37339,24221.79,2026-02-04,Vigente
5073,4552,Clasica,13316,6292.3,2022-11-18,Cancelada
5074,7570,Platino,99180,42549.37,2023-09-01,Cancelada
5075,6238,Clasica,18902,1178.44,2023-05-12,Vigente
5076,5123,Oro,36613,7998.71,2022-09-13,Vigente
5077,4658,Clasica,12501,7632.22,2023-05-30,Bloqueada
5078,6873,Clasica,14377,1262.6,2023-10-07,Bloqueada
5079,2273,Signature,254125,35531.03,2026-01-18,Vigente
5080,2010,Platino,75294,692.15,2023-03-02,Cancelada
5081,1667,Platino,95007,13791.08,2023-11-22,Bloqueada
5082,3695,Oro,37228,1763.31,2024-10-12,Cancelada
5083,5256,Platino,82359,643.8,2022-10-22,Cancelada
5084,7883,Signature,170434,119956.37,2023-07-24,Vigente
5085,6761,Clasica,20288,5347.66,2023-04-17,Vigente
5086,4883,Platino,77093,27282.56,2026-05-07,Vigente
5087,6200,Oro,50505,37206.24,2023-01-21,Vigente
5088,3434,Oro,47088,32023.86,2023-11-23,Vigente
5089,6228,Oro,38625,23370.06,2024-06-26,Bloqueada
5090,6150,Signature,192592,5321.17,2026-06-20,Vigente
5091,2313,Signature,168231,119079.32,2026-08-24,Cancelada
5092,6003,Signature,265258,205090.4,2024-09-02,Vigente
5093,3452,Signature,170898,79332.74,2024-02-26,Bloqueada
5094,3544,Clasica,14554,6484.38,2025-07-10,Vigente
5095,1836,Signature,225161,104561.17,2022-11-12,Bloqueada
5096,574,Signature,242113,189914.22,2025-06-16,Vigente
5097,7049,Platino,125024,73785.28,2025-03-04,Vigente
5098,6210,Oro,34699,16665.54,2025-07-22,Vigente
5099,7520,Signature,248046,78728.5,2023-07-01,Cancelada
5100,6651,Oro,36131,17675.55,2026-08-20,Cancelada
5101,7816,Signature,182161,24485.6,2025-05-05,Cancelada
5102,1457,Signature,266802,204288.53,2025-09-09,Cancelada
5103,1498,Clasica,12778,9727.11,2025-10-23,Vigente
5104,7382,Signature,212156,82107.78,2024-05-09,Vigente
5105,6896,Signature,275352,144331.42,2024-05-23,Vigente
5106,238,Clasica,20388,9932.54,2024-09-13,Vigente
5107,2219,Signature,223825,140234.15,2025-03-02,Vigente
5108,30,Platino,111069,48841.64,2024-12-26,Vigente
5109,4047,Platino,115428,7405.38,2024-07-15,Vigente
5110,4578,Signature,174126,67856.27,2024-11-25,Cancelada
5111,3840,Platino,119485,82887.08,2024-06-02,Vigente
5112,726,Signature,200934,23092.51,2024-10-26,Cancelada
5113,1155,Signature,220062,148711.85,2023-03-16,Vigente
5114,2761,Oro,55224,36362.25,2025-10-11,Vigente
5115,2806,Platino,89886,24642.2,2024-09-13,Vigente
5116,7532,Clasica,16794,8535.59,2022-08-03,Vigente
5117,5732,Signature,276756,144938.45,2025-02-28,Vigente
5118,2656,Platino,103723,38669.78,2023-07-23,Vigente
5119,3737,Platino,78018,10002.81,2023-07-17,Vigente
5120,2643,Platino,86296,25655.16,2023-01-19,Vigente
5121,7275,Oro,36345,28805.48,2022-09-21,Cancelada
5122,453,Platino,107431,75888.6,2022-08-25,Vigente
5123,6924,Clasica,17508,6705.25,2023-01-24,Vigente
5124,7443,Clasica,12949,9650.27,2023-12-14,Bloqueada
5125,3808,Platino,74454,4094.06,2025-06-10,Bloqueada
5126,5733,Signature,166537,59153.07,2024-10-21,Vigente
5127,1186,Platino,115452,69304.79,2024-06-24,Vigente
5128,6151,Oro,43213,30686.39,2023-02-11,Vigente
5129,3357,Oro,34627,17604.17,2024-08-13,Vigente
5130,6585,Signature,237425,60385.43,2022-08-19,Vigente
5131,2991,Platino,121597,62455.5,2025-04-20,Bloqueada
5132,99,Clasica,15259,8736.86,2024-07-13,Vigente
5133,1128,Clasica,19262,9599.05,2025-01-30,Vigente
5134,2204,Oro,46209,31824.26,2024-10-18,Vigente
5135,3330,Clasica,17546,1911.79,2024-12-23,Vigente
5136,6000,Signature,167055,20220.36,2026-02-05,Cancelada
5137,4402,Clasica,12109,2744.73,2024-09-26,Vigente
5138,6425,Signature,171236,33247.87,2026-04-21,Vigente
5139,5869,Signature,191264,7054.82,2025-11-08,Vigente
5140,3325,Clasica,15031,10063.4,2022-12-29,Cancelada
5141,1283,Signature,169852,30590.72,2023-01-26,Vigente
5142,1942,Oro,45396,21290.82,2025-09-14,Vigente
5143,485,Oro,37790,28272.88,2026-03-28,Cancelada
5144,147,Oro,47023,24046.91,2026-06-02,Bloqueada
5145,4279,Signature,181560,37237.19,2025-05-29,Bloqueada
5146,7261,Platino,125963,97462.58,2022-09-01,Cancelada
5147,7033,Oro,32464,15054.0,2023-12-20,Bloqueada
5148,5415,Signature,221165,2678.7,2024-12-23,Bloqueada
5149,3752,Clasica,14276,10260.16,2023-11-02,Vigente
5150,4874,Oro,52572,2285.15,2025-10-15,Vigente
5151,101,Clasica,16375,11875.64,2022-09-13,Vigente
5152,930,Clasica,16092,2007.21,2026-02-23,Cancelada
5153,6580,Oro,54831,27521.49,2025-05-26,Vigente
5154,3489,Platino,102530,54217.01,2025-09-29,Vigente
5155,2936,Platino,123799,10754.05,2024-11-19,Bloqueada
5156,1626,Oro,37207,13166.85,2022-12-12,Cancelada
5157,3041,Signature,210943,144776.9,2023-09-12,Vigente
5158,7522,Oro,32952,27436.22,2024-10-02,Cancelada
5159,695,Platino,76171,29222.32,2025-12-28,Bloqueada
5160,851,Signature,185696,112405.63,2023-08-27,Vigente
5161,5434,Clasica,12235,4872.8,2022-11-12,Vigente
5162,5692,Signature,240156,120178.55,2023-03-07,Vigente
5163,7398,Oro,51655,36346.33,2024-01-10,Bloqueada
5164,4635,Clasica,13562,4886.57,2023-05-08,Bloqueada
5165,3739,Signature,262266,133796.94,2022-08-13,Cancelada
5166,2674,Signature,208996,126804.44,2026-07-06,Vigente
5167,2933,Oro,54583,39621.04,2025-02-08,Vigente
5168,7985,Clasica,12651,6774.88,2025-06-05,Vigente
5169,2312,Platino,104033,45557.07,2023-05-14,Bloqueada
5170,5369,Clasica,13503,5890.41,2025-10-02,Vigente
5171,5539,Platino,72193,181.3,2025-12-07,Cancelada
5172,1704,Signature,211348,5171.36,2026-04-29,Vigente
5173,2697,Signature,194040,161198.48,2023-08-11,Vigente
5174,3903,Oro,45584,22820.54,2025-03-12,Vigente
5175,1317,Oro,49116,37326.02,2025-04-02,Vigente
5176,7292,Oro,46306,9697.36,2024-07-14,Vigente
5177,5908,Clasica,18430,4206.37,2025-12-15,Vigente
5178,5855,Clasica,15238,2807.25,2023-06-10,Vigente
5179,2057,Platino,99097,74004.44,2024-07-05,Vigente
5180,5146,Oro,48310,11308.8,2025-03-11,Vigente
5181,316,Oro,37001,29682.13,2023-08-23,Vigente
5182,5527,Signature,220631,19971.74,2026-06-09,Vigente
5183,1449,Oro,41037,19631.71,2022-08-02,Vigente
5184,6185,Signature,217170,127096.18,2025-10-13,Vigente
5185,2409,Oro,49169,3443.97,2025-06-03,Bloqueada
5186,4693,Signature,215320,142201.58,2023-01-29,Vigente
5187,1738,Oro,35954,26285.27,2022-11-19,Vigente
5188,2171,Clasica,15616,198.57,2025-12-26,Vigente
5189,7910,Platino,86021,4547.75,2024-04-04,Vigente
5190,831,Signature,168584,24126.86,2023-05-30,Bloqueada
5191,4410,Signature,247488,193712.57,2026-03-06,Bloqueada
5192,7341,Oro,49690,3439.96,2024-02-10,Bloqueada
5193,20,Oro,32830,20202.72,2026-06-21,Vigente
5194,5715,Platino,90928,62689.29,2023-02-19,Vigente
5195,7909,Oro,41724,32813.64,2025-09-28,Bloqueada
5196,343,Signature,184780,71476.07,2026-04-17,Vigente
5197,7491,Oro,55594,37964.36,2026-01-29,Vigente
5198,280,Oro,33601,4271.88,2023-09-16,Bloqueada
5199,3534,Platino,75414,61309.03,2024-05-25,Vigente
5200,7062,Platino,96315,64365.88,2025-08-25,Vigente
5201,5096,Signature,235531,148395.76,2026-08-31,Vigente
5202,2,Platino,96351,1626.27,2022-08-25,Bloqueada
5203,2320,Clasica,12354,6446.59,2025-12-10,Vigente
5204,4474,Signature,167116,102244.87,2024-04-09,Bloqueada
5205,7356,Signature,232951,10195.77,2026-03-03,Vigente
5206,7678,Signature,198033,67035.96,2024-12-29,Bloqueada
5207,3911,Platino,77478,13511.85,2022-11-19,Cancelada
5208,3599,Oro,39051,19935.31,2022-10-15,Vigente
5209,7936,Clasica,16673,1483.64,2025-02-28,Vigente
5210,5507,Clasica,16472,829.84,2025-12-07,Vigente
5211,6829,Platino,76207,56907.99,2023-11-08,Vigente
5212,6232,Platino,120137,75695.7,2024-09-12,Cancelada
5213,5579,Oro,33664,3392.67,2025-06-10,Vigente
5214,5876,Signature,255800,142631.07,2023-10-28,Vigente
5215,1312,Clasica,18017,7360.83,2025-01-05,Vigente
5216,924,Clasica,20150,13128.61,2026-07-23,Bloqueada
5217,269,Oro,52538,17786.06,2026-02-19,Vigente
5218,1428,Oro,47091,3430.33,2022-08-06,Bloqueada
5219,5423,Oro,49868,11229.74,2023-09-03,Bloqueada
5220,2058,Platino,88477,7581.85,2025-05-01,Cancelada
5221,6746,Oro,41574,21786.39,2024-12-03,Vigente
5222,907,Oro,34607,2165.63,2026-04-27,Vigente
5223,4960,Oro,44351,26186.9,2022-11-26,Vigente
5224,3051,Oro,34681,7277.35,2026-08-07,Cancelada
5225,7695,Signature,256757,107592.62,2022-12-08,Vigente
5226,4759,Platino,124942,20357.52,2023-03-06,Vigente
5227,3292,Oro,35197,10751.92,2026-08-14,Cancelada
5228,368,Oro,49689,29199.08,2023-10-05,Vigente
5229,5845,Platino,115755,42248.36,2026-08-16,Vigente
5230,6015,Oro,42062,9977.86,2025-03-20,Vigente
5231,4050,Platino,76083,14690.72,2026-02-28,Vigente
5232,1925,Signature,252535,71368.4,2022-11-28,Vigente
5233,5149,Platino,74515,38756.57,2023-12-03,Vigente
5234,505,Clasica,13290,3773.43,2025-01-27,Vigente
5235,7683,Clasica,19521,5010.74,2024-05-03,Bloqueada
5236,3740,Clasica,17457,2782.82,2025-07-28,Vigente
5237,1502,Platino,106607,10143.51,2026-05-01,Vigente
5238,4580,Signature,271663,90618.18,2024-03-25,Vigente
5239,4099,Signature,230509,86682.57,2023-08-11,Vigente
5240,6552,Oro,44428,791.14,2024-03-23,Vigente
5241,7439,Oro,50640,2792.9,2023-08-04,Cancelada
5242,4504,Signature,233304,142083.59,2023-07-02,Vigente
5243,1694,Clasica,18735,8669.97,2024-03-11,Vigente
5244,7903,Platino,108887,23811.01,2025-05-10,Cancelada
5245,5596,Oro,43834,27361.73,2022-11-22,Vigente
5246,6761,Clasica,14812,7276.65,2023-04-12,Vigente
5247,3031,Oro,41472,11853.17,2024-06-23,Vigente
5248,7989,Signature,263325,89112.18,2025-02-19,Vigente
5249,3163,Signature,221277,136294.56,2025-07-31,Vigente
5250,4897,Platino,112761,3377.16,2023-12-29,Cancelada
5251,6791,Signature,165862,89915.66,2023-05-30,Vigente
5252,6046,Clasica,13903,6891.39,2025-07-03,Vigente
5253,7007,Platino,112200,60683.42,2025-06-01,Vigente
5254,5488,Clasica,17181,10436.98,2023-12-29,Bloqueada
5255,7863,Oro,45713,25759.16,2022-09-17,Vigente
5256,6133,Clasica,12169,7757.25,2025-07-23,Vigente
5257,7222,Platino,90703,1630.28,2025-12-09,Vigente
5258,4805,Platino,125835,35087.33,2025-04-14,Vigente
5259,3067,Clasica,12583,10450.43,2025-05-02,Cancelada
5260,3976,Oro,40376,233.74,2024-04-16,Cancelada
5261,4320,Clasica,20054,6975.36,2024-11-24,Vigente
5262,7115,Oro,48106,22352.1,2023-09-10,Vigente
5263,7399,Clasica,20274,15271.44,2024-04-21,Vigente
5264,1292,Platino,124040,14238.74,2023-12-11,Bloqueada
5265,535,Signature,223896,162260.72,2026-07-14,Vigente
5266,6666,Clasica,12269,2514.32,2022-12-22,Cancelada
5267,1337,Signature,258117,103585.35,2024-03-26,Vigente
5268,7094,Clasica,13506,3147.55,2025-10-06,Cancelada
5269,4349,Clasica,19335,15613.48,2025-04-06,Vigente
5270,6594,Platino,103692,87725.37,2026-01-30,Cancelada
5271,5419,Platino,83128,14254.4,2024-11-30,Vigente
5272,6189,Oro,32894,24476.75,2025-04-04,Vigente
5273,5678,Clasica,17194,9384.14,2023-07-31,Vigente
5274,7602,Signature,240720,95581.46,2024-07-31,Vigente
5275,2046,Signature,190192,143833.35,2025-12-12,Vigente
5276,2236,Platino,78553,43508.15,2023-11-16,Cancelada
5277,5628,Clasica,17602,10057.54,2023-09-06,Cancelada
5278,3321,Oro,55177,24673.59,2025-12-14,Cancelada
5279,2757,Oro,38424,30094.54,2024-04-02,Vigente
5280,6934,Oro,42084,18512.56,2023-03-21,Vigente
5281,6369,Oro,49102,5501.75,2025-10-26,Vigente
5282,7501,Clasica,16691,3173.29,2023-01-05,Vigente
5283,3883,Clasica,20471,8949.83,2026-01-12,Vigente
5284,7724,Oro,53763,7993.47,2023-01-30,Vigente
5285,4389,Clasica,15948,6945.82,2026-05-04,Vigente
5286,7320,Platino,114551,5968.83,2025-05-31,Vigente
5287,5809,Platino,74131,56954.55,2025-11-15,Vigente
5288,2791,Platino,116908,38924.3,2022-10-21,Vigente
5289,5654,Oro,49482,27998.5,2023-11-21,Vigente
5290,2555,Platino,90794,67943.63,2023-07-29,Vigente
5291,3279,Signature,205730,4131.38,2026-08-24,Cancelada
5292,1965,Signature,185253,48726.09,2023-07-07,Vigente
5293,6024,Signature,235647,86934.82,2022-09-14,Bloqueada
5294,6654,Oro,38577,22913.19,2026-06-12,Cancelada
5295,1511,Clasica,14217,7992.31,2023-02-12,Vigente
5296,1368,Platino,120465,54091.07,2025-05-05,Vigente
5297,2629,Oro,40714,28504.08,2024-06-19,Bloqueada
5298,4364,Oro,48601,16045.08,2022-11-07,Cancelada
5299,3016,Signature,212086,131171.75,2025-03-17,Vigente
5300,2709,Oro,46606,17375.16,2025-02-17,Vigente
5301,3969,Oro,50403,3645.8,2025-03-28,Vigente
5302,5062,Platino,124413,42728.83,2025-08-19,Vigente
5303,7480,Signature,199764,115555.03,2024-10-01,Vigente
5304,5677,Signature,262644,29119.01,2025-01-21,Cancelada
5305,6294,Signature,160184,114388.8,2026-08-31,Vigente
5306,3802,Clasica,18750,10096.87,2024-12-30,Bloqueada
5307,1798,Oro,45142,5359.82,2023-08-28,Bloqueada
5308,1294,Platino,91265,57402.76,2025-10-22,Vigente
5309,5440,Platino,116671,85316.18,2023-03-09,Cancelada
5310,2390,Oro,39122,987.75,2024-11-22,Bloqueada
5311,5214,Platino,123242,86964.03,2026-05-29,Vigente
5312,3372,Oro,54037,33668.2,2026-04-30,Vigente
5313,4427,Signature,277239,214745.95,2023-02-06,Vigente
5314,2706,Clasica,17174,1461.53,2023-05-21,Vigente
5315,104,Platino,73500,20693.33,2022-10-26,Bloqueada
5316,4549,Signature,180044,140983.46,2024-03-24,Vigente
5317,3888,Clasica,16238,2933.54,2023-10-08,Vigente
5318,6861,Platino,107020,69226.6,2022-09-04,Cancelada
5319,4311,Clasica,16719,3233.67,2025-03-26,Vigente
5320,6119,Signature,270202,197286.44,2024-08-01,Vigente
5321,7151,Signature,210589,63692.61,2024-09-29,Vigente
5322,5695,Oro,45391,3425.3,2025-09-11,Vigente
5323,3995,Clasica,20430,1715.73,2023-01-25,Vigente
5324,3583,Platino,81174,20659.38,2026-06-20,Vigente
5325,4031,Platino,88920,71899.32,2025-06-15,Vigente
5326,1452,Oro,54124,28267.73,2025-07-30,Vigente
5327,1177,Signature,263160,160092.48,2023-08-16,Vigente
5328,6497,Platino,119979,49845.95,2025-08-14,Bloqueada
5329,4595,Clasica,17080,10021.21,2026-01-11,Bloqueada
5330,1085,Platino,75658,12058.7,2024-12-18,Vigente
5331,7126,Platino,101460,13098.94,2024-06-29,Vigente
5332,3969,Platino,116528,12279.96,2025-09-30,Cancelada
5333,2063,Clasica,20732,4298.4,2024-04-19,Vigente
5334,5198,Signature,278664,234181.26,2023-02-01,Vigente
5335,1811,Signature,275092,221792.0,2023-01-29,Vigente
5336,4040,Clasica,16531,12459.19,2025-01-17,Vigente
5337,3131,Signature,223395,55484.57,2023-11-30,Vigente
5338,2343,Signature,166218,83875.47,2025-01-30,Bloqueada
5339,6893,Clasica,13191,7381.5,2025-02-14,Vigente
5340,4474,Oro,32824,5471.18,2025-10-27,Cancelada
5341,3472,Clasica,18720,14223.3,2026-07-20,Vigente
5342,2136,Platino,91163,5962.63,2024-10-28,Vigente
5343,952,Platino,95426,13781.37,2026-04-02,Bloqueada
5344,3490,Clasica,17952,971.57,2026-04-30,Cancelada
5345,4468,Clasica,19241,9166.33,2024-12-30,Bloqueada
5346,3273,Platino,92364,47611.71,2025-11-16,Vigente
5347,3362,Platino,81631,24517.76,2025-04-05,Cancelada
5348,5942,Clasica,17892,4888.06,2024-03-22,Bloqueada
5349,6996,Platino,98650,60566.0,2025-06-12,Cancelada
5350,6766,Platino,105624,73989.8,2025-09-10,Vigente
5351,6225,Signature,200990,19434.63,2023-01-02,Bloqueada
5352,2512,Signature,227928,111958.26,2024-06-05,Vigente
5353,286,Platino,117355,24402.29,2022-09-26,Vigente
5354,5815,Platino,86097,37857.1,2023-04-01,Bloqueada
5355,943,Signature,253926,174113.93,2023-08-28,Bloqueada
5356,4510,Platino,92383,68960.63,2024-07-30,Cancelada
5357,7114,Oro,52442,33200.26,2023-06-12,Vigente
5358,82,Platino,114920,57630.95,2026-04-11,Bloqueada
5359,7434,Clasica,12756,2757.86,2024-10-16,Cancelada
5360,7384,Clasica,14417,10838.77,2025-10-31,Vigente
5361,3911,Clasica,19970,427.55,2023-05-27,Vigente
5362,1980,Signature,257016,104874.58,2023-04-17,Vigente
5363,3564,Platino,99131,23578.51,2026-07-05,Bloqueada
5364,1953,Clasica,16736,10493.52,2023-10-17,Vigente
5365,2917,Clasica,13444,3392.57,2026-07-08,Cancelada
5366,5675,Clasica,19294,11604.41,2024-11-17,Vigente
5367,501,Signature,242002,157867.63,2025-08-26,Cancelada
5368,5899,Oro,50785,977.69,2024-09-24,Bloqueada
5369,2056,Signature,187296,36233.36,2025-07-05,Vigente
5370,2286,Platino,100180,33123.24,2022-11-19,Vigente
5371,1174,Oro,53539,30546.3,2024-11-03,Cancelada
5372,417,Oro,55216,12678.67,2023-12-21,Vigente
5373,7066,Signature,230374,172892.3,2023-07-13,Vigente
5374,834,Clasica,18219,9801.0,2022-11-10,Vigente
5375,7109,Oro,39772,9062.23,2026-03-03,Cancelada
5376,2059,Oro,44413,24080.15,2024-12-24,Vigente
5377,3865,Platino,111980,63862.42,2023-01-02,Vigente
5378,2634,Platino,112607,17470.14,2022-11-22,Bloqueada
5379,6498,Clasica,13130,1634.81,2023-11-14,Bloqueada
5380,3830,Clasica,14292,7879.45,2024-12-21,Cancelada
5381,6367,Signature,161510,46289.54,2024-10-28,Vigente
5382,5343,Clasica,15360,9542.95,2024-10-30,Vigente
5383,6383,Clasica,20370,15662.33,2024-11-23,Bloqueada
5384,4867,Signature,168046,12226.84,2026-02-20,Vigente
5385,3240,Oro,39077,15605.51,2026-05-25,Cancelada
5386,2434,Signature,218277,175966.87,2024-02-26,Bloqueada
5387,2402,Oro,42404,2120.41,2025-03-19,Vigente
5388,1378,Clasica,16083,4235.49,2024-01-03,Vigente
5389,1909,Clasica,20174,3464.17,2023-03-26,Vigente
5390,851,Clasica,12100,233.88,2025-02-07,Vigente
5391,6389,Clasica,14812,11772.68,2023-09-02,Vigente
5392,5836,Oro,39148,26524.32,2024-10-29,Vigente
5393,5125,Platino,82095,8797.94,2026-07-10,Vigente
5394,2448,Oro,51363,41220.74,2024-08-30,Vigente
5395,4759,Oro,50499,18053.06,2024-10-12,Cancelada
5396,2791,Oro,39859,8111.06,2025-08-23,Vigente
5397,5723,Signature,240823,3162.56,2022-11-24,Vigente
5398,3989,Platino,122121,96055.46,2023-03-29,Vigente
5399,1540,Clasica,16350,8504.96,2023-09-16,Vigente
5400,1643,Clasica,19193,1887.2,2025-06-29,Vigente
5401,2568,Clasica,18367,12141.23,2025-06-12,Bloqueada
5402,5510,Clasica,12099,2506.15,2024-07-21,Vigente
5403,5417,Platino,80407,37477.32,2022-10-04,Bloqueada
5404,7857,Clasica,18946,8267.11,2022-12-09,Cancelada
5405,1301,Oro,32997,20530.84,2025-10-10,Vigente
5406,4492,Clasica,15490,2932.18,2024-01-25,Bloqueada
5407,1094,Oro,47278,19476.58,2025-07-03,Cancelada
5408,951,Platino,101710,64285.51,2024-05-18,Vigente
5409,5699,Platino,99053,14220.75,2024-12-17,Bloqueada
5410,996,Platino,87798,72405.35,2023-05-11,Cancelada
5411,808,Oro,43465,848.53,2023-01-02,Vigente
5412,4553,Platino,85991,44208.38,2025-02-16,Bloqueada
5413,5251,Oro,40546,25764.9,2025-11-08,Vigente
5414,3367,Clasica,20225,5451.3,2024-06-03,Vigente
5415,419,Platino,77176,20804.87,2023-01-25,Vigente
5416,4383,Oro,42283,6974.85,2025-02-01,Vigente
5417,5956,Oro,34988,11366.29,2025-05-16,Vigente
5418,1683,Clasica,20199,5026.39,2023-04-05,Vigente
5419,2037,Clasica,20713,7392.76,2025-01-12,Bloqueada
5420,6352,Oro,39587,30070.42,2024-08-09,Vigente
5421,6447,Signature,260852,9118.38,2023-09-20,Vigente
5422,6944,Platino,80888,26263.44,2023-06-02,Vigente
5423,7525,Oro,41906,12910.16,2025-12-05,Vigente
5424,4653,Signature,172254,57379.28,2025-05-20,Vigente
5425,6107,Clasica,14401,10901.81,2026-06-06,Vigente
5426,928,Signature,236638,2149.81,2024-02-07,Vigente
5427,5564,Oro,35007,16328.27,2025-10-23,Vigente
5428,5863,Oro,41497,19214.41,2024-05-28,Vigente
5429,6470,Platino,110079,56236.65,2025-06-07,Vigente
5430,3030,Oro,36366,12055.2,2025-07-16,Vigente
5431,7600,Platino,117888,89078.76,2023-06-03,Cancelada
5432,7152,Platino,104557,79585.39,2024-07-31,Vigente
5433,1216,Clasica,14368,2715.23,2025-06-30,Vigente
5434,7219,Platino,109410,65222.13,2025-03-12,Cancelada
5435,3816,Platino,87960,60994.11,2025-12-19,Vigente
5436,7266,Clasica,16616,8725.43,2023-12-29,Vigente
5437,4783,Clasica,19441,14028.88,2024-12-29,Cancelada
5438,3139,Platino,85287,56640.44,2023-01-02,Bloqueada
5439,4680,Platino,114937,45506.24,2025-05-10,Vigente
5440,3609,Oro,41281,27504.63,2024-09-25,Vigente
5441,7973,Clasica,15276,6489.78,2025-10-05,Vigente
5442,3424,Platino,115353,85375.71,2024-09-17,Vigente
5443,507,Signature,215298,45013.57,2024-01-23,Vigente
5444,5599,Oro,55979,3201.44,2024-11-23,Vigente
5445,1662,Oro,43287,8924.29,2023-11-23,Cancelada
5446,6132,Oro,46529,312.84,2024-12-03,Vigente
5447,7337,Clasica,13303,7496.85,2023-09-15,Vigente
5448,4231,Clasica,12112,1139.38,2026-08-10,Vigente
5449,6047,Platino,75325,21084.56,2023-12-02,Vigente
5450,7264,Platino,91764,41184.26,2025-03-04,Vigente
5451,2076,Platino,79334,47164.61,2024-06-17,Bloqueada
5452,3452,Oro,55932,39608.03,2025-11-10,Bloqueada
5453,4952,Oro,39710,31094.15,2024-03-19,Vigente
5454,3617,Signature,227602,185070.13,2025-05-14,Bloqueada
5455,6542,Platino,112801,1425.28,2024-08-31,Bloqueada
5456,7967,Oro,46171,27076.73,2025-03-29,Vigente
5457,1562,Signature,181337,91635.1,2025-07-14,Cancelada
5458,2792,Clasica,12261,4913.66,2025-01-21,Vigente
5459,3255,Clasica,12154,60.43,2024-03-30,Vigente
5460,4263,Oro,34208,8106.03,2023-06-21,Vigente
5461,3071,Platino,82667,68838.24,2026-01-30,Cancelada
5462,5978,Clasica,15087,3767.84,2025-11-04,Vigente
5463,4336,Platino,91296,45987.78,2025-10-21,Vigente
5464,2478,Signature,182034,109751.35,2025-01-04,Bloqueada
5465,7420,Clasica,14998,2306.95,2024-01-19,Bloqueada
5466,6844,Signature,227076,168104.95,2025-05-21,Cancelada
5467,1508,Clasica,20931,6936.08,2025-06-13,Vigente
5468,2051,Signature,273757,7222.21,2023-01-02,Bloqueada
5469,3285,Platino,109862,65547.41,2025-10-21,Cancelada
5470,5185,Clasica,17938,5699.33,2025-12-21,Vigente
5471,1592,Signature,232220,77874.54,2025-04-04,Vigente
5472,925,Platino,106853,62518.14,2025-09-27,Vigente
5473,5239,Oro,38038,29396.32,2026-07-22,Vigente
5474,7924,Platino,97095,36273.04,2023-03-02,Cancelada
5475,519,Signature,214657,4920.07,2025-04-06,Cancelada
5476,4236,Oro,37236,2881.17,2023-12-18,Vigente
5477,5807,Signature,238949,91579.88,2022-08-20,Bloqueada
5478,641,Oro,49611,40521.08,2023-05-21,Vigente
5479,4776,Oro,43575,23659.26,2024-06-12,Bloqueada
5480,7299,Clasica,19418,13579.39,2022-10-06,Cancelada
5481,3034,Clasica,20463,16537.75,2024-07-18,Bloqueada
5482,5261,Platino,84735,61111.49,2026-03-18,Bloqueada
5483,4766,Oro,55709,8729.98,2024-03-12,Vigente
5484,5392,Oro,34733,9738.17,2023-08-08,Vigente
5485,2517,Signature,227340,22178.28,2023-03-13,Vigente
5486,5081,Clasica,17149,3162.17,2025-04-19,Vigente
5487,2875,Oro,32318,23219.92,2022-08-26,Vigente
5488,373,Signature,278275,63136.44,2024-05-18,Vigente
5489,3502,Platino,93575,54457.52,2024-12-13,Vigente
5490,4031,Platino,98550,33202.58,2026-09-02,Vigente
5491,4712,Platino,108586,41559.18,2022-10-19,Bloqueada
5492,1161,Oro,55310,44296.29,2025-02-11,Vigente
5493,1612,Platino,81934,56564.13,2026-04-02,Vigente
5494,321,Oro,47554,13856.06,2026-05-02,Vigente
5495,5251,Oro,48789,37492.17,2026-05-10,Cancelada
5496,3527,Clasica,17742,13496.8,2023-03-16,Bloqueada
5497,3464,Clasica,17625,9149.97,2023-11-11,Vigente
5498,5849,Signature,217657,144088.2,2025-09-04,Vigente
5499,6893,Oro,48866,30350.56,2023-05-25,Bloqueada
5500,131,Platino,102734,77491.47,2026-01-08,Vigente
5501,4333,Platino,76540,14889.17,2023-07-24,Vigente
5502,5719,Platino,77068,53544.75,2026-08-01,Bloqueada
5503,7658,Oro,36418,5758.28,2025-07-14,Bloqueada
5504,2409,Clasica,19263,8888.57,2026-08-07,Vigente
5505,6575,Signature,240251,28684.58,2024-12-10,Bloqueada
5506,4708,Oro,46455,11186.51,2024-05-17,Vigente
5507,1234,Oro,55007,39095.74,2025-08-22,Vigente
5508,5892,Clasica,18557,572.61,2025-08-18,Vigente
5509,1185,Signature,171938,13741.71,2025-09-16,Bloqueada
5510,3304,Platino,89916,32928.25,2024-11-15,Vigente
5511,2618,Clasica,14085,11580.9,2023-12-24,Bloqueada
5512,7961,Platino,113741,33993.77,2025-06-24,Cancelada
5513,1244,Platino,80155,20515.52,2025-05-06,Bloqueada
5514,1927,Clasica,18614,6679.36,2022-09-15,Vigente
5515,6807,Clasica,16624,10440.17,2025-08-12,Bloqueada
5516,5457,Platino,105035,67921.43,2026-03-09,Vigente
5517,7755,Oro,46934,14153.27,2024-02-10,Cancelada
5518,7167,Clasica,19735,13265.78,2023-08-07,Vigente
5519,5029,Oro,49649,26176.55,2023-07-30,Vigente
5520,325,Clasica,15186,6699.28,2022-11-11,Vigente
5521,5864,Clasica,17470,6418.92,2026-07-09,Bloqueada
5522,5422,Signature,183507,82024.41,2023-06-12,Vigente
5523,7513,Signature,180016,48985.23,2026-03-12,Vigente
5524,6628,Clasica,17773,6427.65,2025-04-19,Cancelada
5525,2329,Clasica,14991,5490.75,2025-08-23,Vigente
5526,2252,Signature,204414,147819.25,2025-04-01,Vigente
5527,1950,Platino,102597,64439.53,2023-06-24,Vigente
5528,4412,Oro,41394,33522.12,2023-07-25,Bloqueada
5529,3466,Oro,45252,1093.28,2025-10-10,Vigente
5530,5181,Signature,162055,121994.77,2023-01-08,Cancelada
5531,73,Signature,169505,112305.93,2026-03-12,Cancelada
5532,7715,Clasica,20633,1485.73,2023-10-09,Vigente
5533,2926,Oro,34225,20475.07,2026-02-09,Vigente
5534,3582,Platino,97176,718.87,2024-05-13,Bloqueada
5535,934,Signature,244890,159574.58,2025-02-28,Vigente
5536,6724,Signature,175865,139334.63,2023-10-12,Bloqueada
5537,5134,Oro,40175,2659.6,2023-08-04,Vigente
5538,7380,Oro,41108,27055.24,2022-10-30,Vigente
5539,3661,Platino,114315,26724.33,2025-02-27,Bloqueada
5540,1162,Platino,120408,93337.14,2023-03-11,Vigente
5541,5455,Signature,204355,18529.62,2025-07-14,Vigente
5542,3490,Clasica,14913,10190.0,2025-08-06,Cancelada
5543,6656,Signature,214675,29479.66,2024-02-15,Vigente
5544,4654,Platino,106854,41461.79,2026-08-28,Cancelada
5545,3573,Signature,208714,129855.03,2025-04-17,Vigente
5546,4259,Signature,169589,15123.67,2025-11-19,Cancelada
5547,1718,Platino,116329,28808.26,2025-04-20,Bloqueada
5548,2604,Clasica,20506,9120.17,2026-04-27,Bloqueada
5549,4426,Signature,270638,152820.51,2024-09-23,Vigente
5550,7510,Signature,209286,19491.93,2026-06-05,Vigente
5551,1166,Clasica,15124,8095.3,2026-04-28,Cancelada
5552,3765,Clasica,15597,1766.87,2026-07-29,Bloqueada
5553,3233,Platino,100783,58018.81,2023-10-21,Cancelada
5554,1894,Platino,111946,21184.57,2023-08-08,Vigente
5555,7437,Clasica,20852,1887.9,2023-01-19,Bloqueada
5556,2944,Clasica,20070,3550.2,2025-09-29,Vigente
5557,3607,Signature,229099,56276.94,2024-06-06,Bloqueada
5558,968,Platino,97594,30605.2,2025-10-16,Cancelada
5559,1537,Clasica,19735,9451.89,2024-04-18,Bloqueada
5560,2715,Signature,180506,23113.55,2022-08-07,Vigente
5561,6642,Signature,273020,46589.07,2023-05-11,Vigente
5562,7920,Oro,45255,18246.3,2026-02-19,Cancelada
5563,84,Clasica,20222,12391.33,2023-02-11,Cancelada
5564,685,Clasica,20105,1133.54,2026-08-26,Vigente
5565,1227,Signature,195132,135553.64,2023-10-02,Bloqueada
5566,6035,Signature,212233,168553.92,2023-12-26,Cancelada
5567,587,Oro,48815,28965.14,2023-05-14,Bloqueada
5568,849,Clasica,12171,1875.9,2023-05-31,Vigente
5569,3232,Oro,32035,23972.88,2026-03-26,Bloqueada
5570,920,Signature,226445,38725.05,2025-01-16,Vigente
5571,7139,Signature,247873,111095.06,2026-03-18,Bloqueada
5572,1045,Clasica,12549,1887.48,2026-07-04,Vigente
5573,1124,Signature,171825,121789.61,2023-11-20,Bloqueada
5574,2500,Oro,36158,13311.3,2026-05-04,Vigente
5575,500,Signature,181985,135369.67,2024-06-20,Vigente
5576,7074,Platino,97173,18963.08,2026-08-02,Vigente
5577,1705,Clasica,19682,8355.66,2024-10-05,Bloqueada
5578,7560,Oro,35610,10718.59,2022-09-11,Bloqueada
5579,1254,Platino,78916,66441.73,2024-07-15,Vigente
5580,2035,Signature,231652,182037.61,2026-06-06,Vigente
5581,950,Signature,279013,66634.1,2025-09-06,Vigente
5582,1090,Oro,49069,14626.82,2023-05-14,Vigente
5583,1501,Signature,161207,13345.4,2022-12-25,Bloqueada
5584,5944,Oro,49031,369.48,2025-12-11,Vigente
5585,7615,Signature,275899,123089.54,2024-10-29,Bloqueada
5586,5699,Oro,39122,2084.46,2022-08-03,Cancelada
5587,2533,Oro,44076,34490.54,2023-02-25,Bloqueada
5588,2806,Oro,48414,37467.25,2025-07-18,Vigente
5589,7728,Signature,249072,141879.35,2026-04-26,Vigente
5590,3271,Platino,91154,45594.79,2024-12-01,Vigente
5591,4994,Signature,192565,32614.33,2025-06-21,Bloqueada
5592,7979,Platino,87444,33250.45,2026-08-18,Vigente
5593,5326,Clasica,17514,8509.39,2023-04-11,Bloqueada
5594,3809,Oro,34410,7552.06,2024-02-27,Vigente
5595,3282,Signature,205651,7146.0,2025-05-16,Bloqueada
5596,6589,Clasica,20547,12497.72,2026-07-30,Bloqueada
5597,7564,Platino,122768,56216.8,2024-01-04,Vigente
5598,1400,Oro,41791,5067.47,2023-10-21,Cancelada
5599,7750,Signature,208522,9631.02,2025-10-10,Vigente
5600,2671,Platino,74855,4362.88,2022-10-20,Vigente
5601,6259,Platino,110607,14228.04,2025-03-22,Vigente
5602,1085,Clasica,13837,946.57,2025-09-28,Vigente
5603,6543,Clasica,20439,6691.29,2022-08-20,Vigente
5604,597,Platino,116719,7102.09,2025-03-04,Vigente
5605,7417,Oro,55541,32898.12,2022-09-15,Vigente
5606,7251,Oro,45384,34505.88,2026-05-09,Vigente
5607,5734,Oro,49645,36728.94,2026-07-12,Cancelada
5608,4168,Clasica,17936,1647.16,2024-02-07,Vigente
5609,3590,Signature,196648,83158.99,2024-02-05,Bloqueada
5610,4380,Signature,268268,123597.72,2023-09-21,Cancelada
5611,2011,Oro,39076,26417.09,2023-07-02,Cancelada
5612,3406,Oro,42601,6082.69,2025-03-24,Vigente
5613,4968,Signature,217433,36040.89,2026-05-03,Vigente
5614,5662,Clasica,20268,8630.4,2025-09-18,Vigente
5615,4037,Clasica,17637,2456.09,2025-10-22,Vigente
5616,3652,Signature,233062,177303.07,2026-03-17,Bloqueada
5617,3606,Platino,84864,21501.49,2022-08-11,Vigente
5618,7032,Signature,257369,93191.77,2025-06-12,Vigente
5619,3151,Platino,85751,31911.01,2025-10-10,Cancelada
5620,7105,Oro,51399,13514.68,2024-06-02,Vigente
5621,3003,Clasica,14564,2026.89,2023-10-07,Vigente
5622,6204,Clasica,16094,2334.71,2025-10-05,Cancelada
5623,62,Signature,182580,42783.76,2022-11-16,Vigente
5624,5881,Oro,33557,7355.74,2024-07-03,Cancelada
5625,2381,Clasica,19140,5837.52,2024-11-19,Vigente
5626,3512,Clasica,15168,2755.11,2024-01-29,Vigente
5627,7697,Oro,47132,29669.45,2025-10-01,Cancelada
5628,1880,Oro,45806,36557.15,2025-07-18,Cancelada
5629,1198,Clasica,16900,26.79,2024-03-10,Vigente
5630,1125,Clasica,15349,1642.5,2026-01-04,Vigente
5631,2826,Platino,72946,52920.24,2026-07-13,Bloqueada
5632,5823,Signature,231953,183841.9,2025-01-25,Vigente
5633,2912,Oro,33237,5312.79,2024-04-06,Bloqueada
5634,3650,Signature,173993,972.42,2022-10-04,Cancelada
5635,1872,Platino,80271,22683.23,2025-06-15,Cancelada
5636,3712,Oro,44145,14250.08,2025-05-22,Cancelada
5637,7363,Platino,119317,28396.26,2024-10-03,Vigente
5638,3956,Signature,195811,8675.14,2025-01-02,Vigente
5639,3019,Oro,33174,16168.7,2026-06-26,Vigente
5640,548,Platino,88850,10455.26,2026-01-25,Cancelada
5641,5477,Clasica,16866,6203.05,2025-10-27,Vigente
5642,527,Oro,46028,12023.3,2025-02-10,Vigente
5643,7516,Clasica,17207,1979.51,2023-08-17,Bloqueada
5644,2283,Signature,249047,7160.38,2023-04-24,Vigente
5645,2366,Signature,204217,28728.03,2023-03-07,Vigente
5646,1741,Oro,52395,18837.21,2024-06-27,Bloqueada
5647,7002,Clasica,13697,8860.85,2025-07-03,Vigente
5648,2071,Platino,109383,20851.17,2024-10-23,Vigente
5649,5930,Clasica,12948,6157.94,2026-07-31,Vigente
5650,1872,Clasica,14293,1126.35,2025-03-18,Vigente
5651,5299,Clasica,17398,9942.67,2024-05-28,Vigente
5652,7670,Platino,82178,36190.25,2026-01-02,Vigente
5653,5847,Signature,235447,103025.94,2026-07-04,Vigente
5654,7640,Signature,201541,38314.94,2024-07-04,Vigente
5655,540,Platino,75817,37686.91,2023-10-26,Vigente
5656,1925,Oro,40720,15767.17,2023-09-05,Cancelada
5657,7734,Oro,38295,7466.48,2025-06-13,Bloqueada
5658,4041,Clasica,18940,15958.82,2023-08-20,Vigente
5659,6302,Platino,122329,97030.85,2025-01-12,Bloqueada
5660,7917,Clasica,13284,2960.12,2024-08-12,Vigente
5661,1140,Signature,272853,170831.95,2024-07-18,Vigente
5662,5219,Oro,47982,37688.51,2025-11-23,Vigente
5663,1079,Signature,261738,53091.92,2026-03-05,Vigente
5664,4483,Oro,53401,1808.63,2024-09-17,Bloqueada
5665,4442,Signature,166062,55477.81,2025-02-19,Vigente
5666,3943,Signature,168442,29562.96,2022-09-01,Vigente
5667,7941,Clasica,13121,5628.06,2022-08-28,Vigente
5668,2613,Oro,39608,15500.79,2024-01-08,Bloqueada
5669,3208,Signature,271345,170273.98,2024-01-10,Bloqueada
5670,7150,Signature,172229,42951.84,2023-08-21,Vigente
5671,6166,Signature,179721,80011.07,2025-08-03,Bloqueada
5672,2744,Platino,72008,50627.84,2026-05-17,Cancelada
5673,4176,Oro,38542,30072.29,2025-10-22,Vigente
5674,6787,Platino,112616,66493.47,2024-10-07,Cancelada
5675,1432,Oro,39871,10466.5,2025-08-22,Vigente
5676,5286,Platino,121182,94313.35,2024-03-27,Vigente
5677,1068,Platino,122225,78969.3,2026-08-23,Vigente
5678,5230,Clasica,13506,4234.53,2026-02-20,Vigente
5679,3960,Signature,245657,67297.28,2025-01-18,Bloqueada
5680,1945,Signature,187284,12140.07,2023-12-18,Vigente
5681,2427,Clasica,13474,8587.1,2023-05-06,Vigente
5682,3061,Oro,48172,27735.04,2024-11-08,Vigente
5683,2392,Signature,160913,95859.69,2023-09-13,Vigente
5684,3464,Signature,228190,76655.29,2025-01-01,Vigente
5685,4060,Clasica,20040,10462.47,2025-04-15,Vigente
5686,1592,Signature,261431,218184.66,2023-02-01,Cancelada
5687,4482,Clasica,17660,5371.44,2022-10-06,Vigente
5688,2286,Platino,123716,48976.8,2026-08-19,Vigente
5689,1105,Signature,275304,26319.33,2023-10-26,Vigente
5690,7791,Signature,201579,91660.84,2024-08-25,Cancelada
5691,6686,Signature,184713,5672.37,2024-06-13,Bloqueada
5692,3366,Signature,254938,186234.62,2024-05-04,Vigente
5693,4013,Signature,264012,119780.02,2024-02-05,Vigente
5694,1573,Oro,50346,31911.02,2022-09-10,Cancelada
5695,341,Platino,108753,64730.75,2026-03-26,Bloqueada
5696,3571,Oro,36122,26803.72,2024-03-21,Cancelada
5697,57,Platino,72879,50483.34,2022-08-20,Vigente
5698,2218,Oro,51225,17045.54,2022-08-11,Vigente
5699,936,Platino,101493,24047.36,2025-02-10,Cancelada
5700,7934,Oro,32028,13634.24,2024-07-26,Vigente
5701,5436,Clasica,13094,3143.83,2025-11-26,Vigente
5702,3836,Clasica,16165,2099.84,2025-06-12,Vigente
5703,5868,Clasica,17094,4429.24,2026-01-09,Vigente
5704,7371,Clasica,12774,8133.84,2026-05-31,Vigente
5705,5628,Clasica,19307,10095.76,2026-06-07,Vigente
5706,1324,Clasica,14502,10756.05,2024-05-07,Vigente
5707,5523,Oro,37667,4535.14,2025-07-14,Cancelada
5708,7768,Clasica,16626,12654.26,2022-10-27,Bloqueada
5709,6413,Platino,102268,26904.05,2023-08-27,Cancelada
5710,2864,Signature,176536,82276.92,2023-09-12,Vigente
5711,7652,Platino,117266,7315.81,2023-08-22,Cancelada
5712,439,Clasica,16243,6158.89,2024-03-08,Vigente
5713,2005,Clasica,16183,10877.94,2023-03-10,Bloqueada
5714,1349,Platino,83512,56008.63,2024-11-03,Vigente
5715,132,Platino,90872,64715.66,2023-06-04,Vigente
5716,6680,Signature,195699,5891.79,2024-02-06,Vigente
5717,7714,Clasica,12072,8081.02,2025-12-24,Vigente
5718,7315,Clasica,14509,8276.45,2023-10-21,Vigente
5719,4399,Clasica,20014,6362.46,2026-05-19,Vigente
5720,3842,Oro,37180,24635.14,2025-08-05,Cancelada
5721,4169,Oro,55865,35374.33,2025-02-26,Bloqueada
5722,4907,Platino,119501,44935.13,2026-04-28,Bloqueada
5723,4329,Oro,32694,22176.89,2023-08-14,Bloqueada
5724,6429,Signature,179445,25987.11,2024-04-26,Vigente
5725,4198,Clasica,18929,14288.57,2025-12-25,Vigente
5726,1142,Clasica,14066,2455.44,2024-04-08,Bloqueada
5727,729,Signature,166725,25833.61,2024-06-02,Cancelada
5728,2140,Signature,188204,132364.17,2024-10-25,Cancelada
5729,5755,Clasica,19239,2425.15,2023-07-27,Vigente
5730,3866,Platino,119767,1831.33,2024-12-04,Bloqueada
5731,5066,Clasica,17150,12823.41,2026-02-12,Vigente
5732,3405,Clasica,14658,8212.63,2026-07-07,Vigente
5733,3839,Signature,180127,150443.19,2024-08-02,Vigente
5734,3182,Clasica,14102,2991.88,2024-04-17,Vigente
5735,1000,Platino,74883,34331.45,2023-09-01,Vigente
5736,3463,Oro,52986,25643.38,2025-05-23,Bloqueada
5737,7924,Signature,206771,102832.47,2022-12-14,Vigente
5738,2872,Platino,87896,7975.2,2026-01-18,Vigente
5739,3833,Clasica,20886,10141.0,2024-01-29,Vigente
5740,3799,Oro,48359,3653.8,2025-10-02,Vigente
5741,14,Signature,186885,40969.93,2023-02-24,Vigente
5742,4857,Clasica,20977,9227.06,2024-05-20,Vigente
5743,6846,Oro,40518,27181.75,2023-12-05,Vigente
5744,6078,Clasica,16492,11280.55,2022-09-29,Vigente
5745,4384,Clasica,14073,1140.2,2025-02-08,Vigente
5746,4439,Clasica,14374,3490.29,2025-11-17,Vigente
5747,403,Signature,260646,216664.28,2023-02-09,Vigente
5748,1672,Platino,83776,33708.89,2023-01-15,Cancelada
5749,5798,Platino,107908,79644.98,2025-07-12,Cancelada
5750,212,Oro,50579,15897.38,2024-01-31,Vigente
5751,6587,Platino,101779,61319.79,2024-12-29,Vigente
5752,5572,Oro,48566,22117.22,2022-11-29,Vigente
5753,4856,Platino,89991,41223.52,2025-06-05,Bloqueada
5754,7599,Oro,54489,42848.04,2023-07-03,Vigente
5755,7325,Oro,46420,30915.49,2024-08-07,Vigente
5756,3745,Oro,50628,28258.73,2024-03-24,Bloqueada
5757,4835,Signature,245029,144247.02,2022-10-22,Vigente
5758,2635,Clasica,13208,9585.72,2026-06-18,Cancelada
5759,6594,Platino,111630,74334.76,2024-08-05,Bloqueada
5760,4952,Platino,114846,86092.4,2025-11-11,Cancelada
5761,7471,Oro,38414,27810.21,2024-02-13,Bloqueada
5762,3363,Platino,99846,73534.93,2026-01-13,Vigente
5763,5474,Signature,183306,5461.42,2026-03-12,Bloqueada
5764,3522,Clasica,16347,13707.67,2023-07-05,Bloqueada
5765,5019,Platino,86344,53564.32,2023-12-31,Vigente
5766,1191,Clasica,15675,5729.63,2024-10-04,Vigente
5767,3834,Clasica,18601,10917.11,2025-10-14,Cancelada
5768,2946,Platino,106943,52260.71,2026-06-26,Cancelada
5769,2459,Platino,112201,48338.18,2022-08-21,Vigente
5770,4961,Clasica,12694,5326.08,2025-05-31,Vigente
5771,7678,Signature,172605,39277.78,2023-01-25,Vigente
5772,3495,Platino,75690,20793.28,2022-09-03,Bloqueada
5773,7298,Clasica,13277,8548.13,2023-04-13,Vigente
5774,1815,Clasica,18394,6017.62,2025-06-14,Vigente
5775,2912,Oro,38863,157.55,2026-07-21,Vigente
5776,6991,Signature,273025,188594.11,2026-02-07,Vigente
5777,5866,Clasica,17198,14551.41,2023-01-17,Bloqueada
5778,1281,Oro,46586,11583.01,2026-06-20,Bloqueada
5779,4316,Clasica,20801,14450.15,2026-01-15,Vigente
5780,5287,Clasica,14998,3212.23,2025-03-11,Vigente
5781,6251,Oro,44615,24392.2,2023-09-02,Vigente
5782,4517,Platino,120936,84521.62,2026-01-26,Vigente
5783,3667,Signature,182810,153570.06,2023-02-03,Bloqueada
5784,4587,Platino,80612,37678.41,2025-09-17,Vigente
5785,4829,Platino,77945,13502.53,2022-10-09,Bloqueada
5786,1855,Oro,44123,21627.74,2025-01-22,Vigente
5787,987,Platino,103428,51351.77,2023-10-12,Vigente
5788,7838,Clasica,19168,1595.16,2025-08-14,Cancelada
5789,3926,Clasica,19703,2449.7,2026-01-22,Vigente
5790,3358,Clasica,16629,6494.43,2024-07-01,Cancelada
5791,5019,Platino,83279,62502.0,2024-07-02,Bloqueada
5792,7336,Signature,195777,66650.51,2025-09-10,Vigente
5793,6036,Platino,107343,6890.25,2025-08-14,Vigente
5794,812,Oro,47521,10082.75,2023-02-23,Cancelada
5795,3330,Clasica,20500,5259.36,2022-07-31,Bloqueada
5796,7621,Clasica,17111,3733.94,2026-02-18,Bloqueada
5797,7650,Oro,34613,9378.34,2026-02-23,Cancelada
5798,565,Oro,43769,35452.01,2024-05-28,Cancelada
5799,2943,Clasica,19136,14570.13,2023-07-09,Vigente
5800,4923,Clasica,18064,4310.24,2025-08-08,Vigente
5801,4692,Platino,94357,27931.0,2023-05-08,Vigente
5802,2909,Oro,32429,4996.07,2025-02-19,Vigente
5803,447,Oro,41369,17218.18,2025-12-10,Vigente
5804,2366,Platino,84498,26855.12,2022-11-16,Vigente
5805,0,Platino,94182,25286.29,2025-01-11,Vigente
5806,3541,Oro,47743,38001.85,2025-01-10,Cancelada
5807,3878,Signature,248598,122676.06,2026-03-17,Cancelada
5808,2403,Platino,72399,9978.1,2024-07-19,Vigente
5809,6913,Clasica,19938,7055.22,2024-01-11,Vigente
5810,3813,Signature,220092,71956.21,2025-11-17,Vigente
5811,4414,Oro,47768,17761.31,2025-08-22,Vigente
5812,3371,Signature,189853,158047.45,2023-10-31,Vigente
5813,7233,Clasica,15587,11420.59,2023-04-27,Bloqueada
5814,7439,Clasica,12557,3338.37,2024-03-23,Vigente
5815,5552,Signature,174951,26303.95,2023-10-20,Cancelada
5816,2547,Platino,111796,25686.79,2023-04-21,Bloqueada
5817,2759,Signature,208234,135545.58,2024-09-14,Vigente
5818,6094,Signature,275469,118672.66,2022-12-19,Bloqueada
5819,6784,Signature,279828,191791.33,2026-03-04,Vigente
5820,3206,Clasica,13238,1274.12,2024-04-21,Bloqueada
5821,1855,Clasica,20268,12974.06,2026-03-31,Cancelada
5822,7009,Platino,109153,26784.99,2026-08-01,Vigente
5823,5839,Clasica,18292,10053.06,2023-09-17,Vigente
5824,1504,Oro,44313,32316.36,2022-08-06,Vigente
5825,6245,Oro,48324,26634.69,2023-08-12,Vigente
5826,6958,Signature,214439,168977.56,2023-10-06,Cancelada
5827,7535,Clasica,17946,12061.13,2023-09-20,Vigente
5828,6392,Clasica,18626,14369.3,2023-10-27,Vigente
5829,1519,Signature,245845,182989.99,2025-01-11,Vigente
5830,7132,Platino,122011,3460.9,2022-08-29,Vigente
5831,1466,Platino,113352,82250.09,2025-07-02,Vigente
5832,7988,Platino,124164,33429.85,2024-02-21,Cancelada
5833,6583,Clasica,12016,3681.69,2023-07-28,Cancelada
5834,5450,Signature,189310,103679.09,2023-02-25,Vigente
5835,7699,Oro,41937,14126.97,2025-09-09,Vigente
5836,7443,Signature,161130,34967.58,2024-10-01,Vigente
5837,4009,Oro,42071,11218.24,2026-02-28,Bloqueada
5838,3180,Signature,197192,161705.49,2026-07-31,Cancelada
5839,5372,Clasica,14838,898.97,2025-07-28,Cancelada
5840,593,Clasica,16538,6412.96,2025-06-30,Vigente
5841,3398,Platino,93773,72345.54,2024-04-29,Cancelada
5842,837,Clasica,17807,3148.07,2026-05-31,Bloqueada
5843,5006,Platino,102629,34476.55,2026-01-04,Vigente
5844,1648,Platino,117687,39026.83,2026-08-04,Vigente
5845,957,Oro,35319,16968.72,2024-11-27,Bloqueada
5846,213,Platino,93562,43575.35,2023-09-18,Cancelada
5847,5653,Oro,34905,27564.85,2025-09-27,Vigente
5848,3962,Oro,36154,30060.25,2022-08-09,Cancelada
5849,7701,Signature,168133,142032.82,2025-05-29,Cancelada
5850,3866,Platino,118286,19202.75,2024-12-06,Vigente
5851,6023,Clasica,19846,696.7,2026-02-01,Bloqueada
5852,272,Clasica,15478,10640.81,2026-03-19,Vigente
5853,1766,Signature,276383,60957.15,2026-04-24,Cancelada
5854,3732,Signature,237525,152112.53,2024-04-07,Vigente
5855,3406,Signature,247899,210090.97,2025-08-04,Vigente
5856,7457,Platino,107529,57765.16,2025-11-20,Vigente
5857,5097,Oro,33427,13714.67,2025-12-22,Vigente
5858,655,Clasica,18130,1145.66,2022-08-08,Cancelada
5859,7083,Platino,99949,65886.09,2023-04-09,Cancelada
5860,3664,Clasica,14102,8632.75,2023-09-22,Vigente
5861,6833,Clasica,18630,7946.69,2022-08-26,Vigente
5862,5053,Clasica,20438,11969.59,2023-06-28,Vigente
5863,5050,Signature,238683,42734.54,2025-06-29,Bloqueada
5864,7167,Oro,35666,29948.28,2023-05-22,Vigente
5865,41,Platino,111381,72476.07,2023-02-28,Vigente
5866,1257,Oro,34344,5416.07,2024-02-05,Vigente
5867,7672,Clasica,20528,15054.84,2025-04-09,Cancelada
5868,6578,Clasica,16013,8997.03,2022-11-21,Bloqueada
5869,4732,Oro,39221,15943.74,2023-06-21,Vigente
5870,4071,Oro,46577,219.97,2022-11-12,Vigente
5871,4494,Oro,52144,4244.33,2024-06-02,Vigente
5872,4702,Signature,274664,165657.45,2025-01-26,Vigente
5873,2384,Signature,252947,74747.68,2024-07-01,Bloqueada
5874,4968,Platino,118957,39717.01,2026-05-14,Vigente
5875,1861,Platino,100182,63463.46,2026-03-03,Vigente
5876,2019,Oro,37732,6902.57,2022-08-25,Vigente
5877,6911,Platino,95542,3482.78,2025-04-04,Bloqueada
5878,7931,Oro,48113,23934.28,2024-03-13,Vigente
5879,853,Oro,37823,30741.26,2022-10-06,Bloqueada
5880,4019,Clasica,15619,3661.97,2023-05-18,Vigente
5881,5297,Clasica,20352,9700.05,2024-07-30,Cancelada
5882,1958,Signature,279651,209384.54,2024-09-10,Vigente
5883,840,Platino,75714,13913.02,2023-04-20,Cancelada
5884,5022,Signature,238979,136838.0,2026-05-15,Cancelada
5885,6879,Clasica,12735,4162.92,2025-07-07,Vigente
5886,3034,Platino,81135,56743.32,2026-01-24,Bloqueada
5887,1299,Platino,108288,86071.38,2023-02-21,Bloqueada
5888,3984,Signature,278097,217140.42,2025-06-02,Vigente
5889,6099,Platino,95223,17217.77,2026-02-04,Bloqueada
5890,2419,Clasica,18088,3563.46,2023-05-12,Vigente
5891,4543,Clasica,13928,8960.36,2025-11-22,Vigente
5892,2892,Platino,77740,47360.68,2025-05-08,Cancelada
5893,2186,Platino,72714,18769.94,2025-04-21,Vigente
5894,7599,Oro,50853,2625.79,2024-12-26,Vigente
5895,1706,Signature,269968,89004.12,2025-03-04,Vigente
5896,1127,Signature,181830,14808.03,2024-10-04,Vigente
5897,6487,Clasica,13403,3058.88,2024-10-22,Bloqueada
5898,328,Clasica,16153,11676.94,2023-06-12,Vigente
5899,4624,Signature,211609,15086.01,2022-12-27,Vigente
5900,3389,Platino,116033,95542.34,2022-10-03,Bloqueada
5901,1625,Oro,42504,10246.41,2023-04-17,Cancelada
5902,2031,Signature,174141,53976.05,2023-04-18,Vigente
5903,7764,Signature,237101,133084.26,2026-05-08,Cancelada
5904,3137,Signature,173053,74060.19,2024-07-02,Cancelada
5905,1143,Oro,42985,6722.09,2024-07-22,Vigente
5906,7089,Signature,220190,151034.38,2026-04-13,Vigente
5907,2260,Platino,110863,26210.09,2024-07-11,Vigente
5908,4724,Clasica,20589,4918.57,2022-08-23,Vigente
5909,2262,Platino,117797,71942.4,2024-03-25,Vigente
5910,1950,Platino,92415,72581.28,2025-12-19,Vigente
5911,2133,Platino,72924,28001.64,2024-10-26,Vigente
5912,7241,Clasica,12577,9491.42,2026-05-22,Vigente
5913,4303,Signature,206254,97825.16,2023-04-21,Vigente
5914,920,Signature,165622,62402.5,2025-02-20,Vigente
5915,166,Oro,35750,21462.95,2024-01-30,Bloqueada
5916,7484,Clasica,12416,2418.73,2023-11-08,Vigente
5917,4527,Signature,198425,781.67,2026-04-13,Vigente
5918,2927,Signature,224326,128763.63,2025-01-25,Vigente
5919,4292,Signature,166901,115061.91,2023-04-20,Vigente
5920,6932,Platino,96414,58814.22,2025-08-09,Cancelada
5921,6809,Signature,177381,6289.23,2024-04-27,Cancelada
5922,850,Clasica,12344,1208.51,2023-09-05,Vigente
5923,2631,Signature,217381,77448.5,2025-12-18,Vigente
5924,5284,Clasica,12949,8042.0,2023-10-06,Bloqueada
5925,6899,Signature,184766,77042.5,2022-11-11,Bloqueada
5926,4864,Signature,182294,140827.15,2023-01-14,Vigente
5927,5633,Platino,88098,55004.6,2024-05-23,Bloqueada
5928,7185,Oro,34241,26873.73,2023-06-15,Vigente
5929,5347,Clasica,19123,15821.2,2026-04-06,Cancelada
5930,5165,Platino,72222,33238.78,2026-03-26,Vigente
5931,1491,Signature,170809,126153.91,2024-12-05,Bloqueada
5932,2939,Oro,54072,17079.28,2025-04-11,Vigente
5933,3070,Platino,92683,64512.01,2026-07-11,Cancelada
5934,1068,Clasica,18317,5879.19,2025-07-05,Vigente
5935,1014,Platino,72079,660.18,2023-04-20,Vigente
5936,5695,Platino,109627,14735.3,2025-05-06,Vigente
5937,4100,Signature,244839,136476.75,2025-12-26,Vigente
5938,2734,Platino,88756,8926.16,2023-07-10,Vigente
5939,3548,Signature,181634,17330.85,2026-05-13,Vigente
5940,3472,Oro,49325,20992.87,2024-06-05,Vigente
5941,2845,Oro,33863,5103.28,2025-03-25,Vigente
5942,4740,Oro,47974,1798.14,2024-08-09,Bloqueada
5943,4460,Platino,97619,73118.93,2024-07-30,Vigente
5944,5367,Oro,40707,27748.53,2024-05-20,Vigente
5945,3032,Clasica,15421,8425.96,2026-08-03,Vigente
5946,7499,Signature,188863,137663.93,2024-04-22,Vigente
5947,2738,Platino,107291,34737.13,2026-01-24,Vigente
5948,331,Oro,45935,36528.66,2024-10-09,Vigente
5949,6830,Signature,221879,138371.71,2023-09-30,Vigente
5950,7129,Platino,104943,16245.33,2023-11-15,Cancelada
5951,6941,Platino,92983,7137.11,2025-05-16,Cancelada
5952,1637,Oro,32848,10785.14,2024-11-30,Vigente
5953,5768,Signature,258100,43713.01,2023-05-25,Vigente
5954,3792,Oro,36397,18606.04,2025-07-09,Cancelada
5955,6451,Signature,201420,60107.16,2023-09-03,Bloqueada
5956,6851,Signature,219889,4783.64,2025-05-12,Cancelada
5957,5056,Clasica,19954,11152.27,2023-11-30,Vigente
5958,5050,Oro,53999,20569.32,2025-10-23,Vigente
5959,5335,Oro,40215,17157.4,2026-06-24,Cancelada
5960,5442,Oro,53010,8146.59,2025-01-10,Cancelada
5961,4295,Oro,42853,12632.01,2024-03-18,Vigente
5962,6655,Clasica,17373,11810.38,2025-04-21,Cancelada
5963,2994,Platino,124359,47074.04,2025-01-14,Cancelada
5964,2870,Signature,170255,67587.95,2022-10-24,Vigente
5965,1550,Clasica,15451,5665.8,2025-07-01,Cancelada
5966,2920,Platino,104521,75118.25,2025-04-11,Vigente
5967,467,Signature,261281,118162.28,2025-06-08,Vigente
5968,7721,Oro,39161,22550.25,2026-07-22,Vigente
5969,2633,Signature,164845,34259.79,2022-10-07,Vigente
5970,3738,Platino,116471,56554.89,2023-10-07,Vigente
5971,3583,Platino,87713,29209.7,2023-11-09,Vigente
5972,4596,Platino,97818,53066.15,2025-10-09,Vigente
5973,2755,Oro,42746,24827.73,2022-09-08,Vigente
5974,4547,Oro,53565,20487.31,2023-03-16,Vigente
5975,5374,Signature,256632,101220.33,2025-02-06,Vigente
5976,1855,Platino,113634,78916.44,2023-12-29,Vigente
5977,1796,Oro,38765,6410.13,2024-01-19,Cancelada
5978,249,Platino,111257,84772.36,2024-07-22,Vigente
5979,2416,Platino,110184,13413.5,2022-11-16,Vigente
5980,1648,Oro,40265,28750.47,2023-12-02,Bloqueada
5981,6766,Oro,48552,6603.09,2023-05-11,Bloqueada
5982,4124,Signature,194374,160355.92,2024-02-21,Vigente
5983,6206,Oro,35671,30133.86,2022-10-15,Vigente
5984,2139,Oro,42998,17446.64,2023-12-15,Vigente
5985,3256,Clasica,17002,5780.56,2023-11-16,Cancelada
5986,4664,Signature,271801,24362.49,2023-06-25,Vigente
5987,2392,Signature,168346,14704.35,2026-02-05,Bloqueada
5988,469,Oro,53585,1940.98,2023-03-27,Cancelada
5989,2118,Platino,106002,35046.3,2025-08-21,Vigente
5990,5373,Signature,255179,74310.5,2026-07-18,Bloqueada
5991,2749,Oro,48967,29100.87,2025-01-29,Bloqueada
5992,4228,Signature,247142,13933.72,2026-04-08,Vigente
5993,621,Clasica,15074,11514.28,2024-04-07,Vigente
5994,2820,Signature,212168,132435.87,2022-08-14,Vigente
5995,764,Oro,48624,2118.6,2023-04-04,Cancelada
5996,7200,Signature,185711,10171.74,2024-01-10,Vigente
5997,5438,Oro,42548,23590.44,2023-10-26,Vigente
5998,1953,Oro,37305,14073.44,2025-09-25,Vigente
5999,1455,Clasica,12099,8499.35,2024-02-03,Vigente
6000,3165,Platino,80280,9637.6,2024-01-02,Bloqueada
6001,4373,Signature,194268,41134.26,2026-03-10,Cancelada
6002,7692,Oro,32357,7229.81,2023-10-19,Vigente
6003,2378,Oro,54530,13058.15,2023-10-04,Bloqueada
6004,7702,Clasica,13565,10217.99,2023-01-29,Vigente
6005,2818,Platino,85674,26033.7,2024-04-12,Vigente
6006,6888,Platino,114026,68303.53,2023-03-17,Vigente
6007,503,Clasica,15922,1758.59,2023-09-16,Bloqueada
6008,3177,Clasica,14329,6316.51,2023-11-01,Bloqueada
6009,6880,Oro,33600,2282.14,2025-07-24,Cancelada
6010,5181,Platino,100436,46010.33,2022-11-04,Vigente
6011,2804,Clasica,16578,3542.19,2025-06-27,Bloqueada
6012,1826,Signature,195681,138128.96,2024-07-30,Vigente
6013,1648,Signature,166606,65476.85,2022-11-26,Vigente
6014,5507,Clasica,19177,8857.71,2025-04-22,Vigente
6015,2860,Platino,91191,22230.33,2022-07-31,Vigente
6016,3968,Oro,41144,22803.71,2024-06-27,Vigente
6017,2932,Platino,87731,32465.35,2022-10-10,Vigente
6018,677,Signature,182360,46002.91,2025-07-12,Vigente
6019,5961,Signature,187019,26638.2,2024-03-12,Bloqueada
6020,4980,Oro,47793,33302.64,2025-12-19,Vigente
6021,7813,Oro,41738,17286.1,2026-05-26,Vigente
6022,884,Signature,261368,144908.86,2024-03-10,Vigente
6023,2539,Signature,208707,14132.85,2026-02-25,Vigente
6024,4829,Oro,36934,15156.04,2026-07-30,Vigente
6025,7662,Oro,48374,36267.3,2023-08-05,Cancelada
6026,2691,Clasica,19718,9445.98,2023-07-23,Vigente
6027,2882,Platino,113564,38489.04,2023-02-28,Cancelada
6028,4792,Signature,164831,119307.68,2023-01-26,Vigente
6029,1214,Clasica,16152,9830.09,2024-10-19,Vigente
6030,6279,Oro,36175,4750.94,2024-11-29,Vigente
6031,6534,Platino,118222,49158.55,2023-04-05,Vigente
6032,7601,Platino,77343,41997.76,2025-12-27,Bloqueada
6033,1797,Signature,276128,73837.01,2025-10-26,Vigente
6034,6143,Oro,40500,19556.07,2026-07-05,Vigente
6035,1658,Signature,257024,212123.21,2023-11-07,Bloqueada
6036,1620,Oro,50891,29435.79,2023-06-04,Vigente
6037,7762,Platino,110848,11913.81,2023-11-30,Cancelada
6038,376,Signature,218318,67641.07,2024-07-23,Vigente
6039,1875,Signature,234954,123920.77,2023-05-27,Vigente
6040,5427,Oro,33801,652.34,2025-06-01,Bloqueada
6041,5674,Signature,222877,98394.91,2024-04-08,Vigente
6042,5509,Signature,268279,197266.74,2026-07-28,Vigente
6043,4675,Signature,172447,130228.91,2026-07-07,Vigente
6044,979,Clasica,19336,10266.84,2024-07-31,Vigente
6045,6270,Platino,76819,46067.09,2022-11-02,Vigente
6046,2920,Oro,41374,17148.9,2024-04-17,Bloqueada
6047,1521,Signature,269819,96957.88,2024-08-04,Cancelada
6048,2677,Platino,107067,39200.36,2023-04-16,Vigente
6049,578,Oro,43690,10474.91,2024-03-22,Bloqueada
6050,4553,Oro,41375,5790.22,2025-08-26,Vigente
6051,7516,Signature,273644,5649.46,2024-08-18,Cancelada
6052,1801,Clasica,20572,3684.99,2024-06-20,Bloqueada
6053,3578,Oro,45976,31019.78,2024-03-25,Cancelada
6054,7333,Clasica,18571,7916.85,2025-02-05,Vigente
6055,43,Clasica,13268,2864.46,2023-08-21,Bloqueada
6056,2415,Clasica,15795,2571.11,2026-05-30,Vigente
6057,4679,Signature,269963,134674.67,2024-10-12,Vigente
6058,4503,Platino,93074,73824.93,2024-01-05,Cancelada
6059,7476,Platino,101412,47267.21,2023-04-03,Vigente
6060,2658,Platino,93250,48451.07,2023-07-06,Vigente
6061,3085,Clasica,17402,1180.03,2023-10-30,Vigente
6062,4092,Clasica,14600,8543.03,2025-04-14,Cancelada
6063,1707,Signature,241431,42112.69,2023-01-13,Vigente
6064,1992,Clasica,18290,3729.44,2024-06-14,Bloqueada
6065,3081,Platino,88158,66355.24,2022-09-30,Vigente
6066,1074,Signature,253715,183048.52,2022-09-20,Cancelada
6067,914,Clasica,20123,16742.19,2023-11-03,Vigente
6068,154,Oro,55332,5620.64,2023-06-10,Vigente
6069,2438,Clasica,13294,10858.31,2025-01-09,Vigente
6070,5672,Platino,124254,41553.36,2026-07-15,Vigente
6071,455,Clasica,16255,3403.04,2024-07-08,Cancelada
6072,530,Signature,170665,133810.18,2025-03-07,Vigente
6073,2904,Oro,52116,29698.44,2026-01-22,Vigente
6074,142,Signature,260862,147343.31,2026-06-29,Vigente
6075,4013,Platino,86951,13473.63,2026-04-17,Vigente
6076,1062,Platino,82467,21051.23,2026-01-02,Vigente
6077,3351,Oro,44882,2450.09,2023-07-09,Vigente
6078,5414,Clasica,17582,5144.21,2026-08-21,Bloqueada
6079,4986,Signature,191076,14442.53,2022-12-19,Bloqueada
6080,512,Oro,51135,24732.94,2023-02-21,Cancelada
6081,5563,Oro,34577,22674.24,2024-09-10,Vigente
6082,7471,Signature,191999,126384.89,2023-10-11,Bloqueada
6083,5475,Platino,119371,31748.94,2025-09-30,Vigente
6084,2579,Clasica,16568,11911.97,2025-08-06,Vigente
6085,4434,Oro,52400,21122.1,2024-08-05,Vigente
6086,6207,Signature,202127,91555.81,2022-07-30,Vigente
6087,4962,Clasica,19303,10154.47,2023-01-07,Vigente
6088,7295,Oro,44975,2012.63,2024-10-14,Vigente
6089,3537,Clasica,16896,2031.96,2022-11-04,Bloqueada
6090,3478,Oro,44539,4014.08,2026-07-17,Cancelada
6091,5012,Clasica,19039,7602.89,2023-08-29,Vigente
6092,358,Clasica,17472,2232.0,2022-09-13,Bloqueada
6093,3687,Oro,37364,18852.67,2025-10-05,Bloqueada
6094,2280,Signature,251719,53523.58,2026-04-20,Vigente
6095,2012,Clasica,17368,4091.03,2023-10-28,Cancelada
6096,4530,Clasica,19422,12650.41,2023-12-07,Cancelada
6097,7252,Platino,73708,59619.09,2022-11-19,Bloqueada
6098,3302,Platino,86174,54268.74,2025-01-23,Cancelada
6099,6927,Platino,97014,18715.52,2025-11-10,Bloqueada
6100,3324,Platino,98624,75249.32,2022-10-26,Cancelada
6101,1809,Clasica,13743,1621.04,2026-01-09,Vigente
6102,2983,Clasica,20291,12527.53,2025-03-08,Bloqueada
6103,6741,Clasica,20031,691.2,2023-01-16,Vigente
6104,326,Signature,233845,110140.99,2026-04-28,Cancelada
6105,201,Signature,169583,123672.99,2023-06-05,Vigente
6106,6109,Clasica,17057,12797.91,2022-10-08,Vigente
6107,7741,Oro,32869,15737.47,2026-05-28,Vigente
6108,1645,Signature,263271,208193.79,2026-04-06,Bloqueada
6109,1549,Clasica,17877,5367.18,2023-10-13,Cancelada
6110,5987,Clasica,16432,3628.81,2024-06-04,Vigente
6111,4028,Clasica,15911,11717.72,2022-09-24,Vigente
6112,6300,Signature,202031,139773.2,2025-07-29,Vigente
6113,6689,Clasica,18852,1926.53,2026-02-01,Vigente
6114,2635,Oro,40127,27278.57,2025-05-26,Cancelada
6115,7615,Signature,250874,213193.2,2024-10-19,Bloqueada
6116,1618,Clasica,12600,601.14,2025-02-26,Vigente
6117,4678,Clasica,20787,8720.44,2025-04-02,Bloqueada
6118,3768,Platino,75709,23770.3,2026-02-07,Vigente
6119,3353,Oro,44832,17520.94,2026-06-27,Vigente
6120,4379,Clasica,19029,15550.06,2024-09-20,Vigente
6121,2304,Oro,47411,28002.42,2022-10-27,Vigente
6122,3193,Oro,47556,13618.85,2022-10-01,Bloqueada
6123,1524,Oro,33089,14841.19,2025-09-05,Vigente
6124,5965,Clasica,13952,7627.34,2026-01-04,Cancelada
6125,3479,Platino,108226,56140.21,2024-07-07,Vigente
6126,1810,Signature,252838,3410.95,2024-07-07,Bloqueada
6127,6343,Platino,107210,60712.34,2024-01-02,Cancelada
6128,1252,Oro,32996,19298.12,2025-12-19,Bloqueada
6129,253,Platino,86649,64859.84,2023-05-01,Cancelada
6130,7562,Signature,203171,45985.0,2025-07-04,Vigente
6131,6605,Platino,122031,25681.28,2025-05-10,Vigente
6132,4172,Clasica,16314,5444.89,2022-11-23,Vigente
6133,6948,Oro,44801,27294.44,2024-06-09,Cancelada
6134,7667,Oro,46475,18025.15,2026-03-30,Vigente
6135,1855,Clasica,17876,11736.61,2025-11-29,Cancelada
6136,7339,Oro,52030,7680.13,2024-09-13,Vigente
6137,1715,Oro,37349,5316.38,2024-04-27,Bloqueada
6138,5866,Clasica,15036,6762.54,2024-05-23,Vigente
6139,6977,Clasica,15190,5753.68,2023-02-06,Vigente
6140,5943,Platino,94312,3047.15,2024-12-18,Vigente
6141,4300,Clasica,17501,10766.8,2022-08-14,Vigente
6142,2854,Clasica,19728,15461.32,2025-05-30,Vigente
6143,5887,Oro,53225,23620.65,2025-09-25,Bloqueada
6144,1002,Oro,53408,7471.21,2023-02-07,Vigente
6145,3462,Platino,93808,45537.94,2025-10-16,Vigente
6146,5737,Clasica,15058,8424.46,2025-01-23,Vigente
6147,2835,Clasica,15327,5189.85,2026-08-24,Vigente
6148,6994,Signature,239190,78797.99,2024-07-25,Vigente
6149,1792,Signature,221771,82198.35,2023-12-27,Cancelada
6150,2995,Platino,117614,80659.29,2023-09-22,Vigente
6151,4300,Oro,52928,34908.18,2024-10-16,Vigente
6152,2864,Oro,55209,7872.01,2026-05-22,Vigente
6153,5771,Platino,78252,60442.21,2023-06-13,Bloqueada
6154,179,Signature,228795,8194.81,2022-12-26,Bloqueada
6155,908,Oro,52903,41753.37,2024-12-08,Vigente
6156,1747,Oro,45303,18116.28,2024-01-26,Vigente
6157,5519,Oro,44307,25598.7,2023-04-07,Vigente
6158,6977,Signature,258742,49521.52,2022-11-16,Vigente
6159,4302,Clasica,15649,6342.71,2025-01-21,Vigente
6160,252,Signature,178675,8608.65,2025-07-25,Bloqueada
6161,7127,Signature,258857,68332.22,2024-07-16,Vigente
6162,996,Signature,187859,138524.49,2023-01-18,Cancelada
6163,5990,Platino,99469,54010.48,2024-11-09,Vigente
6164,3619,Oro,44065,23466.58,2023-01-10,Vigente
6165,6442,Platino,116097,39791.47,2023-03-07,Vigente
6166,7344,Signature,197628,51778.58,2025-05-05,Bloqueada
6167,1230,Oro,46373,27235.91,2022-12-18,Cancelada
6168,1895,Signature,277178,200591.66,2024-05-19,Vigente
6169,2986,Oro,53348,6458.93,2026-07-23,Vigente
6170,2740,Clasica,16605,2961.8,2025-11-21,Vigente
6171,5066,Oro,40858,15315.53,2024-07-28,Cancelada
6172,2615,Signature,172198,52231.51,2023-02-24,Bloqueada
6173,6236,Oro,42937,13582.57,2024-09-03,Vigente
6174,6697,Clasica,16291,13767.18,2024-04-15,Bloqueada
6175,6542,Signature,275267,36084.76,2023-07-24,Cancelada
6176,3304,Signature,194075,75481.46,2025-02-17,Vigente
6177,1409,Platino,77436,52841.5,2024-06-08,Vigente
6178,7674,Platino,108390,22972.79,2025-05-20,Vigente
6179,6304,Oro,50355,29859.31,2025-10-27,Cancelada
6180,1537,Platino,93399,26980.84,2026-05-24,Vigente
6181,6463,Clasica,17902,12946.27,2025-11-14,Cancelada
6182,1896,Platino,91563,43063.2,2022-10-11,Vigente
6183,6515,Oro,48302,24790.12,2022-10-28,Cancelada
6184,5239,Signature,238164,149646.94,2025-12-24,Vigente
6185,3628,Signature,269587,41004.55,2022-09-21,Vigente
6186,6430,Clasica,20352,4696.47,2025-05-24,Vigente
6187,6057,Clasica,14805,10759.58,2022-08-12,Bloqueada
6188,4216,Signature,276809,213746.31,2023-01-09,Cancelada
6189,7033,Oro,32634,24764.07,2025-02-17,Cancelada
6190,5854,Platino,82486,42729.6,2022-11-13,Vigente
6191,6961,Platino,83293,55937.95,2023-10-31,Cancelada
6192,2592,Signature,279055,165378.17,2026-01-12,Vigente
6193,7548,Platino,106195,9240.36,2025-02-08,Bloqueada
6194,6519,Platino,120432,85862.5,2025-10-02,Vigente
6195,7769,Platino,82184,47127.41,2026-07-25,Cancelada
6196,3614,Oro,55427,46403.13,2025-03-19,Vigente
6197,3070,Platino,125373,58356.47,2025-05-19,Vigente
6198,1418,Signature,252311,19265.3,2024-09-11,Cancelada
6199,3596,Signature,196517,75634.07,2023-08-24,Bloqueada
6200,679,Platino,104856,18616.72,2023-06-01,Vigente
6201,6273,Oro,37450,1765.7,2026-06-19,Bloqueada
6202,6321,Platino,82115,22960.33,2024-03-19,Bloqueada
6203,5630,Clasica,16732,13708.82,2023-02-28,Vigente
6204,1871,Platino,91195,3765.79,2025-10-07,Vigente
6205,5379,Platino,81267,65003.79,2025-01-30,Bloqueada
6206,4187,Clasica,19355,1773.75,2024-02-06,Vigente
6207,5789,Platino,103012,63368.82,2024-06-01,Cancelada
6208,7837,Clasica,14967,8290.64,2025-06-23,Vigente
6209,2967,Platino,103331,19887.1,2025-08-24,Vigente
6210,3698,Clasica,18608,8685.6,2024-10-22,Cancelada
6211,3364,Oro,54873,5807.52,2026-09-01,Cancelada
6212,7001,Oro,38944,10151.26,2024-05-14,Bloqueada
6213,3410,Platino,122253,47500.06,2025-01-17,Vigente
6214,7307,Signature,190560,139532.41,2024-03-28,Vigente
6215,4978,Platino,96523,68638.44,2026-06-01,Cancelada
6216,810,Signature,270066,76634.76,2023-06-18,Vigente
6217,4844,Signature,228154,43660.28,2023-01-13,Bloqueada
6218,6134,Signature,199300,65976.11,2024-11-20,Vigente
6219,3589,Platino,107325,88713.2,2022-08-14,Vigente
6220,748,Platino,116965,48856.94,2025-07-06,Bloqueada
6221,3884,Platino,112657,68030.75,2023-03-13,Vigente
6222,3964,Platino,80296,8399.5,2025-09-15,Bloqueada
6223,3417,Signature,250130,178448.91,2023-12-25,Vigente
6224,7262,Oro,40956,6615.24,2022-12-18,Vigente
6225,508,Clasica,18495,792.72,2023-04-03,Vigente
6226,5313,Signature,218228,155177.25,2025-08-16,Bloqueada
6227,7648,Oro,52528,35903.35,2024-09-23,Vigente
6228,164,Platino,94364,3838.41,2023-06-25,Vigente
6229,6468,Oro,37516,20056.7,2023-05-12,Vigente
6230,5496,Platino,121404,81227.43,2022-09-16,Bloqueada
6231,1006,Clasica,18392,13181.9,2026-03-10,Vigente
6232,6012,Signature,271740,186212.82,2025-12-20,Cancelada
6233,4714,Platino,99793,28815.93,2023-07-18,Vigente
6234,6356,Oro,44711,11238.88,2024-07-04,Bloqueada
6235,7995,Oro,52855,9002.99,2023-01-23,Vigente
6236,1555,Clasica,19958,2466.32,2025-07-29,Bloqueada
6237,6355,Signature,277802,4707.64,2026-04-09,Vigente
6238,3795,Platino,83097,45893.24,2023-11-26,Bloqueada
6239,3715,Platino,112741,90828.92,2025-12-04,Cancelada
6240,5940,Clasica,18023,3063.41,2025-10-02,Vigente
6241,840,Oro,37432,7496.68,2023-03-30,Bloqueada
6242,7974,Oro,52990,43036.14,2023-09-18,Vigente
6243,1635,Clasica,20359,11716.51,2024-09-05,Bloqueada
6244,412,Platino,125024,18530.88,2023-03-27,Vigente
6245,1939,Clasica,15966,8950.33,2023-05-26,Vigente
6246,7099,Oro,50230,31220.09,2023-05-12,Vigente
6247,98,Clasica,20064,11570.59,2025-01-12,Bloqueada
6248,2773,Platino,97592,69307.94,2026-06-30,Bloqueada
6249,4745,Platino,118643,72688.11,2023-02-20,Vigente
6250,413,Clasica,16697,1011.44,2025-12-19,Vigente
6251,852,Platino,76323,60491.94,2026-02-06,Bloqueada
6252,5479,Clasica,17152,10346.01,2022-09-23,Vigente
6253,7526,Signature,241320,72514.02,2024-10-01,Cancelada
6254,1988,Oro,50912,2094.34,2025-05-01,Bloqueada
6255,429,Platino,73106,42636.99,2024-11-02,Cancelada
6256,5559,Platino,122192,60598.07,2023-05-05,Vigente
6257,7282,Clasica,18771,8702.56,2026-09-01,Bloqueada
6258,6446,Clasica,17805,13240.25,2025-04-09,Bloqueada
6259,5842,Oro,36744,27774.78,2022-08-06,Vigente
6260,2311,Platino,81949,13108.34,2025-07-15,Vigente
6261,5983,Platino,102419,82643.68,2025-03-16,Vigente
6262,1407,Signature,204434,144683.63,2023-05-28,Vigente
6263,7039,Platino,79283,50075.24,2025-06-05,Vigente
6264,5268,Signature,215003,65891.8,2025-11-22,Cancelada
6265,2504,Signature,260108,126066.96,2025-10-08,Vigente
6266,4714,Platino,92758,31704.98,2025-02-09,Bloqueada
6267,3658,Signature,208801,72174.81,2023-04-20,Bloqueada
6268,7591,Oro,33324,9111.63,2023-07-17,Cancelada
6269,1071,Oro,39177,32107.79,2026-02-06,Bloqueada
6270,690,Clasica,14625,8448.75,2025-09-21,Cancelada
6271,574,Clasica,13310,10052.63,2025-03-06,Vigente
6272,4564,Clasica,17689,2452.9,2025-05-04,Bloqueada
6273,7945,Platino,94358,6133.41,2024-09-16,Cancelada
6274,2192,Signature,178240,122705.1,2023-06-12,Vigente
6275,3036,Signature,260683,141180.71,2023-07-24,Cancelada
6276,2623,Clasica,16673,131.74,2023-12-15,Cancelada
6277,4498,Signature,231529,188681.88,2025-09-14,Vigente
6278,2898,Platino,119107,86512.53,2024-03-24,Vigente
6279,1201,Clasica,19557,4952.47,2022-08-10,Vigente
6280,6594,Oro,35018,13304.18,2026-01-30,Cancelada
6281,5184,Platino,74739,51367.81,2024-06-05,Vigente
6282,4370,Signature,183202,2285.53,2024-11-25,Vigente
6283,6907,Clasica,19118,4484.58,2025-10-06,Cancelada
6284,5447,Signature,228132,76943.41,2023-02-13,Bloqueada
6285,5503,Oro,55056,21350.29,2023-07-11,Vigente
6286,4916,Clasica,17559,14228.52,2026-08-14,Vigente
6287,4387,Signature,231443,116936.22,2024-06-10,Cancelada
6288,2703,Oro,35976,4083.32,2023-09-15,Vigente
6289,1461,Signature,173466,130704.79,2023-07-05,Vigente
6290,5000,Oro,51077,3686.66,2026-04-26,Bloqueada
6291,7218,Signature,223199,62431.3,2026-02-17,Cancelada
6292,1433,Clasica,18185,2680.84,2026-03-20,Vigente
6293,971,Oro,32771,24686.1,2023-07-29,Bloqueada
6294,453,Oro,48955,41597.39,2023-11-26,Vigente
6295,6175,Signature,250693,186229.75,2025-10-28,Cancelada
6296,5982,Clasica,20656,8944.55,2025-02-08,Cancelada
6297,5742,Clasica,16312,2481.55,2022-08-10,Vigente
6298,4633,Clasica,13179,10898.94,2024-07-01,Bloqueada
6299,1357,Oro,33861,13279.15,2024-10-25,Vigente
6300,2588,Platino,75488,29913.75,2025-12-03,Vigente
6301,2884,Platino,92425,70307.02,2025-01-12,Bloqueada
6302,7592,Oro,49630,8430.08,2025-11-15,Cancelada
6303,3719,Oro,38093,24702.49,2025-07-13,Vigente
6304,5681,Platino,91487,7737.21,2022-10-03,Bloqueada
6305,5082,Oro,49978,32942.68,2025-02-08,Vigente
6306,6372,Signature,204457,54918.79,2026-05-13,Cancelada
6307,1311,Oro,49522,36917.62,2024-10-13,Vigente
6308,4994,Platino,109445,55053.41,2024-12-31,Vigente
6309,5987,Signature,219300,104052.34,2025-06-21,Bloqueada
6310,1576,Signature,236130,53472.75,2025-01-19,Cancelada
6311,3768,Signature,215222,157188.36,2023-07-03,Bloqueada
6312,4198,Clasica,16294,1662.94,2024-04-17,Vigente
6313,1144,Signature,256945,91424.07,2025-05-27,Vigente
6314,2590,Clasica,17757,7957.7,2026-04-26,Bloqueada
6315,6612,Oro,35527,1551.17,2022-10-04,Cancelada
6316,4309,Platino,108285,73268.46,2024-11-11,Vigente
6317,2947,Clasica,20907,16633.6,2023-11-12,Bloqueada
6318,6991,Signature,162552,32813.47,2025-02-26,Cancelada
6319,3276,Oro,38192,16179.74,2022-10-23,Bloqueada
6320,7513,Platino,78720,19525.71,2024-02-16,Bloqueada
6321,1135,Clasica,16435,9920.74,2025-09-01,Vigente
6322,5025,Clasica,13080,2500.4,2023-11-14,Vigente
6323,5671,Signature,229434,111029.05,2025-06-15,Vigente
6324,701,Clasica,13929,4767.2,2026-08-15,Vigente
6325,2896,Signature,178718,150944.07,2024-01-17,Bloqueada
6326,6343,Clasica,16661,10087.98,2022-12-15,Vigente
6327,1925,Signature,198617,128703.47,2023-04-07,Cancelada
6328,2732,Signature,238723,79296.81,2025-08-14,Cancelada
6329,906,Platino,103212,53746.72,2024-11-30,Cancelada
6330,1443,Platino,81633,6850.3,2025-10-06,Cancelada
6331,1550,Clasica,15585,10996.31,2025-04-03,Vigente
6332,7690,Oro,46003,27208.57,2025-12-22,Bloqueada
6333,3628,Clasica,16710,2758.58,2026-08-21,Vigente
6334,6835,Platino,104579,17980.89,2023-05-18,Vigente
6335,7972,Oro,33104,5081.07,2022-08-17,Cancelada
6336,5928,Platino,125128,50920.26,2024-12-25,Bloqueada
6337,6992,Oro,35677,22670.36,2024-09-14,Vigente
6338,6270,Clasica,15319,10382.67,2025-02-18,Cancelada
6339,1039,Clasica,16526,3890.55,2023-09-05,Bloqueada
6340,659,Platino,77481,38999.91,2023-11-19,Vigente
6341,3361,Oro,35611,11842.79,2023-11-28,Cancelada
6342,2921,Signature,258760,37256.39,2025-04-11,Cancelada
6343,7717,Platino,114558,67172.23,2024-11-19,Bloqueada
6344,2108,Signature,179206,86529.42,2023-01-07,Vigente
6345,7729,Signature,199909,92094.23,2025-08-19,Vigente
6346,6350,Clasica,18881,12298.51,2023-10-10,Vigente
6347,6140,Oro,44161,12820.39,2023-04-25,Bloqueada
6348,4948,Oro,54623,2908.38,2024-08-09,Vigente
6349,3489,Clasica,13850,8689.3,2023-10-12,Vigente
6350,278,Platino,108358,79203.65,2024-12-24,Vigente
6351,853,Oro,48561,6832.75,2026-06-22,Vigente
6352,7717,Clasica,13139,620.99,2024-11-23,Bloqueada
6353,3544,Signature,174261,59097.88,2025-07-31,Vigente
6354,7762,Clasica,18394,14871.19,2026-05-20,Vigente
6355,5713,Signature,250007,109786.59,2025-07-14,Bloqueada
6356,7818,Oro,47790,5808.69,2022-08-25,Vigente
6357,2730,Clasica,15501,3271.54,2025-03-05,Bloqueada
6358,1366,Platino,82483,11941.81,2024-04-16,Cancelada
6359,5902,Clasica,14490,5569.02,2023-11-11,Bloqueada
6360,7307,Clasica,12920,6034.04,2023-08-07,Bloqueada
6361,1391,Signature,195018,173.03,2026-08-02,Cancelada
6362,3628,Signature,198962,117946.58,2025-11-12,Bloqueada
6363,2328,Signature,251639,51692.42,2025-09-29,Bloqueada
6364,3524,Platino,73513,23026.93,2023-05-22,Vigente
6365,5139,Clasica,12336,8658.67,2025-06-12,Vigente
6366,3661,Signature,179705,29217.33,2024-05-07,Bloqueada
6367,942,Signature,163862,40392.11,2025-09-14,Vigente
6368,3766,Platino,88054,47769.16,2023-06-01,Bloqueada
6369,842,Signature,183888,28946.52,2025-01-11,Vigente
6370,2506,Oro,46393,35187.73,2026-08-30,Cancelada
6371,1179,Oro,40367,3239.69,2024-02-14,Vigente
6372,4853,Platino,97503,14248.99,2025-10-25,Bloqueada
6373,1108,Clasica,14456,6908.95,2025-10-15,Vigente
6374,7998,Signature,163064,79981.1,2022-11-16,Bloqueada
6375,3838,Platino,90287,151.7,2024-07-04,Bloqueada
6376,3296,Signature,191578,53228.12,2026-02-08,Vigente
6377,2074,Clasica,16910,2276.09,2025-07-20,Cancelada
6378,538,Signature,170891,32896.68,2025-10-07,Vigente
6379,4546,Oro,41774,23964.27,2025-07-09,Bloqueada
6380,6146,Oro,45443,4787.1,2025-07-16,Vigente
6381,2523,Platino,89557,46619.09,2023-07-05,Vigente
6382,4964,Clasica,20124,12059.08,2025-10-31,Vigente
6383,866,Platino,103837,69200.21,2024-01-06,Vigente
6384,4825,Platino,108217,88021.63,2023-09-23,Vigente
6385,5299,Oro,39813,20775.8,2023-09-16,Bloqueada
6386,2984,Clasica,14808,4036.73,2026-06-07,Cancelada
6387,4605,Signature,190174,96174.45,2023-08-19,Cancelada
6388,1677,Clasica,14479,4902.72,2023-12-30,Vigente
6389,2501,Oro,51114,14284.04,2023-07-24,Vigente
6390,6557,Signature,174090,124044.93,2025-05-11,Vigente
6391,2955,Clasica,17466,13649.13,2024-07-14,Bloqueada
6392,7972,Platino,84929,34637.74,2025-12-21,Cancelada
6393,7258,Clasica,13519,4189.34,2024-12-22,Vigente
6394,1840,Clasica,20219,14585.67,2022-10-14,Vigente
6395,7055,Clasica,19360,1258.28,2023-03-06,Vigente
6396,97,Platino,105330,62488.75,2023-07-02,Vigente
6397,5053,Platino,113995,78502.44,2026-06-17,Vigente
6398,1528,Signature,244560,4365.31,2026-08-11,Vigente
6399,6264,Oro,42243,25162.89,2022-11-22,Vigente
6400,7987,Clasica,12643,2995.12,2024-11-18,Bloqueada
6401,5266,Clasica,17360,7323.79,2023-11-02,Bloqueada
6402,2538,Clasica,13986,8648.45,2023-08-29,Vigente
6403,973,Clasica,15956,5619.28,2025-11-17,Cancelada
6404,4142,Clasica,14971,87.34,2023-07-06,Vigente
6405,6553,Signature,265815,48727.69,2024-09-13,Bloqueada
6406,5057,Oro,33132,3311.92,2023-04-20,Vigente
6407,241,Signature,200890,103731.18,2024-06-30,Bloqueada
6408,1307,Clasica,15499,5364.3,2025-05-21,Cancelada
6409,1159,Clasica,14562,4431.04,2025-11-06,Vigente
6410,3476,Oro,50909,38738.35,2022-11-01,Vigente
6411,3798,Oro,51833,22791.5,2025-03-06,Bloqueada
6412,534,Signature,195482,163712.48,2024-01-16,Bloqueada
6413,3700,Signature,243068,106236.91,2025-09-25,Cancelada
6414,268,Clasica,18199,1214.53,2023-07-07,Vigente
6415,2514,Oro,32835,1587.12,2024-03-14,Vigente
6416,314,Platino,93270,58328.58,2026-04-30,Vigente
6417,2346,Oro,49539,32316.89,2022-07-27,Bloqueada
6418,3196,Signature,268532,124411.43,2024-09-15,Vigente
6419,7506,Platino,95535,29080.73,2025-12-21,Bloqueada
6420,4367,Oro,39749,25589.6,2024-08-08,Cancelada
6421,2124,Platino,107289,51202.76,2022-11-04,Vigente
6422,338,Clasica,12960,7602.51,2024-10-05,Vigente
6423,5409,Platino,86447,50828.58,2023-03-22,Cancelada
6424,4833,Signature,244171,84191.75,2023-10-27,Cancelada
6425,7947,Platino,86099,33266.21,2026-02-10,Vigente
6426,5101,Clasica,13709,8174.96,2023-10-03,Vigente
6427,4323,Oro,35526,27495.39,2025-08-18,Cancelada
6428,1234,Platino,85914,12326.94,2024-10-26,Bloqueada
6429,7859,Platino,91982,2952.42,2023-11-09,Cancelada
6430,6689,Platino,103124,84689.81,2025-11-17,Vigente
6431,4638,Platino,101293,57230.88,2023-12-17,Bloqueada
6432,7054,Signature,271703,161436.08,2022-08-17,Bloqueada
6433,3961,Platino,75536,51349.24,2023-12-09,Vigente
6434,835,Oro,32720,20653.93,2024-04-01,Cancelada
6435,4876,Platino,93834,22215.4,2024-10-12,Vigente
6436,2519,Platino,74347,62830.46,2024-11-23,Vigente
6437,3349,Clasica,19055,13276.41,2026-04-01,Vigente
6438,7175,Oro,37856,20993.28,2025-10-01,Bloqueada
6439,6343,Signature,243518,199486.77,2026-08-04,Vigente
6440,3662,Signature,197432,8358.72,2024-09-29,Vigente
6441,1545,Platino,115040,50673.89,2024-06-12,Cancelada
6442,5739,Platino,102595,38845.18,2024-05-09,Vigente
6443,1996,Clasica,16416,12070.0,2022-12-16,Bloqueada
6444,5941,Signature,222962,162625.61,2023-09-02,Cancelada
6445,1711,Clasica,17355,324.74,2022-12-06,Cancelada
6446,1387,Signature,192642,79033.23,2026-02-21,Vigente
6447,1924,Signature,194451,65739.48,2024-10-27,Vigente
6448,2811,Oro,55756,42779.68,2023-07-02,Bloqueada
6449,410,Signature,189221,20404.74,2023-12-27,Cancelada
6450,3467,Clasica,19089,13996.27,2023-06-23,Vigente
6451,7144,Platino,123322,63527.57,2025-03-18,Vigente
6452,3139,Signature,277761,97879.82,2023-09-04,Bloqueada
6453,5952,Signature,187531,27095.9,2026-08-22,Vigente
6454,4265,Signature,161901,81810.96,2023-06-21,Bloqueada
6455,7308,Platino,114977,47475.77,2025-06-26,Bloqueada
6456,7237,Clasica,16754,9191.07,2023-06-27,Vigente
6457,5531,Signature,258572,39595.01,2024-08-08,Bloqueada
6458,7006,Clasica,13002,1390.85,2023-12-19,Vigente
6459,3311,Platino,76304,63961.56,2024-07-22,Bloqueada
6460,6689,Platino,104786,20134.19,2024-09-03,Bloqueada
6461,2866,Clasica,19272,16137.1,2025-09-22,Cancelada
6462,7272,Oro,50004,267.32,2023-10-21,Cancelada
6463,5448,Oro,52277,34013.81,2026-07-03,Vigente
6464,678,Oro,52922,3419.09,2023-05-13,Cancelada
6465,4963,Platino,86808,56066.93,2024-05-25,Cancelada
6466,4580,Oro,36710,25249.92,2022-09-04,Cancelada
6467,451,Oro,54544,42233.94,2023-03-16,Vigente
6468,2065,Oro,33876,23295.04,2026-08-02,Bloqueada
6469,1623,Platino,105703,53353.84,2024-06-29,Bloqueada
6470,2017,Signature,188016,38641.3,2026-03-13,Bloqueada
6471,3267,Platino,106979,32057.83,2025-03-22,Vigente
6472,2847,Oro,39647,23708.44,2023-09-15,Cancelada
6473,5111,Signature,263615,43701.73,2025-10-22,Cancelada
6474,4996,Platino,98032,33659.29,2026-01-31,Vigente
6475,1989,Oro,47413,2099.97,2023-12-03,Cancelada
6476,2372,Platino,116614,74463.89,2025-10-01,Vigente
6477,5240,Platino,100826,19097.18,2023-09-10,Vigente
6478,6733,Clasica,17514,9625.69,2023-05-25,Vigente
6479,1122,Platino,124218,67374.37,2023-11-16,Bloqueada
6480,5425,Platino,106191,47160.02,2024-03-10,Bloqueada
6481,4663,Clasica,17999,3747.79,2026-02-21,Cancelada
6482,6847,Clasica,12931,7923.17,2023-10-30,Vigente
6483,3717,Platino,119754,1311.17,2025-09-11,Bloqueada
6484,4056,Signature,254347,15857.05,2023-02-21,Vigente
6485,1933,Signature,258855,6837.21,2025-08-13,Vigente
6486,188,Oro,40694,28979.27,2023-04-16,Vigente
6487,812,Oro,39389,1116.97,2024-11-09,Bloqueada
6488,6302,Clasica,15852,10788.39,2023-02-20,Vigente
6489,7553,Signature,174781,134773.34,2024-12-09,Vigente
6490,2178,Oro,45325,34384.85,2022-07-31,Vigente
6491,4646,Oro,34788,4401.06,2023-06-25,Vigente
6492,3546,Oro,44788,22345.82,2024-01-19,Vigente
6493,5695,Platino,75903,47472.1,2025-06-14,Cancelada
6494,4744,Clasica,16382,8530.86,2026-02-06,Vigente
6495,5600,Oro,38437,12656.83,2024-08-28,Vigente
6496,2843,Clasica,17536,13327.82,2025-12-10,Cancelada
6497,2150,Platino,101011,20496.21,2023-06-09,Vigente
6498,951,Clasica,16406,6076.24,2025-11-12,Vigente
6499,1797,Signature,204195,5539.32,2023-09-09,Vigente
6500,64,Clasica,15748,12169.78,2025-07-20,Vigente
6501,5285,Oro,53905,41432.59,2025-11-14,Vigente
6502,1469,Platino,79707,65865.06,2023-11-28,Vigente
6503,2305,Platino,114335,74969.75,2024-04-11,Vigente
6504,6262,Clasica,13232,11130.16,2025-07-12,Vigente
6505,2058,Clasica,17419,11667.22,2025-03-07,Vigente
6506,7115,Clasica,15799,5473.19,2026-04-22,Cancelada
6507,1656,Clasica,20700,16271.29,2025-12-30,Vigente
6508,5410,Platino,106315,35071.07,2024-03-23,Vigente
6509,3716,Platino,102232,52425.77,2025-12-08,Bloqueada
6510,379,Platino,103458,75901.05,2025-02-11,Bloqueada
6511,3913,Signature,259526,49405.45,2023-02-19,Bloqueada
6512,7867,Clasica,20408,11104.45,2026-03-11,Vigente
6513,1924,Signature,241128,18974.23,2024-11-07,Bloqueada
6514,583,Clasica,12780,9347.77,2024-05-03,Cancelada
6515,2577,Clasica,12400,7814.37,2024-09-29,Cancelada
6516,322,Oro,52000,34623.68,2024-09-28,Cancelada
6517,5927,Clasica,15811,2357.18,2025-09-28,Vigente
6518,921,Oro,37042,9033.94,2026-02-26,Cancelada
6519,4424,Clasica,13317,8216.12,2024-04-02,Vigente
6520,4400,Oro,44341,34533.52,2026-07-12,Vigente
6521,6547,Oro,32383,5634.78,2025-04-13,Vigente
6522,6734,Signature,186938,85997.14,2023-06-23,Cancelada
6523,4337,Signature,255263,209624.97,2026-06-20,Cancelada
6524,4022,Signature,227137,118926.5,2024-09-08,Vigente
6525,2848,Signature,197171,13453.62,2025-01-29,Vigente
6526,2359,Clasica,15981,3828.24,2024-10-03,Bloqueada
6527,5410,Clasica,20163,2263.55,2026-05-14,Bloqueada
6528,4039,Clasica,16439,4696.85,2023-09-25,Bloqueada
6529,5311,Clasica,19602,2448.2,2025-10-11,Bloqueada
6530,2802,Signature,194724,124957.68,2023-02-24,Vigente
6531,6123,Signature,231197,145960.54,2022-11-08,Vigente
6532,7147,Oro,44993,35706.89,2023-11-27,Bloqueada
6533,1768,Clasica,19772,8269.96,2025-12-07,Bloqueada
6534,6689,Clasica,20432,3372.27,2024-04-20,Vigente
6535,5927,Clasica,18928,8509.69,2025-02-06,Bloqueada
6536,5810,Signature,276960,232056.89,2022-08-18,Vigente
6537,6353,Signature,262184,156779.54,2024-11-24,Bloqueada
6538,2751,Signature,195897,161751.26,2024-02-27,Bloqueada
6539,1348,Signature,274936,91535.71,2024-11-19,Cancelada
6540,5112,Signature,202309,161259.07,2026-08-21,Vigente
6541,5713,Clasica,19113,4589.03,2022-11-23,Vigente
6542,7604,Platino,86697,16763.84,2023-04-10,Vigente
6543,3446,Signature,182344,114723.68,2023-05-25,Vigente
6544,94,Oro,48901,9837.24,2023-05-06,Cancelada
6545,3172,Clasica,13137,10625.68,2023-09-14,Vigente
6546,3757,Clasica,18363,4520.36,2024-06-18,Vigente
6547,4083,Signature,252207,27434.84,2023-10-26,Bloqueada
6548,3656,Signature,167259,79736.57,2025-09-21,Cancelada
6549,1087,Oro,38335,17402.0,2023-07-06,Cancelada
6550,345,Oro,34692,13438.09,2025-04-29,Vigente
6551,2886,Signature,258423,139530.56,2024-12-01,Bloqueada
6552,370,Clasica,18198,3478.38,2025-04-27,Vigente
6553,4574,Clasica,20844,2537.09,2025-02-07,Bloqueada
6554,2577,Oro,46239,34896.4,2025-12-22,Vigente
6555,4062,Signature,212855,34843.59,2026-02-24,Vigente
6556,1364,Signature,216006,130991.84,2026-06-28,Bloqueada
6557,1689,Signature,168710,26892.0,2024-11-13,Bloqueada
6558,6493,Platino,80285,16478.13,2024-12-30,Vigente
6559,10,Platino,72124,13448.36,2025-05-27,Bloqueada
6560,2385,Clasica,14624,3099.62,2025-04-27,Cancelada
6561,5047,Signature,208425,68471.37,2023-09-13,Vigente
6562,7368,Signature,162356,407.92,2023-01-20,Vigente
6563,7007,Signature,236896,19992.56,2022-10-09,Vigente
6564,2118,Clasica,20197,8072.2,2025-02-23,Vigente
6565,7773,Oro,44572,28529.1,2023-08-08,Vigente
6566,3524,Platino,114305,3402.47,2024-01-25,Vigente
6567,1985,Clasica,20312,12657.93,2025-03-08,Vigente
6568,7346,Clasica,17726,2351.47,2025-09-30,Vigente
6569,6031,Platino,74615,38208.68,2022-11-11,Vigente
6570,7119,Platino,110698,49689.49,2024-02-12,Vigente
6571,1038,Platino,118425,3957.87,2025-03-16,Vigente
6572,730,Oro,41477,15443.32,2023-10-15,Vigente
6573,3025,Platino,117486,41572.61,2025-10-16,Vigente
6574,4250,Oro,44656,36368.43,2024-05-13,Vigente
6575,136,Clasica,14161,1921.46,2026-05-22,Vigente
6576,3498,Signature,263364,163979.24,2025-09-02,Vigente
6577,6805,Clasica,15889,10108.7,2025-08-19,Vigente
6578,145,Clasica,19923,4199.64,2026-07-16,Cancelada
6579,4887,Oro,41167,1539.18,2023-01-23,Vigente
6580,6676,Platino,83091,39987.11,2025-02-21,Vigente
6581,5883,Platino,102237,22678.69,2023-03-06,Vigente
6582,1089,Clasica,18193,13504.61,2022-08-16,Vigente
6583,7665,Platino,114000,68429.18,2025-03-27,Vigente
6584,6244,Clasica,14490,4834.75,2024-03-18,Cancelada
6585,5694,Platino,95685,25650.0,2025-04-28,Vigente
6586,949,Signature,265552,789.4,2023-09-09,Vigente
6587,5916,Oro,48542,3587.36,2025-12-02,Vigente
6588,1881,Signature,244779,74198.56,2024-08-18,Vigente
6589,5270,Signature,214128,104287.04,2024-10-14,Cancelada
6590,3913,Platino,109419,70298.38,2024-11-04,Cancelada
6591,2576,Clasica,13647,4663.03,2023-07-14,Cancelada
6592,4164,Platino,96354,74186.58,2024-03-09,Cancelada
6593,1316,Oro,43390,13051.32,2023-12-18,Vigente
6594,2553,Clasica,16568,12890.6,2025-11-15,Bloqueada
6595,7833,Platino,103973,70132.71,2023-09-09,Bloqueada
6596,6184,Oro,50708,29200.17,2023-06-22,Vigente
6597,3079,Oro,37797,31857.47,2025-07-05,Bloqueada
6598,4303,Signature,252535,91839.58,2023-08-22,Vigente
6599,1747,Oro,40108,11799.63,2025-03-19,Bloqueada
6600,162,Clasica,13182,5050.43,2022-10-04,Vigente
6601,6765,Oro,36469,28254.12,2023-03-06,Vigente
6602,7262,Platino,121164,37335.12,2022-12-11,Bloqueada
6603,4669,Clasica,15238,8813.18,2026-07-04,Bloqueada
6604,3095,Clasica,16384,12992.02,2024-10-20,Cancelada
6605,6316,Clasica,13218,10484.63,2023-05-09,Bloqueada
6606,7158,Platino,82837,55643.16,2023-09-30,Vigente
6607,234,Signature,181355,82499.86,2023-12-08,Cancelada
6608,4933,Signature,203971,96768.65,2026-04-26,Bloqueada
6609,1861,Clasica,17526,11959.09,2023-03-13,Cancelada
6610,3190,Oro,41283,9934.88,2025-02-28,Vigente
6611,4363,Oro,51374,31525.4,2023-09-09,Cancelada
6612,4080,Oro,51205,35063.18,2023-10-18,Vigente
6613,5532,Signature,173509,41059.02,2025-03-13,Vigente
6614,2045,Platino,118659,8581.55,2025-10-09,Vigente
6615,5175,Clasica,18475,3755.98,2023-02-24,Cancelada
6616,3364,Oro,53632,16796.62,2024-10-18,Cancelada
6617,6848,Oro,48405,14574.73,2024-12-23,Vigente
6618,6808,Oro,39984,27476.76,2023-12-18,Vigente
6619,33,Platino,99493,27252.44,2023-04-26,Vigente
6620,2813,Platino,72516,36255.05,2023-08-23,Vigente
6621,3159,Oro,46345,2517.31,2023-12-06,Vigente
6622,45,Oro,35116,12155.64,2024-05-16,Vigente
6623,4738,Platino,111714,48364.47,2022-12-21,Bloqueada
6624,6255,Oro,53617,11663.23,2024-06-19,Vigente
6625,6355,Signature,240364,52614.91,2022-09-19,Cancelada
6626,7454,Oro,48287,12097.24,2025-03-25,Vigente
6627,2762,Clasica,16927,10793.77,2023-09-29,Bloqueada
6628,3481,Platino,120362,98159.97,2023-12-15,Cancelada
6629,3087,Clasica,20613,14871.63,2023-12-02,Vigente
6630,630,Platino,115473,91991.17,2023-11-10,Vigente
6631,6355,Platino,73039,32435.47,2025-08-19,Cancelada
6632,3976,Signature,196279,47057.16,2023-11-16,Vigente
6633,2811,Signature,271850,91797.78,2024-03-03,Vigente
6634,5529,Platino,112745,86602.27,2022-12-17,Vigente
6635,3954,Signature,188107,80096.08,2023-04-11,Vigente
6636,3175,Platino,122609,17217.78,2026-07-04,Vigente
6637,4143,Signature,272596,215590.61,2024-05-02,Vigente
6638,1604,Oro,36530,23336.58,2025-04-12,Bloqueada
6639,6764,Oro,52886,16239.5,2024-10-23,Vigente
6640,4818,Platino,76378,48563.6,2024-10-12,Vigente
6641,2245,Oro,43231,22708.56,2025-01-29,Cancelada
6642,261,Clasica,14735,1091.18,2024-11-16,Vigente
6643,1137,Oro,50068,16150.66,2026-06-27,Bloqueada
6644,1648,Clasica,15701,133.61,2025-02-21,Vigente
6645,3522,Signature,252029,206915.21,2026-06-21,Vigente
6646,900,Clasica,14962,11214.67,2025-12-20,Bloqueada
6647,4075,Oro,34556,22754.52,2026-01-31,Cancelada
6648,7790,Platino,107295,78572.41,2023-11-19,Bloqueada
6649,2884,Platino,95217,57127.66,2023-06-07,Vigente
6650,5374,Platino,100941,61438.38,2026-07-16,Vigente
6651,5650,Clasica,19699,13616.62,2023-11-06,Vigente
6652,582,Oro,45452,914.8,2024-01-28,Vigente
6653,6257,Oro,46231,14869.39,2025-06-28,Vigente
6654,7084,Clasica,16400,11803.23,2024-05-05,Vigente
6655,6177,Clasica,12503,10104.15,2025-03-10,Vigente
6656,4961,Signature,229306,27650.8,2024-07-12,Vigente
6657,932,Platino,95183,43009.93,2022-12-10,Vigente
6658,5256,Signature,228198,111691.44,2025-07-14,Vigente
6659,3826,Clasica,12043,6676.49,2026-03-24,Bloqueada
6660,3638,Signature,199341,82237.12,2026-07-14,Vigente
6661,53,Clasica,12126,5362.97,2026-03-12,Vigente
6662,4613,Clasica,18504,6674.45,2024-06-05,Vigente
6663,1978,Clasica,13888,1464.19,2023-01-26,Vigente
6664,4394,Oro,45105,19432.2,2023-10-17,Cancelada
6665,4899,Clasica,13916,655.27,2026-06-23,Vigente
6666,1274,Clasica,16606,4153.37,2022-12-23,Bloqueada
6667,3352,Platino,115647,45193.95,2024-09-09,Vigente
6668,4083,Clasica,15765,9689.13,2023-08-09,Vigente
6669,4309,Platino,115886,48575.93,2022-09-10,Vigente
6670,2048,Clasica,12657,2623.13,2023-11-01,Vigente
6671,4220,Clasica,12161,7808.5,2024-08-02,Cancelada
6672,5457,Clasica,14547,9593.87,2024-04-14,Cancelada
6673,1915,Clasica,13671,11073.27,2022-08-25,Vigente
6674,7258,Platino,72278,54436.95,2024-03-03,Vigente
6675,3264,Oro,43930,563.5,2024-05-23,Vigente
6676,7511,Signature,163025,25000.56,2024-07-26,Cancelada
6677,7530,Platino,73985,38832.61,2023-06-19,Vigente
6678,5419,Signature,235139,191432.16,2024-07-28,Vigente
6679,2465,Clasica,17707,14788.74,2023-02-02,Vigente
6680,6329,Signature,246770,94183.52,2026-04-23,Cancelada
6681,5849,Clasica,17696,6601.98,2026-05-17,Cancelada
6682,1324,Platino,102024,60218.84,2025-11-21,Vigente
6683,1646,Platino,77310,48574.76,2024-02-09,Vigente
6684,2565,Signature,275389,112894.12,2026-03-15,Vigente
6685,5271,Oro,53966,20493.62,2024-09-03,Vigente
6686,5065,Clasica,19920,3098.63,2023-01-08,Bloqueada
6687,7806,Clasica,12635,7827.61,2025-10-09,Vigente
6688,4796,Clasica,12212,2944.05,2026-06-14,Vigente
6689,5478,Clasica,20087,10708.7,2025-01-09,Vigente
6690,4416,Oro,51300,18674.59,2025-11-16,Vigente
6691,2604,Clasica,16533,5891.81,2026-03-25,Bloqueada
6692,7589,Platino,114919,15209.04,2025-11-06,Vigente
6693,5208,Platino,79171,2755.56,2025-04-13,Cancelada
6694,7493,Signature,242015,141361.16,2026-01-14,Vigente
6695,1639,Signature,207297,43987.4,2024-05-09,Bloqueada
6696,5593,Signature,161711,42956.51,2024-07-04,Vigente
6697,3348,Signature,258881,156077.44,2025-04-23,Bloqueada
6698,2648,Clasica,14662,5949.5,2025-04-12,Bloqueada
6699,5430,Clasica,13009,7611.66,2024-01-14,Vigente
6700,5543,Signature,227720,42807.57,2023-04-01,Cancelada
6701,626,Oro,43842,7398.26,2026-03-10,Vigente
6702,4593,Platino,74065,44692.57,2023-04-28,Cancelada
6703,3993,Oro,39039,22664.24,2023-12-05,Cancelada
6704,3662,Oro,55225,30249.12,2024-01-15,Cancelada
6705,287,Signature,203597,9212.63,2025-05-08,Bloqueada
6706,256,Oro,34382,20418.58,2026-04-01,Vigente
6707,7557,Oro,51591,5598.8,2023-10-01,Cancelada
6708,3101,Platino,72229,35436.73,2023-11-08,Vigente
6709,5631,Clasica,16181,5757.01,2026-03-07,Bloqueada
6710,1673,Clasica,14883,2644.7,2024-03-11,Vigente
6711,2317,Signature,216678,177701.81,2025-10-19,Vigente
6712,4620,Oro,33800,26813.21,2023-07-21,Vigente
6713,918,Oro,54895,41925.66,2025-09-06,Vigente
6714,4782,Signature,177934,108213.95,2024-07-17,Bloqueada
6715,5709,Signature,247314,39376.78,2025-07-10,Vigente
6716,6068,Platino,117400,66659.41,2025-02-27,Vigente
6717,3054,Oro,38099,12532.81,2023-04-08,Vigente
6718,6278,Clasica,16384,7929.08,2023-06-08,Vigente
6719,6319,Oro,47029,10624.18,2023-01-30,Vigente
6720,3704,Platino,123991,95192.87,2025-10-25,Vigente
6721,3546,Clasica,16873,12014.2,2024-01-17,Cancelada
6722,4816,Oro,38891,33056.32,2026-01-08,Bloqueada
6723,5851,Oro,48387,8319.55,2026-07-20,Vigente
6724,893,Clasica,20157,4207.42,2024-10-25,Bloqueada
6725,4699,Clasica,15463,10483.39,2023-03-22,Bloqueada
6726,7744,Clasica,20317,2022.69,2024-09-14,Vigente
6727,1905,Platino,100895,29605.0,2026-06-15,Vigente
6728,1232,Signature,260151,100265.51,2024-09-02,Vigente
6729,1613,Clasica,13229,11040.68,2026-07-14,Bloqueada
6730,7,Platino,111888,21696.55,2023-01-08,Bloqueada
6731,7841,Oro,34554,8073.27,2022-09-05,Vigente
6732,3031,Oro,33038,22474.22,2024-02-12,Vigente
6733,160,Signature,209261,167905.82,2022-10-07,Bloqueada
6734,151,Clasica,20768,2019.44,2023-02-20,Vigente
6735,4930,Platino,82729,4357.15,2024-10-16,Vigente
6736,5420,Signature,202231,53416.77,2024-01-19,Cancelada
6737,7273,Platino,93967,53332.84,2022-11-21,Vigente
6738,4950,Clasica,17617,13464.96,2025-11-19,Vigente
6739,1627,Signature,199961,84566.7,2026-03-15,Cancelada
6740,7397,Signature,178060,136184.98,2023-05-26,Vigente
6741,4364,Clasica,19187,10499.89,2026-08-06,Cancelada
6742,6282,Clasica,13891,113.17,2025-01-31,Vigente
6743,7733,Oro,46103,22658.43,2025-12-24,Bloqueada
6744,5455,Oro,47484,28181.41,2024-05-31,Vigente
6745,421,Signature,206814,166062.18,2026-03-30,Bloqueada
6746,1437,Signature,192121,64646.51,2026-02-09,Bloqueada
6747,831,Oro,35073,6032.91,2025-02-23,Vigente
6748,5735,Platino,77723,63270.99,2025-12-13,Vigente
6749,446,Oro,49159,10734.61,2026-01-18,Vigente
6750,4483,Oro,41549,18089.71,2026-04-15,Bloqueada
6751,3699,Clasica,13932,1286.11,2024-07-21,Bloqueada
6752,5984,Clasica,18160,12343.83,2022-11-22,Cancelada
6753,2050,Oro,52000,37903.69,2022-09-27,Vigente
6754,4739,Platino,106684,77510.4,2026-07-25,Cancelada
6755,5507,Platino,83131,992.09,2022-10-14,Bloqueada
6756,1646,Clasica,16029,4334.98,2024-09-27,Cancelada
6757,1472,Signature,244675,157502.12,2023-05-15,Vigente
6758,7933,Signature,199119,51886.77,2024-02-21,Vigente
6759,5252,Clasica,12796,10281.66,2023-04-25,Vigente
6760,5523,Clasica,17824,8763.68,2023-04-02,Bloqueada
6761,1243,Signature,225757,110654.81,2024-06-14,Vigente
6762,4062,Platino,95807,79437.21,2024-02-02,Vigente
6763,1866,Clasica,17025,1793.01,2025-11-08,Vigente
6764,5478,Clasica,13874,1971.99,2025-12-21,Bloqueada
6765,363,Clasica,19118,9854.81,2022-10-04,Vigente
6766,904,Platino,104496,59003.71,2023-07-03,Vigente
6767,7999,Platino,123067,70191.09,2024-06-02,Cancelada
6768,3085,Signature,258595,199119.0,2022-11-28,Vigente
6769,2225,Oro,40973,6345.89,2025-06-26,Vigente
6770,1341,Signature,162862,115437.11,2026-02-04,Bloqueada
6771,7728,Platino,114915,63161.72,2026-02-14,Vigente
6772,1361,Oro,46698,17913.98,2023-07-23,Cancelada
6773,6968,Signature,173791,95818.11,2024-12-30,Vigente
6774,6680,Clasica,14596,10039.99,2024-07-12,Vigente
6775,3177,Signature,265958,60316.55,2023-03-04,Vigente
6776,2279,Platino,122540,21402.11,2026-05-30,Vigente
6777,702,Signature,178696,111440.31,2024-02-07,Bloqueada
6778,452,Clasica,16037,4271.07,2025-04-09,Vigente
6779,7600,Signature,271493,202143.61,2025-08-30,Vigente
6780,3404,Oro,38507,5473.55,2023-09-23,Bloqueada
6781,2012,Signature,176773,76101.05,2024-06-21,Vigente
6782,5955,Clasica,15971,758.08,2023-12-12,Vigente
6783,1408,Clasica,19374,11171.02,2023-03-07,Bloqueada
6784,1994,Clasica,12310,531.97,2024-06-30,Bloqueada
6785,1290,Oro,55074,15318.2,2022-08-30,Bloqueada
6786,6585,Platino,116557,16357.23,2024-06-24,Vigente
6787,2848,Platino,125390,58578.86,2026-02-27,Vigente
6788,205,Oro,43031,30393.17,2023-06-07,Vigente
6789,5141,Oro,48931,15501.64,2024-12-04,Cancelada
6790,245,Oro,45422,28883.54,2025-03-12,Vigente
6791,5146,Clasica,19056,8627.78,2025-03-15,Bloqueada
6792,6417,Signature,207487,117661.33,2023-07-21,Vigente
6793,3273,Oro,45539,9292.16,2025-10-01,Vigente
6794,247,Platino,109235,73803.0,2023-02-19,Vigente
6795,3243,Signature,270233,110455.4,2022-10-21,Vigente
6796,6353,Signature,246770,149330.99,2022-09-16,Vigente
6797,899,Clasica,15457,6830.78,2026-07-18,Bloqueada
6798,2638,Signature,237462,85211.42,2023-05-26,Bloqueada
6799,3963,Signature,218793,131107.59,2024-05-24,Bloqueada
6800,2267,Clasica,13983,4899.86,2025-12-03,Vigente
6801,3828,Signature,270178,16535.64,2025-11-16,Vigente
6802,5586,Platino,116560,73090.54,2025-08-24,Vigente
6803,5368,Clasica,16865,12597.75,2022-10-08,Vigente
6804,4362,Clasica,16242,6836.59,2023-11-02,Vigente
6805,571,Clasica,18994,10028.53,2023-06-15,Vigente
6806,2729,Signature,177685,523.09,2024-07-03,Cancelada
6807,834,Platino,94005,63628.64,2023-05-14,Cancelada
6808,5429,Clasica,15412,10266.89,2023-12-16,Vigente
6809,7087,Oro,45980,2811.21,2023-07-30,Cancelada
6810,4228,Signature,181666,32161.03,2026-08-08,Cancelada
6811,1298,Oro,41216,5009.8,2024-01-21,Cancelada
6812,4706,Platino,80064,16792.7,2023-10-15,Bloqueada
6813,191,Clasica,18442,10360.58,2022-08-28,Bloqueada
6814,1189,Platino,102511,13984.4,2023-12-07,Cancelada
6815,761,Clasica,18167,1258.19,2023-05-22,Vigente
6816,2276,Signature,267356,14902.96,2025-02-09,Cancelada
6817,3062,Signature,211409,117900.31,2024-09-14,Bloqueada
6818,1889,Oro,37938,20742.56,2022-10-25,Vigente
6819,446,Signature,272034,116327.03,2023-06-26,Bloqueada
6820,1483,Platino,96057,284.54,2025-03-05,Cancelada
6821,7246,Oro,50255,8498.1,2024-07-01,Vigente
6822,151,Signature,273155,43512.26,2026-04-20,Bloqueada
6823,4539,Signature,166622,117518.15,2024-01-20,Cancelada
6824,4731,Oro,35945,12681.84,2023-12-04,Bloqueada
6825,5867,Platino,78403,15896.45,2025-09-18,Vigente
6826,3811,Oro,52932,18542.99,2025-12-02,Vigente
6827,4558,Signature,279311,152693.3,2026-05-27,Vigente
6828,5404,Platino,116206,96272.75,2025-04-15,Bloqueada
6829,2716,Signature,249450,44557.9,2025-02-10,Vigente
6830,22,Oro,52863,36212.93,2022-09-26,Vigente
6831,1658,Oro,39383,2950.58,2024-05-21,Bloqueada
6832,2801,Clasica,16848,11292.72,2026-04-06,Bloqueada
6833,371,Platino,94387,7145.47,2023-04-15,Bloqueada
6834,4419,Platino,80945,29890.45,2023-10-31,Vigente
6835,1379,Oro,55964,27070.77,2024-07-21,Bloqueada
6836,5409,Platino,113519,38500.88,2022-08-01,Vigente
6837,7684,Oro,38757,1575.2,2025-05-10,Cancelada
6838,1533,Platino,106786,37544.27,2025-03-01,Cancelada
6839,5424,Signature,221378,170919.4,2025-08-19,Vigente
6840,2243,Platino,125822,88751.69,2024-07-07,Vigente
6841,6304,Oro,36075,17148.89,2023-08-17,Bloqueada
6842,5807,Signature,260795,218303.66,2023-06-29,Bloqueada
6843,2228,Clasica,18929,2989.21,2022-09-22,Vigente
6844,6225,Platino,113402,12800.76,2026-05-06,Bloqueada
6845,4411,Platino,99692,53773.29,2023-06-12,Vigente
6846,5702,Signature,189158,100519.97,2023-07-07,Bloqueada
6847,5212,Clasica,20302,9938.14,2022-11-12,Cancelada
6848,2902,Platino,113194,66801.65,2024-09-11,Bloqueada
6849,4323,Oro,35546,29272.06,2024-08-06,Vigente
6850,4208,Signature,200614,150172.1,2024-05-24,Bloqueada
6851,5589,Clasica,12838,6820.5,2024-12-11,Bloqueada
6852,5030,Platino,77327,40034.73,2025-12-20,Cancelada
6853,1298,Signature,247964,161638.86,2026-03-06,Vigente
6854,3495,Signature,194549,99877.83,2025-04-10,Bloqueada
6855,4309,Signature,245353,33970.9,2022-09-20,Vigente
6856,5239,Platino,122079,102303.36,2023-10-10,Vigente
6857,669,Platino,116794,56120.28,2023-12-14,Vigente
6858,3991,Clasica,19568,8222.89,2025-02-17,Vigente
6859,291,Clasica,17153,9840.96,2025-05-20,Vigente
6860,1261,Platino,78131,54934.25,2025-07-16,Cancelada
6861,1280,Oro,33424,2491.45,2022-08-13,Vigente
6862,726,Signature,222962,4016.44,2024-03-01,Vigente
6863,453,Signature,252683,62230.68,2024-01-01,Vigente
6864,4395,Clasica,15483,9757.37,2023-12-06,Vigente
6865,5024,Oro,33647,21771.46,2023-06-15,Vigente
6866,4410,Oro,48553,11201.82,2022-08-25,Vigente
6867,5331,Signature,176275,146000.62,2023-09-30,Cancelada
6868,6251,Platino,113541,36438.5,2025-11-02,Vigente
6869,6710,Clasica,15102,11257.73,2024-06-12,Cancelada
6870,5415,Platino,114540,42780.24,2025-10-22,Cancelada
6871,4993,Platino,76045,48118.47,2025-10-02,Vigente
6872,88,Oro,48264,27885.07,2024-12-22,Cancelada
6873,1179,Oro,38583,14058.9,2026-01-10,Vigente
6874,692,Platino,75653,42501.69,2024-04-08,Vigente
6875,6430,Platino,86728,18434.93,2025-07-17,Vigente
6876,743,Clasica,19795,13565.58,2024-08-02,Vigente
6877,4334,Signature,239307,195648.46,2023-06-23,Cancelada
6878,2431,Platino,103545,52838.23,2025-04-17,Cancelada
6879,6386,Signature,202487,132306.26,2024-04-02,Bloqueada
6880,4391,Oro,49904,21366.32,2023-12-15,Vigente
6881,4328,Oro,38505,20335.82,2026-04-21,Bloqueada
6882,5748,Signature,212669,151025.54,2025-03-28,Bloqueada
6883,3850,Signature,205423,82886.68,2025-08-20,Vigente
6884,4678,Oro,54474,46120.77,2024-02-18,Vigente
6885,6560,Platino,85579,56989.04,2026-06-02,Vigente
6886,558,Oro,40346,16915.81,2023-04-04,Cancelada
6887,1098,Clasica,20054,16594.05,2026-03-02,Bloqueada
6888,996,Clasica,16795,12793.77,2023-10-20,Vigente
6889,3881,Platino,115940,4622.77,2026-02-28,Bloqueada
6890,5211,Signature,272545,64399.47,2022-12-27,Vigente
6891,2143,Signature,187208,110739.89,2023-09-10,Bloqueada
6892,4492,Oro,35730,28414.6,2023-06-26,Vigente
6893,219,Signature,195972,79289.27,2024-06-16,Cancelada
6894,3122,Platino,101920,20393.7,2024-12-13,Vigente
6895,7481,Platino,105625,24266.85,2024-02-14,Bloqueada
6896,3219,Oro,34680,15631.47,2026-08-04,Bloqueada
6897,6784,Oro,50023,28082.32,2026-02-01,Bloqueada
6898,999,Clasica,13972,8317.05,2025-05-14,Vigente
6899,1512,Platino,74560,62791.34,2024-10-26,Bloqueada
6900,6399,Oro,53950,31654.92,2026-03-19,Vigente
6901,2014,Oro,42302,19105.91,2024-02-22,Bloqueada
6902,1877,Platino,97020,70143.58,2025-04-04,Vigente
6903,5545,Platino,93768,12967.47,2023-07-01,Vigente
6904,7211,Platino,120845,84560.01,2025-10-24,Vigente
6905,343,Signature,195933,9972.98,2026-06-14,Vigente
6906,1337,Signature,239623,108302.13,2023-05-11,Vigente
6907,1258,Signature,193301,132595.76,2023-01-23,Bloqueada
6908,2459,Platino,102401,22880.21,2025-05-03,Vigente
6909,5291,Signature,226804,154338.04,2024-03-26,Cancelada
6910,3240,Clasica,20093,10365.85,2024-09-13,Vigente
6911,2392,Signature,279267,14476.9,2023-06-14,Cancelada
6912,363,Platino,83467,44575.46,2024-01-26,Vigente
6913,4060,Clasica,20003,1828.9,2024-11-03,Vigente
6914,5012,Oro,32610,14474.55,2022-08-21,Vigente
6915,6052,Oro,50919,9923.67,2023-04-13,Vigente
6916,5266,Signature,230896,71097.54,2025-06-01,Vigente
6917,4229,Clasica,18695,10946.99,2023-10-27,Vigente
6918,5004,Oro,38795,10100.78,2024-08-20,Vigente
6919,2375,Platino,124708,40337.17,2026-04-11,Bloqueada
6920,2355,Signature,194936,65489.55,2024-08-09,Vigente
6921,3130,Oro,35714,21633.99,2025-11-23,Cancelada
6922,5395,Signature,179090,126365.88,2026-01-24,Vigente
6923,5294,Clasica,20229,4980.06,2025-11-14,Vigente
6924,232,Signature,249061,148994.66,2023-09-02,Vigente
6925,4903,Clasica,12321,7022.33,2025-07-21,Cancelada
6926,7867,Oro,40139,2995.45,2024-04-26,Bloqueada
6927,3553,Platino,100868,11409.15,2026-05-31,Cancelada
6928,7632,Platino,123427,27166.55,2023-03-21,Cancelada
6929,3734,Oro,35601,24680.09,2025-01-26,Cancelada
6930,4625,Platino,106196,74602.71,2026-01-04,Vigente
6931,6478,Signature,265306,222778.53,2023-06-10,Vigente
6932,7660,Oro,34155,19833.18,2024-08-01,Cancelada
6933,1128,Clasica,15062,4977.59,2025-02-07,Vigente
6934,3642,Oro,44708,25519.47,2024-09-02,Bloqueada
6935,6261,Oro,46313,22479.15,2025-10-23,Vigente
6936,6689,Signature,232468,162716.28,2024-05-16,Vigente
6937,6849,Signature,257262,46650.6,2026-03-15,Cancelada
6938,4808,Platino,87046,46568.71,2025-11-12,Vigente
6939,281,Signature,270135,25302.7,2022-11-12,Vigente
6940,5786,Signature,185126,61995.86,2025-12-22,Vigente
6941,5068,Oro,51739,8649.73,2023-10-06,Bloqueada
6942,5982,Oro,53725,38679.92,2023-09-07,Vigente
6943,3992,Signature,260718,152575.86,2023-12-06,Vigente
6944,7568,Clasica,17115,9830.15,2025-08-01,Cancelada
6945,1207,Platino,96220,71762.33,2023-12-07,Vigente
6946,4349,Clasica,17853,648.21,2025-02-26,Vigente
6947,2911,Oro,36087,12337.56,2022-12-09,Bloqueada
6948,1695,Clasica,12258,3802.49,2026-05-02,Vigente
6949,5076,Clasica,18534,10386.93,2026-01-03,Vigente
6950,7451,Platino,113442,22943.68,2023-08-26,Cancelada
6951,1002,Platino,115173,38533.21,2024-01-08,Vigente
6952,4662,Clasica,17244,2241.9,2026-09-03,Vigente
6953,2111,Platino,106335,12291.49,2026-04-20,Vigente
6954,5950,Signature,225345,107455.45,2026-01-09,Bloqueada
6955,7677,Signature,254962,66972.11,2023-08-14,Vigente
6956,6907,Clasica,20921,14097.64,2023-09-03,Vigente
6957,4594,Clasica,15748,8692.71,2024-04-18,Vigente
6958,79,Clasica,15724,8744.57,2024-03-05,Vigente
6959,7940,Oro,39512,33181.24,2023-01-25,Bloqueada
6960,6367,Signature,188467,82806.33,2024-07-09,Vigente
6961,5030,Clasica,14806,692.94,2024-08-23,Bloqueada
6962,6240,Oro,51842,21409.53,2023-12-30,Vigente
6963,546,Clasica,18039,966.99,2023-02-23,Vigente
6964,4717,Oro,40241,17943.01,2023-09-05,Vigente
6965,4584,Clasica,18787,10450.87,2025-07-20,Bloqueada
6966,1799,Clasica,19992,1084.73,2026-08-17,Cancelada
6967,622,Oro,44736,8307.07,2022-11-29,Bloqueada
6968,2359,Clasica,18994,2093.14,2024-10-29,Bloqueada
6969,5193,Oro,32414,23713.63,2023-03-08,Vigente
6970,6333,Clasica,12513,5972.2,2023-10-19,Vigente
6971,2347,Platino,82482,64174.89,2022-10-22,Bloqueada
6972,4799,Platino,119214,70237.1,2024-02-18,Vigente
6973,3080,Signature,199800,44560.68,2024-07-15,Vigente
6974,1301,Signature,244724,175059.83,2025-05-04,Bloqueada
6975,3196,Platino,110040,25919.01,2024-09-14,Vigente
6976,5240,Oro,32887,3523.92,2025-08-20,Vigente
6977,794,Clasica,15051,9360.21,2023-05-27,Cancelada
6978,2665,Signature,199531,137222.28,2025-03-25,Vigente
6979,4198,Oro,42232,5569.28,2022-08-11,Vigente
6980,3425,Clasica,13977,2232.47,2025-09-26,Vigente
6981,1380,Clasica,18742,6090.62,2026-01-11,Vigente
6982,4,Platino,116304,85566.89,2023-05-28,Cancelada
6983,710,Clasica,16455,334.83,2024-09-10,Vigente
6984,1836,Signature,248611,90667.7,2024-11-08,Cancelada
6985,4255,Clasica,16732,6914.64,2024-09-08,Vigente
6986,6187,Platino,97390,58957.19,2024-12-01,Cancelada
6987,4858,Oro,37589,28416.3,2024-08-30,Vigente
6988,2731,Clasica,13922,10596.52,2025-06-16,Vigente
6989,7649,Oro,34806,11378.5,2025-11-23,Bloqueada
6990,6337,Clasica,17831,3681.39,2022-09-16,Vigente
6991,1417,Signature,183745,98996.87,2024-05-01,Vigente
6992,7510,Signature,213665,173099.78,2026-01-05,Vigente
6993,4571,Oro,46212,4661.48,2025-06-12,Bloqueada
6994,4420,Oro,33066,12.67,2025-06-04,Cancelada
6995,3224,Clasica,15548,10291.83,2024-08-01,Vigente
6996,7195,Oro,33512,22688.07,2023-11-16,Cancelada
6997,6527,Oro,40692,17357.23,2024-04-11,Vigente
6998,5471,Platino,97933,31622.06,2026-04-25,Bloqueada
6999,7231,Clasica,18303,15504.0,2025-12-28,Bloqueada
7000,1068,Platino,103667,58291.64,2026-05-30,Cancelada
7001,5147,Oro,37260,21847.67,2022-11-07,Vigente
7002,1729,Signature,197943,167994.37,2024-04-21,Vigente
7003,376,Oro,53177,27182.85,2024-05-14,Vigente
7004,2000,Platino,76358,34478.17,2022-09-22,Cancelada
7005,3382,Oro,48471,17571.37,2023-05-12,Vigente
7006,4021,Platino,90181,28913.31,2024-02-26,Vigente
7007,3046,Clasica,17992,5325.2,2023-03-22,Bloqueada
7008,4535,Oro,53960,616.79,2023-11-11,Cancelada
7009,5181,Platino,80433,61128.15,2025-12-04,Vigente
7010,4064,Clasica,20263,17093.48,2026-03-04,Vigente
7011,3835,Platino,74320,7342.84,2024-03-24,Vigente
7012,3953,Platino,85857,27983.35,2023-02-03,Cancelada
7013,5558,Oro,48325,30616.73,2025-06-07,Vigente
7014,74,Clasica,15639,4592.26,2024-08-17,Vigente
7015,3577,Platino,94557,71465.31,2024-12-20,Vigente
7016,5028,Oro,37588,26219.81,2025-10-21,Vigente
7017,6561,Oro,48767,20635.17,2025-01-07,Vigente
7018,4635,Clasica,19235,4688.26,2024-04-19,Vigente
7019,4156,Oro,38884,15035.3,2024-02-28,Vigente
7020,719,Oro,52511,3382.35,2023-03-25,Cancelada
7021,4465,Signature,213763,146310.08,2024-04-22,Vigente
7022,1625,Signature,176583,79225.17,2026-04-10,Vigente
7023,961,Signature,170999,123822.83,2026-06-16,Cancelada
7024,255,Clasica,19026,8164.21,2024-05-21,Bloqueada
7025,5758,Platino,95645,35308.32,2023-03-01,Vigente
7026,6868,Platino,89366,1576.69,2024-01-02,Cancelada
7027,4832,Signature,188077,1506.57,2025-11-25,Vigente
7028,6013,Clasica,16862,6208.37,2024-06-01,Vigente
7029,1534,Signature,163065,94789.17,2023-05-15,Vigente
7030,5119,Signature,239900,61031.34,2023-12-10,Bloqueada
7031,5410,Oro,42718,20072.2,2023-11-14,Cancelada
7032,6136,Platino,113997,79683.39,2025-01-03,Cancelada
7033,1049,Clasica,14373,12127.18,2026-02-20,Vigente
7034,2213,Signature,233409,15583.48,2026-02-01,Vigente
7035,1680,Oro,54830,13347.71,2023-06-11,Vigente
7036,1240,Signature,244603,54644.71,2023-11-09,Vigente
7037,7694,Signature,208135,41769.88,2025-10-15,Vigente
7038,6481,Clasica,18594,2492.19,2023-06-29,Cancelada
7039,1473,Platino,88302,9021.54,2024-03-16,Vigente
7040,6086,Clasica,19243,9284.16,2024-07-10,Vigente
7041,123,Oro,45648,30592.2,2025-10-07,Vigente
7042,2059,Oro,35692,24352.05,2022-11-07,Vigente
7043,7931,Clasica,12230,8750.75,2023-10-19,Vigente
7044,2596,Platino,97932,38440.07,2022-08-13,Bloqueada
7045,5494,Clasica,14885,599.84,2023-03-31,Vigente
7046,4241,Platino,84975,32821.92,2024-09-08,Vigente
7047,3777,Oro,41965,29530.17,2023-01-25,Vigente
7048,6015,Oro,32850,14500.1,2022-09-16,Bloqueada
7049,5067,Oro,36232,12533.3,2026-05-18,Vigente
7050,4753,Platino,121975,25622.44,2026-06-07,Bloqueada
7051,6554,Signature,233719,150198.69,2026-03-30,Cancelada
7052,3700,Oro,53397,29024.75,2024-07-21,Vigente
7053,5124,Signature,257259,108006.8,2022-09-03,Vigente
7054,2496,Clasica,14314,10879.78,2025-11-01,Vigente
7055,5073,Oro,40102,31991.84,2023-03-14,Vigente
7056,7720,Oro,47313,5882.15,2023-07-21,Vigente
7057,4359,Platino,102441,8647.0,2024-04-05,Bloqueada
7058,811,Platino,86912,29149.73,2022-10-22,Bloqueada
7059,5953,Clasica,15786,1435.72,2026-05-28,Vigente
7060,6033,Clasica,15757,9306.28,2024-12-01,Vigente
7061,2466,Clasica,18784,12730.29,2026-03-19,Bloqueada
7062,1265,Oro,36016,26244.35,2023-01-29,Vigente
7063,4188,Oro,40182,17540.89,2023-11-18,Bloqueada
7064,673,Oro,51209,33591.24,2022-11-27,Bloqueada
7065,2280,Oro,52056,6950.84,2026-08-03,Cancelada
7066,1264,Platino,92761,78071.43,2024-10-05,Vigente
7067,4516,Signature,242157,155786.94,2024-08-12,Vigente
7068,4261,Clasica,14881,129.7,2024-12-12,Cancelada
7069,5243,Oro,45716,20108.81,2023-04-03,Vigente
7070,346,Signature,190784,120683.2,2025-02-01,Vigente
7071,6033,Clasica,14464,1752.96,2024-04-28,Vigente
7072,4936,Clasica,19849,15445.12,2023-01-31,Vigente
7073,4444,Clasica,20699,15379.31,2024-04-07,Cancelada
7074,6807,Signature,267233,203323.7,2022-08-28,Vigente
7075,6517,Oro,39266,8231.75,2025-08-14,Vigente
7076,863,Oro,33719,22013.8,2026-04-14,Cancelada
7077,895,Signature,261883,3214.5,2023-06-05,Vigente
7078,929,Clasica,14048,4158.18,2023-07-15,Vigente
7079,583,Oro,43319,34479.52,2025-10-01,Bloqueada
7080,4484,Signature,191108,1480.17,2024-04-28,Cancelada
7081,1869,Signature,276331,93624.84,2026-02-02,Vigente
7082,7562,Oro,35677,17524.19,2023-03-06,Vigente
7083,5212,Oro,37682,15564.96,2024-07-28,Vigente
7084,6181,Clasica,17138,5605.89,2024-12-09,Vigente
7085,2808,Signature,175248,55309.79,2023-11-15,Vigente
7086,1213,Platino,74034,39646.97,2024-03-05,Cancelada
7087,2119,Signature,176830,114752.53,2023-06-03,Vigente
7088,855,Oro,53335,27487.62,2025-08-01,Vigente
7089,1841,Oro,42917,8858.45,2025-07-06,Cancelada
7090,1492,Signature,175062,130838.7,2022-10-30,Vigente
7091,5478,Platino,87875,204.87,2024-01-03,Vigente
7092,1640,Signature,184988,144181.93,2025-02-12,Vigente
7093,2690,Platino,91879,71500.74,2024-09-16,Vigente
7094,7303,Signature,181665,153136.23,2024-07-21,Vigente
7095,181,Signature,185108,89684.01,2025-10-24,Vigente
7096,6529,Signature,267681,199289.19,2025-04-14,Vigente
7097,616,Oro,40420,1066.99,2026-05-24,Vigente
7098,6094,Platino,125797,65203.74,2025-10-25,Vigente
7099,3622,Clasica,18329,13879.73,2025-03-27,Bloqueada
7100,901,Oro,38164,11131.15,2025-06-07,Vigente
7101,4214,Clasica,18860,8803.12,2026-04-18,Vigente
7102,5321,Platino,72665,12395.69,2024-08-17,Cancelada
7103,6990,Signature,259253,204331.57,2024-06-12,Vigente
7104,3651,Platino,106795,44021.27,2024-02-16,Cancelada
7105,3542,Signature,186630,68316.94,2026-03-22,Vigente
7106,5646,Platino,78250,29403.78,2025-02-16,Bloqueada
7107,6328,Signature,278416,25172.91,2023-05-14,Vigente
7108,364,Clasica,19110,7172.49,2023-03-20,Vigente
7109,3919,Clasica,15028,3843.78,2024-03-31,Vigente
7110,1263,Signature,227693,95747.63,2024-03-19,Vigente
7111,2418,Oro,55050,32354.94,2025-05-02,Vigente
7112,3067,Oro,36502,13063.88,2022-10-28,Vigente
7113,4890,Oro,41446,31298.1,2026-04-11,Vigente
7114,2741,Clasica,14834,10030.71,2025-09-20,Vigente
7115,7824,Signature,217706,124739.01,2025-08-01,Vigente
7116,7078,Clasica,14193,486.49,2025-02-03,Bloqueada
7117,545,Signature,219909,163270.23,2025-05-09,Vigente
7118,84,Signature,169785,101139.29,2023-02-26,Vigente
7119,6131,Clasica,12292,2467.24,2023-02-20,Vigente
7120,3803,Oro,32543,11097.39,2026-08-26,Vigente
7121,1153,Clasica,18264,6340.37,2026-08-16,Cancelada
7122,2708,Platino,109898,65712.66,2024-04-02,Bloqueada
7123,3498,Oro,44406,16997.23,2025-01-29,Cancelada
7124,2668,Signature,228527,41742.38,2023-08-06,Vigente
7125,1100,Signature,224170,152508.35,2024-01-28,Vigente
7126,5601,Oro,42104,29222.33,2023-01-21,Bloqueada
7127,1375,Platino,112672,68126.78,2023-09-03,Cancelada
7128,166,Oro,49818,30725.12,2025-04-09,Bloqueada
7129,2796,Platino,119864,46673.53,2023-11-22,Bloqueada
7130,2292,Oro,55312,19733.04,2023-11-28,Cancelada
7131,6009,Signature,227733,48148.32,2023-01-05,Bloqueada
7132,6012,Oro,36833,17251.66,2024-11-06,Cancelada
7133,1844,Platino,92149,33275.52,2023-10-13,Vigente
7134,2251,Platino,96133,332.97,2025-09-23,Vigente
7135,3937,Oro,48644,18976.52,2022-08-11,Cancelada
7136,6908,Signature,171639,118787.81,2025-12-07,Cancelada
7137,6743,Clasica,17660,11485.7,2025-03-21,Vigente
7138,5131,Platino,112564,21154.95,2025-03-02,Vigente
7139,5700,Clasica,19587,10488.78,2024-02-17,Cancelada
7140,1164,Signature,171302,117635.09,2025-08-22,Cancelada
7141,2946,Clasica,17421,10157.15,2023-06-13,Bloqueada
7142,1148,Oro,53045,7232.16,2024-03-11,Vigente
7143,6858,Platino,78134,51563.15,2023-11-10,Bloqueada
7144,6531,Signature,256853,32186.08,2024-08-24,Cancelada
7145,7991,Platino,95469,43465.68,2026-02-28,Vigente
7146,6768,Platino,85865,26105.95,2022-10-08,Vigente
7147,6002,Platino,103773,87511.15,2025-09-15,Vigente
7148,4412,Signature,202615,59052.4,2026-08-26,Bloqueada
7149,4315,Signature,201754,54200.2,2024-06-10,Vigente
7150,2316,Clasica,18050,14908.94,2022-08-07,Cancelada
7151,6626,Signature,222145,188436.59,2024-12-09,Vigente
7152,4127,Clasica,19891,6651.76,2026-02-15,Vigente
7153,601,Signature,272862,193358.07,2026-08-27,Cancelada
7154,1741,Clasica,17191,13950.46,2023-01-09,Bloqueada
7155,478,Clasica,16169,4914.55,2024-09-29,Cancelada
7156,4241,Signature,238298,118555.16,2025-08-13,Vigente
7157,7510,Oro,54230,45364.26,2024-12-11,Bloqueada
7158,5374,Signature,270131,221694.57,2026-03-05,Vigente
7159,1292,Clasica,14865,11147.07,2022-12-28,Vigente
7160,4480,Clasica,19310,15790.8,2024-10-13,Vigente
7161,1271,Signature,217864,117099.04,2024-01-17,Cancelada
7162,6816,Signature,268522,210338.84,2025-04-24,Vigente
7163,5621,Clasica,18932,15337.27,2026-05-09,Cancelada
7164,1662,Platino,106229,4387.68,2023-12-22,Vigente
7165,2258,Clasica,15217,5336.56,2025-10-26,Cancelada
7166,1275,Signature,260159,10457.48,2025-04-07,Bloqueada
7167,2141,Platino,92168,26207.9,2026-08-16,Vigente
7168,4335,Platino,119132,58778.52,2026-06-24,Vigente
7169,4719,Platino,91436,59437.71,2026-05-28,Vigente
7170,6580,Clasica,16504,8165.48,2023-04-14,Bloqueada
7171,2329,Clasica,13526,534.18,2025-10-03,Vigente
7172,692,Oro,54625,15889.9,2026-05-01,Bloqueada
7173,950,Signature,238898,16021.4,2024-06-09,Vigente
7174,4058,Signature,184032,19434.43,2023-08-28,Cancelada
7175,7809,Signature,218298,14704.28,2024-08-14,Cancelada
7176,1159,Platino,85626,7878.94,2025-02-06,Vigente
7177,4382,Platino,73012,59017.06,2025-04-04,Bloqueada
7178,1411,Platino,81859,50991.49,2023-02-07,Cancelada
7179,690,Signature,262501,180128.97,2024-03-07,Vigente
7180,5762,Oro,39086,6122.81,2024-11-07,Vigente
7181,4208,Platino,85129,52471.88,2024-05-07,Cancelada
7182,4674,Signature,202526,86589.83,2026-03-20,Bloqueada
7183,2225,Oro,33587,12791.59,2023-02-23,Cancelada
7184,1517,Signature,216467,32547.43,2023-10-03,Vigente
7185,3879,Platino,117868,24862.62,2024-02-22,Bloqueada
7186,5566,Platino,110230,20964.83,2022-08-22,Vigente
7187,914,Oro,41749,17011.35,2022-08-24,Vigente
7188,1226,Signature,210845,48287.18,2024-12-19,Vigente
7189,2649,Platino,104156,62899.64,2025-08-06,Vigente
7190,3974,Platino,125198,78395.83,2022-12-21,Vigente
7191,7173,Platino,117530,90262.02,2024-12-19,Bloqueada
7192,645,Clasica,13874,5031.85,2024-08-22,Bloqueada
7193,3338,Signature,172601,36740.24,2025-03-15,Vigente
7194,7675,Oro,36485,20391.84,2026-05-26,Cancelada
7195,6240,Platino,108798,24353.54,2023-09-01,Vigente
7196,806,Clasica,16713,4421.73,2024-07-24,Vigente
7197,3405,Signature,276289,36357.23,2024-07-21,Vigente
7198,5013,Clasica,17791,7878.49,2026-06-07,Vigente
7199,3315,Platino,87306,16260.06,2022-08-25,Vigente
7200,1618,Oro,38347,16255.58,2022-11-04,Vigente
7201,694,Oro,50736,925.1,2025-03-04,Cancelada
7202,5971,Platino,118309,93428.54,2023-06-29,Vigente
7203,950,Signature,251478,124566.16,2024-04-15,Vigente
7204,7417,Oro,50087,2430.84,2025-07-08,Vigente
7205,4490,Oro,54051,30529.94,2023-07-04,Vigente
7206,4701,Signature,215650,99131.38,2022-10-07,Bloqueada
7207,805,Oro,42168,6372.21,2022-07-31,Vigente
7208,3457,Signature,275045,96332.48,2026-06-08,Cancelada
7209,5572,Platino,82394,16486.96,2026-08-11,Vigente
7210,63,Platino,75506,14060.44,2023-04-24,Vigente
7211,738,Signature,231863,113124.59,2024-02-02,Cancelada
7212,3501,Signature,202456,2338.23,2023-05-01,Vigente
7213,141,Signature,246983,127193.05,2022-07-31,Cancelada
7214,2721,Clasica,17183,3864.0,2022-10-11,Cancelada
7215,1886,Platino,121834,32379.66,2023-01-20,Vigente
7216,1438,Platino,114791,37242.23,2025-08-03,Bloqueada
7217,4425,Clasica,20218,9763.96,2023-08-23,Vigente
7218,6314,Oro,45790,913.91,2025-07-03,Vigente
7219,3076,Platino,84135,3326.54,2023-07-26,Vigente
7220,1043,Clasica,13741,11275.05,2025-10-26,Vigente
7221,68,Clasica,12179,7868.95,2023-07-26,Vigente
7222,2324,Clasica,12552,528.6,2024-06-13,Vigente
7223,2668,Oro,42213,18855.21,2023-01-20,Vigente
7224,7862,Oro,40084,6888.99,2024-02-15,Vigente
7225,4290,Platino,117799,50142.42,2024-08-06,Vigente
7226,5792,Platino,85717,40980.14,2025-02-22,Cancelada
7227,1014,Clasica,12236,9582.33,2025-07-18,Vigente
7228,4635,Signature,168857,1503.86,2022-09-13,Vigente
7229,2378,Clasica,18780,10457.15,2026-06-14,Vigente
7230,1200,Clasica,13560,5084.31,2026-02-21,Vigente
7231,148,Platino,84928,754.77,2023-08-21,Cancelada
7232,1411,Platino,97156,57809.44,2024-03-15,Bloqueada
7233,3600,Oro,44575,8712.07,2023-07-07,Bloqueada
7234,5734,Clasica,17730,973.68,2024-10-08,Vigente
7235,7977,Signature,248449,143680.14,2025-09-12,Bloqueada
7236,798,Platino,87479,58075.67,2025-05-17,Vigente
7237,7415,Signature,204852,12977.03,2026-05-07,Bloqueada
7238,6166,Clasica,13320,2914.49,2023-02-21,Vigente
7239,7362,Signature,188826,44309.11,2024-06-22,Vigente
7240,4385,Signature,277070,26739.78,2025-09-08,Cancelada
7241,7917,Signature,193558,14978.05,2025-10-09,Vigente
7242,7812,Oro,42116,35007.34,2023-03-20,Bloqueada
7243,2683,Platino,79847,7745.3,2024-08-26,Vigente
7244,7673,Signature,202891,76609.3,2022-09-20,Vigente
7245,7467,Oro,44689,3417.05,2026-02-28,Cancelada
7246,5138,Oro,36738,27738.01,2024-08-01,Bloqueada
7247,4560,Oro,44621,17785.07,2024-04-03,Cancelada
7248,7759,Oro,46423,30993.01,2026-08-22,Vigente
7249,6888,Signature,254264,129740.61,2024-11-20,Vigente
7250,1349,Signature,250122,152160.62,2025-11-11,Bloqueada
7251,796,Clasica,12831,4112.63,2025-05-28,Cancelada
7252,996,Signature,279951,95054.55,2024-05-09,Cancelada
7253,5299,Platino,98724,1148.9,2022-08-27,Vigente
7254,280,Clasica,14709,1064.55,2025-06-16,Vigente
7255,5830,Clasica,16045,6156.74,2023-06-30,Cancelada
7256,978,Clasica,14459,239.04,2026-04-28,Vigente
7257,2167,Platino,106043,13681.6,2022-11-12,Cancelada
7258,7492,Clasica,20463,8974.87,2024-09-17,Vigente
7259,194,Clasica,15470,5948.46,2023-10-27,Vigente
7260,1030,Oro,37504,4868.25,2025-04-04,Vigente
7261,4596,Signature,174735,25363.77,2025-10-17,Vigente
7262,1107,Clasica,15984,5273.36,2025-03-02,Cancelada
7263,4991,Signature,269615,67910.86,2023-04-20,Vigente
7264,5647,Oro,42191,5705.55,2026-04-15,Cancelada
7265,5244,Signature,217180,128612.59,2022-11-08,Vigente
7266,891,Platino,122130,57494.88,2023-04-01,Bloqueada
7267,2971,Clasica,18425,11132.12,2023-06-09,Vigente
7268,2339,Signature,257461,203284.58,2025-09-26,Vigente
7269,2410,Oro,36654,25701.66,2023-10-14,Cancelada
7270,4774,Platino,123579,21748.44,2026-05-26,Vigente
7271,1833,Oro,32609,23206.32,2023-12-18,Vigente
7272,70,Oro,51891,29475.3,2024-06-13,Vigente
7273,3310,Platino,84775,70452.3,2023-09-08,Bloqueada
7274,6181,Platino,99945,15758.6,2024-05-04,Cancelada
7275,5480,Clasica,17133,221.65,2024-06-21,Bloqueada
7276,5432,Platino,78130,64164.96,2023-04-16,Vigente
7277,1850,Signature,221140,5055.6,2025-01-03,Vigente
7278,3839,Platino,112130,28943.81,2023-09-12,Vigente
7279,6660,Platino,91047,41099.91,2023-10-25,Bloqueada
7280,1499,Signature,227508,42142.64,2025-09-10,Vigente
7281,1457,Oro,47256,36873.67,2023-08-08,Vigente
7282,6992,Oro,49096,21738.04,2026-02-19,Vigente
7283,983,Clasica,16558,9623.09,2024-02-18,Bloqueada
7284,627,Oro,54119,32442.85,2026-02-09,Vigente
7285,2742,Oro,54281,42476.05,2024-10-07,Cancelada
7286,1865,Clasica,20486,15421.87,2023-10-29,Vigente
7287,3460,Oro,38152,25250.26,2024-09-19,Cancelada
7288,3164,Signature,202416,1971.79,2022-11-02,Vigente
7289,6663,Clasica,16166,2409.34,2024-12-23,Vigente
7290,7845,Platino,122716,60778.16,2025-06-01,Vigente
7291,4431,Platino,94456,23076.03,2024-03-25,Vigente
7292,2527,Oro,32268,17815.4,2022-08-18,Vigente
7293,2661,Oro,48019,25428.45,2025-12-15,Bloqueada
7294,4666,Signature,170690,17290.2,2024-03-12,Cancelada
7295,4316,Oro,47507,20186.6,2024-02-07,Vigente
7296,1193,Platino,103609,3681.62,2023-01-26,Vigente
7297,4486,Oro,34341,26121.62,2025-07-25,Cancelada
7298,3048,Signature,277480,99426.96,2026-01-04,Vigente
7299,4078,Signature,203494,23215.54,2024-06-29,Cancelada
7300,3860,Signature,239945,148056.35,2025-03-24,Bloqueada
7301,2182,Oro,50138,35645.94,2022-09-26,Vigente
7302,2138,Platino,79261,62784.39,2026-03-23,Vigente
7303,4295,Oro,33225,2738.7,2024-06-03,Bloqueada
7304,1935,Clasica,13540,807.06,2024-09-26,Vigente
7305,1809,Platino,122454,57725.9,2024-08-21,Cancelada
7306,3475,Platino,107659,71643.04,2024-01-19,Cancelada
7307,6141,Oro,34202,28705.66,2024-09-14,Vigente
7308,6657,Oro,37181,13097.72,2026-08-21,Vigente
7309,6761,Platino,124435,41456.07,2025-01-13,Cancelada
7310,4976,Clasica,14798,4635.12,2023-01-03,Vigente
7311,7126,Oro,48408,31797.78,2024-11-09,Vigente
7312,3049,Clasica,20727,10070.2,2024-12-01,Bloqueada
7313,4798,Oro,40280,5793.32,2023-06-14,Vigente
7314,1559,Signature,197070,26773.66,2026-03-11,Vigente
7315,7979,Clasica,18534,6686.88,2024-06-19,Vigente
7316,6605,Oro,51637,22880.61,2026-08-19,Bloqueada
7317,1740,Clasica,17553,2250.15,2025-06-07,Bloqueada
7318,7043,Platino,122406,59429.66,2024-07-30,Bloqueada
7319,329,Oro,50923,22828.8,2022-11-02,Vigente
7320,7479,Clasica,16861,2614.54,2023-03-28,Cancelada
7321,1462,Signature,189981,118420.42,2025-10-21,Vigente
7322,987,Oro,49532,29999.51,2026-06-08,Cancelada
7323,7902,Clasica,12339,7143.82,2024-06-08,Vigente
7324,4827,Signature,271976,140657.56,2024-12-09,Vigente
7325,5989,Clasica,18786,13606.26,2026-06-25,Bloqueada
7326,2724,Clasica,16558,13512.3,2024-02-27,Vigente
7327,5798,Platino,94660,65038.95,2022-10-31,Cancelada
7328,6911,Oro,50913,27646.59,2025-09-12,Vigente
7329,7303,Platino,95752,41346.35,2025-01-17,Cancelada
7330,4668,Platino,119768,9081.94,2023-02-17,Cancelada
7331,6255,Oro,36566,8042.9,2026-07-28,Vigente
7332,4364,Oro,47957,24768.92,2026-04-20,Vigente
7333,4604,Clasica,17249,7497.56,2024-04-28,Cancelada
7334,6887,Clasica,14650,10710.23,2025-09-28,Vigente
7335,4241,Clasica,12913,6890.53,2025-11-07,Cancelada
7336,5284,Clasica,18684,12841.07,2022-09-22,Vigente
7337,3731,Clasica,20116,3895.43,2025-06-25,Cancelada
7338,4929,Clasica,20788,17270.3,2025-07-10,Vigente
7339,5075,Platino,77554,19523.09,2025-10-19,Vigente
7340,532,Platino,90686,63331.1,2026-08-06,Vigente
7341,964,Oro,33033,17700.85,2025-03-29,Vigente
7342,7155,Signature,224606,92849.63,2024-10-22,Vigente
7343,4791,Oro,53727,2305.33,2023-02-24,Cancelada
7344,2328,Oro,50705,25888.35,2023-08-21,Cancelada
7345,7037,Platino,99489,79240.04,2023-11-22,Vigente
7346,584,Clasica,13348,258.34,2022-08-26,Vigente
7347,981,Signature,188237,93053.25,2025-01-29,Vigente
7348,7451,Platino,86383,19284.5,2023-06-17,Vigente
7349,2314,Clasica,17074,1470.67,2023-06-27,Vigente
7350,5012,Platino,85981,49668.11,2023-12-14,Vigente
7351,1266,Clasica,14359,5707.65,2024-09-23,Vigente
7352,1312,Signature,160149,15850.39,2026-04-03,Vigente
7353,4674,Platino,78395,45839.98,2025-03-09,Vigente
7354,5890,Clasica,20200,7434.1,2023-07-21,Bloqueada
7355,5862,Oro,51613,8727.23,2025-07-16,Vigente
7356,7548,Signature,248476,25623.22,2022-08-18,Vigente
7357,1452,Oro,41530,2296.9,2026-07-19,Vigente
7358,1586,Platino,99192,34895.92,2025-11-25,Vigente
7359,2488,Clasica,16733,5733.7,2026-01-13,Vigente
7360,5760,Platino,103858,87705.49,2024-10-08,Vigente
7361,217,Oro,35523,17444.48,2023-12-13,Vigente
7362,7263,Clasica,15741,6710.49,2024-10-24,Vigente
7363,4743,Oro,41723,8598.55,2026-07-19,Bloqueada
7364,210,Clasica,14740,11805.19,2026-02-10,Vigente
7365,6613,Signature,264381,152219.14,2026-06-08,Bloqueada
7366,1875,Oro,53517,36498.59,2022-12-28,Vigente
7367,2421,Oro,35670,24665.46,2024-04-29,Bloqueada
7368,468,Clasica,16392,6834.78,2023-03-23,Bloqueada
7369,145,Oro,52809,25217.19,2023-03-07,Vigente
7370,6163,Clasica,15655,7989.35,2025-07-07,Vigente
7371,1210,Oro,52933,22818.14,2025-11-02,Cancelada
7372,2218,Signature,262134,180764.82,2026-04-04,Cancelada
7373,2639,Signature,191049,34528.07,2025-11-02,Vigente
7374,2259,Platino,124299,22908.33,2024-10-04,Vigente
7375,1207,Signature,237107,21571.3,2026-02-04,Vigente
7376,4221,Platino,88627,33018.08,2025-11-21,Vigente
7377,6246,Signature,233132,29140.34,2023-08-30,Vigente
7378,4916,Signature,255897,154997.38,2024-05-13,Vigente
7379,7614,Platino,82439,7783.95,2025-09-30,Vigente
7380,2047,Oro,39357,26569.33,2025-03-27,Bloqueada
7381,6915,Oro,47492,16826.47,2025-08-05,Vigente
7382,5896,Clasica,17243,2905.17,2026-04-03,Vigente
7383,4406,Clasica,15057,11878.42,2024-12-27,Bloqueada
7384,7257,Clasica,14653,6128.7,2022-08-11,Vigente
7385,6713,Platino,89014,4497.5,2023-06-14,Bloqueada
7386,6915,Signature,192695,156992.33,2024-06-22,Vigente
7387,7852,Clasica,13810,2925.79,2023-12-30,Bloqueada
7388,3193,Signature,262630,188331.39,2023-10-28,Vigente
7389,5885,Oro,52249,27270.81,2022-11-09,Vigente
7390,3330,Signature,259576,215826.13,2023-12-08,Cancelada
7391,736,Clasica,18157,9856.11,2026-03-27,Bloqueada
7392,1574,Platino,119349,58245.83,2024-12-30,Vigente
7393,3958,Clasica,15753,7039.16,2024-09-17,Vigente
7394,4419,Clasica,18225,14773.63,2025-01-29,Bloqueada
7395,6764,Signature,211483,3925.32,2025-12-15,Vigente
7396,4449,Platino,119388,36503.07,2026-06-24,Vigente
7397,2876,Platino,76920,34669.17,2024-12-08,Bloqueada
7398,7339,Clasica,19104,14972.69,2025-12-26,Cancelada
7399,2836,Platino,110924,44612.93,2024-02-05,Vigente
7400,347,Signature,232122,124638.89,2026-06-15,Vigente
7401,5077,Oro,39911,31792.58,2023-07-06,Vigente
7402,7345,Clasica,12372,6233.58,2024-03-17,Vigente
7403,6378,Signature,160235,66378.84,2023-05-17,Cancelada
7404,2835,Clasica,19433,5470.25,2024-02-25,Vigente
7405,3780,Signature,199162,120991.27,2025-10-17,Vigente
7406,2183,Platino,125023,55167.84,2026-02-07,Bloqueada
7407,7743,Platino,122593,1399.79,2023-07-24,Vigente
7408,5913,Clasica,20323,15216.09,2022-12-03,Cancelada
7409,507,Platino,90066,28503.56,2023-05-06,Cancelada
7410,1500,Oro,42847,33666.6,2024-01-16,Vigente
7411,2174,Platino,116050,31418.2,2025-10-21,Vigente
7412,1724,Clasica,12282,4218.86,2023-03-18,Vigente
7413,4974,Signature,277580,235308.31,2023-11-07,Bloqueada
7414,2042,Signature,251917,148823.35,2026-05-27,Vigente
7415,5815,Platino,83636,11885.69,2024-08-16,Vigente
7416,6897,Clasica,20257,2745.08,2023-06-20,Vigente
7417,3808,Clasica,16642,10659.93,2025-02-14,Bloqueada
7418,2706,Clasica,14995,10036.19,2025-11-05,Cancelada
7419,4871,Signature,255380,84127.87,2026-03-16,Vigente
7420,3899,Signature,265162,81195.38,2026-03-02,Bloqueada
7421,5093,Platino,74602,43415.87,2024-10-18,Vigente
7422,3752,Clasica,19661,4576.47,2025-04-07,Vigente
7423,1963,Clasica,15981,266.11,2025-08-20,Vigente
7424,1083,Signature,174117,41544.54,2026-04-13,Vigente
7425,5795,Oro,46692,17021.94,2026-04-19,Cancelada
7426,3417,Clasica,18244,6434.85,2026-04-29,Bloqueada
7427,4130,Oro,35105,10071.24,2023-05-18,Vigente
7428,7006,Signature,171367,88348.37,2026-01-12,Cancelada
7429,805,Oro,40913,2768.7,2023-04-26,Bloqueada
7430,4742,Platino,96719,6724.86,2025-11-02,Bloqueada
7431,4029,Platino,93631,31615.77,2023-11-10,Bloqueada
7432,6812,Clasica,19022,9967.06,2025-11-05,Vigente
7433,7088,Oro,43348,2633.93,2022-10-16,Vigente
7434,377,Platino,98297,5441.12,2024-09-21,Vigente
7435,1591,Platino,93008,23763.85,2022-11-19,Vigente
7436,226,Platino,125041,8668.18,2024-06-07,Vigente
7437,7060,Signature,246254,80234.75,2025-09-14,Vigente
7438,1026,Oro,39928,26204.32,2025-12-29,Vigente
7439,3370,Platino,117573,16335.07,2024-03-21,Vigente
7440,3426,Oro,52391,38154.23,2026-08-26,Cancelada
7441,3687,Clasica,15253,2296.16,2024-07-11,Cancelada
7442,1325,Platino,121380,45566.08,2023-08-08,Vigente
7443,5895,Platino,118701,84379.91,2023-05-09,Bloqueada
7444,5153,Signature,177961,75312.52,2022-12-08,Vigente
7445,1227,Clasica,20353,15920.64,2025-02-06,Vigente
7446,621,Platino,84451,70041.61,2025-04-28,Vigente
7447,4311,Clasica,14159,3476.14,2024-08-29,Vigente
7448,4233,Signature,197569,111099.92,2023-08-23,Vigente
7449,2748,Oro,42370,1742.77,2022-10-01,Vigente
7450,7506,Oro,34010,10853.83,2024-05-24,Vigente
7451,5372,Oro,37240,9390.17,2025-12-05,Cancelada
7452,6649,Signature,222129,138925.61,2025-12-30,Cancelada
7453,5580,Oro,49848,36656.99,2025-06-08,Vigente
7454,2186,Platino,76270,55612.71,2023-04-29,Vigente
7455,6714,Platino,84314,30574.54,2024-09-15,Vigente
7456,5700,Oro,33845,11396.14,2026-02-24,Vigente
7457,1505,Platino,120246,62311.93,2025-10-03,Vigente
7458,333,Signature,160953,103917.26,2024-09-26,Cancelada
7459,811,Platino,92678,2070.98,2025-12-04,Vigente
7460,3646,Platino,125080,47591.92,2022-09-03,Vigente
7461,7149,Platino,94129,10897.31,2026-05-01,Vigente
7462,1165,Platino,120772,199.4,2023-12-26,Vigente
7463,7040,Signature,241679,169078.08,2024-10-11,Vigente
7464,4380,Oro,36696,17861.08,2022-12-02,Cancelada
7465,3292,Signature,192459,8560.53,2022-11-28,Bloqueada
7466,4644,Platino,107514,2112.07,2025-09-23,Vigente
7467,5628,Platino,91890,37128.78,2022-10-01,Vigente
7468,230,Oro,49207,9982.26,2025-01-15,Vigente
7469,5252,Platino,105601,9637.36,2023-10-22,Cancelada
7470,7167,Oro,45240,5228.48,2023-07-21,Cancelada
7471,3692,Platino,75736,30601.39,2025-04-13,Vigente
7472,4058,Oro,50615,26007.97,2024-03-26,Cancelada
7473,4471,Clasica,19430,13836.24,2022-10-16,Vigente
7474,865,Oro,39069,15906.34,2026-02-16,Bloqueada
7475,5815,Platino,75678,56598.44,2025-07-27,Cancelada
7476,3700,Clasica,20350,2185.54,2024-10-30,Vigente
7477,2919,Clasica,15522,10295.24,2023-05-13,Cancelada
7478,2836,Platino,107443,80613.97,2026-07-12,Bloqueada
7479,6365,Signature,248547,171545.01,2023-06-11,Cancelada
7480,3736,Signature,198012,166884.82,2026-08-15,Vigente
7481,7451,Platino,124274,38667.21,2022-12-03,Vigente
7482,5092,Platino,87473,44716.29,2026-08-26,Cancelada
7483,3036,Platino,114587,6966.58,2024-02-09,Cancelada
7484,7513,Platino,115476,97407.77,2022-10-11,Vigente
7485,6836,Platino,91876,48798.62,2025-10-19,Vigente
7486,3941,Oro,50937,39582.67,2023-08-06,Vigente
7487,6712,Clasica,15009,1074.42,2023-09-25,Bloqueada
7488,3164,Clasica,12532,2690.85,2026-07-14,Vigente
7489,3595,Platino,78075,52489.69,2025-07-02,Vigente
7490,5557,Platino,119276,44213.46,2022-12-16,Vigente
7491,3737,Signature,270786,199256.9,2026-04-23,Vigente
7492,5227,Oro,49597,6504.85,2025-08-28,Cancelada
7493,4501,Oro,33876,27073.74,2024-01-26,Vigente
7494,3728,Platino,79528,58623.38,2023-05-22,Bloqueada
7495,573,Signature,239272,27242.64,2024-08-25,Vigente
7496,4469,Clasica,19816,11060.65,2026-03-31,Vigente
7497,7226,Platino,83204,37129.21,2023-02-01,Bloqueada
7498,3716,Platino,74511,56214.36,2022-12-10,Vigente
7499,930,Signature,250315,89275.93,2024-06-28,Bloqueada
7500,4502,Platino,79893,5180.09,2025-12-18,Vigente
7501,454,Oro,37137,14875.35,2023-12-12,Vigente
7502,3142,Signature,231217,41111.17,2023-08-13,Bloqueada
7503,1638,Platino,96076,74901.52,2026-04-16,Cancelada
7504,1564,Platino,108019,87231.09,2025-12-12,Bloqueada
7505,5191,Signature,245606,46484.13,2023-07-31,Vigente
7506,4063,Signature,168258,25570.35,2023-09-08,Vigente
7507,1127,Signature,189414,43295.75,2023-01-30,Vigente
7508,6819,Signature,270393,70272.11,2025-06-29,Vigente
7509,4426,Platino,107216,87906.99,2023-05-10,Cancelada
7510,3119,Clasica,19040,14359.7,2026-03-07,Vigente
7511,4050,Signature,191343,16647.37,2023-09-09,Bloqueada
7512,2193,Platino,113864,86969.52,2025-10-19,Bloqueada
7513,5937,Signature,271313,122852.19,2025-11-05,Cancelada
7514,3319,Clasica,12034,213.46,2022-10-10,Vigente
7515,3757,Clasica,12336,3456.12,2023-06-08,Vigente
7516,1998,Oro,42889,36250.22,2025-08-24,Vigente
7517,6166,Signature,265543,112654.4,2023-11-13,Vigente
7518,198,Oro,36173,13950.48,2023-01-02,Vigente
7519,5070,Signature,242458,20648.71,2025-07-13,Vigente
7520,4068,Clasica,12719,6828.04,2023-07-04,Cancelada
7521,4808,Clasica,12287,10343.02,2023-08-14,Vigente
7522,1225,Oro,39307,7948.34,2023-12-17,Vigente
7523,1356,Signature,235791,114804.99,2022-12-12,Vigente
7524,455,Oro,37103,554.98,2025-04-06,Bloqueada
7525,1509,Clasica,12506,8159.33,2022-12-26,Bloqueada
7526,1071,Platino,103693,50942.83,2026-08-28,Vigente
7527,6751,Signature,229995,85136.28,2023-12-23,Bloqueada
7528,4477,Signature,214811,79084.88,2022-12-29,Cancelada
7529,5577,Platino,99398,17792.56,2026-01-08,Vigente
7530,6147,Clasica,16316,3452.76,2024-04-27,Vigente
7531,5336,Signature,245608,92184.43,2022-09-08,Cancelada
7532,3718,Oro,40822,10821.29,2023-12-09,Cancelada
7533,1529,Clasica,17689,13615.72,2025-08-25,Vigente
7534,5810,Platino,75585,26074.14,2024-11-18,Vigente
7535,7085,Signature,164748,52637.15,2025-11-23,Cancelada
7536,4014,Signature,236605,131981.59,2022-08-27,Vigente
7537,6202,Oro,38866,24319.96,2025-08-01,Vigente
7538,6200,Clasica,17875,12779.92,2023-08-14,Vigente
7539,7902,Platino,120098,39944.54,2025-09-28,Vigente
7540,6429,Oro,35390,11812.56,2023-01-23,Cancelada
7541,2421,Signature,201786,128536.84,2025-08-05,Vigente
7542,7010,Clasica,13873,9142.61,2023-01-10,Bloqueada
7543,4011,Platino,122974,60673.33,2024-01-25,Vigente
7544,6689,Signature,261790,10176.92,2026-05-05,Vigente
7545,3653,Oro,53826,17948.61,2024-10-17,Vigente
7546,7517,Platino,89265,28081.8,2024-01-24,Vigente
7547,431,Platino,118348,40488.19,2024-04-04,Bloqueada
7548,4213,Signature,160903,22917.9,2022-11-16,Vigente
7549,2262,Oro,32107,13053.78,2022-11-01,Bloqueada
7550,7502,Signature,228189,107595.91,2025-08-16,Vigente
7551,4606,Signature,191917,71013.73,2024-10-27,Bloqueada
7552,4204,Clasica,17620,12401.92,2024-06-05,Vigente
7553,3814,Signature,262118,161751.8,2024-07-24,Vigente
7554,363,Clasica,12803,8458.02,2024-06-02,Vigente
7555,6722,Platino,118555,79075.26,2026-02-04,Vigente
7556,7139,Signature,266865,183668.13,2023-12-17,Vigente
7557,5469,Oro,54797,26506.77,2024-06-13,Vigente
7558,121,Platino,95371,8955.31,2023-09-01,Vigente
7559,4920,Signature,196358,138228.81,2026-01-04,Vigente
7560,231,Oro,47623,2305.92,2026-07-20,Vigente
7561,113,Clasica,14140,727.39,2026-03-29,Bloqueada
7562,208,Clasica,16042,12898.94,2023-03-13,Vigente
7563,6210,Clasica,17467,13745.17,2026-08-31,Cancelada
7564,7857,Clasica,13901,2834.27,2023-06-30,Vigente
7565,341,Signature,228122,36883.31,2024-04-09,Vigente
7566,7965,Clasica,12765,5219.38,2024-12-09,Vigente
7567,5211,Oro,52974,4902.15,2025-04-24,Vigente
7568,5413,Clasica,12576,3066.22,2026-04-27,Vigente
7569,6015,Oro,54014,24930.68,2026-05-01,Cancelada
7570,4200,Clasica,12405,560.77,2024-07-02,Vigente
7571,7083,Platino,102505,35646.43,2024-01-22,Vigente
7572,6159,Signature,250535,166488.39,2026-04-21,Vigente
7573,1965,Clasica,15043,10209.84,2025-01-22,Vigente
7574,5373,Platino,105058,49079.8,2025-07-31,Vigente
7575,6450,Signature,162428,120815.88,2023-07-26,Vigente
7576,1406,Signature,276826,69563.72,2023-03-07,Cancelada
7577,4802,Oro,46254,3688.91,2024-09-11,Vigente
7578,1423,Platino,110079,63776.41,2024-10-22,Vigente
7579,6837,Clasica,17242,10172.79,2025-03-01,Vigente
7580,3488,Clasica,20981,14792.43,2025-06-02,Vigente
7581,3969,Clasica,15468,9282.86,2023-12-17,Vigente
7582,209,Signature,168767,68896.65,2025-09-09,Bloqueada
7583,7834,Signature,236953,73769.02,2025-12-31,Bloqueada
7584,7632,Clasica,15301,6544.38,2022-11-16,Vigente
7585,2252,Clasica,13167,4426.15,2025-03-25,Vigente
7586,2946,Oro,32121,3631.52,2024-02-28,Vigente
7587,1235,Signature,260447,131564.63,2026-02-01,Cancelada
7588,445,Platino,84355,34130.77,2024-02-28,Bloqueada
7589,1855,Clasica,12443,6684.07,2024-02-10,Vigente
7590,7504,Signature,185933,25389.05,2023-08-25,Vigente
7591,2195,Signature,186480,59078.63,2026-01-23,Vigente
7592,4062,Oro,34736,13993.97,2025-01-05,Bloqueada
7593,4523,Oro,40259,17363.55,2024-03-14,Vigente
7594,5243,Clasica,16271,11426.28,2023-04-16,Vigente
7595,3562,Clasica,13115,3298.73,2024-08-19,Bloqueada
7596,2508,Clasica,16867,4873.06,2025-11-10,Vigente
7597,1267,Signature,193135,107549.84,2022-09-14,Vigente
7598,2795,Signature,217504,68581.66,2026-04-23,Vigente
7599,4825,Oro,42308,31138.83,2024-10-15,Vigente
7600,3477,Platino,82706,7767.07,2024-10-14,Cancelada
7601,810,Clasica,17715,5381.7,2023-06-11,Vigente
7602,5311,Signature,224871,160581.42,2025-09-20,Cancelada
7603,2280,Clasica,14886,11288.37,2024-11-28,Vigente
7604,7384,Oro,42352,33846.3,2024-01-14,Vigente
7605,6533,Platino,97521,42881.35,2025-05-23,Bloqueada
7606,2475,Oro,43014,12339.58,2022-08-26,Vigente
7607,1881,Signature,181050,142696.41,2025-07-06,Cancelada
7608,5671,Signature,217072,65528.98,2023-10-08,Cancelada
7609,4506,Oro,44009,15706.21,2026-05-01,Bloqueada
7610,2746,Signature,248901,72178.6,2024-03-08,Vigente
7611,1588,Clasica,14709,11469.25,2023-10-09,Cancelada
7612,4365,Signature,216338,160274.45,2026-03-02,Vigente
7613,4814,Clasica,17729,8162.8,2025-09-22,Bloqueada
7614,459,Platino,83791,61179.03,2025-09-04,Cancelada
7615,5396,Clasica,13315,6693.47,2023-09-05,Bloqueada
7616,437,Platino,117755,95103.39,2025-07-02,Vigente
7617,4981,Oro,46728,5514.78,2023-03-19,Vigente
7618,2151,Signature,278537,178771.97,2023-10-29,Vigente
7619,7422,Oro,36296,9699.16,2024-06-29,Cancelada
7620,3650,Oro,39831,17425.22,2023-11-24,Vigente
7621,4338,Oro,49194,31673.97,2025-09-27,Vigente
7622,6263,Oro,45896,19147.5,2025-03-25,Cancelada
7623,5387,Oro,42872,2240.02,2023-05-19,Vigente
7624,3857,Platino,94493,74553.27,2023-06-17,Cancelada
7625,7673,Signature,249216,206685.94,2024-11-19,Bloqueada
7626,3884,Signature,201629,95335.69,2023-05-20,Vigente
7627,5471,Oro,45104,34883.39,2025-11-05,Vigente
7628,3725,Oro,45749,13083.06,2022-08-18,Cancelada
7629,4473,Platino,75953,12294.76,2025-07-05,Vigente
7630,3381,Platino,112983,973.83,2025-10-02,Cancelada
7631,5093,Platino,116945,5137.08,2025-08-24,Vigente
7632,738,Clasica,13262,6399.14,2026-02-04,Cancelada
7633,637,Signature,261839,220175.66,2023-10-11,Vigente
7634,5228,Clasica,15884,6439.32,2023-03-05,Cancelada
7635,3964,Signature,250321,152140.26,2024-05-16,Vigente
7636,1742,Clasica,20205,7019.82,2026-03-17,Cancelada
7637,3598,Platino,105888,20949.03,2024-07-26,Cancelada
7638,7555,Clasica,13090,2669.15,2022-08-20,Vigente
7639,3802,Clasica,15927,13368.5,2023-05-19,Vigente
7640,5894,Clasica,15583,5250.01,2023-10-23,Vigente
7641,68,Platino,100008,75531.43,2023-11-15,Vigente
7642,7290,Oro,55640,22915.97,2023-10-08,Vigente
7643,6178,Platino,99898,50392.54,2026-06-14,Cancelada
7644,7349,Signature,260558,154413.03,2026-08-28,Vigente
7645,474,Platino,105917,41525.4,2023-07-12,Vigente
7646,6111,Clasica,20915,13570.14,2025-03-17,Vigente
7647,2862,Clasica,20741,4590.99,2025-05-22,Vigente
7648,1198,Platino,90142,1148.22,2025-12-05,Vigente
7649,1717,Clasica,20722,11961.31,2024-01-16,Vigente
7650,3306,Signature,233846,157523.38,2023-04-24,Vigente
7651,3261,Platino,113180,86625.19,2026-03-14,Vigente
7652,6444,Platino,95637,19567.16,2023-08-31,Bloqueada
7653,7461,Clasica,19640,15969.38,2026-07-28,Vigente
7654,3740,Signature,220772,135779.05,2023-09-27,Cancelada
7655,4687,Oro,42340,32827.75,2024-03-31,Bloqueada
7656,4509,Clasica,17162,6129.41,2025-06-18,Vigente
7657,944,Signature,253650,170363.06,2024-03-13,Vigente
7658,5796,Signature,169723,57115.61,2023-08-02,Vigente
7659,2873,Oro,37017,1437.56,2026-08-05,Vigente
7660,907,Platino,81371,50328.65,2025-04-23,Vigente
7661,2001,Platino,111417,32547.62,2023-08-14,Vigente
7662,723,Oro,45825,32585.79,2024-06-15,Bloqueada
7663,3770,Clasica,17598,2727.4,2026-07-13,Vigente
7664,502,Platino,112274,93040.2,2024-10-08,Cancelada
7665,6607,Platino,114058,10586.27,2025-12-09,Vigente
7666,4453,Oro,51686,29581.4,2022-10-15,Cancelada
7667,45,Signature,222808,19610.96,2024-12-29,Bloqueada
7668,3681,Platino,108097,3410.47,2026-06-27,Vigente
7669,6496,Oro,40370,1077.69,2024-10-24,Cancelada
7670,3653,Clasica,15910,10587.06,2024-06-03,Vigente
7671,7492,Clasica,20440,12574.88,2023-02-05,Bloqueada
7672,605,Clasica,17156,1334.88,2025-07-10,Cancelada
7673,1808,Oro,32179,13790.6,2024-05-02,Vigente
7674,7379,Oro,52268,39761.8,2026-05-10,Vigente
7675,454,Signature,194284,85030.38,2022-10-02,Vigente
7676,781,Oro,46284,305.57,2025-05-09,Bloqueada
7677,3290,Clasica,20082,8109.42,2024-08-17,Vigente
7678,3493,Oro,44454,12916.04,2023-11-01,Vigente
7679,1735,Oro,53810,36851.01,2023-02-11,Vigente
7680,3400,Platino,108622,27803.25,2023-06-30,Vigente
7681,5102,Oro,32022,7781.4,2026-08-15,Vigente
7682,3118,Clasica,18613,14880.4,2026-05-15,Cancelada
7683,5203,Clasica,12367,8383.26,2025-05-29,Vigente
7684,2090,Clasica,12099,5542.75,2025-07-05,Cancelada
7685,6794,Platino,121418,34874.46,2024-08-18,Bloqueada
7686,7799,Platino,92800,2559.39,2024-07-05,Vigente
7687,1881,Signature,266758,123403.66,2025-08-07,Vigente
7688,3240,Platino,78804,44968.18,2023-06-19,Vigente
7689,1053,Platino,79104,468.51,2024-05-05,Vigente
7690,4289,Clasica,18787,2994.85,2025-03-06,Bloqueada
7691,161,Platino,117438,67458.6,2025-10-03,Vigente
7692,4285,Signature,267577,861.89,2025-09-22,Bloqueada
7693,1323,Oro,39089,14225.78,2023-08-14,Bloqueada
7694,6926,Signature,190696,129945.73,2023-04-09,Cancelada
7695,5352,Signature,239309,87498.87,2026-04-22,Cancelada
7696,3882,Clasica,16775,12667.14,2025-09-07,Vigente
7697,7932,Platino,90877,19732.14,2024-01-10,Vigente
7698,6569,Signature,197072,55656.43,2024-04-04,Vigente
7699,4992,Clasica,12777,1841.46,2022-08-05,Vigente
7700,5540,Oro,32016,21345.7,2024-10-16,Vigente
7701,1955,Oro,51158,16786.22,2022-10-23,Vigente
7702,4675,Oro,46062,11168.52,2026-07-03,Vigente
7703,6614,Signature,274119,42046.3,2026-06-15,Vigente
7704,1598,Oro,52332,38475.71,2024-06-12,Bloqueada
7705,5497,Clasica,16750,6657.83,2025-11-20,Vigente
7706,352,Oro,45897,30626.33,2024-10-04,Bloqueada
7707,2913,Platino,83486,57985.83,2023-11-25,Vigente
7708,2846,Clasica,16343,10557.02,2023-01-04,Vigente
7709,2829,Platino,75064,36924.23,2024-08-01,Bloqueada
7710,7834,Signature,161022,64703.48,2026-06-02,Vigente
7711,5480,Oro,40023,19779.38,2025-07-31,Vigente
7712,7446,Signature,275388,219532.94,2023-05-13,Vigente
7713,6764,Oro,47441,6801.83,2022-11-14,Vigente
7714,278,Oro,54670,44971.94,2025-01-03,Cancelada
7715,5695,Oro,42250,4352.02,2023-10-10,Vigente
7716,3256,Clasica,12698,3847.44,2026-05-21,Vigente
7717,3052,Clasica,20225,9187.22,2025-09-23,Bloqueada
7718,4528,Oro,55628,1942.03,2025-06-05,Bloqueada
7719,2372,Platino,118995,28059.7,2026-03-24,Vigente
7720,6333,Signature,218818,167805.4,2023-10-04,Vigente
7721,1815,Signature,213220,39144.29,2025-09-30,Vigente
7722,6044,Platino,77078,29793.43,2026-07-10,Vigente
7723,7551,Oro,40984,20741.09,2023-07-28,Vigente
7724,3143,Clasica,12738,6684.92,2025-10-30,Bloqueada
7725,3043,Signature,252299,93885.27,2025-08-23,Vigente
7726,1119,Platino,99892,55603.08,2024-07-27,Vigente
7727,3362,Signature,225087,182635.57,2023-10-22,Cancelada
7728,7521,Clasica,18228,12680.12,2026-07-15,Cancelada
7729,6865,Clasica,16095,11444.08,2024-03-18,Vigente
7730,4750,Platino,77322,57215.7,2025-01-30,Vigente
7731,7029,Platino,92293,65754.49,2025-03-01,Vigente
7732,3220,Signature,218406,116716.06,2024-04-06,Bloqueada
7733,3081,Oro,33731,28307.38,2022-08-13,Vigente
7734,757,Oro,43625,6569.13,2025-01-11,Vigente
7735,3668,Platino,92294,23335.47,2025-03-28,Vigente
7736,7082,Oro,37314,20098.99,2026-01-19,Cancelada
7737,7498,Clasica,17425,12591.48,2023-08-21,Vigente
7738,723,Oro,34520,5463.06,2023-05-03,Vigente
7739,4877,Clasica,13169,10175.03,2025-03-22,Vigente
7740,5192,Signature,179932,139794.01,2024-03-07,Vigente
7741,6584,Signature,213201,142517.19,2023-02-20,Vigente
7742,5224,Clasica,18758,4752.37,2025-05-15,Vigente
7743,3420,Platino,120987,34029.12,2025-04-16,Cancelada
7744,3466,Signature,171481,81951.63,2022-08-05,Cancelada
7745,6030,Oro,51112,5046.23,2024-01-02,Cancelada
7746,1631,Oro,46451,27359.27,2023-01-10,Cancelada
7747,4460,Oro,36468,20633.72,2026-02-07,Vigente
7748,5327,Oro,35950,12640.56,2026-01-04,Cancelada
7749,6310,Signature,182487,67456.38,2026-06-25,Bloqueada
7750,7492,Oro,43127,24273.51,2024-10-27,Cancelada
7751,2387,Signature,196669,52106.83,2024-12-04,Vigente
7752,5380,Oro,37385,2897.84,2026-01-27,Vigente
7753,6413,Platino,84778,48287.26,2025-09-04,Vigente
7754,5745,Signature,161628,13943.99,2024-02-13,Vigente
7755,7354,Oro,38001,7660.67,2026-01-25,Bloqueada
7756,5567,Oro,55948,22395.3,2022-08-18,Vigente
7757,3824,Signature,231018,104754.43,2025-11-11,Bloqueada
7758,7695,Platino,101281,80929.06,2022-12-25,Vigente
7759,3630,Platino,93494,58073.96,2026-04-24,Vigente
7760,840,Signature,160189,44096.02,2026-01-17,Vigente
7761,589,Oro,32367,17153.73,2024-11-28,Vigente
7762,1866,Oro,54819,34998.92,2024-11-29,Vigente
7763,969,Signature,226854,179751.69,2025-11-15,Bloqueada
7764,3709,Platino,85654,390.52,2026-03-02,Vigente
7765,7179,Oro,48334,10807.6,2026-01-14,Vigente
7766,6017,Signature,166275,24505.97,2025-10-29,Vigente
7767,4378,Signature,272336,10950.27,2024-10-20,Cancelada
7768,6112,Signature,188314,36179.48,2024-08-24,Vigente
7769,1942,Oro,45044,37853.72,2025-04-03,Vigente
7770,6476,Oro,32994,462.47,2025-07-02,Vigente
7771,1709,Oro,32126,11528.02,2023-12-17,Vigente
7772,5740,Clasica,15610,4650.23,2025-04-17,Vigente
7773,2832,Signature,171467,124270.96,2024-02-28,Cancelada
7774,4167,Clasica,12699,976.26,2026-07-24,Vigente
7775,7421,Platino,106751,41940.43,2024-08-02,Bloqueada
7776,7398,Signature,200276,136107.37,2023-04-24,Vigente
7777,5432,Clasica,12627,6368.97,2023-10-10,Vigente
7778,6938,Clasica,17770,1020.27,2025-09-23,Vigente
7779,3971,Oro,55989,16647.85,2026-04-27,Vigente
7780,6632,Signature,246101,179967.51,2025-06-29,Vigente
7781,2005,Clasica,20954,14485.05,2025-08-07,Vigente
7782,6120,Signature,209859,161131.79,2022-09-18,Cancelada
7783,90,Signature,197989,78187.83,2025-12-29,Bloqueada
7784,1195,Oro,37646,701.78,2022-08-15,Vigente
7785,879,Oro,35301,3177.09,2024-12-20,Bloqueada
7786,1531,Platino,124179,6082.22,2025-10-05,Bloqueada
7787,3140,Signature,247271,68800.16,2023-04-13,Vigente
7788,7988,Clasica,13463,3257.24,2022-10-17,Vigente
7789,820,Platino,87050,8258.5,2024-04-13,Bloqueada
7790,1809,Clasica,17361,8648.78,2023-09-19,Vigente
7791,841,Oro,50159,40303.87,2023-04-30,Bloqueada
7792,3352,Signature,255088,120927.51,2025-07-20,Bloqueada
7793,1043,Clasica,16130,8556.69,2023-08-29,Cancelada
7794,6109,Platino,114007,39140.65,2023-05-01,Vigente
7795,1313,Platino,79562,13138.77,2023-09-23,Vigente
7796,5408,Platino,91820,31325.95,2026-01-25,Vigente
7797,6628,Oro,46906,16248.73,2025-05-22,Vigente
7798,456,Clasica,15213,9753.33,2023-03-31,Vigente
7799,1088,Oro,39144,14475.07,2025-11-20,Bloqueada
7800,7640,Clasica,14526,8215.07,2025-04-07,Vigente
7801,2273,Oro,51582,3904.98,2022-09-10,Vigente
7802,383,Platino,107064,44154.61,2023-01-27,Cancelada
7803,558,Platino,124475,89299.5,2024-10-26,Vigente
7804,5981,Platino,113200,52247.72,2023-09-21,Cancelada
7805,5794,Oro,32949,7363.34,2023-11-17,Cancelada
7806,7260,Signature,228527,80740.0,2023-06-27,Bloqueada
7807,6279,Platino,88324,59975.08,2024-03-23,Cancelada
7808,2408,Clasica,12790,10255.24,2023-03-19,Vigente
7809,1801,Platino,96715,25705.27,2024-10-22,Bloqueada
7810,1119,Clasica,15229,1069.36,2025-12-14,Vigente
7811,4914,Signature,271122,69406.08,2024-09-21,Bloqueada
7812,7316,Platino,115615,46278.57,2024-09-27,Vigente
7813,6166,Clasica,17214,13327.8,2022-08-30,Bloqueada
7814,7439,Clasica,14282,1274.49,2022-08-28,Cancelada
7815,3273,Oro,36010,7053.16,2022-09-03,Vigente
7816,1289,Signature,196010,21753.45,2026-07-13,Vigente
7817,4005,Oro,36645,12305.15,2026-07-12,Cancelada
7818,271,Oro,40651,12550.9,2023-05-09,Vigente
7819,7426,Signature,185417,32744.52,2023-01-06,Bloqueada
7820,6942,Oro,41047,32482.55,2024-08-26,Vigente
7821,6693,Platino,108944,25471.97,2026-03-03,Vigente
7822,4270,Platino,90063,53661.19,2025-12-06,Cancelada
7823,4435,Signature,161675,59716.4,2024-10-28,Vigente
7824,963,Clasica,18748,7330.43,2025-05-31,Vigente
7825,7845,Clasica,16072,10260.83,2026-05-19,Cancelada
7826,5748,Clasica,15358,11026.83,2025-11-07,Vigente
7827,2279,Platino,88957,30664.82,2023-03-06,Bloqueada
7828,539,Clasica,18891,5335.73,2024-12-27,Vigente
7829,5007,Signature,172991,49237.37,2023-11-17,Bloqueada
7830,3384,Oro,51265,17891.35,2023-11-01,Vigente
7831,6951,Platino,97843,6880.75,2024-12-16,Vigente
7832,7032,Platino,88433,38092.08,2026-04-20,Vigente
7833,3155,Oro,37520,30998.09,2023-12-23,Vigente
7834,1188,Platino,83109,20069.44,2026-01-11,Bloqueada
7835,3342,Clasica,15441,52.56,2024-03-25,Vigente
7836,3223,Signature,172331,51051.31,2023-10-03,Vigente
7837,545,Clasica,17284,674.06,2023-12-31,Vigente
7838,3107,Signature,205521,101867.53,2024-02-25,Vigente
7839,5990,Oro,38484,24096.05,2025-11-23,Vigente
7840,3875,Platino,88575,59052.62,2025-08-07,Vigente
7841,3677,Platino,78025,635.6,2024-09-09,Vigente
7842,2866,Platino,111086,33158.08,2024-01-25,Vigente
7843,5654,Clasica,17428,9554.65,2026-08-14,Bloqueada
7844,7148,Oro,50175,3967.38,2026-07-09,Cancelada
7845,2525,Platino,89472,51605.61,2024-03-18,Cancelada
7846,7615,Oro,48284,33174.91,2025-03-15,Vigente
7847,1441,Clasica,16075,3891.56,2024-10-28,Cancelada
7848,6215,Signature,163679,100324.21,2024-08-03,Vigente
7849,4665,Platino,123173,2354.53,2022-12-26,Vigente
7850,3700,Platino,95162,34850.66,2025-12-24,Vigente
7851,4714,Clasica,19519,7697.08,2023-03-19,Bloqueada
7852,3787,Clasica,13029,630.59,2023-11-14,Bloqueada
7853,3771,Clasica,15246,12950.77,2024-11-22,Vigente
7854,281,Clasica,20432,13442.26,2025-12-11,Vigente
7855,1901,Clasica,13973,4555.58,2023-06-06,Vigente
7856,7338,Clasica,19759,12572.0,2024-06-16,Vigente
7857,1768,Oro,34918,20796.99,2025-11-10,Vigente
7858,7204,Oro,42447,9817.54,2023-02-02,Vigente
7859,2517,Oro,51382,34587.44,2025-06-21,Vigente
7860,6951,Platino,74972,4205.03,2025-06-13,Cancelada
7861,1413,Oro,50033,26855.0,2025-04-27,Bloqueada
7862,45,Clasica,17831,9363.48,2024-12-27,Vigente
7863,7996,Platino,88237,59408.28,2024-10-23,Bloqueada
7864,4784,Platino,93908,69512.97,2026-01-21,Vigente
7865,2689,Signature,232225,96877.52,2025-12-29,Cancelada
7866,262,Signature,176032,28640.1,2024-11-30,Vigente
7867,4035,Platino,79794,43795.71,2022-12-17,Vigente
7868,3382,Platino,81284,13386.83,2022-11-05,Bloqueada
7869,3881,Platino,119634,13042.21,2024-09-26,Cancelada
7870,3621,Platino,76679,13052.16,2025-08-11,Cancelada
7871,6865,Clasica,14982,9520.02,2024-03-12,Bloqueada
7872,6642,Platino,124244,13644.63,2023-12-13,Vigente
7873,4360,Platino,110246,37870.46,2026-06-12,Vigente
7874,862,Signature,234758,51065.0,2024-03-23,Vigente
7875,1212,Platino,87035,50049.86,2022-09-10,Bloqueada
7876,3040,Oro,44037,21477.07,2024-02-25,Vigente
7877,850,Oro,54738,6900.35,2023-05-02,Vigente
7878,2695,Signature,206850,13119.02,2023-10-21,Vigente
7879,1830,Platino,81183,5903.43,2022-10-24,Bloqueada
7880,6911,Platino,76375,35162.55,2025-12-06,Vigente
7881,4549,Platino,90544,8029.24,2022-08-07,Cancelada
7882,4139,Clasica,12411,5733.95,2023-01-04,Vigente
7883,4708,Oro,40317,14150.16,2024-11-06,Cancelada
7884,7336,Platino,74163,11166.78,2026-07-20,Cancelada
7885,262,Oro,52145,40890.15,2023-06-02,Bloqueada
7886,3675,Platino,97004,19605.72,2022-09-02,Vigente
7887,2116,Oro,38191,18006.78,2023-11-01,Vigente
7888,5345,Platino,91995,32589.98,2025-09-16,Bloqueada
7889,373,Platino,124880,76023.27,2025-07-27,Cancelada
7890,2078,Platino,107251,36860.34,2023-01-08,Bloqueada
7891,4230,Oro,38111,8181.53,2024-09-17,Vigente
7892,3269,Oro,34894,21571.23,2023-07-06,Cancelada
7893,3946,Platino,75152,44697.69,2023-10-10,Vigente
7894,5151,Platino,82519,37400.36,2025-11-15,Bloqueada
7895,2568,Clasica,18238,7077.4,2025-02-17,Vigente
7896,6236,Clasica,16334,9258.01,2024-12-30,Vigente
7897,548,Platino,119445,3589.24,2023-02-01,Bloqueada
7898,6814,Signature,225449,142321.69,2026-05-20,Bloqueada
7899,1876,Signature,255640,95043.98,2024-12-06,Vigente
7900,7912,Platino,76674,29034.41,2023-02-23,Vigente
7901,6478,Platino,94124,18999.25,2024-09-19,Vigente
7902,6625,Clasica,17841,4895.71,2026-08-07,Vigente
7903,2315,Signature,221641,180112.38,2025-02-10,Cancelada
7904,266,Clasica,14265,3361.22,2023-06-19,Cancelada
7905,367,Clasica,17052,11041.37,2022-11-04,Vigente
7906,188,Clasica,16010,8773.34,2023-05-13,Bloqueada
7907,2317,Clasica,16890,978.47,2024-06-21,Vigente
7908,851,Clasica,14810,2992.15,2023-05-09,Vigente
7909,7297,Signature,279650,12034.46,2025-08-07,Bloqueada
7910,5303,Oro,33403,7632.05,2025-04-13,Vigente
7911,2564,Oro,47747,21631.7,2025-06-26,Cancelada
7912,2124,Platino,79153,37365.73,2023-11-12,Vigente
7913,4660,Signature,251937,194892.75,2022-10-15,Vigente
7914,4401,Oro,41849,34400.48,2024-11-06,Cancelada
7915,1473,Signature,183676,89021.77,2026-03-19,Vigente
7916,4916,Signature,216349,172809.0,2025-03-29,Cancelada
7917,852,Platino,119705,12683.13,2023-04-25,Vigente
7918,2802,Clasica,18453,1753.46,2025-05-18,Vigente
7919,1588,Signature,207298,52171.02,2023-06-03,Vigente
7920,6730,Platino,96294,9958.68,2023-04-28,Vigente
7921,503,Signature,233417,15272.92,2024-08-08,Cancelada
7922,1118,Clasica,18633,9054.02,2024-03-11,Vigente
7923,3601,Clasica,13458,9214.9,2024-03-11,Vigente
7924,6654,Oro,41976,22184.21,2025-11-15,Vigente
7925,2446,Signature,220338,97978.9,2022-09-27,Vigente
7926,6026,Platino,106950,83338.82,2024-08-08,Vigente
7927,7396,Signature,201152,40718.51,2023-09-08,Vigente
7928,1468,Signature,216542,97987.12,2025-01-13,Vigente
7929,7402,Clasica,20669,13631.76,2025-01-18,Cancelada
7930,7527,Platino,87592,53536.45,2023-02-04,Cancelada
7931,7576,Oro,43684,11877.5,2024-08-12,Cancelada
7932,2822,Signature,260777,195378.41,2025-11-28,Vigente
7933,726,Clasica,19349,8314.19,2025-08-04,Vigente
7934,6038,Signature,203965,155827.31,2025-09-30,Vigente
7935,7810,Clasica,12311,6.01,2023-05-09,Vigente
7936,3721,Clasica,20701,10237.18,2025-02-17,Vigente
7937,4958,Platino,97216,8424.0,2023-05-17,Vigente
7938,727,Clasica,20678,4673.05,2026-08-13,Vigente
7939,5230,Signature,267684,75403.53,2024-08-17,Cancelada
7940,3358,Platino,120139,65556.0,2024-12-21,Vigente
7941,5597,Signature,232828,26854.26,2026-08-15,Cancelada
7942,5829,Oro,38049,26438.24,2024-04-19,Vigente
7943,1233,Signature,222868,85413.32,2023-02-05,Vigente
7944,551,Oro,52603,25265.51,2022-09-30,Vigente
7945,541,Clasica,18431,10577.9,2023-11-27,Cancelada
7946,3083,Oro,51564,9966.95,2026-05-15,Vigente
7947,1698,Clasica,19323,10705.55,2022-09-04,Bloqueada
7948,7293,Platino,72074,46626.36,2022-08-25,Vigente
7949,1860,Oro,51069,34547.31,2025-08-05,Vigente
7950,3896,Clasica,13873,781.65,2023-09-08,Cancelada
7951,4637,Oro,54952,40739.93,2022-11-13,Cancelada
7952,4494,Signature,164139,108213.76,2026-07-15,Vigente
7953,5713,Signature,215988,19814.58,2022-08-23,Cancelada
7954,3164,Platino,95651,64420.33,2022-10-22,Vigente
7955,6807,Platino,107864,19813.7,2024-12-14,Bloqueada
7956,318,Platino,82336,32735.52,2026-03-25,Cancelada
7957,98,Oro,47758,26483.65,2026-04-12,Vigente
7958,1254,Platino,99664,79873.55,2026-01-11,Vigente
7959,5597,Oro,46904,35284.01,2023-07-02,Bloqueada
7960,5074,Oro,52747,43583.58,2024-03-19,Bloqueada
7961,5872,Platino,100700,74461.49,2024-11-29,Vigente
7962,2271,Platino,96762,71236.65,2022-09-14,Vigente
7963,6156,Oro,50893,24632.88,2024-07-02,Vigente
7964,6903,Platino,124871,23133.29,2023-11-16,Vigente
7965,6946,Clasica,17025,3193.3,2024-02-21,Vigente
7966,2825,Oro,51708,24032.04,2026-01-07,Bloqueada
7967,979,Platino,86233,39801.85,2023-12-14,Bloqueada
7968,1688,Platino,124179,71550.18,2024-08-08,Cancelada
7969,654,Oro,37023,28922.32,2022-08-04,Vigente
7970,4732,Platino,114639,31393.55,2026-01-10,Bloqueada
7971,5402,Signature,218031,114137.93,2023-01-31,Bloqueada
7972,6917,Clasica,13948,6655.34,2026-04-04,Bloqueada
7973,896,Oro,52006,7367.44,2023-04-12,Vigente
7974,7527,Oro,49088,34634.5,2023-03-12,Vigente
7975,2470,Clasica,19148,6806.8,2024-10-24,Vigente
7976,6519,Platino,75966,21586.28,2024-02-02,Cancelada
7977,122,Clasica,13159,6660.26,2023-08-30,Vigente
7978,6647,Signature,166248,25661.19,2024-12-02,Cancelada
7979,1094,Oro,45611,13365.02,2026-03-06,Vigente
7980,1642,Clasica,20963,1800.25,2025-12-18,Vigente
7981,5863,Clasica,20042,12943.19,2022-08-03,Vigente
7982,3550,Clasica,20937,10585.97,2024-06-12,Bloqueada
7983,4820,Oro,47486,31631.65,2023-06-13,Cancelada
7984,803,Platino,78137,21484.97,2025-01-31,Vigente
7985,3793,Signature,244489,68447.1,2022-09-14,Bloqueada
7986,306,Signature,232740,193637.27,2023-10-31,Vigente
7987,6266,Oro,40191,22044.32,2026-07-19,Vigente
7988,5959,Clasica,13422,2796.15,2025-01-31,Cancelada
7989,2939,Platino,98837,81700.67,2025-10-18,Cancelada
7990,1589,Clasica,20364,276.15,2024-03-22,Vigente
7991,4269,Platino,88621,49128.46,2025-08-07,Vigente
7992,4076,Clasica,16228,6347.03,2023-04-24,Vigente
7993,4181,Platino,95356,18579.8,2026-05-14,Bloqueada
7994,7788,Platino,92134,37336.0,2025-10-10,Vigente
7995,689,Clasica,13359,3564.03,2024-01-18,Vigente
7996,3831,Clasica,13298,8292.47,2023-01-22,Vigente
7997,4908,Platino,103165,28025.15,2026-01-19,Vigente
7998,1193,Clasica,14093,8768.1,2023-09-05,Cancelada
7999,6030,Platino,109882,69475.77,2026-08-19,Vigente
8000,2511,Platino,103500,11965.08,2024-02-27,Vigente
8001,3322,Clasica,13824,165.65,2023-12-23,Vigente
8002,4828,Platino,114932,68929.46,2022-08-12,Cancelada
8003,7060,Signature,277654,57504.44,2024-01-04,Cancelada
8004,2864,Signature,253969,64454.34,2026-05-27,Vigente
8005,2310,Platino,114495,88811.07,2024-05-04,Bloqueada
8006,7650,Clasica,15810,12515.42,2023-06-20,Vigente
8007,7353,Platino,74825,13531.86,2024-08-17,Bloqueada
8008,2178,Platino,75606,4317.31,2025-12-03,Bloqueada
8009,1683,Signature,250174,143065.58,2025-07-10,Bloqueada
8010,1969,Oro,42391,34935.51,2022-08-21,Vigente
8011,2206,Signature,179699,46731.15,2025-02-18,Vigente
8012,1939,Clasica,13363,449.09,2023-12-10,Vigente
8013,6780,Signature,270793,101497.75,2025-10-10,Vigente
8014,222,Signature,220113,32861.55,2025-06-23,Cancelada
8015,7439,Signature,194957,80629.68,2026-07-20,Cancelada
8016,2141,Signature,219552,124377.81,2022-12-21,Vigente
8017,256,Oro,38946,6558.19,2024-10-20,Vigente
8018,6159,Signature,250373,121256.14,2023-12-30,Bloqueada
8019,6153,Oro,33970,15579.32,2026-05-27,Cancelada
8020,2103,Signature,182572,116065.14,2025-03-03,Cancelada
8021,3079,Signature,168163,107481.6,2022-08-28,Cancelada
8022,1383,Signature,234268,9792.97,2026-03-09,Vigente
8023,4910,Signature,228092,64801.45,2026-02-18,Vigente
8024,1843,Oro,48661,11203.38,2025-08-22,Bloqueada
8025,3806,Platino,88518,47895.41,2026-05-17,Cancelada
8026,7656,Platino,107216,42466.75,2023-05-29,Bloqueada
8027,7906,Platino,116795,20201.03,2026-04-07,Vigente
8028,4363,Clasica,15646,886.29,2024-02-07,Vigente
8029,4502,Clasica,18102,1879.6,2025-12-24,Vigente
8030,1632,Clasica,15195,7210.5,2025-04-10,Vigente
8031,6820,Oro,50264,12450.55,2025-10-31,Bloqueada
8032,7182,Platino,85914,19814.49,2025-03-15,Bloqueada
8033,6249,Oro,55427,46284.39,2026-05-09,Vigente
8034,6396,Clasica,20430,1881.98,2023-12-01,Bloqueada
8035,3859,Platino,105361,82860.7,2025-10-05,Cancelada
8036,6223,Platino,117893,35045.19,2024-01-07,Vigente
8037,3072,Signature,264067,104040.14,2026-06-04,Vigente
8038,1517,Oro,53510,6099.15,2026-05-04,Vigente
8039,4057,Signature,182158,12928.58,2023-07-03,Vigente
8040,956,Platino,94120,19941.6,2024-08-31,Vigente
8041,156,Clasica,12941,2819.75,2026-08-02,Cancelada
8042,6758,Clasica,14289,11041.82,2025-02-15,Cancelada
8043,1032,Clasica,18509,13199.53,2026-01-09,Bloqueada
8044,1913,Clasica,12578,1218.83,2022-08-06,Cancelada
8045,7990,Platino,103823,5402.38,2025-02-19,Cancelada
8046,4513,Clasica,19471,10793.13,2024-09-29,Vigente
8047,6970,Platino,92217,54542.49,2024-11-08,Cancelada
8048,5807,Clasica,12074,6783.34,2023-02-21,Vigente
8049,4828,Clasica,18654,12478.86,2023-06-11,Vigente
8050,3903,Clasica,17463,5814.3,2024-12-17,Vigente
8051,7173,Platino,87332,579.17,2025-01-07,Vigente
8052,5656,Platino,94860,12756.47,2026-07-31,Bloqueada
8053,7993,Signature,265008,158710.37,2022-08-25,Vigente
8054,7400,Clasica,13220,3104.66,2026-07-27,Bloqueada
8055,745,Signature,256240,126283.54,2024-09-20,Cancelada
8056,636,Platino,87859,44911.38,2023-01-17,Cancelada
8057,7887,Platino,123061,9137.81,2023-09-17,Cancelada
8058,6091,Platino,107808,62413.21,2024-02-08,Vigente
8059,1067,Oro,37363,29982.92,2025-07-08,Vigente
8060,596,Platino,81972,38033.36,2026-01-14,Bloqueada
8061,6527,Platino,78178,34605.56,2026-07-29,Vigente
8062,6339,Signature,167093,32132.02,2025-03-30,Vigente
8063,2287,Signature,238353,80823.7,2022-11-22,Vigente
8064,2402,Oro,34521,9950.25,2026-01-26,Vigente
8065,6655,Clasica,20041,12375.93,2026-09-02,Vigente
8066,4827,Clasica,20053,8309.39,2026-01-10,Vigente
8067,4414,Oro,49142,20490.88,2023-09-09,Cancelada
8068,5500,Signature,238835,64749.46,2022-09-20,Cancelada
8069,2457,Oro,44028,7208.51,2025-12-08,Vigente
8070,2631,Signature,175865,129395.41,2022-11-10,Vigente
8071,7936,Signature,257534,47641.13,2025-05-19,Cancelada
8072,1314,Signature,217740,169629.18,2024-04-17,Cancelada
8073,4573,Platino,77260,7583.69,2024-11-13,Vigente
8074,5773,Platino,106678,82942.39,2024-02-15,Bloqueada
8075,6728,Clasica,18081,1411.55,2024-04-19,Vigente
8076,5868,Signature,251962,88489.71,2023-03-26,Vigente
8077,1302,Clasica,17442,2976.42,2024-03-26,Bloqueada
8078,3317,Platino,86076,48209.27,2023-11-10,Bloqueada
8079,4929,Platino,87270,53232.61,2023-04-13,Vigente
8080,4373,Platino,115977,6892.12,2026-08-19,Cancelada
8081,2753,Signature,260091,83569.75,2024-12-19,Vigente
8082,3279,Platino,112180,84965.92,2022-12-24,Vigente
8083,7627,Oro,37370,27011.15,2024-09-04,Vigente
8084,3820,Oro,32201,1615.49,2024-07-30,Bloqueada
8085,5385,Clasica,18173,5902.31,2024-05-14,Vigente
8086,7847,Clasica,16918,8497.72,2025-11-27,Vigente
8087,6098,Platino,93593,61952.67,2023-02-04,Bloqueada
8088,7598,Signature,173483,55319.44,2026-05-25,Cancelada
8089,7729,Platino,83829,21846.04,2025-10-06,Vigente
8090,5524,Signature,164898,98611.96,2025-07-23,Cancelada
8091,4626,Signature,171431,125166.35,2023-12-16,Bloqueada
8092,2894,Platino,75811,61852.61,2023-02-23,Vigente
8093,837,Platino,81098,12660.03,2025-10-28,Vigente
8094,5544,Clasica,18913,6213.1,2022-10-19,Vigente
8095,409,Platino,122965,83162.54,2026-09-02,Bloqueada
8096,996,Oro,53820,10035.59,2023-12-20,Bloqueada
8097,5325,Platino,108015,67481.6,2026-06-07,Vigente
8098,6107,Signature,269800,17937.92,2025-07-12,Cancelada
8099,639,Oro,41901,12050.12,2023-05-25,Cancelada
8100,7118,Signature,234417,160261.07,2025-03-23,Vigente
8101,268,Platino,82448,51178.24,2024-11-24,Bloqueada
8102,5064,Oro,34327,23617.48,2026-06-08,Bloqueada
8103,1716,Signature,257833,10530.47,2022-12-09,Vigente
8104,5881,Platino,99301,48398.12,2022-12-27,Bloqueada
8105,1722,Platino,73587,9106.64,2024-01-21,Cancelada
8106,6080,Platino,100842,73768.27,2024-12-12,Cancelada
8107,7793,Clasica,14074,6183.34,2025-10-21,Vigente
8108,3264,Signature,265936,168986.25,2026-06-07,Cancelada
8109,509,Signature,235243,15752.64,2023-02-02,Vigente
8110,6909,Oro,44237,30707.46,2023-09-21,Vigente
8111,1406,Platino,82873,66875.04,2026-07-15,Vigente
8112,6709,Clasica,17223,11644.55,2025-11-06,Cancelada
8113,3929,Platino,121287,41142.5,2022-11-12,Vigente
8114,7117,Clasica,14039,174.48,2025-12-24,Vigente
8115,5556,Platino,82851,2205.39,2023-12-05,Vigente
8116,7375,Signature,185021,91550.91,2022-10-07,Vigente
8117,4564,Platino,115787,6050.45,2023-05-06,Vigente
8118,6194,Clasica,19245,2663.64,2026-07-05,Bloqueada
8119,740,Oro,46027,37191.8,2026-04-17,Vigente
8120,2130,Oro,35074,8984.86,2024-04-18,Vigente
8121,2537,Oro,33069,14337.97,2022-08-08,Vigente
8122,200,Clasica,12477,6275.95,2022-12-22,Vigente
8123,3725,Signature,161487,40791.01,2026-06-12,Vigente
8124,2659,Platino,75106,42557.41,2025-04-07,Vigente
8125,2041,Platino,106323,81963.53,2024-05-08,Cancelada
8126,7834,Oro,41031,7708.23,2024-09-14,Cancelada
8127,2552,Clasica,20010,13163.92,2026-05-01,Bloqueada
8128,316,Oro,37769,9176.09,2025-09-12,Cancelada
8129,2029,Oro,34743,3982.38,2025-09-02,Vigente
8130,5075,Oro,37130,12561.47,2025-06-19,Cancelada
8131,4064,Clasica,19865,13423.34,2022-09-03,Vigente
8132,5754,Clasica,14016,9003.39,2025-11-19,Bloqueada
8133,819,Oro,37738,290.15,2022-10-11,Vigente
8134,4282,Clasica,18561,13848.88,2025-10-03,Bloqueada
8135,6722,Signature,279415,133225.83,2022-12-28,Vigente
8136,719,Clasica,17935,9562.4,2022-08-12,Vigente
8137,5416,Signature,222986,87083.36,2025-04-30,Cancelada
8138,6927,Oro,51704,28058.7,2025-06-12,Vigente
8139,5174,Platino,92774,3558.93,2026-05-06,Cancelada
8140,7795,Signature,234264,108149.1,2025-02-24,Vigente
8141,5334,Platino,89588,11514.08,2026-02-04,Vigente
8142,2450,Platino,74271,17038.87,2022-07-31,Vigente
8143,6451,Platino,74581,16605.85,2025-12-15,Bloqueada
8144,570,Signature,204363,109761.12,2024-08-25,Vigente
8145,7415,Clasica,18584,821.57,2023-04-14,Vigente
8146,3025,Oro,38740,32058.65,2026-07-11,Bloqueada
8147,1414,Oro,45044,13831.71,2025-10-27,Vigente
8148,6221,Oro,34013,23301.01,2022-08-29,Cancelada
8149,342,Oro,48887,298.35,2024-09-21,Cancelada
8150,4185,Signature,236379,100328.5,2023-08-13,Cancelada
8151,2663,Platino,105979,42486.43,2024-09-01,Bloqueada
8152,3024,Signature,176386,10112.45,2022-09-14,Bloqueada
8153,1763,Oro,44887,9125.21,2025-03-02,Vigente
8154,4627,Platino,107636,18224.76,2023-01-19,Vigente
8155,7688,Platino,103104,74985.85,2024-08-30,Vigente
8156,6203,Clasica,14714,9619.5,2025-11-17,Vigente
8157,5905,Platino,83368,56792.72,2023-10-04,Cancelada
8158,1293,Signature,230068,165836.2,2025-09-06,Vigente
8159,4116,Platino,116350,77166.43,2023-03-09,Bloqueada
8160,2194,Oro,46232,17050.83,2022-11-25,Vigente
8161,5121,Oro,36726,790.08,2024-09-05,Vigente
8162,4594,Clasica,15161,9738.59,2026-08-05,Vigente
8163,1299,Oro,32649,6730.81,2022-10-13,Cancelada
8164,4873,Signature,191237,84877.64,2026-04-20,Vigente
8165,4720,Oro,55446,25807.38,2026-06-29,Bloqueada
8166,4882,Platino,107864,90845.85,2023-11-06,Bloqueada
8167,1426,Platino,113924,3981.54,2024-12-24,Vigente
8168,5441,Clasica,17035,1353.47,2023-07-13,Vigente
8169,5727,Clasica,12585,6707.38,2023-04-03,Bloqueada
8170,5677,Oro,34071,24510.92,2024-03-10,Vigente
8171,5413,Platino,102570,6815.13,2026-04-30,Vigente
8172,6285,Oro,47864,8056.71,2023-11-25,Vigente
8173,2856,Oro,32253,27162.54,2023-12-24,Cancelada
8174,3305,Platino,90743,23828.22,2024-11-12,Cancelada
8175,6905,Oro,42349,9845.35,2025-05-10,Vigente
8176,803,Clasica,12093,8205.11,2025-12-13,Vigente
8177,5634,Platino,115137,75141.62,2026-04-06,Vigente
8178,570,Oro,42976,34322.36,2025-12-28,Cancelada
8179,7321,Signature,248103,6033.62,2025-11-30,Cancelada
8180,5099,Signature,254783,28951.35,2025-08-26,Vigente
8181,3201,Oro,34977,26229.29,2024-04-20,Vigente
8182,3801,Signature,176297,132889.26,2024-11-05,Cancelada
8183,2233,Signature,211532,15567.43,2024-11-30,Vigente
8184,4808,Signature,163800,72705.07,2022-10-02,Cancelada
8185,2860,Platino,116382,70310.98,2024-07-28,Vigente
8186,1840,Signature,241782,79555.86,2025-12-06,Bloqueada
8187,3232,Signature,181415,29749.28,2024-07-03,Vigente
8188,4820,Clasica,19447,6395.5,2024-11-04,Vigente
8189,4301,Signature,266003,106795.71,2022-09-10,Vigente
8190,551,Oro,40990,4095.7,2024-02-23,Vigente
8191,703,Clasica,18690,12180.14,2024-12-30,Cancelada
8192,1334,Platino,110399,62888.66,2025-05-25,Vigente
8193,3343,Clasica,19128,9812.23,2023-05-14,Bloqueada
8194,914,Platino,125241,25508.49,2025-10-07,Vigente
8195,4848,Platino,72664,31481.35,2022-09-04,Bloqueada
8196,7554,Signature,162843,118272.17,2025-06-25,Bloqueada
8197,4630,Platino,118540,58422.39,2024-09-17,Cancelada
8198,3670,Clasica,15748,9380.13,2025-08-06,Vigente
8199,4564,Platino,96930,76083.82,2024-11-01,Cancelada
8200,6071,Platino,118583,8952.39,2024-08-09,Vigente
8201,7911,Signature,256120,125770.38,2026-07-14,Vigente
8202,6303,Platino,83133,15835.56,2025-09-04,Vigente
8203,4942,Platino,122975,37685.78,2025-12-07,Cancelada
8204,2237,Oro,51815,34133.45,2024-07-01,Vigente
8205,3470,Clasica,12893,7149.11,2026-05-26,Cancelada
8206,2504,Signature,221499,133028.36,2025-08-25,Vigente
8207,6947,Clasica,13592,816.83,2025-03-17,Vigente
8208,655,Signature,181464,152781.51,2026-08-30,Cancelada
8209,2146,Oro,50873,14497.33,2026-08-10,Vigente
8210,6238,Platino,77300,61252.36,2022-08-29,Vigente
8211,2509,Signature,271246,227475.41,2025-07-16,Vigente
8212,6836,Oro,54856,42446.6,2023-01-21,Bloqueada
8213,4889,Signature,198854,5375.17,2026-03-23,Vigente
8214,6165,Signature,229456,96603.8,2023-05-13,Vigente
8215,6970,Signature,226834,50592.23,2025-09-04,Cancelada
8216,5436,Oro,41972,13098.78,2025-06-24,Bloqueada
8217,2654,Platino,98224,62324.77,2025-08-12,Vigente
8218,6549,Platino,117623,82601.08,2023-04-16,Cancelada
8219,2514,Clasica,19122,10078.45,2025-08-26,Bloqueada
8220,7756,Oro,48679,34274.07,2022-12-24,Vigente
8221,3614,Clasica,20303,8934.09,2023-01-17,Vigente
8222,213,Signature,261644,207958.82,2023-01-20,Cancelada
8223,4370,Signature,201276,6149.05,2024-02-11,Cancelada
8224,6462,Oro,44171,6259.8,2026-08-21,Vigente
8225,6102,Clasica,13676,8525.3,2026-04-25,Vigente
8226,6795,Clasica,13931,4175.87,2024-11-09,Vigente
8227,5725,Signature,249044,165592.85,2025-09-06,Cancelada
8228,4077,Clasica,17381,11547.52,2025-02-12,Vigente
8229,3317,Signature,188172,112909.79,2025-05-20,Cancelada
8230,7829,Platino,119452,76290.3,2023-10-28,Cancelada
8231,649,Signature,229596,159159.73,2024-06-04,Cancelada
8232,862,Platino,114902,61200.0,2024-01-27,Vigente
8233,6208,Platino,76262,32877.34,2024-08-17,Vigente
8234,2884,Oro,51817,28942.02,2024-06-28,Cancelada
8235,1956,Clasica,14597,2006.12,2023-02-05,Bloqueada
8236,5603,Signature,242744,129546.74,2024-07-02,Vigente
8237,5321,Platino,87742,9370.77,2025-02-18,Cancelada
8238,746,Signature,213917,178497.46,2023-06-12,Vigente
8239,571,Clasica,14285,579.89,2026-07-12,Vigente
8240,116,Signature,198978,6024.55,2025-11-17,Vigente
8241,3752,Platino,124565,843.21,2023-04-17,Vigente
8242,430,Oro,46167,29434.12,2025-10-21,Vigente
8243,7389,Signature,204966,164823.17,2025-07-10,Vigente
8244,5339,Clasica,15112,1258.92,2024-10-10,Bloqueada
8245,2834,Signature,170940,17666.97,2023-09-28,Vigente
8246,3897,Oro,44653,30825.98,2022-11-29,Vigente
8247,7151,Signature,201900,107075.1,2024-07-19,Vigente
8248,459,Signature,237448,27767.89,2023-12-16,Vigente
8249,6385,Clasica,18644,7288.9,2023-12-27,Vigente
8250,1835,Platino,74791,19619.7,2023-08-25,Vigente
8251,5525,Platino,75395,43115.7,2023-05-08,Vigente
8252,7628,Platino,97009,13626.62,2025-07-09,Vigente
8253,900,Clasica,19589,15615.57,2025-08-26,Vigente
8254,7564,Oro,48203,378.68,2025-06-07,Vigente
8255,6492,Clasica,14933,10377.3,2023-12-08,Bloqueada
8256,2299,Oro,51817,23548.98,2023-09-13,Vigente
8257,7911,Clasica,18927,4754.85,2025-10-08,Vigente
8258,2013,Oro,39307,30612.7,2025-12-26,Bloqueada
8259,6436,Clasica,17047,3208.13,2026-05-30,Cancelada
8260,6289,Platino,90084,50798.41,2024-01-11,Bloqueada
8261,4547,Platino,125082,20399.01,2023-03-05,Vigente
8262,6522,Oro,55621,12571.66,2023-04-01,Vigente
8263,1732,Oro,55388,13945.46,2025-06-17,Vigente
8264,4787,Signature,278337,150068.36,2026-04-13,Vigente
8265,3503,Signature,189334,116592.1,2026-06-07,Vigente
8266,1295,Signature,172366,90059.11,2023-06-24,Bloqueada
8267,3048,Signature,160890,50765.74,2023-04-03,Cancelada
8268,3636,Platino,89820,41302.36,2025-04-30,Bloqueada
8269,3113,Oro,55016,11786.98,2024-07-03,Vigente
8270,6454,Signature,178343,129736.11,2024-01-11,Vigente
8271,3150,Oro,39222,24034.23,2025-01-29,Bloqueada
8272,4275,Oro,50040,17813.95,2023-03-25,Vigente
8273,4578,Oro,45991,564.48,2026-08-14,Cancelada
8274,2171,Oro,38639,25932.82,2024-02-22,Bloqueada
8275,1232,Platino,116957,66981.2,2025-08-22,Bloqueada
8276,129,Clasica,18417,6395.78,2025-01-03,Vigente
8277,3526,Oro,51927,34640.93,2024-11-14,Vigente
8278,6334,Platino,102907,46341.57,2023-06-11,Vigente
8279,3409,Clasica,17509,2720.01,2025-10-07,Bloqueada
8280,897,Signature,241986,53787.52,2025-12-28,Vigente
8281,226,Signature,204018,60955.65,2026-07-04,Vigente
8282,5801,Clasica,15473,13036.64,2026-07-17,Vigente
8283,3871,Platino,122936,24956.96,2025-05-30,Vigente
8284,3196,Signature,194657,96237.11,2023-09-13,Cancelada
8285,4406,Signature,191524,157622.39,2024-04-25,Vigente
8286,3224,Signature,229780,79919.41,2026-08-17,Vigente
8287,1518,Clasica,12962,1345.29,2023-07-23,Vigente
8288,6373,Oro,43824,26995.94,2024-01-30,Vigente
8289,7534,Signature,176813,95912.36,2022-08-06,Bloqueada
8290,7125,Platino,123285,19226.71,2024-01-25,Bloqueada
8291,3424,Platino,81478,59387.92,2025-01-04,Bloqueada
8292,1881,Oro,54021,39566.34,2025-05-18,Vigente
8293,2052,Platino,113728,85108.87,2025-12-02,Bloqueada
8294,1044,Platino,97352,41544.12,2026-07-01,Cancelada
8295,2515,Oro,45649,8267.05,2025-07-10,Vigente
8296,4796,Clasica,18378,14209.75,2026-05-07,Cancelada
8297,1391,Clasica,16046,912.66,2025-07-23,Vigente
8298,3111,Oro,40177,11773.92,2023-05-05,Vigente
8299,5166,Oro,53392,23853.1,2024-02-19,Vigente
8300,3109,Clasica,13101,2548.33,2023-11-27,Cancelada
8301,4153,Clasica,16629,6847.94,2023-02-15,Vigente
8302,3789,Platino,76791,25905.45,2024-10-25,Bloqueada
8303,7552,Signature,247561,183480.28,2026-04-20,Bloqueada
8304,2455,Platino,85098,24021.89,2025-01-09,Bloqueada
8305,5939,Signature,187196,111780.56,2025-07-12,Bloqueada
8306,6497,Platino,103314,42096.14,2023-08-30,Vigente
8307,6633,Platino,115632,9099.42,2025-02-26,Vigente
8308,2992,Signature,239108,34343.94,2026-04-03,Vigente
8309,2990,Clasica,20583,6763.27,2024-01-18,Bloqueada
8310,7965,Oro,45450,2198.18,2024-08-02,Bloqueada
8311,6286,Platino,96974,1472.43,2026-07-03,Cancelada
8312,795,Platino,116496,5242.42,2023-10-31,Vigente
8313,3370,Signature,218403,146337.3,2026-08-06,Vigente
8314,7954,Signature,259452,115248.29,2023-03-31,Vigente
8315,3015,Oro,36060,12635.57,2024-05-11,Bloqueada
8316,4560,Clasica,19118,8682.23,2026-01-29,Bloqueada
8317,2355,Clasica,16726,1058.16,2023-11-12,Bloqueada
8318,5188,Clasica,19990,3396.94,2022-11-10,Vigente
8319,5924,Signature,232090,47159.86,2025-06-07,Vigente
8320,158,Signature,177072,112959.78,2026-06-20,Vigente
8321,7771,Clasica,15138,2135.96,2025-07-20,Vigente
8322,3516,Oro,54841,39389.1,2025-11-03,Bloqueada
8323,2706,Platino,122291,4811.24,2023-01-27,Vigente
8324,6519,Platino,114719,15122.48,2023-06-01,Vigente
8325,785,Clasica,16854,13367.05,2026-01-14,Bloqueada
8326,1382,Signature,259253,209590.23,2024-05-22,Bloqueada
8327,5693,Signature,176497,120382.0,2026-01-06,Vigente
8328,3158,Platino,97365,41397.76,2026-03-03,Vigente
8329,6130,Signature,190823,60786.34,2023-12-10,Vigente
8330,475,Platino,87083,46094.21,2022-09-14,Vigente
8331,4613,Signature,190786,149309.08,2024-05-11,Cancelada
8332,7234,Clasica,19767,9070.31,2024-07-11,Bloqueada
8333,864,Clasica,19938,249.33,2024-09-16,Vigente
8334,2475,Clasica,13065,4234.3,2026-08-21,Vigente
8335,6854,Clasica,17942,4821.77,2025-05-07,Cancelada
8336,1432,Platino,99049,21552.51,2026-03-27,Vigente
8337,6480,Platino,91224,9407.77,2024-06-23,Cancelada
8338,6554,Signature,200168,159406.83,2026-07-07,Bloqueada
8339,6052,Signature,192164,114371.64,2025-01-09,Cancelada
8340,4881,Signature,267990,148103.11,2023-01-05,Bloqueada
8341,549,Oro,32332,13182.04,2024-09-23,Vigente
8342,6349,Oro,43668,3638.47,2024-09-28,Vigente
8343,2833,Signature,177678,137514.19,2026-04-23,Vigente
8344,7551,Platino,118622,39053.59,2024-11-07,Vigente
8345,6143,Oro,51224,10346.98,2026-04-05,Vigente
8346,3462,Oro,42760,32712.05,2026-01-12,Vigente
8347,137,Clasica,15855,13136.08,2025-02-22,Cancelada
8348,6913,Platino,118527,9564.28,2026-01-14,Cancelada
8349,2096,Platino,110824,37325.7,2026-07-06,Vigente
8350,3104,Clasica,19342,9951.86,2023-08-24,Vigente
8351,3942,Signature,170190,16248.17,2023-01-05,Vigente
8352,7891,Signature,176384,45575.6,2022-10-31,Vigente
8353,130,Platino,112181,71360.91,2023-10-29,Vigente
8354,2697,Clasica,19507,10780.26,2026-05-21,Bloqueada
8355,5564,Oro,36903,9371.62,2023-03-29,Bloqueada
8356,7931,Oro,48340,5532.23,2024-10-27,Vigente
8357,4615,Clasica,13241,1508.82,2022-09-01,Vigente
8358,816,Oro,32227,8319.16,2022-12-26,Bloqueada
8359,6334,Signature,257869,211602.03,2026-07-29,Vigente
8360,2719,Platino,112226,87411.91,2025-08-09,Vigente
8361,6272,Oro,36254,26476.31,2023-02-21,Bloqueada
8362,6284,Clasica,19709,5381.71,2026-06-08,Bloqueada
8363,5969,Clasica,19558,15181.84,2026-06-03,Cancelada
8364,3436,Platino,95358,1866.09,2026-01-15,Vigente
8365,2998,Signature,263305,113829.48,2025-01-26,Vigente
8366,6300,Clasica,13413,1141.51,2023-09-01,Bloqueada
8367,7279,Signature,242220,115406.32,2023-07-11,Vigente
8368,2913,Oro,49088,6463.4,2025-03-19,Bloqueada
8369,7962,Clasica,15554,9539.65,2023-05-24,Cancelada
8370,746,Clasica,14726,5049.91,2023-01-12,Cancelada
8371,4656,Platino,100007,26099.9,2025-10-13,Vigente
8372,5154,Clasica,14970,8488.28,2026-07-17,Cancelada
8373,5658,Oro,34384,23443.03,2026-02-23,Bloqueada
8374,2752,Signature,266186,149857.17,2023-03-29,Vigente
8375,3299,Oro,52250,43646.19,2024-08-02,Bloqueada
8376,1112,Platino,83300,56575.45,2023-05-25,Cancelada
8377,78,Oro,55611,6370.71,2024-02-06,Vigente
8378,1949,Oro,43705,34917.45,2025-06-23,Vigente
8379,657,Oro,54015,43677.26,2024-12-11,Cancelada
8380,4262,Clasica,12287,761.66,2026-04-28,Vigente
8381,7295,Clasica,13050,3046.64,2025-06-01,Cancelada
8382,6257,Clasica,16737,1703.27,2022-09-29,Vigente
8383,1833,Signature,189813,96096.21,2024-02-26,Cancelada
8384,5196,Clasica,13534,5514.99,2024-12-22,Vigente
8385,1962,Clasica,20220,1541.92,2024-10-20,Bloqueada
8386,676,Oro,49724,9643.18,2023-04-22,Vigente
8387,3045,Clasica,20509,8481.84,2023-10-13,Vigente
8388,7195,Clasica,12717,5113.52,2025-10-17,Cancelada
8389,1795,Oro,42336,8007.61,2024-10-25,Vigente
8390,7259,Platino,89854,13346.33,2023-12-24,Vigente
8391,7035,Oro,32149,2270.08,2025-05-05,Vigente
8392,5967,Clasica,12024,4215.04,2026-01-15,Bloqueada
8393,1132,Clasica,16179,2386.7,2023-09-14,Vigente
8394,78,Platino,125946,66259.84,2024-01-20,Vigente
8395,5306,Oro,38099,15655.63,2023-10-15,Vigente
8396,6775,Oro,38619,29376.71,2024-04-02,Cancelada
8397,6,Platino,85529,40819.11,2023-04-09,Vigente
8398,3393,Platino,107652,50524.93,2022-08-16,Vigente
8399,7033,Signature,162345,40941.69,2025-08-03,Vigente
8400,1334,Clasica,14479,1747.87,2025-04-15,Vigente
8401,7091,Clasica,14993,3201.12,2025-04-24,Cancelada
8402,3005,Clasica,17508,3502.91,2024-11-15,Vigente
8403,1773,Oro,35373,8271.88,2023-12-01,Vigente
8404,940,Signature,227886,147277.82,2023-11-18,Vigente
8405,1631,Platino,88077,44523.44,2023-12-28,Cancelada
8406,2278,Signature,262188,47652.69,2023-05-06,Cancelada
8407,2586,Clasica,16602,10703.93,2026-01-20,Vigente
8408,3731,Clasica,15996,3682.76,2022-07-28,Vigente
8409,7635,Clasica,17738,14780.5,2024-12-29,Vigente
8410,532,Signature,237205,147780.51,2023-06-05,Vigente
8411,2447,Oro,37990,4376.95,2025-11-15,Vigente
8412,3436,Clasica,19362,10652.1,2024-04-27,Vigente
8413,5875,Signature,259036,184287.0,2023-06-21,Vigente
8414,1076,Oro,40339,14325.39,2024-03-18,Bloqueada
8415,6033,Oro,43470,31911.73,2024-07-24,Vigente
8416,549,Clasica,12676,4916.42,2025-03-04,Bloqueada
8417,3463,Platino,83921,21547.63,2022-09-18,Vigente
8418,7070,Oro,35728,11272.66,2026-06-12,Vigente
8419,461,Signature,173360,6191.3,2026-08-16,Cancelada
8420,2844,Clasica,13851,1167.05,2024-03-02,Cancelada
8421,3756,Signature,187137,78377.2,2024-12-15,Vigente
8422,7076,Clasica,16138,9171.48,2025-01-20,Vigente
8423,4601,Platino,101550,11592.69,2025-03-15,Vigente
8424,403,Signature,225800,34431.33,2023-05-03,Vigente
8425,5823,Clasica,20828,12191.19,2025-09-17,Vigente
8426,3664,Oro,43473,6546.8,2022-11-22,Cancelada
8427,6764,Clasica,16416,12717.77,2023-08-15,Vigente
8428,5101,Platino,101166,77871.69,2024-09-06,Cancelada
8429,513,Oro,45854,37964.66,2022-10-22,Vigente
8430,5329,Signature,253150,192284.59,2024-05-01,Cancelada
8431,6511,Platino,110420,23208.61,2023-04-06,Vigente
8432,6075,Signature,238373,8623.64,2023-05-18,Vigente
8433,5074,Oro,55443,46944.42,2024-03-15,Cancelada
8434,414,Platino,87817,70516.64,2024-01-19,Bloqueada
8435,7022,Clasica,18624,12132.87,2024-07-25,Vigente
8436,7160,Clasica,17849,5575.77,2026-02-19,Vigente
8437,2913,Signature,196936,147472.08,2025-07-04,Bloqueada
8438,1028,Signature,270074,93891.68,2026-06-19,Vigente
8439,7730,Signature,279196,184316.15,2023-10-07,Vigente
8440,5367,Platino,115567,10369.16,2023-02-05,Cancelada
8441,4223,Clasica,13452,868.59,2023-04-30,Cancelada
8442,717,Clasica,16646,7542.0,2026-02-08,Bloqueada
8443,5489,Platino,97580,37620.58,2025-01-19,Vigente
8444,6177,Oro,53114,23318.84,2024-06-24,Vigente
8445,3793,Oro,37319,3536.34,2025-07-15,Vigente
8446,7790,Platino,99451,47565.26,2025-05-02,Vigente
8447,2957,Clasica,18265,11220.54,2022-11-23,Cancelada
8448,2067,Clasica,14610,6420.02,2024-02-11,Bloqueada
8449,6242,Clasica,13942,6332.75,2023-01-27,Vigente
8450,3924,Clasica,15656,3778.5,2022-10-14,Bloqueada
8451,383,Oro,42137,16300.84,2024-11-11,Vigente
8452,5877,Oro,34968,24138.01,2025-12-19,Vigente
8453,4721,Clasica,14331,953.83,2024-05-20,Vigente
8454,4035,Signature,279287,205226.86,2025-08-28,Cancelada
8455,6433,Signature,195930,76592.61,2022-09-20,Vigente
8456,5392,Platino,108449,26298.38,2026-06-13,Vigente
8457,6808,Signature,176162,127769.31,2023-07-05,Vigente
8458,3590,Oro,34368,25650.33,2023-01-28,Vigente
8459,6174,Platino,111350,82466.62,2026-02-09,Vigente
8460,4787,Signature,167305,68833.95,2026-06-04,Vigente
8461,2190,Oro,36019,18365.27,2022-07-29,Vigente
8462,2584,Oro,45266,27383.67,2023-07-26,Vigente
8463,1046,Oro,41167,12248.33,2025-09-24,Bloqueada
8464,667,Clasica,20473,10094.55,2026-05-05,Vigente
8465,3849,Signature,191889,133488.58,2025-01-21,Vigente
8466,317,Platino,79646,21314.64,2023-04-21,Bloqueada
8467,1202,Clasica,20181,606.35,2024-07-06,Vigente
8468,1594,Clasica,20540,13573.78,2023-11-22,Vigente
8469,7395,Platino,111209,32356.62,2022-08-04,Bloqueada
8470,4639,Oro,50270,40642.05,2024-07-20,Vigente
8471,3261,Signature,205130,138271.43,2026-01-08,Vigente
8472,5783,Oro,50686,39585.88,2023-10-19,Vigente
8473,3645,Platino,111935,75245.47,2023-02-12,Bloqueada
8474,2351,Platino,101054,81441.61,2026-03-13,Vigente
8475,7444,Clasica,17700,12083.03,2025-04-30,Cancelada
8476,6143,Platino,91547,56995.07,2023-04-21,Vigente
8477,5017,Oro,32812,20593.92,2022-09-03,Cancelada
8478,405,Signature,160510,97666.04,2022-11-18,Cancelada
8479,5893,Oro,42755,17500.12,2024-05-07,Bloqueada
8480,4699,Clasica,16894,2002.12,2026-01-10,Vigente
8481,2602,Clasica,13257,5384.05,2024-04-15,Vigente
8482,3818,Platino,115923,62180.18,2024-08-29,Vigente
8483,331,Signature,194056,70047.51,2024-07-03,Vigente
8484,1815,Clasica,19007,5261.03,2023-08-28,Cancelada
8485,7685,Signature,176117,46832.41,2025-12-19,Vigente
8486,7863,Signature,171991,139124.53,2024-10-06,Bloqueada
8487,4721,Platino,120275,73325.81,2023-04-30,Vigente
8488,5613,Signature,198885,30225.48,2026-08-15,Vigente
8489,5090,Clasica,12861,1279.17,2023-06-14,Bloqueada
8490,1097,Clasica,15442,4657.77,2024-02-19,Vigente
8491,7993,Clasica,12468,1561.86,2026-06-01,Vigente
8492,315,Clasica,14678,8276.09,2026-05-25,Bloqueada
8493,5496,Clasica,19305,4144.77,2024-07-14,Vigente
8494,3665,Clasica,14849,11036.54,2026-05-29,Vigente
8495,7483,Signature,187255,35137.65,2024-05-24,Vigente
8496,6926,Platino,121262,80020.09,2024-06-20,Cancelada
8497,137,Platino,81827,62957.0,2024-06-21,Cancelada
8498,2049,Oro,50622,9238.54,2025-05-26,Vigente
8499,3962,Platino,118827,72476.33,2023-08-15,Cancelada
8500,3050,Platino,88620,67010.81,2024-06-06,Vigente
8501,4362,Oro,41057,7228.37,2022-10-26,Cancelada
8502,7283,Signature,235472,132786.95,2022-10-29,Vigente
8503,5448,Clasica,14459,9598.3,2024-09-30,Cancelada
8504,47,Platino,103827,30028.02,2022-10-09,Vigente
8505,5693,Clasica,13834,11175.56,2022-09-24,Bloqueada
8506,4706,Oro,48314,11764.57,2023-04-03,Vigente
8507,7196,Oro,54736,28394.99,2026-03-30,Vigente
8508,1825,Clasica,18592,10854.7,2024-03-31,Vigente
8509,973,Oro,49928,3486.8,2025-10-05,Vigente
8510,2187,Platino,82042,41680.63,2026-02-25,Cancelada
8511,1436,Signature,249871,135404.91,2026-04-26,Vigente
8512,7809,Signature,271130,99369.07,2025-08-28,Bloqueada
8513,3254,Oro,52235,3440.09,2026-03-22,Cancelada
8514,1188,Signature,209420,11584.56,2022-10-19,Vigente
8515,2361,Signature,272326,146726.81,2025-06-08,Vigente
8516,5054,Oro,54778,44737.63,2023-10-02,Vigente
8517,1175,Platino,89714,53906.51,2024-05-27,Vigente
8518,5685,Signature,183544,68420.01,2026-02-14,Cancelada
8519,5902,Platino,122007,22620.72,2024-10-25,Vigente
8520,1217,Oro,54553,39364.54,2025-12-26,Vigente
8521,2484,Clasica,15567,3918.05,2022-08-12,Bloqueada
8522,619,Platino,111425,23666.27,2026-02-15,Vigente
8523,1394,Signature,162450,12532.08,2025-03-31,Vigente
8524,7887,Platino,125377,92996.16,2024-02-27,Bloqueada
8525,6431,Clasica,19978,3894.9,2024-12-30,Vigente
8526,4287,Oro,32720,11426.21,2024-05-02,Bloqueada
8527,5926,Clasica,15473,1823.78,2024-07-28,Vigente
8528,41,Clasica,14945,12147.4,2026-04-19,Vigente
8529,1952,Clasica,13741,8844.58,2022-07-31,Bloqueada
8530,537,Clasica,18175,10085.34,2023-03-24,Bloqueada
8531,170,Oro,36485,16099.29,2025-08-01,Vigente
8532,431,Platino,87436,32760.65,2022-08-13,Vigente
8533,5578,Oro,51288,7619.53,2025-10-09,Vigente
8534,5897,Platino,72003,51520.12,2026-06-20,Bloqueada
8535,3000,Clasica,17845,14734.01,2024-05-08,Cancelada
8536,7880,Signature,199654,9876.84,2025-03-19,Vigente
8537,3695,Oro,46796,35644.82,2024-03-12,Bloqueada
8538,1764,Oro,55918,24173.18,2026-02-04,Cancelada
8539,7520,Signature,194572,31586.49,2024-06-29,Vigente
8540,6645,Platino,115594,18973.09,2022-12-15,Vigente
8541,7117,Oro,42476,23065.48,2023-10-09,Vigente
8542,2059,Platino,115085,54371.65,2022-09-09,Vigente
8543,920,Signature,165015,118187.83,2025-09-21,Vigente
8544,7158,Oro,34773,18457.93,2022-12-18,Vigente
8545,1347,Oro,36666,18357.58,2022-11-27,Vigente
8546,3208,Clasica,12449,8613.39,2022-09-06,Vigente
8547,1170,Oro,47898,11855.84,2022-07-28,Cancelada
8548,4627,Platino,122807,99305.32,2026-06-14,Vigente
8549,3233,Clasica,18698,9818.03,2023-01-16,Vigente
8550,4957,Signature,161477,55090.41,2025-08-04,Vigente
8551,7664,Oro,37605,10742.54,2024-08-22,Vigente
8552,264,Platino,122615,75480.21,2026-06-23,Cancelada
8553,7035,Oro,40562,21344.47,2026-07-28,Vigente
8554,1820,Signature,236493,77156.95,2025-02-10,Cancelada
8555,1234,Signature,272225,78797.79,2023-07-27,Vigente
8556,7853,Clasica,18815,6148.07,2026-05-08,Vigente
8557,4565,Platino,118609,38636.28,2025-12-20,Cancelada
8558,7784,Clasica,19828,7153.43,2023-06-09,Vigente
8559,3606,Clasica,15565,4272.55,2025-01-08,Vigente
8560,6908,Oro,55772,42915.79,2025-11-08,Vigente
8561,942,Clasica,13348,7357.95,2025-11-24,Bloqueada
8562,3755,Platino,82850,3909.85,2024-09-27,Vigente
8563,6908,Oro,35567,5358.98,2024-09-20,Cancelada
8564,3799,Clasica,15999,6047.95,2023-07-26,Bloqueada
8565,3466,Platino,97343,64353.84,2024-03-13,Bloqueada
8566,6476,Clasica,12483,10210.41,2023-03-23,Bloqueada
8567,2569,Oro,48850,15397.43,2024-07-08,Vigente
8568,910,Platino,92852,35242.9,2025-12-22,Bloqueada
8569,571,Clasica,16894,7192.41,2022-10-14,Vigente
8570,7751,Clasica,20542,5947.69,2023-09-30,Cancelada
8571,7853,Platino,99870,75598.94,2023-08-11,Bloqueada
8572,6792,Platino,115324,35164.18,2023-08-06,Bloqueada
8573,643,Clasica,13549,9951.48,2026-08-24,Vigente
8574,548,Signature,274897,192093.02,2023-01-07,Cancelada
8575,2972,Platino,112109,92611.17,2025-05-18,Cancelada
8576,645,Signature,253939,92992.9,2025-05-03,Vigente
8577,1401,Oro,51231,6086.52,2026-08-08,Vigente
8578,5263,Oro,38673,20796.04,2023-05-06,Cancelada
8579,3500,Signature,207524,170633.51,2025-02-10,Vigente
8580,2060,Oro,45113,34983.45,2022-12-31,Vigente
8581,5559,Clasica,18793,4583.96,2023-05-21,Vigente
8582,2730,Clasica,14143,3082.11,2023-01-06,Cancelada
8583,4674,Signature,187684,134987.98,2026-02-16,Vigente
8584,3313,Platino,91002,36925.27,2022-10-25,Vigente
8585,4881,Signature,225710,25644.27,2024-07-28,Cancelada
8586,6442,Oro,37986,1047.82,2022-12-13,Cancelada
8587,5381,Clasica,17507,8126.85,2023-12-24,Cancelada
8588,3857,Signature,190541,60070.68,2026-03-25,Vigente
8589,299,Platino,119645,16186.89,2024-03-09,Vigente
8590,3440,Platino,85055,65681.27,2023-04-05,Vigente
8591,2981,Signature,259917,161437.28,2025-11-24,Vigente
8592,5286,Platino,117905,46159.87,2025-12-18,Vigente
8593,3960,Clasica,19727,809.19,2025-06-10,Bloqueada
8594,4838,Platino,104681,11066.9,2026-04-20,Bloqueada
8595,972,Signature,202744,33002.87,2025-09-11,Cancelada
8596,1810,Platino,98282,7545.96,2026-06-27,Vigente
8597,7768,Platino,116893,74073.52,2026-01-31,Vigente
8598,5886,Clasica,17241,7852.81,2024-06-06,Vigente
8599,7251,Oro,52901,1301.92,2023-09-04,Vigente
8600,6040,Platino,123138,48175.43,2025-05-21,Vigente
8601,3401,Signature,268243,150164.44,2022-08-24,Vigente
8602,4370,Signature,267993,98542.93,2026-06-24,Vigente
8603,5064,Oro,42063,9139.79,2024-10-15,Vigente
8604,2020,Signature,270037,145611.07,2026-07-30,Vigente
8605,3296,Clasica,14336,7311.26,2026-04-11,Vigente
8606,4437,Oro,37339,29630.89,2025-06-19,Vigente
8607,4489,Clasica,20556,12741.3,2026-04-22,Bloqueada
8608,697,Signature,191973,91038.0,2025-07-17,Bloqueada
8609,3768,Signature,258593,53238.02,2025-12-17,Vigente
8610,7536,Oro,39716,940.64,2023-06-14,Vigente
8611,4373,Oro,46704,38817.43,2025-06-18,Vigente
8612,2929,Platino,105773,2855.07,2024-11-08,Vigente
8613,379,Clasica,18151,6498.36,2024-08-26,Bloqueada
8614,2902,Oro,41228,732.21,2022-08-16,Vigente
8615,2887,Oro,38194,14689.38,2026-04-21,Vigente
8616,6669,Clasica,20505,10626.76,2026-05-06,Vigente
8617,5991,Platino,111741,80944.74,2025-02-21,Bloqueada
8618,4068,Oro,43991,11537.49,2024-10-15,Vigente
8619,728,Signature,226441,125926.18,2024-09-24,Vigente
8620,5123,Clasica,17945,12066.96,2026-04-24,Vigente
8621,7749,Platino,107048,16862.63,2024-09-17,Vigente
8622,2914,Oro,46101,29230.74,2026-04-04,Vigente
8623,5295,Clasica,16543,1008.09,2023-04-25,Vigente
8624,6212,Oro,48108,32230.57,2023-02-16,Vigente
8625,4286,Platino,79024,45912.25,2026-08-06,Vigente
8626,2361,Platino,94083,16456.07,2026-03-07,Vigente
8627,397,Signature,201849,149456.77,2022-09-04,Bloqueada
8628,3983,Oro,49485,28136.99,2023-04-22,Vigente
8629,6934,Signature,273613,106134.51,2023-07-13,Vigente
8630,1674,Platino,120797,68334.02,2025-05-27,Bloqueada
8631,3570,Platino,80170,62041.84,2022-09-13,Vigente
8632,6116,Signature,243851,45565.48,2022-12-22,Cancelada
8633,6834,Clasica,15148,2364.33,2024-09-10,Vigente
8634,7416,Signature,190942,54397.56,2025-06-02,Vigente
8635,2913,Platino,109391,40011.54,2023-02-08,Vigente
8636,1242,Oro,40552,7416.72,2025-03-13,Vigente
8637,3154,Clasica,17619,7053.58,2025-09-11,Cancelada
8638,4182,Signature,183130,122611.71,2026-04-30,Vigente
8639,749,Oro,55059,16085.21,2025-06-08,Vigente
8640,5539,Signature,214700,44141.61,2025-11-09,Vigente
8641,1280,Clasica,14918,4095.61,2025-09-11,Vigente
8642,5252,Clasica,14996,4031.98,2023-12-22,Vigente
8643,5217,Signature,181588,29742.88,2022-12-15,Cancelada
8644,3672,Clasica,12456,4192.95,2022-11-15,Vigente
8645,800,Clasica,16122,10796.58,2026-03-12,Bloqueada
8646,4874,Signature,163328,42280.98,2025-10-12,Vigente
8647,4612,Clasica,20725,2797.15,2026-02-23,Bloqueada
8648,5927,Signature,232798,54870.2,2025-05-02,Vigente
8649,4784,Clasica,15724,3665.4,2024-10-25,Vigente
8650,4418,Clasica,19107,13883.41,2026-02-05,Vigente
8651,149,Signature,175651,115965.25,2024-08-01,Bloqueada
8652,719,Signature,190469,143615.56,2023-03-13,Vigente
8653,2226,Signature,245163,62921.53,2023-07-21,Vigente
8654,4706,Clasica,16527,7796.92,2022-10-30,Vigente
8655,1418,Clasica,14439,657.18,2024-05-17,Vigente
8656,5868,Signature,171264,45445.62,2025-01-12,Vigente
8657,5387,Platino,83031,6981.86,2024-04-27,Bloqueada
8658,7935,Platino,98197,11674.16,2024-02-10,Vigente
8659,3775,Clasica,20840,8148.13,2025-12-27,Vigente
8660,4926,Oro,51818,22998.86,2025-02-03,Vigente
8661,7062,Clasica,20126,8627.59,2023-09-24,Vigente
8662,4633,Oro,47554,2871.84,2024-03-25,Cancelada
8663,3664,Clasica,18390,2984.32,2024-04-13,Vigente
8664,7914,Oro,37251,5835.76,2024-01-01,Vigente
8665,2272,Oro,42552,25910.85,2024-01-29,Cancelada
8666,3157,Platino,94949,15425.46,2023-10-01,Vigente
8667,4995,Oro,46593,25742.8,2024-04-22,Vigente
8668,4159,Signature,171019,112215.07,2026-02-18,Vigente
8669,6106,Signature,191251,35955.25,2025-09-21,Cancelada
8670,1412,Oro,46311,18629.22,2023-07-28,Vigente
8671,6612,Platino,74652,59714.77,2025-11-27,Vigente
8672,6089,Platino,125410,47775.53,2024-07-12,Bloqueada
8673,3852,Clasica,19829,14453.63,2023-02-24,Bloqueada
8674,5754,Clasica,12100,4073.05,2023-03-08,Vigente
8675,7917,Platino,112846,95432.66,2026-03-09,Cancelada
8676,6805,Signature,216508,110132.16,2022-10-15,Vigente
8677,6427,Signature,234547,15904.48,2024-11-25,Bloqueada
8678,3099,Clasica,16154,7395.68,2023-03-20,Vigente
8679,3181,Platino,88862,11176.61,2024-03-10,Cancelada
8680,7827,Clasica,12852,5993.6,2023-06-26,Vigente
8681,1746,Signature,177181,137361.88,2025-09-28,Vigente
8682,6910,Clasica,17317,7718.07,2023-12-03,Vigente
8683,7561,Oro,39755,19526.44,2023-12-30,Cancelada
8684,5379,Clasica,17094,14284.44,2022-10-28,Vigente
8685,5754,Clasica,20153,3245.61,2025-03-14,Vigente
8686,489,Platino,77580,60330.97,2026-05-04,Bloqueada
8687,6914,Signature,216346,123179.88,2025-10-27,Vigente
8688,5489,Platino,110614,82292.26,2023-08-27,Vigente
8689,6735,Platino,98625,66201.92,2026-06-02,Cancelada
8690,5073,Oro,44190,26045.09,2023-12-21,Bloqueada
8691,6965,Platino,75365,63791.61,2023-01-12,Cancelada
8692,1487,Platino,121068,62887.31,2025-12-14,Vigente
8693,2585,Signature,173070,6359.57,2026-05-17,Vigente
8694,5912,Clasica,15669,7978.51,2026-06-17,Bloqueada
8695,7286,Oro,34484,15823.05,2024-06-15,Cancelada
8696,5245,Signature,268941,17268.05,2023-01-23,Cancelada
8697,299,Platino,91518,24323.51,2022-08-12,Vigente
8698,3626,Signature,170816,45984.41,2024-07-31,Vigente
8699,4715,Platino,113142,43186.11,2022-12-20,Vigente
8700,1341,Platino,99594,43082.09,2023-04-04,Cancelada
8701,3059,Platino,96752,63451.63,2023-12-11,Vigente
8702,5868,Signature,219624,106005.77,2026-08-25,Vigente
8703,6311,Oro,38351,30537.19,2022-08-14,Cancelada
8704,733,Signature,209660,12517.46,2022-10-01,Bloqueada
8705,2186,Clasica,17503,5847.76,2025-02-18,Bloqueada
8706,6742,Oro,54886,44125.72,2023-01-12,Vigente
8707,7076,Oro,48198,21290.92,2024-08-16,Vigente
8708,6566,Signature,182686,40868.33,2025-03-18,Vigente
8709,1908,Oro,51389,29961.73,2024-03-14,Cancelada
8710,1468,Oro,48046,16407.07,2025-03-26,Vigente
8711,3941,Oro,53926,31162.31,2022-10-26,Bloqueada
8712,656,Platino,113159,78461.51,2026-06-03,Vigente
8713,4856,Clasica,12748,8613.19,2026-07-29,Vigente
8714,7149,Oro,48818,3026.65,2024-11-07,Vigente
8715,1422,Signature,175566,19824.31,2024-09-06,Cancelada
8716,3290,Platino,103292,10978.48,2022-10-11,Vigente
8717,5891,Clasica,16543,4999.18,2026-06-30,Bloqueada
8718,5882,Signature,175848,34952.84,2023-04-26,Cancelada
8719,4478,Oro,39793,2719.23,2023-09-07,Bloqueada
8720,5938,Clasica,19553,3960.46,2024-09-19,Bloqueada
8721,358,Clasica,12208,8330.65,2026-05-11,Bloqueada
8722,5851,Oro,39188,29240.77,2023-11-03,Vigente
8723,6470,Signature,241586,172309.12,2023-11-02,Bloqueada
8724,3777,Clasica,13625,9972.36,2025-08-31,Vigente
8725,755,Clasica,12673,5195.77,2023-10-12,Vigente
8726,2087,Platino,99284,52087.63,2025-04-25,Vigente
8727,2736,Platino,98458,23173.82,2026-08-18,Vigente
8728,2164,Oro,42637,27985.36,2026-03-19,Vigente
8729,5257,Oro,32256,22195.06,2026-08-13,Cancelada
8730,395,Signature,205546,65114.98,2024-11-11,Cancelada
8731,463,Platino,79325,2207.55,2026-06-02,Vigente
8732,1476,Platino,120004,77090.02,2024-01-18,Vigente
8733,6698,Oro,52475,23354.31,2024-12-06,Vigente
8734,767,Oro,52563,41526.6,2024-01-21,Vigente
8735,7123,Signature,222617,138047.59,2025-09-16,Cancelada
8736,6900,Oro,44771,14736.54,2025-10-13,Vigente
8737,6831,Clasica,14307,12049.57,2025-06-22,Vigente
8738,3723,Clasica,12508,9783.19,2023-09-07,Vigente
8739,3422,Clasica,14583,8887.56,2025-07-11,Vigente
8740,6904,Signature,262699,171943.62,2023-11-24,Vigente
8741,3270,Platino,87052,40755.53,2025-01-17,Cancelada
8742,663,Signature,253322,165296.74,2022-08-28,Cancelada
8743,5380,Oro,42709,34392.74,2025-04-02,Vigente
8744,111,Platino,125138,16002.42,2023-10-09,Vigente
8745,2243,Signature,271693,47124.87,2024-09-02,Bloqueada
8746,3509,Signature,182161,6607.65,2024-02-16,Vigente
8747,3108,Clasica,13301,3039.12,2025-03-09,Bloqueada
8748,1991,Signature,183496,18281.87,2026-02-03,Vigente
8749,6074,Signature,264045,168509.02,2023-12-23,Bloqueada
8750,592,Oro,42262,9033.54,2023-08-06,Vigente
8751,6434,Oro,55625,15034.11,2025-12-28,Bloqueada
8752,4975,Oro,53510,21663.83,2024-01-06,Bloqueada
8753,6756,Oro,55093,21724.4,2023-05-05,Cancelada
8754,2939,Clasica,19102,1141.74,2025-02-26,Vigente
8755,6349,Clasica,18841,2049.92,2024-07-10,Bloqueada
8756,2639,Signature,236296,55754.15,2023-01-11,Vigente
8757,3714,Clasica,17344,6449.69,2023-08-12,Vigente
8758,4627,Oro,41338,25008.85,2026-07-02,Cancelada
8759,5813,Oro,51080,36454.69,2024-09-14,Vigente
8760,3958,Oro,42995,18734.52,2024-10-18,Bloqueada
8761,468,Clasica,17431,10637.03,2022-10-18,Cancelada
8762,4326,Clasica,19961,6401.77,2023-08-02,Vigente
8763,6361,Oro,51283,10846.1,2024-10-13,Vigente
8764,7002,Oro,49294,15092.0,2023-03-12,Vigente
8765,7586,Platino,121009,17297.83,2026-04-20,Vigente
8766,7130,Signature,230441,92312.59,2024-05-29,Cancelada
8767,1981,Signature,205107,163853.27,2024-10-20,Bloqueada
8768,7067,Signature,204295,139553.84,2022-08-25,Vigente
8769,453,Signature,230493,115304.0,2025-08-21,Vigente
8770,4386,Signature,215570,15191.59,2024-10-01,Bloqueada
8771,7065,Oro,48826,29017.98,2025-12-01,Vigente
8772,4121,Clasica,12929,5711.97,2025-07-22,Bloqueada
8773,386,Platino,121237,73505.1,2024-02-04,Cancelada
8774,3474,Clasica,19997,5299.98,2024-11-08,Vigente
8775,7137,Signature,179378,53007.71,2026-02-21,Vigente
8776,506,Platino,96495,32690.91,2026-05-08,Vigente
8777,7455,Clasica,16797,3135.41,2025-06-29,Vigente
8778,6511,Clasica,13883,4834.68,2025-10-12,Cancelada
8779,2009,Clasica,17160,12282.72,2024-02-26,Vigente
8780,3940,Signature,196638,135247.19,2025-02-08,Bloqueada
8781,3499,Signature,194988,21517.72,2024-12-15,Vigente
8782,6630,Oro,41912,2822.8,2024-11-27,Vigente
8783,7504,Platino,93141,42014.18,2023-10-29,Vigente
8784,5782,Platino,86624,48061.15,2025-12-05,Vigente
8785,5890,Platino,77374,51640.6,2024-11-12,Vigente
8786,5194,Platino,118954,17550.57,2023-07-27,Vigente
8787,376,Oro,43390,15953.45,2022-11-17,Vigente
8788,6577,Signature,238916,111381.1,2023-11-01,Bloqueada
8789,662,Platino,76864,46210.14,2026-02-24,Vigente
8790,5460,Clasica,13659,2255.39,2022-09-06,Cancelada
8791,2061,Platino,91267,7313.69,2024-12-01,Vigente
8792,3328,Platino,118598,94864.14,2025-01-30,Vigente
8793,3220,Platino,108888,42382.99,2024-07-18,Vigente
8794,6099,Clasica,13040,39.86,2026-04-19,Vigente
8795,7221,Clasica,14545,5929.52,2024-02-10,Cancelada
8796,4806,Platino,76011,28450.44,2024-09-15,Cancelada
8797,1061,Platino,93884,19345.08,2026-02-07,Bloqueada
8798,6340,Platino,125735,47664.25,2024-12-25,Cancelada
8799,1606,Platino,110671,36488.54,2025-10-22,Vigente
8800,1387,Oro,34731,23464.58,2024-08-07,Bloqueada
8801,3204,Clasica,14778,8187.98,2024-02-21,Cancelada
8802,723,Oro,50013,9070.0,2026-05-29,Vigente
8803,2055,Clasica,15419,10252.09,2023-04-22,Bloqueada
8804,2265,Platino,115013,61389.81,2025-08-08,Bloqueada
8805,2112,Oro,53637,21441.78,2025-09-28,Vigente
8806,719,Clasica,19088,2782.87,2026-04-28,Bloqueada
8807,4729,Clasica,12969,5618.79,2024-02-17,Bloqueada
8808,5415,Signature,232597,116962.71,2024-06-10,Vigente
8809,1513,Signature,188190,103798.42,2023-02-05,Cancelada
8810,950,Signature,216810,129487.72,2023-10-22,Bloqueada
8811,120,Clasica,12808,799.81,2024-04-23,Bloqueada
8812,2051,Clasica,14531,11161.48,2023-11-21,Cancelada
8813,6027,Signature,209291,83810.14,2023-04-23,Vigente
8814,7278,Signature,199977,8805.75,2022-10-30,Vigente
8815,7359,Oro,33422,15017.41,2024-06-18,Cancelada
8816,6201,Signature,167899,3133.37,2025-09-07,Bloqueada
8817,6554,Platino,86565,11542.61,2025-04-26,Cancelada
8818,4993,Platino,109255,80111.24,2025-12-21,Vigente
8819,4723,Clasica,16151,5450.39,2025-09-17,Cancelada
8820,85,Platino,102795,51820.37,2024-07-02,Vigente
8821,6597,Platino,87777,54325.39,2025-12-04,Vigente
8822,7693,Platino,100004,68979.6,2026-04-29,Vigente
8823,5375,Oro,34028,27778.08,2023-08-19,Vigente
8824,2260,Clasica,13306,1856.59,2025-03-22,Bloqueada
8825,5578,Oro,38456,27313.44,2024-12-09,Bloqueada
8826,2483,Signature,191820,25749.33,2024-08-15,Cancelada
8827,1800,Signature,201565,140696.59,2025-10-08,Vigente
8828,493,Clasica,14109,10008.05,2025-07-30,Vigente
8829,90,Platino,125086,77177.18,2025-06-09,Vigente
8830,4633,Clasica,20231,4976.24,2024-03-18,Cancelada
8831,4465,Platino,122731,98246.71,2022-08-08,Bloqueada
8832,3764,Oro,44001,9999.19,2023-07-12,Cancelada
8833,181,Signature,247746,144366.44,2023-02-16,Vigente
8834,4950,Clasica,16277,9603.78,2024-05-08,Vigente
8835,1636,Platino,79581,34361.64,2023-07-08,Vigente
8836,4867,Signature,174570,97702.97,2023-06-14,Vigente
8837,1960,Oro,53529,34833.64,2023-10-12,Bloqueada
8838,361,Signature,226800,173247.06,2023-07-12,Bloqueada
8839,991,Platino,117056,52281.74,2022-08-30,Bloqueada
8840,5342,Signature,164097,47058.25,2023-08-14,Bloqueada
8841,3176,Signature,175713,100804.66,2024-07-20,Vigente
8842,4306,Signature,269257,245.21,2025-04-12,Vigente
8843,6195,Oro,41240,8147.45,2024-01-30,Bloqueada
8844,6217,Platino,111201,18472.14,2023-08-10,Vigente
8845,5293,Signature,207312,50472.22,2025-11-12,Vigente
8846,2596,Signature,171326,143596.85,2023-09-02,Bloqueada
8847,3216,Oro,43724,15576.16,2026-03-16,Vigente
8848,5603,Oro,35350,28454.02,2022-10-13,Vigente
8849,6279,Platino,84218,9336.62,2023-07-19,Vigente
8850,7938,Platino,116664,95213.32,2025-04-29,Bloqueada
8851,6471,Signature,233770,97628.44,2024-11-01,Cancelada
8852,6647,Clasica,13585,6824.93,2025-03-17,Vigente
8853,4081,Signature,231181,184825.6,2025-09-17,Vigente
8854,2762,Platino,90296,28072.94,2024-03-14,Vigente
8855,3026,Clasica,19309,6884.78,2026-07-14,Vigente
8856,6596,Signature,194866,50259.86,2022-08-09,Bloqueada
8857,343,Clasica,19047,12857.69,2025-06-08,Bloqueada
8858,5119,Oro,45567,8652.39,2024-11-30,Bloqueada
8859,4134,Platino,81288,12827.53,2024-06-16,Vigente
8860,2389,Clasica,17435,7581.65,2025-07-15,Cancelada
8861,3354,Oro,46076,25438.94,2025-07-06,Vigente
8862,4350,Signature,172933,112690.76,2023-03-31,Vigente
8863,2617,Platino,117159,20480.58,2022-08-01,Vigente
8864,7228,Platino,111425,22810.31,2024-02-26,Vigente
8865,1720,Clasica,20041,5421.1,2024-11-11,Vigente
8866,5352,Oro,36883,26002.78,2026-05-05,Vigente
8867,5852,Platino,124545,59857.89,2026-08-03,Vigente
8868,1149,Signature,220502,37091.14,2024-06-07,Vigente
8869,345,Platino,98599,25013.45,2024-11-27,Vigente
8870,7275,Clasica,17432,8094.7,2023-03-13,Vigente
8871,4880,Oro,48312,40625.81,2022-12-04,Bloqueada
8872,4849,Oro,43612,30597.41,2024-11-05,Bloqueada
8873,5846,Clasica,15461,607.46,2024-01-01,Cancelada
8874,2798,Signature,173162,62979.99,2022-11-15,Cancelada
8875,184,Clasica,17560,9235.26,2026-03-26,Vigente
8876,6385,Oro,53976,34364.77,2024-03-18,Vigente
8877,5549,Oro,42610,17400.05,2022-08-07,Vigente
8878,714,Oro,37743,15932.52,2026-06-18,Vigente
8879,3789,Clasica,12529,4017.47,2024-01-25,Vigente
8880,2329,Oro,32871,16583.39,2022-12-03,Vigente
8881,2520,Clasica,12025,6389.8,2023-03-29,Vigente
8882,2515,Platino,86442,61387.69,2024-11-19,Vigente
8883,2810,Signature,170824,33921.7,2025-11-05,Bloqueada
8884,6202,Oro,39911,3456.12,2024-07-17,Vigente
8885,5479,Clasica,19385,16365.21,2022-09-03,Cancelada
8886,5689,Platino,124443,13215.0,2026-02-28,Cancelada
8887,2342,Clasica,19597,5169.95,2025-09-17,Vigente
8888,6325,Signature,225426,129283.01,2026-06-16,Vigente
8889,3251,Clasica,15117,2010.37,2022-08-20,Vigente
8890,5538,Signature,180951,123359.6,2022-09-10,Vigente
8891,2745,Signature,257591,194697.92,2024-12-16,Cancelada
8892,7232,Signature,277039,32128.81,2022-11-19,Cancelada
8893,2601,Signature,243547,64216.46,2025-05-30,Cancelada
8894,94,Signature,243217,169226.52,2025-09-01,Bloqueada
8895,1222,Signature,239188,101334.91,2023-11-14,Bloqueada
8896,2506,Platino,78685,64427.2,2026-01-24,Vigente
8897,7897,Signature,265175,195882.43,2024-08-30,Vigente
8898,3573,Oro,39831,11820.89,2025-12-17,Vigente
8899,6937,Oro,49813,1315.66,2024-03-01,Vigente
8900,5943,Clasica,20314,4960.78,2026-08-01,Vigente
8901,3297,Clasica,17458,12988.58,2025-11-05,Vigente
8902,5118,Oro,43473,7091.59,2023-10-13,Cancelada
8903,3144,Signature,210745,3917.81,2025-08-16,Bloqueada
8904,7802,Signature,184747,97212.11,2023-11-21,Vigente
8905,2845,Oro,38843,2557.68,2023-03-10,Vigente
8906,193,Platino,120706,43657.19,2025-07-19,Vigente
8907,3643,Signature,188395,86320.09,2024-08-24,Vigente
8908,5050,Oro,54181,13158.35,2024-08-24,Cancelada
8909,637,Signature,163308,37504.81,2025-10-27,Vigente
8910,139,Platino,125537,73821.67,2025-02-05,Vigente
8911,6712,Signature,258268,149814.17,2024-07-07,Cancelada
8912,6496,Clasica,13737,1145.13,2025-03-19,Cancelada
8913,1146,Signature,265267,5082.63,2022-09-14,Vigente
8914,4119,Platino,78591,7853.34,2025-07-13,Vigente
8915,495,Platino,114776,20345.09,2023-08-23,Vigente
8916,2672,Signature,246614,161821.3,2025-01-30,Cancelada
8917,153,Clasica,12703,7125.97,2025-02-18,Vigente
8918,3786,Clasica,18862,4403.45,2025-04-21,Vigente
8919,1413,Clasica,12533,10536.58,2025-08-02,Vigente
8920,1719,Platino,125846,38704.51,2023-11-28,Vigente
8921,7128,Oro,43561,36499.67,2023-11-03,Vigente
8922,657,Oro,44255,13524.95,2022-11-25,Vigente
8923,3563,Platino,120042,8383.82,2026-06-10,Vigente
8924,4295,Signature,214393,61027.69,2024-05-09,Vigente
8925,7744,Oro,48405,14881.46,2025-11-14,Vigente
8926,6322,Platino,102782,56916.76,2025-02-09,Bloqueada
8927,991,Signature,252535,70578.0,2026-05-20,Vigente
8928,6631,Oro,40583,9217.3,2024-10-08,Vigente
8929,7346,Signature,262288,119824.66,2025-02-04,Cancelada
8930,6744,Oro,43142,13093.56,2023-01-22,Vigente
8931,4915,Signature,181339,127165.7,2026-02-02,Bloqueada
8932,2306,Clasica,18258,3224.84,2023-07-03,Vigente
8933,3411,Signature,161404,12754.73,2024-12-14,Vigente
8934,7732,Oro,36886,13803.57,2025-11-09,Bloqueada
8935,3911,Platino,85445,66719.88,2023-03-15,Cancelada
8936,2430,Clasica,20410,2018.69,2025-07-31,Vigente
8937,4466,Platino,86627,54559.98,2025-04-28,Vigente
8938,4734,Signature,174717,85076.59,2023-05-23,Vigente
8939,2701,Clasica,18927,12800.25,2025-04-10,Vigente
8940,357,Platino,107396,64469.72,2023-02-03,Vigente
8941,7966,Oro,36602,13504.15,2026-01-21,Vigente
8942,5978,Platino,122548,3901.4,2024-03-31,Cancelada
8943,1002,Platino,84145,1715.17,2023-01-24,Vigente
8944,6084,Oro,43585,31724.93,2026-07-11,Vigente
8945,1997,Signature,193646,59333.75,2025-04-21,Vigente
8946,503,Platino,79322,42561.64,2023-01-05,Vigente
8947,7589,Clasica,20018,2562.1,2025-05-10,Cancelada
8948,1432,Clasica,12228,9489.34,2026-05-15,Vigente
8949,6909,Platino,85833,47408.09,2024-03-19,Cancelada
8950,4786,Platino,98535,51602.58,2023-07-13,Cancelada
8951,1332,Platino,114880,40439.38,2023-03-24,Vigente
8952,7855,Platino,95927,77207.01,2023-11-25,Cancelada
8953,7515,Signature,222896,54735.78,2023-04-03,Cancelada
8954,2083,Signature,275251,94100.21,2022-08-25,Vigente
8955,5767,Platino,86696,54411.07,2025-08-28,Vigente
8956,507,Clasica,17428,14297.04,2025-11-19,Vigente
8957,6785,Signature,226560,42771.24,2023-07-10,Cancelada
8958,1922,Oro,39393,19240.17,2025-04-25,Vigente
8959,6705,Platino,90642,55526.43,2025-11-21,Vigente
8960,5230,Oro,38040,2641.52,2026-07-09,Vigente
8961,7605,Clasica,12041,851.86,2026-07-05,Vigente
8962,7184,Clasica,13588,11480.36,2025-04-21,Vigente
8963,5778,Platino,96784,35614.81,2024-12-21,Vigente
8964,3668,Clasica,16908,1819.95,2023-08-06,Cancelada
8965,4140,Clasica,18724,7517.52,2026-02-26,Bloqueada
8966,4184,Clasica,13029,8744.51,2023-04-23,Vigente
8967,7285,Oro,41143,34449.25,2022-09-24,Vigente
8968,7815,Signature,253635,27052.05,2025-02-12,Bloqueada
8969,596,Signature,242075,194777.63,2023-11-30,Bloqueada
8970,1418,Signature,169834,67491.55,2026-03-10,Vigente
8971,495,Clasica,15264,9943.48,2025-07-07,Cancelada
8972,3642,Platino,99719,36059.66,2026-03-26,Cancelada
8973,402,Clasica,20670,9549.69,2025-02-28,Vigente
8974,2741,Clasica,20734,9625.3,2023-04-20,Bloqueada
8975,5569,Oro,41911,3972.56,2026-07-19,Cancelada
8976,2346,Clasica,13449,10677.44,2024-02-26,Vigente
8977,5712,Clasica,16385,9157.98,2025-12-12,Vigente
8978,1053,Platino,114460,14383.16,2024-07-17,Bloqueada
8979,7408,Signature,200779,47596.23,2026-07-15,Vigente
8980,6298,Oro,49571,21610.3,2025-12-13,Vigente
8981,2111,Oro,55517,37461.0,2026-05-01,Vigente
8982,1391,Oro,53138,44207.59,2022-11-29,Vigente
8983,945,Signature,195440,27798.45,2023-08-13,Bloqueada
8984,2674,Signature,193880,115978.87,2023-01-17,Bloqueada
8985,4506,Platino,81605,33482.28,2022-10-01,Bloqueada
8986,280,Oro,38924,12178.58,2024-05-02,Bloqueada
8987,1983,Oro,50118,38284.66,2025-03-16,Vigente
8988,1657,Platino,97168,25204.7,2022-08-27,Vigente
8989,4532,Signature,235067,58674.04,2022-08-26,Bloqueada
8990,1303,Platino,111567,44238.31,2023-01-08,Cancelada
8991,6904,Platino,89982,19337.15,2026-05-06,Bloqueada
8992,2935,Signature,248053,178905.29,2023-05-14,Vigente
8993,537,Oro,42461,27180.74,2024-12-13,Vigente
8994,1793,Platino,116609,50650.94,2024-08-08,Vigente
8995,5290,Oro,39338,26189.7,2025-11-23,Vigente
8996,1288,Oro,39449,19375.55,2024-03-13,Cancelada
8997,2302,Oro,38942,2260.76,2025-07-29,Bloqueada
8998,1091,Clasica,13282,1993.42,2025-06-13,Vigente
8999,2562,Platino,88807,53682.6,2023-07-22,Vigente
9000,5938,Clasica,12544,6996.39,2024-03-29,Bloqueada
9001,7490,Clasica,14410,876.19,2025-04-18,Cancelada
9002,3500,Signature,222729,41526.99,2024-05-18,Vigente
9003,6357,Platino,87132,65297.44,2022-11-21,Vigente
9004,4690,Oro,34805,22662.68,2023-10-08,Vigente
9005,5470,Clasica,15221,6956.0,2025-01-18,Bloqueada
9006,7886,Oro,35846,30239.23,2024-09-16,Vigente
9007,124,Platino,91133,35395.84,2023-03-17,Cancelada
9008,3536,Clasica,18950,10444.08,2025-11-20,Cancelada
9009,3662,Oro,49220,23993.79,2024-05-10,Bloqueada
9010,2850,Clasica,17444,6152.17,2024-04-22,Vigente
9011,4892,Oro,52584,11261.24,2025-04-24,Vigente
9012,6551,Platino,72984,16578.33,2025-09-20,Vigente
9013,3778,Oro,36815,5173.99,2024-12-26,Vigente
9014,2081,Signature,193806,49456.22,2026-08-11,Cancelada
9015,7380,Oro,51978,40301.36,2024-03-02,Cancelada
9016,6415,Oro,47583,16959.53,2026-04-13,Vigente
9017,3893,Oro,54570,23052.85,2026-02-22,Vigente
9018,1955,Signature,211860,111548.95,2025-02-24,Bloqueada
9019,4298,Signature,275417,47802.66,2023-11-03,Vigente
9020,4832,Platino,112247,36201.83,2026-08-21,Vigente
9021,6781,Oro,55589,7039.99,2023-08-03,Vigente
9022,4370,Oro,34366,27353.57,2024-06-03,Vigente
9023,1391,Clasica,13510,808.89,2024-01-17,Vigente
9024,5707,Platino,73445,47417.33,2022-10-11,Vigente
9025,842,Signature,201236,107585.02,2022-10-02,Bloqueada
9026,4478,Platino,113794,19250.69,2026-01-30,Bloqueada
9027,6848,Signature,182403,97003.74,2022-10-09,Cancelada
9028,7916,Clasica,15065,11953.65,2026-03-29,Cancelada
9029,306,Clasica,12906,6164.14,2025-11-28,Bloqueada
9030,6899,Oro,33798,3397.56,2024-01-13,Vigente
9031,5590,Platino,74292,2859.75,2022-11-19,Vigente
9032,828,Clasica,12235,1110.5,2024-01-26,Vigente
9033,3194,Oro,44658,5648.47,2024-10-30,Cancelada
9034,1653,Oro,41155,23163.06,2022-08-26,Vigente
9035,5644,Platino,92341,10225.04,2026-07-14,Vigente
9036,6254,Clasica,19699,11630.82,2023-10-13,Bloqueada
9037,673,Oro,38659,28824.86,2023-04-07,Vigente
9038,804,Oro,33148,7245.11,2024-06-17,Cancelada
9039,929,Platino,75090,40748.76,2025-05-26,Cancelada
9040,3092,Platino,108007,44186.45,2022-08-29,Bloqueada
9041,5032,Signature,165062,82918.05,2023-02-18,Vigente
9042,2511,Clasica,15478,11604.63,2025-02-17,Vigente
9043,3033,Signature,217118,47277.12,2025-10-26,Vigente
9044,5136,Oro,54459,25832.55,2025-07-15,Cancelada
9045,6001,Clasica,12952,7625.61,2025-04-06,Vigente
9046,6053,Clasica,17645,9557.33,2022-10-03,Vigente
9047,468,Oro,42762,2195.71,2025-11-16,Vigente
9048,7110,Clasica,20797,5294.54,2025-02-22,Vigente
9049,5725,Oro,38401,31008.25,2025-08-11,Vigente
9050,5489,Clasica,19620,4880.21,2023-10-13,Vigente
9051,2624,Signature,245625,82855.6,2022-09-26,Vigente
9052,6053,Signature,197309,110201.41,2024-02-22,Cancelada
9053,6005,Platino,99096,2817.78,2025-08-25,Vigente
9054,4494,Signature,278152,12293.14,2022-08-03,Vigente
9055,868,Platino,117082,2644.39,2026-04-13,Vigente
9056,371,Platino,122934,27299.13,2023-02-16,Vigente
9057,78,Oro,40145,24251.9,2023-08-21,Bloqueada
9058,985,Platino,119898,45678.41,2025-06-18,Vigente
9059,2375,Clasica,13165,6417.22,2023-05-13,Cancelada
9060,337,Platino,115524,70851.97,2023-09-03,Vigente
9061,778,Clasica,16309,933.31,2026-04-15,Vigente
9062,3107,Oro,35950,23536.86,2026-06-25,Vigente
9063,7244,Clasica,13694,8654.07,2025-11-11,Vigente
9064,5709,Clasica,20661,4441.41,2023-05-24,Vigente
9065,7691,Signature,266009,117681.74,2025-07-31,Vigente
9066,3336,Platino,108577,12327.08,2023-03-27,Vigente
9067,4832,Oro,46994,5390.24,2022-08-11,Vigente
9068,3760,Signature,264094,53622.22,2024-05-23,Vigente
9069,4084,Oro,32270,8980.82,2023-05-30,Bloqueada
9070,5389,Oro,49368,15540.33,2023-08-13,Vigente
9071,5979,Platino,111654,9000.39,2022-09-06,Vigente
9072,3000,Clasica,14625,7296.25,2024-04-07,Vigente
9073,5916,Oro,47103,11463.97,2026-08-31,Vigente
9074,4490,Platino,122953,66848.25,2023-11-13,Vigente
9075,2836,Clasica,15416,4504.39,2025-03-23,Vigente
9076,6058,Clasica,16874,8304.74,2022-11-23,Vigente
9077,4391,Clasica,16226,10212.41,2023-04-08,Vigente
9078,5929,Platino,92375,66819.94,2022-08-09,Vigente
9079,4857,Oro,40989,5899.9,2026-08-16,Vigente
9080,5542,Platino,86544,32784.1,2025-06-15,Vigente
9081,2520,Platino,115055,52122.93,2026-03-02,Vigente
9082,368,Signature,208921,106632.27,2023-01-22,Vigente
9083,3006,Signature,206328,76710.45,2023-12-29,Cancelada
9084,4724,Clasica,15489,13042.12,2025-01-08,Bloqueada
9085,1287,Clasica,15297,10889.06,2025-10-01,Vigente
9086,4610,Signature,197894,166557.68,2024-06-06,Vigente
9087,5024,Oro,48991,34227.66,2022-08-16,Bloqueada
9088,7056,Oro,34189,706.83,2026-04-18,Vigente
9089,5687,Oro,41070,176.37,2026-02-20,Bloqueada
9090,2811,Oro,50570,12352.51,2024-05-30,Bloqueada
9091,7250,Signature,197269,99659.45,2022-09-26,Vigente
9092,7659,Platino,108159,68540.9,2025-07-26,Vigente
9093,4711,Oro,35196,28577.42,2025-08-31,Vigente
9094,659,Signature,206597,131904.07,2023-11-28,Cancelada
9095,1383,Oro,45437,15688.48,2023-12-25,Cancelada
9096,2706,Clasica,16085,8705.51,2023-11-13,Cancelada
9097,4284,Signature,270409,187877.27,2026-08-15,Vigente
9098,5008,Clasica,12323,7283.92,2024-02-20,Vigente
9099,6679,Clasica,13668,3941.3,2025-04-15,Vigente
9100,6593,Platino,117255,89060.91,2023-01-26,Vigente
9101,2456,Platino,105524,47321.96,2025-04-10,Vigente
9102,3168,Clasica,20136,4865.61,2024-07-20,Vigente
9103,1554,Signature,187350,62242.95,2023-01-07,Bloqueada
9104,7543,Platino,90901,7582.29,2025-05-12,Vigente
9105,823,Platino,123813,42800.23,2024-02-29,Cancelada
9106,5292,Clasica,20125,4811.25,2023-01-06,Vigente
9107,1787,Signature,276106,180713.26,2023-02-15,Bloqueada
9108,4568,Oro,52917,33675.39,2025-09-02,Bloqueada
9109,7755,Clasica,17397,12009.56,2023-05-16,Vigente
9110,5419,Oro,48406,4825.27,2026-09-01,Vigente
9111,4098,Platino,96363,81806.33,2026-08-30,Cancelada
9112,1925,Signature,254121,175571.83,2026-03-08,Cancelada
9113,2465,Oro,45561,15036.16,2024-03-03,Vigente
9114,2416,Oro,46054,3864.81,2023-06-24,Vigente
9115,4423,Signature,234249,115892.4,2022-11-14,Cancelada
9116,5500,Oro,47932,10543.92,2026-03-19,Cancelada
9117,5326,Clasica,17673,3807.21,2022-09-03,Bloqueada
9118,2120,Oro,53245,41185.12,2026-08-10,Bloqueada
9119,2840,Platino,96957,53538.99,2023-02-01,Vigente
9120,5217,Oro,55167,44371.05,2025-12-31,Vigente
9121,3733,Platino,103179,33740.78,2026-08-10,Vigente
9122,6180,Oro,44561,23490.79,2025-03-21,Bloqueada
9123,7790,Oro,54345,28108.26,2025-09-18,Vigente
9124,2726,Oro,35780,751.68,2024-09-26,Cancelada
9125,1702,Signature,237114,151043.61,2024-11-04,Vigente
9126,6284,Signature,198448,74571.57,2024-01-29,Vigente
9127,5665,Signature,218146,68552.74,2025-01-23,Bloqueada
9128,6208,Signature,247846,26728.93,2024-06-28,Vigente
9129,4203,Platino,123331,21523.44,2024-08-29,Vigente
9130,4868,Oro,39047,29024.76,2022-10-14,Bloqueada
9131,6325,Platino,73711,54307.98,2024-12-25,Vigente
9132,970,Platino,87256,47220.96,2023-02-28,Vigente
9133,5111,Oro,37395,8218.12,2026-01-16,Vigente
9134,6707,Oro,50418,2121.12,2025-09-10,Bloqueada
9135,1273,Platino,109804,87567.81,2026-03-28,Cancelada
9136,5917,Signature,170632,132883.88,2024-03-29,Vigente
9137,3239,Oro,53378,20143.43,2022-09-16,Vigente
9138,5112,Platino,79615,59253.56,2023-05-10,Cancelada
9139,6876,Oro,36955,21849.48,2024-03-15,Bloqueada
9140,6058,Clasica,12169,5119.13,2025-06-25,Cancelada
9141,4736,Clasica,17971,5859.72,2023-02-02,Vigente
9142,3792,Oro,34890,13534.62,2024-03-07,Bloqueada
9143,6146,Signature,270314,218748.48,2023-11-25,Vigente
9144,2459,Signature,172548,28006.52,2022-10-10,Vigente
9145,1828,Signature,189441,149213.97,2026-05-11,Vigente
9146,2362,Clasica,17463,4367.78,2024-06-07,Bloqueada
9147,3882,Oro,44613,3552.1,2023-07-18,Vigente
9148,2526,Clasica,15983,1346.54,2023-07-23,Cancelada
9149,4275,Signature,186087,58518.76,2024-01-30,Vigente
9150,7857,Signature,242085,195565.74,2022-08-13,Vigente
9151,2292,Oro,39884,4108.26,2023-03-10,Vigente
9152,5205,Clasica,20029,12075.11,2024-10-08,Vigente
9153,7406,Clasica,13820,561.02,2026-06-05,Vigente
9154,87,Clasica,12924,6259.29,2024-12-03,Vigente
9155,7356,Signature,238331,4089.29,2023-05-24,Vigente
9156,2856,Clasica,19343,1867.55,2023-11-18,Vigente
9157,5846,Oro,46757,23185.1,2022-08-05,Cancelada
9158,38,Signature,250332,96575.78,2023-07-23,Bloqueada
9159,3666,Clasica,18075,10701.99,2025-12-12,Vigente
9160,882,Oro,41968,27449.46,2023-10-28,Vigente
9161,5707,Oro,38883,29900.21,2024-05-08,Cancelada
9162,7082,Platino,117008,87228.88,2025-03-28,Vigente
9163,1591,Clasica,15358,5265.53,2023-02-28,Cancelada
9164,1993,Oro,35876,24176.88,2025-01-29,Vigente
9165,1507,Platino,99671,78741.02,2023-03-25,Vigente
9166,213,Platino,123123,103491.19,2025-11-15,Vigente
9167,5812,Platino,101930,80779.59,2023-05-30,Bloqueada
9168,392,Signature,262050,160918.81,2022-12-08,Vigente
9169,7269,Platino,123481,55852.55,2023-06-17,Vigente
9170,4172,Oro,55507,35224.5,2023-10-25,Vigente
9171,208,Clasica,16525,5310.07,2024-07-25,Vigente
9172,354,Oro,40333,5242.59,2024-08-09,Bloqueada
9173,6142,Signature,217472,121052.76,2026-08-30,Bloqueada
9174,4480,Platino,94811,52424.38,2024-10-11,Vigente
9175,7759,Clasica,12911,6742.42,2023-01-15,Vigente
9176,562,Signature,248827,144334.14,2025-10-19,Bloqueada
9177,5477,Platino,75666,34073.81,2025-01-09,Vigente
9178,6852,Platino,116360,65413.5,2022-10-15,Vigente
9179,7565,Clasica,17412,12719.14,2024-01-13,Vigente
9180,1174,Signature,166594,124427.4,2023-03-19,Vigente
9181,1284,Signature,241982,135914.34,2024-03-01,Vigente
9182,3161,Oro,51859,18797.91,2023-09-03,Vigente
9183,3829,Signature,276687,107609.31,2022-09-01,Vigente
9184,3766,Platino,82357,27782.64,2026-08-12,Vigente
9185,6115,Oro,49191,38932.91,2025-12-28,Bloqueada
9186,2672,Clasica,15713,10109.22,2024-07-07,Bloqueada
9187,2734,Oro,33615,18705.2,2024-12-30,Vigente
9188,4423,Platino,95626,5341.32,2025-10-20,Bloqueada
9189,2632,Platino,122940,87862.78,2026-08-12,Vigente
9190,7645,Signature,162747,112460.75,2025-03-28,Cancelada
9191,5771,Signature,243917,162207.84,2026-06-18,Bloqueada
9192,1248,Oro,47641,8142.27,2025-01-14,Cancelada
9193,1535,Signature,278702,95409.98,2026-03-20,Cancelada
9194,5486,Platino,121783,30616.77,2024-06-06,Bloqueada
9195,1240,Platino,76875,15391.3,2023-07-23,Vigente
9196,3637,Oro,40763,13825.33,2024-11-14,Bloqueada
9197,7330,Platino,117497,68899.51,2022-12-07,Cancelada
9198,3442,Signature,238871,35088.93,2024-06-01,Vigente
9199,5783,Platino,95673,48645.27,2025-11-13,Vigente
9200,5546,Oro,40575,28779.42,2023-11-17,Bloqueada
9201,4768,Oro,49193,14294.42,2023-04-05,Vigente
9202,5725,Platino,110027,88051.74,2023-07-23,Vigente
9203,6962,Clasica,14376,3738.19,2024-10-02,Vigente
9204,1764,Signature,238085,101398.22,2022-09-29,Bloqueada
9205,4254,Clasica,19473,15310.54,2022-08-25,Vigente
9206,5556,Signature,236618,156469.66,2024-07-10,Cancelada
9207,1632,Platino,89230,57923.42,2025-04-23,Bloqueada
9208,4232,Oro,37617,26166.59,2022-10-16,Vigente
9209,3387,Clasica,15278,5678.98,2026-01-08,Cancelada
9210,2118,Clasica,20652,14665.31,2024-08-31,Bloqueada
9211,4505,Clasica,16883,10143.94,2026-01-02,Vigente
9212,2899,Oro,44264,5371.36,2022-08-17,Vigente
9213,6437,Clasica,12197,10301.89,2025-06-03,Vigente
9214,5590,Oro,55826,7514.36,2024-06-12,Bloqueada
9215,7150,Clasica,19218,3963.28,2023-07-22,Bloqueada
9216,3549,Platino,120358,80098.82,2026-06-20,Bloqueada
9217,5196,Signature,263841,26329.45,2022-10-27,Vigente
9218,4518,Platino,114833,42936.28,2023-02-28,Vigente
9219,7251,Clasica,18502,9269.99,2024-03-03,Cancelada
9220,7733,Platino,99964,68473.8,2025-09-01,Vigente
9221,7719,Signature,275089,142361.94,2026-08-02,Bloqueada
9222,5416,Signature,224651,92183.21,2026-02-26,Vigente
9223,7568,Clasica,19731,10279.79,2024-11-21,Vigente
9224,4750,Signature,163103,69685.09,2025-09-22,Vigente
9225,4191,Clasica,17262,6490.73,2022-09-24,Vigente
9226,5506,Clasica,16015,1766.67,2022-11-24,Cancelada
9227,6422,Clasica,19996,16322.5,2025-12-11,Vigente
9228,1826,Clasica,17501,4308.21,2025-12-27,Bloqueada
9229,1261,Clasica,20079,10916.9,2023-03-07,Vigente
9230,6242,Platino,73105,34121.63,2026-02-24,Vigente
9231,186,Clasica,20878,5614.1,2025-04-15,Vigente
9232,2128,Platino,103783,16556.79,2024-09-22,Vigente
9233,4987,Oro,35207,3276.37,2025-10-07,Vigente
9234,486,Oro,54403,9968.93,2024-03-03,Vigente
9235,7965,Oro,32403,13419.59,2025-01-12,Bloqueada
9236,7480,Oro,40430,17688.13,2026-02-12,Vigente
9237,7685,Signature,261190,13583.47,2022-11-18,Cancelada
9238,5840,Platino,104618,44848.74,2025-08-28,Bloqueada
9239,1639,Signature,240168,154729.39,2023-03-15,Vigente
9240,7363,Platino,87525,62360.8,2023-08-22,Vigente
9241,518,Oro,51620,31089.28,2024-04-08,Cancelada
9242,7682,Oro,49862,8574.6,2025-11-30,Vigente
9243,1684,Oro,49722,40138.35,2024-12-17,Vigente
9244,1378,Signature,185565,125443.53,2023-03-04,Cancelada
9245,1367,Clasica,13668,761.16,2026-02-17,Vigente
9246,7345,Platino,123004,64080.17,2023-11-08,Vigente
9247,3599,Clasica,16378,3433.26,2025-08-02,Cancelada
9248,1842,Clasica,18224,4268.27,2022-09-24,Vigente
9249,5952,Signature,233839,96827.14,2025-11-21,Bloqueada
9250,6005,Oro,39001,17218.91,2025-03-08,Vigente
9251,6450,Oro,51740,38338.8,2024-05-17,Cancelada
9252,1178,Oro,37137,11269.52,2023-06-19,Bloqueada
9253,7684,Oro,53656,416.45,2022-09-11,Vigente
9254,6196,Signature,266826,218903.66,2022-08-05,Vigente
9255,1324,Signature,196312,16057.58,2025-10-04,Vigente
9256,4638,Signature,169343,22050.84,2024-07-05,Vigente
9257,6346,Platino,99061,61522.57,2025-03-12,Vigente
9258,5612,Signature,217898,118509.95,2025-02-11,Vigente
9259,327,Clasica,14288,3016.34,2024-10-23,Vigente
9260,4929,Oro,44673,6529.91,2026-07-24,Vigente
9261,2972,Signature,259219,48933.29,2025-06-19,Vigente
9262,2604,Clasica,12760,5490.48,2025-03-02,Vigente
9263,6780,Oro,51152,41473.47,2023-09-10,Vigente
9264,4258,Platino,95750,40328.81,2026-07-17,Bloqueada
9265,464,Signature,214559,89617.92,2025-09-25,Bloqueada
9266,3429,Clasica,15858,10046.87,2024-10-19,Cancelada
9267,6335,Oro,44501,11096.78,2022-08-25,Bloqueada
9268,5788,Signature,162789,116858.29,2023-06-30,Vigente
9269,4208,Clasica,19232,3417.67,2024-04-30,Vigente
9270,269,Platino,81443,4176.18,2024-02-05,Vigente
9271,3905,Signature,265735,164159.2,2022-11-22,Vigente
9272,1796,Clasica,15521,8371.6,2026-08-24,Bloqueada
9273,4480,Clasica,16341,6816.03,2023-06-15,Bloqueada
9274,7320,Platino,102999,80971.26,2023-07-30,Cancelada
9275,6936,Clasica,13361,9677.07,2026-04-17,Vigente
9276,7098,Clasica,17106,1694.23,2023-05-05,Vigente
9277,957,Platino,111214,34279.93,2024-02-06,Bloqueada
9278,6470,Signature,175104,37473.13,2022-10-05,Bloqueada
9279,2086,Signature,246364,27320.13,2024-07-24,Vigente
9280,7914,Clasica,16033,680.32,2025-05-22,Bloqueada
9281,2216,Platino,76140,9044.63,2025-09-30,Cancelada
9282,6900,Clasica,20120,7272.65,2023-06-16,Vigente
9283,5783,Oro,42108,20613.59,2025-12-03,Vigente
9284,6799,Oro,50868,1710.21,2022-09-14,Bloqueada
9285,6964,Oro,39110,2740.27,2026-06-05,Vigente
9286,2368,Platino,72447,31673.09,2023-12-06,Vigente
9287,1089,Platino,86178,65424.61,2025-07-27,Vigente
9288,4086,Signature,276223,162926.45,2024-03-16,Vigente
9289,4646,Platino,76213,37850.29,2024-07-09,Vigente
9290,6289,Oro,52179,18087.49,2025-01-14,Vigente
9291,6314,Signature,205823,95836.89,2025-09-16,Bloqueada
9292,4427,Clasica,13360,9915.43,2025-09-08,Vigente
9293,1034,Signature,161097,61037.51,2024-08-21,Bloqueada
9294,3560,Signature,179751,53255.23,2025-10-26,Vigente
9295,5859,Oro,36395,2741.15,2024-06-20,Vigente
9296,1659,Oro,54549,2434.38,2022-10-07,Cancelada
9297,1418,Platino,99128,1757.34,2026-07-11,Vigente
9298,1569,Clasica,19214,15489.36,2022-10-10,Vigente
9299,3173,Clasica,18124,13822.84,2024-04-23,Cancelada
9300,5823,Platino,103045,69057.41,2025-01-18,Bloqueada
9301,1617,Signature,238444,50593.14,2026-06-11,Vigente
9302,6097,Oro,53830,3497.73,2023-12-29,Vigente
9303,7560,Oro,51875,34111.55,2022-11-22,Cancelada
9304,392,Signature,189676,24280.55,2023-03-11,Vigente
9305,2264,Oro,34090,7418.53,2025-05-24,Bloqueada
9306,2880,Signature,243646,142110.65,2025-01-12,Vigente
9307,6452,Oro,40716,21663.94,2023-09-03,Cancelada
9308,3223,Signature,259215,110947.53,2025-12-30,Bloqueada
9309,6653,Signature,164014,122286.63,2024-12-13,Bloqueada
9310,426,Clasica,15280,10864.96,2026-08-13,Bloqueada
9311,3605,Oro,55187,31883.04,2024-07-27,Vigente
9312,6349,Clasica,13518,4024.71,2025-10-05,Vigente
9313,5099,Oro,49452,23144.35,2022-12-05,Vigente
9314,925,Oro,33312,11303.35,2024-10-15,Bloqueada
9315,7139,Platino,91120,15067.58,2025-08-09,Bloqueada
9316,7126,Oro,37101,30146.18,2025-11-06,Vigente
9317,4927,Signature,170802,16786.16,2024-03-23,Cancelada
9318,6311,Platino,105913,48674.08,2026-02-12,Cancelada
9319,6450,Oro,51330,29433.72,2026-07-04,Bloqueada
9320,3583,Oro,43481,8686.97,2022-12-04,Vigente
9321,2667,Platino,77994,27376.83,2023-02-07,Bloqueada
9322,4956,Clasica,12459,8697.92,2026-03-17,Vigente
9323,3985,Clasica,20019,11718.47,2022-12-12,Vigente
9324,7185,Platino,74895,36340.46,2024-04-17,Bloqueada
9325,2435,Clasica,18804,7621.24,2026-08-03,Vigente
9326,3502,Clasica,16813,6532.19,2025-11-03,Vigente
9327,2659,Platino,80094,10904.82,2023-12-19,Vigente
9328,1155,Signature,208442,46206.4,2023-05-28,Vigente
9329,790,Platino,92757,50540.49,2025-08-25,Cancelada
9330,218,Clasica,15203,3274.49,2025-06-17,Vigente
9331,4952,Oro,50593,33596.41,2023-02-21,Vigente
9332,5451,Oro,37856,2985.03,2026-05-17,Bloqueada
9333,5962,Signature,217179,7506.05,2024-04-06,Vigente
9334,2978,Platino,103582,16955.24,2024-12-07,Bloqueada
9335,3596,Clasica,17897,3355.76,2025-08-28,Vigente
9336,167,Platino,109940,30825.73,2023-08-01,Vigente
9337,794,Clasica,18881,3011.86,2024-07-17,Vigente
9338,426,Clasica,15643,3702.5,2026-02-06,Vigente
9339,1330,Oro,38254,2330.44,2022-11-18,Bloqueada
9340,7577,Signature,179552,88293.46,2024-04-06,Vigente
9341,7342,Platino,124436,74463.13,2023-10-17,Vigente
9342,1560,Signature,213170,36798.67,2023-07-13,Vigente
9343,5730,Clasica,14873,11965.42,2022-12-21,Bloqueada
9344,7890,Signature,234520,9189.05,2025-11-07,Vigente
9345,5673,Oro,46470,29398.24,2024-02-06,Vigente
9346,5143,Oro,37767,21400.6,2025-07-14,Vigente
9347,2793,Clasica,13775,7727.59,2025-09-06,Bloqueada
9348,7780,Signature,247042,69354.97,2024-01-30,Vigente
9349,3939,Platino,98136,72725.86,2025-04-23,Vigente
9350,3376,Platino,85281,22850.25,2023-06-19,Cancelada
9351,7084,Oro,36481,19684.82,2023-10-26,Bloqueada
9352,7298,Oro,38643,10997.17,2026-06-14,Vigente
9353,611,Platino,118900,76335.99,2024-11-04,Vigente
9354,1530,Clasica,19844,9941.57,2025-12-18,Vigente
9355,308,Clasica,18270,126.06,2025-06-14,Vigente
9356,5333,Signature,242226,35777.82,2022-09-02,Vigente
9357,4243,Platino,115339,80885.23,2024-08-19,Vigente
9358,4925,Clasica,19275,6530.02,2025-12-03,Vigente
9359,6960,Platino,85335,65021.92,2024-01-05,Cancelada
9360,6124,Oro,46529,19819.93,2023-03-12,Bloqueada
9361,4002,Clasica,17237,11655.6,2026-07-06,Vigente
9362,3848,Signature,192433,131252.02,2025-03-24,Vigente
9363,1209,Oro,36124,7961.2,2026-06-25,Bloqueada
9364,131,Oro,45447,35620.94,2022-07-28,Vigente
9365,4102,Signature,222631,164018.78,2023-01-14,Vigente
9366,4059,Platino,97445,46186.59,2026-03-26,Vigente
9367,5955,Oro,53339,26227.6,2023-01-29,Vigente
9368,6412,Platino,99433,38301.68,2026-01-01,Cancelada
9369,494,Signature,275963,116967.65,2025-08-07,Vigente
9370,1238,Signature,256048,178617.79,2022-08-23,Vigente
9371,3828,Clasica,19497,16528.96,2024-04-10,Bloqueada
9372,5664,Platino,119097,84317.23,2025-06-11,Bloqueada
9373,2107,Platino,118828,10906.39,2025-01-09,Vigente
9374,5701,Oro,53848,2052.9,2026-08-31,Bloqueada
9375,6802,Oro,49291,8522.78,2026-03-12,Cancelada
9376,7550,Platino,96469,2499.03,2026-01-29,Vigente
9377,4912,Oro,55215,1932.94,2022-08-19,Vigente
9378,3122,Clasica,12571,6113.83,2026-04-02,Cancelada
9379,151,Signature,231476,3264.56,2024-01-30,Vigente
9380,5442,Platino,121657,76479.23,2024-11-01,Vigente
9381,4982,Clasica,13019,5172.89,2022-11-24,Cancelada
9382,4741,Clasica,19364,2173.28,2024-05-11,Vigente
9383,4767,Signature,197745,34712.91,2024-02-23,Cancelada
9384,6469,Clasica,20194,14982.86,2023-05-29,Vigente
9385,5961,Platino,115850,72151.41,2023-04-03,Vigente
9386,1085,Platino,85207,14656.37,2023-02-01,Vigente
9387,6560,Oro,33044,25066.9,2025-06-23,Cancelada
9388,3938,Signature,279079,200609.78,2025-04-06,Cancelada
9389,1587,Signature,193870,2824.86,2024-04-28,Vigente
9390,4733,Signature,202142,58987.91,2024-11-17,Vigente
9391,2439,Oro,51241,41004.02,2022-09-14,Vigente
9392,422,Clasica,15545,487.66,2025-12-26,Vigente
9393,2127,Oro,52997,18522.07,2023-02-02,Vigente
9394,5502,Oro,32199,17457.33,2025-07-01,Vigente
9395,3581,Platino,92252,41529.5,2023-06-16,Vigente
9396,4315,Signature,272988,62337.41,2025-09-04,Vigente
9397,2508,Platino,117508,81738.79,2026-06-14,Vigente
9398,5901,Signature,268704,21982.77,2026-07-21,Vigente
9399,344,Clasica,20659,4077.89,2025-03-21,Vigente
9400,5903,Platino,86744,2806.51,2024-09-19,Vigente
9401,4410,Oro,54453,42471.29,2024-03-01,Vigente
9402,386,Clasica,20208,343.84,2024-06-01,Vigente
9403,2795,Signature,207985,43530.47,2023-06-08,Vigente
9404,2581,Signature,219948,75675.83,2025-10-07,Bloqueada
9405,1091,Clasica,16342,11665.53,2026-04-17,Vigente
9406,3295,Signature,269546,53711.37,2023-10-28,Vigente
9407,3080,Platino,110232,809.59,2024-01-01,Vigente
9408,2982,Clasica,14028,6536.44,2026-08-21,Vigente
9409,5945,Platino,88331,42920.72,2024-04-29,Vigente
9410,7491,Oro,34075,4283.14,2023-03-24,Vigente
9411,2583,Platino,97146,62705.27,2024-10-24,Vigente
9412,4199,Signature,242796,145107.26,2024-04-01,Vigente
9413,7955,Platino,98478,9220.3,2023-05-16,Vigente
9414,6338,Signature,215827,57935.15,2025-06-08,Cancelada
9415,7850,Signature,183593,21385.82,2026-01-30,Vigente
9416,7685,Signature,265953,206232.62,2026-03-12,Vigente
9417,3237,Clasica,19987,14221.96,2026-04-01,Vigente
9418,1002,Clasica,14911,4174.43,2023-11-12,Bloqueada
9419,7538,Platino,96277,14494.35,2023-01-05,Cancelada
9420,4631,Platino,99188,76296.6,2025-05-17,Vigente
9421,937,Platino,122657,25989.45,2026-03-22,Bloqueada
9422,723,Platino,117207,92919.27,2025-02-26,Cancelada
9423,2689,Oro,32209,12714.44,2025-10-25,Bloqueada
9424,4023,Oro,53899,1915.35,2024-11-05,Vigente
9425,3031,Signature,242819,79608.73,2022-08-16,Vigente
9426,1036,Signature,258648,115684.12,2024-08-18,Vigente
9427,914,Clasica,17045,2317.41,2023-10-24,Vigente
9428,5110,Signature,243281,124281.53,2025-06-19,Vigente
9429,1946,Clasica,15024,5395.12,2025-08-22,Cancelada
9430,2751,Platino,89934,31262.03,2023-01-03,Vigente
9431,6052,Clasica,16072,12105.89,2022-11-23,Vigente
9432,1551,Signature,252361,168859.19,2025-11-23,Bloqueada
9433,7959,Clasica,17225,9869.12,2024-02-06,Vigente
9434,7822,Platino,86139,33204.71,2024-01-28,Bloqueada
9435,2254,Clasica,16725,11326.64,2025-05-03,Bloqueada
9436,3954,Clasica,17651,2831.12,2024-04-23,Cancelada
9437,6839,Signature,251370,194830.65,2025-02-20,Bloqueada
9438,4049,Signature,182665,154126.91,2022-12-26,Cancelada
9439,1707,Clasica,12155,857.4,2025-09-24,Cancelada
9440,941,Platino,78967,52928.23,2024-02-29,Vigente
9441,3718,Signature,262415,25453.44,2023-12-05,Bloqueada
9442,6856,Signature,269349,159017.81,2023-04-18,Vigente
9443,6587,Platino,121476,41190.54,2023-10-04,Vigente
9444,5360,Signature,161507,47567.96,2024-01-18,Vigente
9445,925,Clasica,16562,3519.14,2023-04-29,Vigente
9446,6018,Platino,88807,67761.16,2023-05-16,Vigente
9447,3909,Signature,175165,104496.08,2025-12-23,Bloqueada
9448,5489,Platino,113944,14127.58,2025-11-11,Bloqueada
9449,3054,Clasica,12941,5315.94,2022-08-10,Bloqueada
9450,4641,Signature,208328,135259.99,2025-12-28,Vigente
9451,6217,Clasica,14418,3539.2,2026-04-14,Vigente
9452,6502,Platino,117966,69796.69,2023-10-31,Vigente
9453,4876,Clasica,16325,12729.71,2023-12-15,Cancelada
9454,5217,Clasica,18465,6350.66,2024-08-08,Cancelada
9455,5829,Clasica,15433,10284.01,2025-05-04,Bloqueada
9456,7662,Oro,35685,7441.32,2024-10-31,Vigente
9457,2967,Signature,215721,48087.48,2023-11-20,Vigente
9458,1115,Signature,175425,136284.92,2023-11-19,Vigente
9459,1429,Oro,55107,7149.39,2024-02-03,Vigente
9460,1520,Signature,259472,154524.87,2023-06-15,Cancelada
9461,1219,Oro,39442,31815.76,2024-05-20,Vigente
9462,4124,Signature,172547,5271.67,2025-04-22,Cancelada
9463,7668,Platino,112685,81832.22,2025-07-06,Cancelada
9464,545,Signature,269094,40536.85,2025-06-08,Cancelada
9465,9,Platino,97097,41054.95,2023-06-17,Vigente
9466,3982,Clasica,15099,4522.35,2024-07-28,Vigente
9467,2316,Platino,112202,51106.82,2026-03-14,Cancelada
9468,6434,Oro,34105,20863.62,2026-08-08,Vigente
9469,5297,Clasica,15356,6781.58,2025-03-12,Vigente
9470,6758,Signature,252481,99926.65,2022-08-29,Vigente
9471,7734,Oro,34778,1592.91,2023-12-27,Cancelada
9472,6126,Clasica,17439,3181.53,2025-12-03,Cancelada
9473,5349,Clasica,12384,983.76,2026-03-04,Cancelada
9474,4731,Signature,230503,71223.63,2023-12-25,Cancelada
9475,7834,Oro,36106,1909.2,2024-11-07,Vigente
9476,2338,Clasica,18692,6084.93,2024-08-03,Bloqueada
9477,1026,Signature,164733,23293.4,2023-07-23,Vigente
9478,2858,Clasica,18342,7696.67,2023-05-22,Vigente
9479,2954,Platino,77953,65138.38,2024-10-24,Cancelada
9480,17,Platino,89016,29615.89,2024-11-15,Vigente
9481,6322,Platino,105329,5812.94,2023-02-23,Vigente
9482,7988,Clasica,19769,8671.99,2023-11-13,Vigente
9483,3676,Clasica,13444,8054.65,2023-06-16,Cancelada
9484,6124,Signature,183923,6805.34,2025-03-23,Bloqueada
9485,2006,Clasica,17405,13379.14,2022-12-16,Vigente
9486,1208,Clasica,17203,10397.64,2026-02-08,Vigente
9487,7521,Platino,75006,32362.66,2025-07-28,Vigente
9488,3283,Oro,52145,15501.56,2022-08-11,Vigente
9489,1020,Signature,242081,166902.36,2026-08-16,Vigente
9490,2222,Signature,238106,143163.66,2024-12-23,Bloqueada
9491,6519,Oro,34853,7796.51,2024-05-05,Bloqueada
9492,6431,Platino,124327,73764.43,2023-03-28,Vigente
9493,2043,Platino,84759,31559.69,2026-06-15,Vigente
9494,2565,Platino,95310,36727.41,2026-05-09,Bloqueada
9495,5698,Oro,49655,39147.57,2022-11-21,Cancelada
9496,7881,Clasica,20185,3323.91,2023-02-27,Vigente
9497,566,Oro,52329,34657.54,2023-04-28,Bloqueada
9498,1050,Signature,229136,53791.41,2025-09-01,Bloqueada
9499,624,Signature,227556,166667.14,2025-12-18,Bloqueada
9500,5822,Oro,37394,10101.7,2023-10-03,Vigente
9501,4027,Platino,88028,9533.36,2025-02-17,Bloqueada
9502,6370,Oro,32216,13628.77,2024-01-10,Vigente
9503,4340,Clasica,18347,12369.45,2022-12-01,Vigente
9504,6107,Oro,35347,14333.19,2026-05-31,Vigente
9505,4203,Oro,46745,9379.2,2022-11-22,Vigente
9506,7463,Signature,221802,48898.65,2023-09-22,Cancelada
9507,1861,Clasica,18385,5998.0,2025-05-11,Vigente
9508,3183,Signature,182096,14323.76,2024-04-03,Bloqueada
9509,5690,Clasica,16207,2115.09,2023-06-10,Vigente
9510,1610,Platino,78444,18865.45,2026-05-14,Vigente
9511,6129,Signature,178908,18789.72,2023-09-21,Vigente
9512,1985,Oro,44932,32077.32,2025-03-15,Vigente
9513,3529,Platino,84432,4666.49,2024-06-28,Cancelada
9514,293,Clasica,18655,7732.48,2023-04-27,Vigente
9515,1189,Platino,94074,56668.79,2024-09-11,Cancelada
9516,6723,Signature,269511,144897.05,2024-11-28,Cancelada
9517,3189,Platino,105889,21450.47,2025-01-21,Cancelada
9518,320,Signature,238246,71832.02,2026-05-31,Vigente
9519,2351,Signature,166328,32117.16,2026-01-26,Vigente
9520,1168,Signature,220746,85428.03,2023-03-03,Vigente
9521,4720,Signature,277375,166057.64,2025-11-19,Vigente
9522,3736,Platino,76277,36928.84,2024-03-24,Vigente
9523,3673,Platino,113801,34693.44,2025-02-17,Vigente
9524,549,Oro,34936,1879.51,2025-06-04,Vigente
9525,3216,Clasica,18699,4366.7,2024-05-20,Vigente
9526,855,Signature,171866,36459.25,2024-08-12,Vigente
9527,779,Oro,41193,21485.09,2026-05-19,Vigente
9528,6518,Platino,117233,64333.81,2023-07-03,Vigente
9529,6571,Platino,102640,27161.22,2023-12-09,Cancelada
9530,3,Clasica,12019,1976.88,2024-06-07,Vigente
9531,6844,Clasica,15644,11342.02,2023-06-01,Cancelada
9532,2451,Clasica,13049,5685.72,2024-04-22,Vigente
9533,5340,Platino,113091,10801.2,2025-07-08,Vigente
9534,2345,Signature,242570,17850.42,2024-04-02,Bloqueada
9535,4164,Platino,105061,66813.26,2022-09-24,Cancelada
9536,7709,Clasica,13579,4395.25,2023-04-17,Cancelada
9537,6154,Signature,172701,104771.86,2025-12-30,Vigente
9538,7284,Signature,204963,57811.96,2024-09-01,Vigente
9539,4202,Oro,52507,302.06,2022-12-11,Vigente
9540,917,Platino,91313,47487.24,2022-12-10,Bloqueada
9541,2141,Oro,52395,10948.79,2024-04-16,Vigente
9542,3757,Platino,74948,31644.4,2023-01-04,Vigente
9543,7794,Platino,121307,103082.47,2022-12-26,Bloqueada
9544,4692,Signature,224504,161015.01,2026-07-06,Cancelada
9545,2424,Signature,169050,114191.3,2022-12-14,Cancelada
9546,4835,Oro,40078,1136.49,2024-10-07,Vigente
9547,5829,Oro,37981,29427.42,2024-11-27,Vigente
9548,7802,Clasica,20791,16442.29,2025-03-31,Vigente
9549,4999,Signature,183556,120353.64,2022-09-30,Vigente
9550,5514,Oro,45362,13942.6,2023-03-27,Vigente
9551,1694,Oro,51594,33355.45,2026-06-27,Vigente
9552,5155,Platino,115339,86674.09,2026-07-09,Bloqueada
9553,7513,Clasica,18536,7953.46,2026-05-10,Vigente
9554,5275,Clasica,13182,3662.24,2023-10-23,Cancelada
9555,5883,Oro,50905,40973.86,2023-06-06,Vigente
9556,4551,Platino,119828,96903.79,2023-03-01,Vigente
9557,6621,Oro,38854,10991.44,2024-04-05,Bloqueada
9558,3230,Clasica,14549,4831.25,2022-11-11,Vigente
9559,2184,Oro,47048,11218.93,2023-01-06,Vigente
9560,1396,Signature,232459,154325.03,2022-10-19,Vigente
9561,4394,Clasica,12789,10225.62,2024-11-25,Cancelada
9562,3668,Signature,271886,49728.96,2025-12-10,Vigente
9563,5613,Platino,93031,64995.32,2026-07-16,Vigente
9564,2304,Platino,83840,15937.15,2023-04-14,Vigente
9565,5770,Oro,40438,5287.49,2023-12-06,Cancelada
9566,6256,Platino,73799,37160.88,2023-07-02,Vigente
9567,6134,Signature,228781,98160.49,2024-04-29,Vigente
9568,3337,Oro,38116,6038.66,2023-09-16,Cancelada
9569,2419,Signature,252915,156134.07,2024-08-20,Bloqueada
9570,1457,Signature,273372,119304.58,2026-06-16,Bloqueada
9571,6441,Signature,200872,95408.5,2023-07-15,Bloqueada
9572,3119,Clasica,13865,1261.57,2025-08-04,Vigente
9573,426,Oro,54337,36312.08,2023-11-25,Vigente
9574,6626,Oro,53093,20570.66,2025-10-20,Vigente
9575,7269,Oro,44922,18558.15,2023-10-29,Vigente
9576,4838,Signature,181125,4142.8,2023-03-23,Vigente
9577,2607,Signature,180136,126952.56,2025-06-12,Bloqueada
9578,2588,Signature,246815,63691.7,2025-01-03,Bloqueada
9579,748,Platino,115640,68158.02,2023-08-28,Vigente
9580,5870,Signature,188347,108322.62,2025-09-17,Cancelada
9581,2027,Platino,82187,23096.28,2022-10-23,Cancelada
9582,5657,Platino,106465,73839.15,2024-12-24,Vigente
9583,92,Oro,39348,9555.78,2026-07-30,Vigente
9584,5047,Oro,49563,3354.38,2026-07-17,Vigente
9585,2613,Signature,176681,72426.83,2025-07-25,Bloqueada
9586,232,Oro,33505,15559.82,2023-09-06,Vigente
9587,429,Oro,32870,10443.34,2025-09-17,Cancelada
9588,1617,Clasica,18689,529.56,2025-05-24,Vigente
9589,7866,Clasica,20329,15596.01,2023-07-20,Bloqueada
9590,1385,Oro,49196,29985.18,2022-10-02,Cancelada
9591,3038,Oro,44141,18411.92,2026-04-19,Vigente
9592,3512,Oro,49197,16774.85,2024-12-12,Vigente
9593,284,Signature,275458,84592.53,2025-06-02,Vigente
9594,817,Platino,107557,27574.26,2024-07-07,Vigente
9595,2269,Oro,49784,3338.01,2025-01-29,Vigente
9596,3769,Clasica,13282,10972.94,2023-02-18,Vigente
9597,35,Clasica,20362,16333.21,2023-03-17,Vigente
9598,4524,Platino,111683,26765.74,2023-12-15,Cancelada
9599,4261,Clasica,17557,705.15,2024-01-19,Vigente
9600,330,Clasica,20923,9593.21,2026-04-24,Vigente
9601,4641,Signature,240604,140044.47,2024-06-24,Vigente
9602,1911,Oro,34979,18637.87,2023-05-19,Vigente
9603,44,Oro,49873,5817.82,2026-01-22,Vigente
9604,2730,Oro,40615,33287.53,2026-03-14,Vigente
9605,641,Signature,261645,110571.92,2026-01-16,Bloqueada
9606,3411,Clasica,19818,2069.31,2025-09-11,Vigente
9607,888,Oro,47466,31905.93,2024-03-15,Bloqueada
9608,7067,Clasica,14887,6848.99,2026-05-19,Vigente
9609,4494,Platino,76689,11793.3,2023-05-12,Vigente
9610,3345,Signature,247415,30085.44,2023-07-11,Vigente
9611,4831,Clasica,13110,2403.08,2025-06-11,Vigente
9612,7969,Oro,48430,34532.54,2023-09-22,Vigente
9613,7222,Clasica,17811,8555.64,2024-03-07,Vigente
9614,7842,Platino,114190,34499.51,2023-02-01,Bloqueada
9615,2215,Clasica,12304,5275.58,2022-10-27,Vigente
9616,2381,Signature,239795,147057.99,2023-05-09,Bloqueada
9617,7890,Signature,176195,110811.25,2024-09-29,Vigente
9618,4290,Clasica,12695,6910.47,2022-11-25,Vigente
9619,7022,Signature,225184,124627.74,2025-03-10,Vigente
9620,2985,Platino,117122,55558.0,2025-08-05,Bloqueada
9621,3756,Platino,114034,66689.27,2023-12-11,Cancelada
9622,559,Oro,47968,40213.47,2024-10-13,Vigente
9623,718,Oro,52830,41011.06,2022-11-10,Vigente
9624,953,Signature,263883,173892.24,2026-06-06,Vigente
9625,6647,Clasica,12023,9308.18,2026-01-23,Vigente
9626,490,Platino,87018,15362.48,2026-08-05,Vigente
9627,4079,Signature,219618,182658.83,2025-01-24,Vigente
9628,4988,Signature,266025,198133.23,2025-11-25,Vigente
9629,4839,Platino,101024,17966.38,2023-06-16,Vigente
9630,1652,Signature,258686,79536.68,2025-06-29,Vigente
9631,3219,Clasica,17465,5914.86,2023-09-10,Vigente
9632,5163,Oro,50607,25122.21,2024-01-19,Vigente
9633,6185,Platino,115747,2365.58,2023-02-19,Cancelada
9634,4230,Signature,253937,109094.43,2025-01-10,Vigente
9635,5481,Clasica,18585,4524.04,2023-10-08,Vigente
9636,3364,Oro,42959,16956.73,2026-01-14,Vigente
9637,2622,Oro,35622,7979.8,2024-06-11,Vigente
9638,6152,Clasica,14260,4987.18,2025-06-06,Vigente
9639,7711,Platino,80857,37208.77,2022-09-14,Vigente
9640,1216,Platino,84549,9890.23,2025-07-22,Cancelada
9641,2415,Platino,87147,30661.73,2022-10-26,Vigente
9642,4326,Signature,216015,35302.55,2023-04-12,Cancelada
9643,7954,Oro,42677,1472.12,2023-04-06,Vigente
9644,1724,Clasica,20058,9969.28,2026-02-13,Vigente
9645,3818,Platino,100899,4631.02,2024-04-14,Bloqueada
9646,5021,Platino,96355,31852.44,2022-12-25,Vigente
9647,5848,Signature,208019,59497.02,2022-12-19,Bloqueada
9648,5537,Platino,93948,207.72,2025-08-20,Bloqueada
9649,1266,Signature,214037,3110.96,2025-12-14,Vigente
9650,172,Signature,190694,70921.8,2024-02-11,Cancelada
9651,4623,Signature,162501,128583.56,2024-05-05,Vigente
9652,2026,Clasica,19416,7370.87,2024-09-07,Vigente
9653,3739,Signature,256618,142249.85,2025-08-07,Vigente
9654,2315,Oro,52093,24365.39,2024-05-27,Cancelada
9655,1336,Oro,42268,4791.82,2023-01-22,Vigente
9656,2421,Signature,194032,41725.57,2025-11-01,Vigente
9657,552,Platino,80904,43564.52,2024-07-13,Vigente
9658,7121,Clasica,16159,614.39,2024-02-07,Vigente
9659,2112,Platino,109883,77971.08,2025-09-21,Vigente
9660,1266,Signature,176058,24183.26,2024-12-10,Cancelada
9661,7068,Platino,104987,1381.87,2026-06-01,Cancelada
9662,645,Clasica,18028,10000.6,2024-12-16,Vigente
9663,7356,Clasica,19408,15691.44,2024-01-20,Bloqueada
9664,2735,Signature,246941,115245.02,2023-09-02,Cancelada
9665,7972,Platino,75021,28501.46,2024-04-07,Bloqueada
9666,1350,Platino,123056,42677.3,2023-06-29,Vigente
9667,6243,Clasica,19401,7188.89,2024-05-01,Vigente
9668,4174,Platino,78003,47272.12,2023-11-16,Vigente
9669,7095,Oro,34344,20414.64,2026-06-15,Vigente
9670,2184,Oro,50836,22096.95,2026-02-04,Vigente
9671,7238,Signature,195125,91621.07,2022-09-25,Vigente
9672,5914,Signature,211067,135533.49,2025-05-31,Vigente
9673,4403,Platino,116998,5757.31,2024-02-10,Bloqueada
9674,6641,Oro,49740,14366.46,2023-03-12,Vigente
9675,3779,Oro,42096,27370.42,2025-06-20,Cancelada
9676,6335,Clasica,18986,12113.47,2026-06-19,Bloqueada
9677,1256,Oro,50780,22886.02,2024-01-06,Vigente
9678,1869,Clasica,15190,5154.8,2022-11-19,Cancelada
9679,3841,Clasica,12607,3924.67,2026-08-29,Vigente
9680,3705,Platino,74956,4364.24,2026-02-03,Bloqueada
9681,6100,Clasica,12627,10447.27,2024-01-18,Vigente
9682,6128,Signature,217708,25243.29,2024-03-21,Bloqueada
9683,5515,Oro,39456,24481.65,2023-09-25,Vigente
9684,2588,Clasica,16396,1821.16,2022-09-05,Cancelada
9685,6036,Clasica,16609,1280.63,2025-10-03,Vigente
9686,7264,Platino,75488,55140.52,2023-11-12,Bloqueada
9687,2063,Oro,50858,9694.37,2023-02-03,Bloqueada
9688,6637,Oro,38018,2913.12,2025-03-17,Vigente
9689,1423,Signature,194986,75282.61,2023-04-18,Vigente
9690,187,Oro,54010,20837.08,2023-11-25,Bloqueada
9691,2407,Signature,226012,52392.46,2024-02-23,Vigente
9692,2004,Platino,92455,10029.96,2024-02-06,Cancelada
9693,4415,Signature,259692,194517.11,2024-01-06,Vigente
9694,1794,Platino,79190,60516.78,2026-01-18,Vigente
9695,2333,Signature,190447,54772.58,2026-04-10,Vigente
9696,4581,Clasica,17428,2241.53,2025-12-12,Bloqueada
9697,2050,Oro,50665,11194.1,2025-01-13,Vigente
9698,4051,Clasica,15130,10053.4,2024-04-08,Vigente
9699,6737,Clasica,16937,6854.4,2026-07-17,Vigente
9700,2622,Platino,78229,60342.49,2026-07-14,Bloqueada
9701,7209,Platino,115541,97437.77,2023-02-05,Vigente
9702,6438,Clasica,16019,1010.34,2025-02-14,Vigente
9703,2319,Signature,217137,179560.89,2026-02-21,Bloqueada
9704,5783,Clasica,14294,9581.74,2025-11-12,Cancelada
9705,3368,Platino,89403,36247.4,2024-08-13,Bloqueada
9706,7356,Clasica,14210,262.78,2024-04-01,Cancelada
9707,2522,Oro,48451,26949.42,2022-08-02,Vigente
9708,655,Oro,54781,20528.84,2026-01-26,Bloqueada
9709,3404,Signature,198150,39333.65,2025-04-03,Cancelada
9710,6440,Oro,49515,1174.37,2026-05-14,Vigente
9711,1231,Clasica,12414,6996.54,2025-08-18,Bloqueada
9712,2489,Clasica,14119,2827.17,2026-05-03,Vigente
9713,7080,Platino,77599,36040.58,2026-08-21,Bloqueada
9714,883,Platino,92155,60837.95,2024-09-04,Vigente
9715,6204,Signature,223364,142502.97,2022-11-12,Vigente
9716,1306,Oro,40211,3247.61,2023-02-10,Bloqueada
9717,624,Platino,118537,23365.96,2024-05-24,Bloqueada
9718,781,Clasica,13382,5526.63,2023-03-18,Vigente
9719,1485,Platino,100186,84974.04,2023-12-26,Vigente
9720,7337,Clasica,13033,1636.31,2025-12-08,Bloqueada
9721,891,Oro,42005,12798.24,2022-10-15,Cancelada
9722,6425,Clasica,20660,17118.77,2023-09-26,Vigente
9723,5563,Clasica,19430,966.77,2023-01-28,Vigente
9724,7087,Clasica,15964,935.7,2025-02-18,Vigente
9725,5664,Clasica,19088,6732.11,2026-02-19,Cancelada
9726,7425,Platino,94752,46673.85,2023-02-11,Vigente
9727,5557,Signature,199780,44591.36,2022-08-10,Vigente
9728,5654,Clasica,14984,6333.81,2025-09-30,Cancelada
9729,2195,Signature,246785,71708.38,2025-09-26,Vigente
9730,1872,Platino,108984,79682.91,2024-06-01,Vigente
9731,2145,Signature,271043,63691.02,2022-11-27,Vigente
9732,6554,Oro,36989,16139.49,2026-08-03,Vigente
9733,5239,Signature,267741,84004.98,2024-08-30,Vigente
9734,5976,Oro,55739,26349.6,2024-10-29,Vigente
9735,3821,Clasica,20778,8597.23,2022-10-02,Vigente
9736,843,Oro,35510,29780.87,2023-12-10,Cancelada
9737,4817,Clasica,20705,11156.56,2023-05-11,Vigente
9738,4098,Platino,78295,37828.29,2026-07-09,Vigente
9739,3429,Signature,276813,233567.63,2023-12-03,Vigente
9740,1730,Oro,47923,36741.45,2026-04-13,Vigente
9741,1423,Oro,36121,5489.54,2023-09-09,Vigente
9742,3451,Oro,39252,9864.55,2025-11-06,Vigente
9743,4722,Platino,87993,27602.26,2025-04-16,Vigente
9744,244,Platino,82944,60445.8,2026-02-25,Cancelada
9745,5025,Signature,249068,75156.56,2023-08-06,Vigente
9746,5067,Oro,53664,9697.51,2025-03-06,Cancelada
9747,2329,Clasica,18950,14701.4,2023-07-20,Vigente
9748,1320,Clasica,14783,11.5,2023-02-16,Bloqueada
9749,3757,Oro,39172,21087.16,2024-10-30,Vigente
9750,1021,Platino,100142,18402.35,2025-04-24,Bloqueada
9751,4914,Signature,215708,55575.21,2024-07-04,Bloqueada
9752,7604,Oro,48286,4976.17,2024-04-08,Bloqueada
9753,3677,Clasica,20466,4956.94,2026-08-25,Vigente
9754,6305,Platino,115381,84013.37,2025-10-07,Vigente
9755,1639,Clasica,16870,2046.76,2022-10-07,Cancelada
9756,1257,Clasica,18959,14583.15,2025-06-22,Bloqueada
9757,1741,Signature,191995,11312.91,2024-09-11,Vigente
9758,3206,Signature,186495,11101.66,2026-05-09,Vigente
9759,7940,Oro,36440,26315.02,2022-07-27,Vigente
9760,4201,Signature,233159,122566.29,2024-08-01,Vigente
9761,2398,Platino,110582,86327.73,2023-02-18,Vigente
9762,3789,Signature,278247,229057.58,2025-01-22,Vigente
9763,1009,Signature,206252,32502.39,2024-02-07,Vigente
9764,1874,Oro,33210,7382.26,2024-03-22,Vigente
9765,6740,Clasica,17116,6206.3,2023-05-07,Vigente
9766,2361,Oro,51315,23161.28,2025-04-13,Vigente
9767,647,Oro,41207,31225.83,2024-02-28,Vigente
9768,1319,Oro,42963,9427.91,2023-10-27,Vigente
9769,3446,Clasica,19657,5357.51,2025-01-04,Cancelada
9770,7883,Signature,231881,73626.67,2022-09-06,Cancelada
9771,2290,Signature,212250,154526.31,2025-10-25,Vigente
9772,5031,Clasica,15186,12099.02,2024-09-05,Vigente
9773,3320,Clasica,20567,74.33,2024-08-09,Vigente
9774,246,Signature,257566,15425.96,2023-05-23,Vigente
9775,4169,Oro,41624,13555.98,2023-09-26,Vigente
9776,4099,Clasica,17485,14706.84,2026-05-31,Vigente
9777,5319,Clasica,20190,7294.23,2024-02-14,Vigente
9778,2681,Signature,252707,174654.33,2022-10-06,Bloqueada
9779,7651,Signature,205380,110294.08,2024-09-10,Bloqueada
9780,3099,Clasica,13266,7957.63,2023-06-03,Bloqueada
9781,4598,Clasica,16025,2642.11,2023-09-27,Bloqueada
9782,3497,Signature,277202,169756.06,2026-06-13,Vigente
9783,1946,Oro,39725,14919.16,2023-10-06,Vigente
9784,3066,Platino,93347,28995.7,2022-11-23,Vigente
9785,3979,Platino,106740,61687.81,2026-07-30,Vigente
9786,605,Platino,107123,52081.1,2026-07-15,Bloqueada
9787,7765,Oro,50570,14701.64,2026-08-10,Bloqueada
9788,195,Signature,216214,143121.54,2023-10-10,Cancelada
9789,3029,Platino,103999,66009.37,2024-05-24,Vigente
9790,1502,Signature,211194,111916.48,2026-03-26,Cancelada
9791,7542,Oro,51346,25641.58,2025-06-23,Vigente
9792,7163,Platino,103184,60270.6,2025-12-02,Bloqueada
9793,321,Oro,46243,3528.14,2024-05-24,Vigente
9794,54,Clasica,19719,3110.38,2024-08-25,Bloqueada
9795,1190,Signature,263663,75293.26,2024-01-26,Cancelada
9796,25,Signature,223159,40702.62,2025-09-27,Vigente
9797,7162,Oro,44682,36117.98,2024-07-11,Vigente
9798,5758,Clasica,19232,4566.56,2023-08-14,Vigente
9799,6924,Oro,34758,19861.12,2024-07-14,Vigente
9800,3411,Platino,105316,87004.45,2023-12-16,Cancelada
9801,2082,Signature,211787,10960.74,2025-01-05,Bloqueada
9802,977,Signature,189518,59066.58,2024-07-20,Bloqueada
9803,4461,Clasica,14852,6839.87,2022-10-01,Cancelada
9804,7505,Signature,261463,77317.32,2024-11-05,Cancelada
9805,6865,Platino,112902,48068.16,2024-08-21,Vigente
9806,2666,Oro,32793,23937.34,2022-11-14,Vigente
9807,4367,Signature,184080,46589.93,2026-08-10,Vigente
9808,77,Oro,54771,29487.82,2022-10-08,Vigente
9809,5791,Signature,267937,168165.2,2025-01-14,Bloqueada
9810,7781,Clasica,20132,3370.18,2024-12-23,Vigente
9811,5764,Platino,124344,23467.53,2025-03-01,Cancelada
9812,6642,Oro,36679,9885.36,2024-08-16,Bloqueada
9813,7975,Platino,120773,46706.37,2024-07-02,Vigente
9814,3001,Platino,84862,34113.51,2022-11-10,Cancelada
9815,4295,Platino,94150,38391.44,2024-06-18,Vigente
9816,2857,Oro,45653,29727.98,2024-10-16,Cancelada
9817,3193,Clasica,17382,4061.45,2026-02-09,Vigente
9818,5227,Platino,88290,35524.12,2024-05-01,Cancelada
9819,3276,Signature,249155,204661.26,2026-04-19,Vigente
9820,5420,Clasica,19157,12329.61,2024-08-29,Vigente
9821,1505,Oro,41090,30540.93,2023-09-29,Vigente
9822,172,Oro,49728,26817.77,2024-01-15,Vigente
9823,7354,Signature,190807,94290.39,2026-03-25,Vigente
9824,1984,Platino,119461,73880.85,2026-04-09,Cancelada
9825,5539,Signature,192794,68953.31,2023-08-02,Vigente
9826,6032,Oro,42960,21533.96,2023-07-09,Vigente
9827,514,Oro,50825,24155.61,2026-06-09,Vigente
9828,1684,Clasica,17235,6349.89,2024-09-19,Bloqueada
9829,3785,Oro,40576,4056.46,2023-08-23,Bloqueada
9830,1123,Clasica,14030,3101.68,2024-02-01,Vigente
9831,2073,Oro,52632,37364.66,2025-11-17,Bloqueada
9832,2231,Platino,106474,40691.33,2023-12-08,Cancelada
9833,1804,Signature,267142,150390.1,2023-01-23,Vigente
9834,227,Platino,83576,22954.15,2023-07-24,Vigente
9835,2646,Oro,47018,1558.99,2023-12-10,Cancelada
9836,7905,Platino,124581,11667.14,2023-01-16,Vigente
9837,6913,Platino,83150,17658.82,2025-05-22,Vigente
9838,7259,Clasica,20452,16539.85,2023-01-07,Vigente
9839,7442,Signature,218363,164242.56,2024-03-27,Bloqueada
9840,1411,Oro,32929,8000.67,2022-07-30,Vigente
9841,937,Signature,243062,50158.86,2026-08-04,Bloqueada
9842,1648,Clasica,20619,8345.18,2025-05-24,Vigente
9843,7047,Clasica,17477,2181.64,2026-08-20,Vigente
9844,5166,Clasica,16819,12381.69,2024-05-10,Bloqueada
9845,2286,Oro,33412,23686.03,2024-11-24,Bloqueada
9846,6699,Clasica,20806,6767.62,2025-10-14,Cancelada
9847,7949,Clasica,12404,1212.69,2025-02-26,Cancelada
9848,4257,Platino,100087,38631.12,2026-09-02,Vigente
9849,1164,Signature,209540,23544.27,2023-06-09,Vigente
9850,2678,Signature,228792,118993.64,2022-09-10,Bloqueada
9851,117,Platino,125731,80356.38,2025-08-09,Bloqueada
9852,7739,Oro,49947,33693.08,2025-05-30,Vigente
9853,2885,Clasica,12807,2027.87,2023-11-23,Vigente
9854,2146,Oro,39263,23527.58,2025-11-10,Vigente
9855,6797,Oro,46909,27099.79,2023-06-22,Vigente
9856,2634,Signature,247837,17542.14,2026-07-07,Vigente
9857,6459,Platino,116103,11493.21,2026-04-11,Vigente
9858,7859,Platino,81518,1120.52,2024-08-31,Cancelada
9859,7802,Signature,231118,138733.91,2022-10-10,Bloqueada
9860,1278,Clasica,20240,6033.83,2025-01-26,Vigente
9861,6514,Platino,111506,87510.48,2025-03-03,Vigente
9862,1616,Clasica,15986,11592.92,2024-11-19,Cancelada
9863,2990,Signature,203607,8961.41,2025-10-11,Bloqueada
9864,1097,Platino,125572,24085.5,2025-03-07,Vigente
9865,5617,Platino,123124,83072.83,2026-04-26,Vigente
9866,3248,Oro,37848,26831.07,2025-01-24,Vigente
9867,3837,Clasica,19533,4792.29,2024-09-13,Vigente
9868,3729,Oro,40206,4291.9,2024-04-03,Bloqueada
9869,34,Oro,45615,24920.05,2024-02-21,Vigente
9870,5131,Signature,176019,11793.63,2025-01-21,Vigente
9871,500,Signature,254622,97812.16,2024-03-10,Vigente
9872,1513,Platino,116558,91556.73,2024-04-10,Bloqueada
9873,173,Signature,193485,108064.68,2025-12-03,Vigente
9874,1075,Clasica,14133,269.75,2024-07-12,Vigente
9875,6455,Oro,39646,3222.5,2024-08-31,Vigente
9876,5000,Signature,266604,135510.76,2022-09-09,Vigente
9877,6562,Oro,37890,18676.55,2023-10-18,Bloqueada
9878,2770,Clasica,17254,11387.27,2026-01-19,Vigente
9879,7800,Oro,43521,22200.83,2023-05-21,Vigente
9880,2924,Platino,100826,49492.96,2022-11-08,Vigente
9881,7257,Signature,232843,169604.18,2022-08-26,Vigente
9882,3066,Oro,39815,32566.53,2026-03-28,Cancelada
9883,7860,Clasica,14910,3594.44,2024-05-27,Bloqueada
9884,1743,Signature,262370,54937.64,2024-05-29,Bloqueada
9885,6728,Platino,102170,28181.25,2023-11-30,Bloqueada
9886,66,Signature,200539,3285.88,2023-04-27,Vigente
9887,6236,Clasica,20550,8477.05,2023-10-02,Cancelada
9888,2777,Oro,42289,35136.22,2024-11-05,Vigente
9889,1764,Signature,249545,171353.75,2023-09-22,Bloqueada
9890,6816,Oro,37940,27046.08,2025-07-26,Vigente
9891,7944,Clasica,20201,6153.27,2026-03-10,Vigente
9892,1619,Signature,221055,48750.9,2026-01-24,Vigente
9893,5321,Clasica,17727,624.52,2023-08-09,Vigente
9894,7159,Signature,193234,60652.07,2024-07-26,Vigente
9895,2153,Signature,207686,54601.65,2023-11-17,Vigente
9896,5450,Signature,256191,170070.34,2024-11-08,Vigente
9897,4746,Oro,49687,18275.24,2023-04-16,Vigente
9898,6362,Signature,185065,105323.49,2022-11-08,Vigente
9899,1630,Platino,108590,51114.29,2025-05-28,Vigente
9900,4499,Signature,249597,12857.72,2026-05-22,Vigente
9901,4338,Platino,98267,23779.5,2024-12-01,Bloqueada
9902,4738,Signature,264919,17849.17,2024-11-12,Vigente
9903,6828,Platino,93311,33865.91,2026-03-12,Bloqueada
9904,321,Signature,235955,167179.04,2024-01-21,Vigente
9905,2900,Platino,87299,19571.26,2024-08-06,Cancelada
9906,3478,Oro,53253,2764.68,2023-08-24,Bloqueada
9907,6780,Signature,269069,107777.18,2025-01-19,Vigente
9908,5618,Signature,228914,126517.29,2023-04-25,Bloqueada
9909,5989,Signature,180676,93728.82,2026-01-16,Vigente
9910,1932,Clasica,20089,5115.01,2022-09-06,Vigente
9911,6509,Signature,201483,45785.65,2025-11-19,Cancelada
9912,6854,Signature,171457,127818.02,2024-08-21,Cancelada
9913,2538,Platino,88642,40488.49,2025-11-04,Vigente
9914,809,Platino,108338,32111.39,2025-06-10,Vigente
9915,6901,Platino,116025,93560.77,2023-06-28,Vigente
9916,2199,Platino,89207,23904.4,2025-05-15,Vigente
9917,787,Platino,99251,29713.9,2025-08-24,Vigente
9918,4223,Clasica,13828,11129.65,2025-04-24,Vigente
9919,6807,Oro,44555,20108.97,2026-02-05,Cancelada
9920,6813,Oro,53831,13759.24,2023-06-16,Vigente
9921,7948,Signature,168614,29563.81,2023-03-15,Vigente
9922,5900,Platino,122177,44552.16,2025-08-14,Bloqueada
9923,6871,Oro,46894,38792.91,2026-06-28,Vigente
9924,2247,Clasica,18854,4927.3,2026-06-01,Vigente
9925,4299,Platino,90087,64734.44,2024-12-07,Vigente
9926,1285,Signature,181271,28673.72,2023-09-19,Vigente
9927,7266,Oro,38303,24442.65,2024-07-28,Vigente
9928,5613,Oro,47497,2016.53,2024-10-22,Vigente
9929,1395,Oro,35774,29733.37,2026-07-15,Vigente
9930,1739,Signature,279420,18374.4,2025-05-08,Cancelada
9931,1913,Signature,267048,62402.87,2022-11-17,Cancelada
9932,4451,Oro,32995,14405.03,2025-12-23,Cancelada
9933,7092,Platino,118146,1023.61,2024-09-28,Vigente
9934,1594,Oro,48670,3658.91,2026-04-08,Cancelada
9935,5871,Signature,185610,141799.64,2026-03-26,Vigente
9936,1074,Signature,263048,175439.18,2024-11-20,Vigente
9937,7657,Signature,228710,10912.05,2025-12-03,Vigente
9938,4282,Platino,90459,937.24,2025-12-21,Vigente
9939,7159,Clasica,12840,5975.36,2023-06-02,Bloqueada
9940,1795,Clasica,15454,7176.11,2023-10-24,Vigente
9941,6574,Platino,108373,40332.7,2024-07-12,Vigente
9942,426,Signature,219444,125099.63,2026-03-04,Vigente
9943,1092,Platino,78747,46502.23,2026-04-30,Vigente
9944,2376,Platino,98167,17226.89,2022-08-30,Cancelada
9945,521,Platino,112934,69564.56,2026-04-28,Cancelada
9946,885,Oro,41632,2845.87,2024-04-26,Cancelada
9947,3763,Oro,49612,33967.62,2025-07-04,Bloqueada
9948,6639,Signature,160100,40852.92,2023-03-27,Cancelada
9949,108,Oro,53520,18298.78,2023-08-18,Vigente
9950,10,Signature,221954,12785.24,2023-08-26,Cancelada
9951,3023,Oro,49774,18397.1,2022-11-12,Vigente
9952,6928,Signature,165469,18621.38,2025-02-19,Vigente
9953,7028,Oro,51456,42295.54,2026-04-11,Vigente
9954,5698,Platino,75807,12798.26,2026-08-16,Cancelada
9955,4469,Platino,123898,9857.13,2025-11-21,Vigente
9956,3361,Oro,34592,26267.86,2023-10-27,Vigente
9957,605,Clasica,13688,4139.55,2025-11-12,Vigente
9958,5560,Signature,227113,85444.57,2022-10-08,Vigente
9959,7045,Platino,73782,49651.15,2023-08-25,Vigente
9960,3521,Clasica,19745,16343.94,2026-01-19,Vigente
9961,5810,Clasica,17858,8024.76,2023-10-29,Vigente
9962,6208,Oro,51753,36842.53,2025-05-20,Cancelada
9963,2141,Oro,47114,4569.14,2024-08-18,Vigente
9964,3775,Platino,90168,66880.32,2023-12-02,Vigente
9965,6319,Oro,42957,4767.38,2023-11-10,Cancelada
9966,7080,Oro,52415,7213.79,2026-04-17,Vigente
9967,4094,Oro,43603,8857.81,2024-02-13,Vigente
9968,2758,Clasica,12114,7900.96,2025-06-16,Bloqueada
9969,6099,Clasica,15319,12381.54,2023-12-17,Cancelada
9970,7880,Oro,38139,5113.07,2023-01-25,Vigente
9971,3201,Signature,244810,2998.67,2025-04-07,Vigente
9972,7391,Clasica,12228,4903.38,2024-10-16,Vigente
9973,3196,Signature,194404,16451.49,2023-06-26,Cancelada
9974,6203,Clasica,20085,5030.36,2024-11-18,Vigente
9975,30,Clasica,14218,11829.49,2024-04-22,Vigente
9976,2484,Clasica,19158,14908.9,2025-07-31,Vigente
9977,1921,Platino,74960,60317.43,2025-01-06,Bloqueada
9978,5831,Clasica,17184,1649.01,2022-12-09,Vigente
9979,62,Signature,275397,137489.73,2025-02-27,Vigente
9980,7017,Clasica,16313,2912.81,2023-02-10,Vigente
9981,7497,Clasica,14942,2983.14,2026-08-21,Vigente
9982,3068,Platino,121203,62243.96,2024-05-13,Vigente
9983,2737,Platino,95312,42111.79,2026-07-21,Vigente
9984,3396,Oro,38144,21152.02,2026-07-29,Vigente
9985,2059,Clasica,18622,6251.1,2023-02-05,Cancelada
9986,741,Oro,37906,18847.46,2026-01-22,Vigente
9987,1112,Oro,37519,17862.4,2026-02-17,Vigente
9988,4850,Signature,273342,75980.05,2024-06-02,Vigente
9989,2246,Signature,160434,9343.1,2026-04-16,Vigente
9990,3432,Signature,192252,159664.13,2026-07-26,Bloqueada
9991,5935,Oro,54015,21456.06,2024-03-03,Vigente
9992,1736,Oro,43663,18235.56,2022-12-22,Vigente
9993,5069,Clasica,19667,14025.19,2023-09-03,Cancelada
9994,6006,Platino,93075,50391.19,2026-03-12,Vigente
9995,2234,Platino,112922,36892.65,2022-12-19,Vigente
9996,7552,Platino,116413,22481.76,2022-08-09,Bloqueada
9997,5736,Signature,186699,77980.12,2026-04-06,Vigente
9998,5797,Oro,35872,15019.0,2025-03-09,Bloqueada
9999,3116,Clasica,19217,3321.92,2025-10-25,Vigente
